view,source,target,weight,patents
assignee_cpc_group,assignee::TOSHIBA,cpc_group::C25B,35,106574607; 86048379; 93172689; 104039102; 96200627; 104037474; 101790584; 106413273; 98850824; 83773883; 111591386; 116737142; 87919716; 81386945; 96200636; 81302402; 118081624; 87919517; 86130749; 106495795; 113753877; 81386940; 108896443; 93172692; 106586888; 108863955; 108863961; 111493424; 118081631; 90361734
assignee_cpc_group,assignee::SIEMENS ENERGY,cpc_group::C25B,34,107278856; 77202004; 89744192; 77016544; 85758116; 77244658; 93813175; 82018818; 78242503; 78286428; 79296485; 75026979; 83051660; 77856561; 77856556; 85758103; 87171430; 85684691; 93812412; 84413562; 89416407; 75262842; 87171527; 97217510; 92569265; 79163034; 91738840; 85011701; 85758108; 94204081
assignee_cpc_group,assignee::TOSHIBA,cpc_group::Y02E,26,105393249; 86048379; 93172689; 104039102; 96200627; 104037474; 101790584; 106413273; 98850824; 83773883; 87919716; 81386945; 81302402; 87919517; 86130749; 106495795; 81386940; 108896443; 93172692; 108863961; 118081631; 90361734; 101790589; 101790586; 117920056; 113559831
assignee_cpc_group,assignee::SIEMENS ENERGY,cpc_group::Y02E,11,77202004; 77016544; 85758116; 77244658; 87171430; 85684691; 84413562; 75262842; 97217510; 85758108; 91085959
assignee_cpc_group,assignee::SIEMENS ENERGY,cpc_group::Y02P,10,85758116; 79296485; 85758103; 87171430; 85684691; 93812412; 79163034; 85758108; 73079791; 91085959
assignee_cpc_group,assignee::LG CHEM,cpc_group::C25B,9,113653423; 112678154; 113067654; 113653441; 112678146; 114305656; 118157483; 109306069; 113645537
assignee_cpc_group,assignee::DALIAN UNIVERSITY OF TECHNOLOGY,cpc_group::C25B,8,98749181; 80164805; 102358496; 86637940; 96169624; 108306014; 116876860; 102226793
assignee_cpc_group,assignee::KUNMING UNIVERSITY OF SCIENCE & TECHNOLOGY,cpc_group::C25B,8,100427008; 98164251; 100252610; 88204087; 105028031; 116293199; 111363754; 116434365
assignee_cpc_group,assignee::TOPSOE,cpc_group::C25B,8,64469752; 100674664; 73295054; 86310831; 86310832; 103607055; 95617533; 101955362
assignee_cpc_group,assignee::TOPSOE,cpc_group::Y02E,7,64469752; 100674664; 86310831; 86310832; 103607055; 95617533; 101955362
assignee_cpc_group,assignee::TOSHIBA,cpc_group::Y02P,7,93172689; 104039102; 104037474; 101790584; 98850824; 96200636; 93172692
assignee_cpc_group,assignee::TOYOTA MOTOR,cpc_group::C25B,7,72753605; 55016601; 44672238; 44668494; 46248577; 109304100; 118083135
assignee_cpc_group,assignee::CNRS,cpc_group::C25B,6,69060627; 73827816; 68986421; 78510702; 71292352; 92464691
assignee_cpc_group,assignee::UNIVERSITE PARIS CITE / PARIS DIDEROT,cpc_group::C25B,6,69060627; 73827816; 68986421; 78510702; 71292352; 92464691
assignee_cpc_group,assignee::ZHEJIANG UNIVERSITY,cpc_group::C25B,6,92423180; 112046649; 98666426; 89550408; 112590590; 101562974
assignee_cpc_group,assignee::DIOXIDE MATERIALS,cpc_group::C25B,5,79681795; 44789699; 116105015; 72680476; 1913318
assignee_cpc_group,assignee::IDEMITSU KOSAN,cpc_group::C25B,5,102708989; 101871166; 106316002; 110939894; 101871167
assignee_cpc_group,assignee::LG CHEM,cpc_group::C08G,5,113653423; 113067654; 113653441; 114305656; 118157483
assignee_cpc_group,assignee::LG CHEM,cpc_group::C08J,5,113653423; 113067654; 113653441; 114305656; 118157483
assignee_cpc_group,assignee::TOYOTA MOTOR,cpc_group::Y02E,5,72753605; 55016601; 44672238; 46248577; 118083135
assignee_cpc_group,assignee::TWELVE,cpc_group::C25B,5,113958355; 105156145; 85453370; 97540394; 101064694
assignee_cpc_group,assignee::TWELVE,cpc_group::Y02E,5,113958355; 105156145; 85453370; 97540394; 101064694
assignee_cpc_group,assignee::DALIAN INSTITUTE OF CHEMICAL PHYSICS CHINESE ACADEMY OF SCIENCES,cpc_group::C25B,4,105343084; 112323322; 116688896; 79181464
assignee_cpc_group,assignee::FRAUNHOFER,cpc_group::C25B,4,111220958; 116977017; 112675495; 79824105
assignee_cpc_group,assignee::HONDA MOTOR,cpc_group::C25B,4,106413270; 111586005; 101968427; 114240811
assignee_cpc_group,assignee::LINDE,cpc_group::C25B,4,82565553; 85758116; 85758103; 85758108
assignee_cpc_group,assignee::LINDE,cpc_group::Y02P,4,82565553; 85758116; 85758103; 85758108
assignee_cpc_group,assignee::SIEMENS ENERGY,cpc_group::B01D,4,77202004; 79296485; 85758103; 79163034
assignee_cpc_group,assignee::TOPSOE,cpc_group::C01B,4,94627563; 73295054; 86310831; 86310832
assignee_cpc_group,assignee::TOPSOE,cpc_group::Y02P,4,94627563; 73295054; 86310832; 95617533
assignee_cpc_group,assignee::UTILITY GLOBAL,cpc_group::C25B,4,112883886; 114398668; 115547269; 111147448
assignee_cpc_group,assignee::ZHEJIANG BAIMA LAKE LABORATORY,cpc_group::C25B,4,109766128; 108808107; 112354020; 106866991
assignee_cpc_group,assignee::ARAMCO,cpc_group::C25B,3,116476220; 94621513; 66508929
assignee_cpc_group,assignee::AVANTIUM KNOWLEDGE CENTRE,cpc_group::C25B,3,112473551; 112473553; 112473561
assignee_cpc_group,assignee::CEA - COMMISSARIAT A L ENERGIE ATOMIQUE & AUX ENERGIES ALTERNATIVES,cpc_group::C25B,3,67597001; 66367131; 84993693
assignee_cpc_group,assignee::CEA - COMMISSARIAT A L ENERGIE ATOMIQUE & AUX ENERGIES ALTERNATIVES,cpc_group::Y02E,3,67597001; 66367131; 84993693
assignee_cpc_group,assignee::CNRS,cpc_group::B01J,3,68986421; 78510702; 71292352
assignee_cpc_group,assignee::CNRS,cpc_group::C07F,3,73827816; 78510702; 71292352
assignee_cpc_group,assignee::COVESTRO,cpc_group::C25B,3,93617165; 87991721; 82742757
assignee_cpc_group,assignee::DIOXIDE MATERIALS,cpc_group::B01J,3,79681795; 72680476; 1913318
assignee_cpc_group,assignee::DIOXIDE MATERIALS,cpc_group::Y02E,3,79681795; 72680476; 1913318
assignee_cpc_group,assignee::HITACHI,cpc_group::C25B,3,101956586; 96314074; 107089672
assignee_cpc_group,assignee::INSTITUTE OF PROCESS ENGINEERING - CHINESE ACADEMY OF SCIENCES,cpc_group::C25B,3,117825503; 98666737; 116298732
assignee_cpc_group,assignee::JIANGSU UNIVERSITY,cpc_group::C25B,3,96701999; 105493992; 105437834
assignee_cpc_group,assignee::KOREA INSTITUTE OF SCIENCE & TECHNOLOGY,cpc_group::C25B,3,108851809; 116414667; 103934571
assignee_cpc_group,assignee::SIEMENS ENERGY,cpc_group::C01B,3,84413562; 92569265; 85758108
assignee_cpc_group,assignee::TOPSOE,cpc_group::C10K,3,94627563; 86310831; 86310832
assignee_cpc_group,assignee::UNIVERSITE PARIS CITE / PARIS DIDEROT,cpc_group::B01J,3,68986421; 78510702; 71292352
assignee_cpc_group,assignee::UNIVERSITE PARIS CITE / PARIS DIDEROT,cpc_group::C07F,3,73827816; 78510702; 71292352
assignee_cpc_group,assignee::ARAMCO,cpc_group::C01B,2,116476220; 66508929
assignee_cpc_group,assignee::ARAMCO,cpc_group::C07C,2,94621513; 66508929
assignee_cpc_group,assignee::ARAMCO,cpc_group::Y02E,2,94621513; 66508929
assignee_cpc_group,assignee::ARAMCO,cpc_group::Y02P,2,94621513; 66508929
assignee_cpc_group,assignee::CEA - COMMISSARIAT A L ENERGIE ATOMIQUE & AUX ENERGIES ALTERNATIVES,cpc_group::H01M,2,67597001; 66367131
assignee_cpc_group,assignee::CEA - COMMISSARIAT A L ENERGIE ATOMIQUE & AUX ENERGIES ALTERNATIVES,cpc_group::Y02P,2,67597001; 84993693
assignee_cpc_group,assignee::CERAMATEC,cpc_group::C25B,2,14919739; 67334411
assignee_cpc_group,assignee::CHANGZHOU GERUIKESI ENERGY TECHNOLOGY,cpc_group::C25B,2,118106537; 118274866
assignee_cpc_group,assignee::CNRS,cpc_group::C01B,2,78510702; 71292352
assignee_cpc_group,assignee::CNRS,cpc_group::C07D,2,78510702; 71292352
assignee_cpc_group,assignee::CNRS,cpc_group::Y02E,2,73827816; 78510702
assignee_cpc_group,assignee::COVESTRO,cpc_group::Y02P,2,93617165; 87991721
assignee_cpc_group,assignee::DIOXIDE MATERIALS,cpc_group::C07C,2,79681795; 1913318
assignee_cpc_group,assignee::DIOXIDE MATERIALS,cpc_group::G01N,2,72680476; 1913318
assignee_cpc_group,assignee::DIOXIDE MATERIALS,cpc_group::H01M,2,72680476; 1913318
assignee_cpc_group,assignee::DIOXIDE MATERIALS,cpc_group::Y02P,2,79681795; 1913318
assignee_cpc_group,assignee::ELECTROCHEMICALS ZRT,cpc_group::C25B,2,98314273; 107513925
assignee_cpc_group,assignee::HANYANG UNIVERSITY,cpc_group::C08J,2,105886055; 100582928
assignee_cpc_group,assignee::HANYANG UNIVERSITY,cpc_group::C25B,2,105886055; 100582928
assignee_cpc_group,assignee::HANYANG UNIVERSITY,cpc_group::H01M,2,105886055; 100582928
assignee_cpc_group,assignee::HANYANG UNIVERSITY,cpc_group::Y02E,2,105886055; 100582928
assignee_cpc_group,assignee::HARBIN INSTITUTE OF TECHNOLOGY,cpc_group::C25B,2,102352265; 116773798
assignee_cpc_group,assignee::HEILONGJIANG QIZHENG HIGH TECHNOLOGY MATERIAL TECHNOLOGY,cpc_group::C25B,2,108163425; 108401777
assignee_cpc_group,assignee::HONDA MOTOR,cpc_group::B01D,2,106413270; 111586005
assignee_cpc_group,assignee::HUAZHONG UNIVERSITY OF SCIENCE & TECHNOLOGY,cpc_group::B01D,2,102493599; 114892955
assignee_cpc_group,assignee::IDEMITSU KOSAN,cpc_group::Y02E,2,106316002; 110939894
assignee_cpc_group,assignee::INSTITUTE OF PROCESS ENGINEERING - CHINESE ACADEMY OF SCIENCES,cpc_group::Y02E,2,117825503; 116298732
assignee_cpc_group,assignee::INSTITUTE OF PROCESS ENGINEERING - CHINESE ACADEMY OF SCIENCES,cpc_group::Y02P,2,117825503; 116298732
assignee_cpc_group,assignee::JOHNS HOPKINS UNIVERSITY,cpc_group::C25B,2,115708489; 112177579
assignee_cpc_group,assignee::KOREA ADVANCED INSTITUTE OF SCIENCE & TECHNOLOGY,cpc_group::C25B,2,35372708; 115109027
assignee_cpc_group,assignee::KOREA ADVANCED INSTITUTE OF SCIENCE & TECHNOLOGY,cpc_group::Y02E,2,35372708; 115109027
assignee_cpc_group,assignee::LINDE,cpc_group::B01D,2,82565553; 85758103
assignee_cpc_group,assignee::LINDE,cpc_group::C01B,2,82565553; 85758108
assignee_cpc_group,assignee::LINDE,cpc_group::Y02E,2,85758116; 85758108
assignee_cpc_group,assignee::NINGBO INSTITUTE OF MATERIALS TECHNOLOGY & ENGINEERING - CHINESE ACADEMY OF SCIENCES,cpc_group::C25B,2,94934392; 115136805
assignee_cpc_group,assignee::NIPPON TELEGRAPH & TELEPHONE,cpc_group::C25B,2,107639787; 102808473
assignee_cpc_group,assignee::PUSAN NATIONAL UNIVERSITY INDUSTRY UNIVERSITY COOPERATION FOUNDATION,cpc_group::B01J,2,83172492; 79012090
assignee_cpc_group,assignee::PUSAN NATIONAL UNIVERSITY INDUSTRY UNIVERSITY COOPERATION FOUNDATION,cpc_group::C25B,2,83172492; 79012090
assignee_cpc_group,assignee::REGENTS OF THE UNIVERSITY OF CALIFORNIA,cpc_group::C25B,2,95502318; 114057507
assignee_cpc_group,assignee::SEKISUI CHEMICAL,cpc_group::C25B,2,106145261; 110666488
assignee_cpc_group,assignee::SHANGHAI JIAO TONG UNIVERSITY,cpc_group::C25B,2,105555372; 104914800
assignee_cpc_group,assignee::SINOPEC,cpc_group::C25B,2,92423180; 116120311
assignee_cpc_group,assignee::SOUTHEAST UNIVERSITY,cpc_group::C25B,2,87032374; 100554181
assignee_cpc_group,assignee::SOUTHWEST UNIVERSITY OF SCIENCE & TECHNOLOGY,cpc_group::C25B,2,106179974; 104081456
assignee_cpc_group,assignee::THALESNANO,cpc_group::C25B,2,98314273; 107513925
assignee_cpc_group,assignee::TOPSOE,cpc_group::B01D,2,73295054; 86310831
assignee_cpc_group,assignee::TOPSOE,cpc_group::C07C,2,64469752; 86310832
assignee_cpc_group,assignee::TOSHIBA,cpc_group::B01J,2,96200636; 90361734
assignee_cpc_group,assignee::TOSHIBA,cpc_group::C07C,2,81302402; 87919517
assignee_cpc_group,assignee::TOYOTA MOTOR,cpc_group::Y02P,2,44668494; 118083135
assignee_cpc_group,assignee::UNIVERSITE PARIS CITE / PARIS DIDEROT,cpc_group::C01B,2,78510702; 71292352
assignee_cpc_group,assignee::UNIVERSITE PARIS CITE / PARIS DIDEROT,cpc_group::C07D,2,78510702; 71292352
assignee_cpc_group,assignee::UNIVERSITE PARIS CITE / PARIS DIDEROT,cpc_group::Y02E,2,73827816; 78510702
assignee_cpc_group,assignee::UNIVERSITY OF LIVERPOOL,cpc_group::C25B,2,92565798; 104791873
assignee_cpc_group,assignee::UNIVERSITY OF SZEGED,cpc_group::C25B,2,98314273; 107513925
assignee_cpc_group,assignee::XIAN JIAOTONG UNIVERSITY,cpc_group::C25B,2,103030257; 116440098
assignee_cpc_group,assignee::ZHEJIANG TIANDI ENV PROT TECHNOLOGY,cpc_group::C25B,2,109766128; 106866991
assignee_cpc_group,assignee::ZHEJIANG UNIVERSITY,cpc_group::Y02E,2,98666426; 101562974
assignee_cpc_group,assignee::ZHENGZHOU UNIVERSITY OF LIGHT INDUSTRY,cpc_group::C25B,2,106729837; 114777530
assignee_cpc_group,assignee::AIR COMPANY HOLDINGS,cpc_group::B82Y,1,82922217
assignee_cpc_group,assignee::AIR COMPANY HOLDINGS,cpc_group::C07C,1,82922217
assignee_cpc_group,assignee::AIR COMPANY HOLDINGS,cpc_group::C25B,1,82922217
assignee_cpc_group,assignee::AIR COMPANY HOLDINGS,cpc_group::Y02P,1,82922217
assignee_cpc_group,assignee::AIR LIQUIDE,cpc_group::C25B,1,92464691
assignee_cpc_group,assignee::AIST - NATIONAL INSTITUTE OF ADVANCED INDUSTRIAL SCIENCE & TECHNOLOGY,cpc_group::C25B,1,88193055
assignee_cpc_group,assignee::AIST - NATIONAL INSTITUTE OF ADVANCED INDUSTRIAL SCIENCE & TECHNOLOGY,cpc_group::Y02E,1,88193055
assignee_cpc_group,assignee::AKITA UNIVERSITY,cpc_group::C01B,1,86205375
assignee_cpc_group,assignee::AKITA UNIVERSITY,cpc_group::C01F,1,86205375
assignee_cpc_group,assignee::AKITA UNIVERSITY,cpc_group::C25B,1,86205375
assignee_cpc_group,assignee::ALLIANCE FOR SUSTAINABLE ENERGY,cpc_group::B01D,1,67443260
assignee_cpc_group,assignee::ALLIANCE FOR SUSTAINABLE ENERGY,cpc_group::C01B,1,67443260
assignee_cpc_group,assignee::ALLIANCE FOR SUSTAINABLE ENERGY,cpc_group::C10G,1,67443260
assignee_cpc_group,assignee::ALLIANCE FOR SUSTAINABLE ENERGY,cpc_group::C10K,1,67443260
assignee_cpc_group,assignee::ALLIANCE FOR SUSTAINABLE ENERGY,cpc_group::C25B,1,67443260
assignee_cpc_group,assignee::ALLIANCE FOR SUSTAINABLE ENERGY,cpc_group::F23C,1,67443260
assignee_cpc_group,assignee::ALLIANCE FOR SUSTAINABLE ENERGY,cpc_group::F23L,1,67443260
assignee_cpc_group,assignee::ALLIANCE FOR SUSTAINABLE ENERGY,cpc_group::Y02C,1,67443260
assignee_cpc_group,assignee::ALLIANCE FOR SUSTAINABLE ENERGY,cpc_group::Y02E,1,67443260
assignee_cpc_group,assignee::ALLIANCE FOR SUSTAINABLE ENERGY,cpc_group::Y02P,1,67443260
assignee_cpc_group,assignee::ANHUI YUANZHOU GREEN CARBON TECHNOLOGY,cpc_group::C25B,1,115590122
assignee_cpc_group,assignee::ARAMCO,cpc_group::C10G,1,66508929
assignee_cpc_group,assignee::ARAMCO,cpc_group::C10L,1,66508929
assignee_cpc_group,assignee::ARAMCO,cpc_group::F03G,1,66508929
assignee_cpc_group,assignee::ARAMCO,cpc_group::Y02B,1,66508929
assignee_cpc_group,assignee::ARKRAY,cpc_group::B01D,1,101368053
assignee_cpc_group,assignee::ARKRAY,cpc_group::B01J,1,101368053
assignee_cpc_group,assignee::ARKRAY,cpc_group::C01B,1,101368053
assignee_cpc_group,assignee::ARKRAY,cpc_group::C07C,1,101368053
assignee_cpc_group,assignee::ARKRAY,cpc_group::C22C,1,101368053
assignee_cpc_group,assignee::ARKRAY,cpc_group::C25B,1,101368053
assignee_cpc_group,assignee::BEIFANG UNIVERSITY OF NATIONALITIES,cpc_group::C25B,1,106179974
assignee_cpc_group,assignee::BEIFANG UNIVERSITY OF NATIONALITIES,cpc_group::Y02A,1,106179974
assignee_cpc_group,assignee::BEIJING UNIVERSITY OF CHEMICAL TECHNOLOGY,cpc_group::B01J,1,115970616
assignee_cpc_group,assignee::BEIJING UNIVERSITY OF CHEMICAL TECHNOLOGY,cpc_group::C01B,1,115970616
assignee_cpc_group,assignee::BEIJING UNIVERSITY OF CHEMICAL TECHNOLOGY,cpc_group::C07C,1,115970616
assignee_cpc_group,assignee::BEIJING UNIVERSITY OF CHEMICAL TECHNOLOGY,cpc_group::Y02P,1,115970616
assignee_cpc_group,assignee::BEIJING UNIVERSITY OF TECHNOLOGY,cpc_group::C01B,1,100868293
assignee_cpc_group,assignee::BEIJING UNIVERSITY OF TECHNOLOGY,cpc_group::C25B,1,100868293
assignee_cpc_group,assignee::BEIJING UNIVERSITY OF TECHNOLOGY,cpc_group::H01M,1,100868293
assignee_cpc_group,assignee::BEIJING UNIVERSITY OF TECHNOLOGY,cpc_group::Y02P,1,100868293
assignee_cpc_group,assignee::CARBON ENERGY TECHNOLOGY,cpc_group::C25B,1,113078510
assignee_cpc_group,assignee::CARBON ENERGY TECHNOLOGY,cpc_group::Y02E,1,113078510
assignee_cpc_group,assignee::CEA - COMMISSARIAT A L ENERGIE ATOMIQUE & AUX ENERGIES ALTERNATIVES,cpc_group::C07C,1,67597001
assignee_cpc_group,assignee::CEA - COMMISSARIAT A L ENERGIE ATOMIQUE & AUX ENERGIES ALTERNATIVES,cpc_group::C10G,1,67597001
assignee_cpc_group,assignee::CEA - COMMISSARIAT A L ENERGIE ATOMIQUE & AUX ENERGIES ALTERNATIVES,cpc_group::C10L,1,84993693
assignee_cpc_group,assignee::CEC SOLUTIONS,cpc_group::B01D,1,114628861
assignee_cpc_group,assignee::CEC SOLUTIONS,cpc_group::C25B,1,114628861
assignee_cpc_group,assignee::CEC SOLUTIONS,cpc_group::H01M,1,114628861
assignee_cpc_group,assignee::CENTRAL SOUTH UNIVERSITY,cpc_group::C25B,1,111953180
assignee_cpc_group,assignee::CERAMATEC,cpc_group::H01M,1,14919739
assignee_cpc_group,assignee::CERAMATEC,cpc_group::Y02E,1,14919739
assignee_cpc_group,assignee::CHANGZHOU GERUIKESI ENERGY TECHNOLOGY,cpc_group::D01D,1,118274866
assignee_cpc_group,assignee::CHANGZHOU GERUIKESI ENERGY TECHNOLOGY,cpc_group::D01F,1,118274866
assignee_cpc_group,assignee::CHANGZHOU GERUIKESI ENERGY TECHNOLOGY,cpc_group::Y02E,1,118274866
assignee_cpc_group,assignee::CHINA AUTOMOTIVE TECHNOLOGY & RESEARCH CENTER,cpc_group::B82Y,1,109733203
assignee_cpc_group,assignee::CHINA AUTOMOTIVE TECHNOLOGY & RESEARCH CENTER,cpc_group::C25B,1,109733203
assignee_cpc_group,assignee::CHINA AUTOMOTIVE TECHNOLOGY & RESEARCH CENTER,cpc_group::C25C,1,109733203
assignee_cpc_group,assignee::CHINA ELECTRONIC TECHNOLOGY,cpc_group::C25B,1,116773798
assignee_cpc_group,assignee::CHINA ELECTRONIC TECHNOLOGY,cpc_group::H01M,1,116773798
assignee_cpc_group,assignee::CHINA ELECTRONIC TECHNOLOGY,cpc_group::Y02E,1,116773798
assignee_cpc_group,assignee::CHINA HUADIAN ENGINEERING,cpc_group::C25B,1,113078510
assignee_cpc_group,assignee::CHINA HUADIAN ENGINEERING,cpc_group::Y02E,1,113078510
assignee_cpc_group,assignee::CHINA OCEAN UNIVERSITY,cpc_group::C25B,1,116720313
assignee_cpc_group,assignee::CHIYODA,cpc_group::B01D,1,83691812
assignee_cpc_group,assignee::CHIYODA,cpc_group::B01J,1,83691812
assignee_cpc_group,assignee::CHIYODA,cpc_group::C01B,1,83691812
assignee_cpc_group,assignee::CHIYODA,cpc_group::C25B,1,83691812
assignee_cpc_group,assignee::CHIYODA,cpc_group::Y02E,1,83691812
assignee_cpc_group,assignee::CHIYODA,cpc_group::Y02P,1,83691812
assignee_cpc_group,assignee::CHN ENERGY NEW ENERGY TECHNOLOGY RESEARCH INSTITUTE,cpc_group::B01J,1,105418286
assignee_cpc_group,assignee::CHN ENERGY NEW ENERGY TECHNOLOGY RESEARCH INSTITUTE,cpc_group::B82Y,1,105418286
assignee_cpc_group,assignee::CHN ENERGY NEW ENERGY TECHNOLOGY RESEARCH INSTITUTE,cpc_group::C01B,1,105418286
assignee_cpc_group,assignee::CHN ENERGY NEW ENERGY TECHNOLOGY RESEARCH INSTITUTE,cpc_group::C01G,1,105418286
assignee_cpc_group,assignee::CHN ENERGY NEW ENERGY TECHNOLOGY RESEARCH INSTITUTE,cpc_group::C01P,1,105418286
assignee_cpc_group,assignee::CHN ENERGY NEW ENERGY TECHNOLOGY RESEARCH INSTITUTE,cpc_group::C25B,1,105418286
assignee_cpc_group,assignee::CHN ENERGY NEW ENERGY TECHNOLOGY RESEARCH INSTITUTE,cpc_group::Y02E,1,105418286
assignee_cpc_group,assignee::COLORADO SCHOOL OF MINES,cpc_group::B01D,1,67443260
assignee_cpc_group,assignee::COLORADO SCHOOL OF MINES,cpc_group::C01B,1,67443260
assignee_cpc_group,assignee::COLORADO SCHOOL OF MINES,cpc_group::C10G,1,67443260
assignee_cpc_group,assignee::COLORADO SCHOOL OF MINES,cpc_group::C10K,1,67443260
assignee_cpc_group,assignee::COLORADO SCHOOL OF MINES,cpc_group::C25B,1,67443260
assignee_cpc_group,assignee::COLORADO SCHOOL OF MINES,cpc_group::F23C,1,67443260
assignee_cpc_group,assignee::COLORADO SCHOOL OF MINES,cpc_group::F23L,1,67443260
assignee_cpc_group,assignee::COLORADO SCHOOL OF MINES,cpc_group::Y02C,1,67443260
assignee_cpc_group,assignee::COLORADO SCHOOL OF MINES,cpc_group::Y02E,1,67443260
assignee_cpc_group,assignee::COLORADO SCHOOL OF MINES,cpc_group::Y02P,1,67443260
assignee_cpc_group,assignee::CONCORD SPIRITS,cpc_group::B82Y,1,82922217
assignee_cpc_group,assignee::CONCORD SPIRITS,cpc_group::C07C,1,82922217
assignee_cpc_group,assignee::CONCORD SPIRITS,cpc_group::C25B,1,82922217
assignee_cpc_group,assignee::CONCORD SPIRITS,cpc_group::Y02P,1,82922217
assignee_cpc_group,assignee::CSSC HANDAN PERIC HYDROGEN ENERGY TECHNOLOGY,cpc_group::C25B,1,116440098
assignee_cpc_group,assignee::D CRBN,cpc_group::B01J,1,107376902
assignee_cpc_group,assignee::D CRBN,cpc_group::C01B,1,107376902
assignee_cpc_group,assignee::DAICEL,cpc_group::C25B,1,114240811
assignee_cpc_group,assignee::DAIKIN INDUSTRIES,cpc_group::B01D,1,101368053
assignee_cpc_group,assignee::DAIKIN INDUSTRIES,cpc_group::B01J,1,101368053
assignee_cpc_group,assignee::DAIKIN INDUSTRIES,cpc_group::C01B,1,101368053
assignee_cpc_group,assignee::DAIKIN INDUSTRIES,cpc_group::C07C,1,101368053
assignee_cpc_group,assignee::DAIKIN INDUSTRIES,cpc_group::C22C,1,101368053
assignee_cpc_group,assignee::DAIKIN INDUSTRIES,cpc_group::C25B,1,101368053
assignee_cpc_group,assignee::DALIAN INSTITUTE OF CHEMICAL PHYSICS CHINESE ACADEMY OF SCIENCES,cpc_group::B01J,1,116688896
assignee_cpc_group,assignee::DALIAN INSTITUTE OF CHEMICAL PHYSICS CHINESE ACADEMY OF SCIENCES,cpc_group::C01B,1,116688896
assignee_cpc_group,assignee::DALIAN INSTITUTE OF CHEMICAL PHYSICS CHINESE ACADEMY OF SCIENCES,cpc_group::C01G,1,105343084
assignee_cpc_group,assignee::DALIAN INSTITUTE OF CHEMICAL PHYSICS CHINESE ACADEMY OF SCIENCES,cpc_group::C01P,1,105343084
assignee_cpc_group,assignee::DALIAN INSTITUTE OF CHEMICAL PHYSICS CHINESE ACADEMY OF SCIENCES,cpc_group::C08G,1,116688896
assignee_cpc_group,assignee::DALIAN INSTITUTE OF CHEMICAL PHYSICS CHINESE ACADEMY OF SCIENCES,cpc_group::C09K,1,116688896
assignee_cpc_group,assignee::DALIAN INSTITUTE OF CHEMICAL PHYSICS CHINESE ACADEMY OF SCIENCES,cpc_group::D01F,1,116688896
assignee_cpc_group,assignee::DALIAN INSTITUTE OF CHEMICAL PHYSICS CHINESE ACADEMY OF SCIENCES,cpc_group::Y02E,1,105343084
assignee_cpc_group,assignee::DALIAN UNIVERSITY,cpc_group::C07C,1,116013304
assignee_cpc_group,assignee::DALIAN UNIVERSITY,cpc_group::C25B,1,116013304
assignee_cpc_group,assignee::DALIAN UNIVERSITY OF TECHNOLOGY,cpc_group::B82Y,1,116876860
assignee_cpc_group,assignee::DALIAN UNIVERSITY OF TECHNOLOGY,cpc_group::C23C,1,116876860
assignee_cpc_group,assignee::DALIAN UNIVERSITY OF TECHNOLOGY,cpc_group::Y02E,1,102226793
assignee_cpc_group,assignee::DIOXIDE MATERIALS,cpc_group::B01D,1,1913318
assignee_cpc_group,assignee::DIOXIDE MATERIALS,cpc_group::C01B,1,1913318
assignee_cpc_group,assignee::DIOXIDE MATERIALS,cpc_group::C02F,1,72680476
assignee_cpc_group,assignee::DIOXIDE MATERIALS,cpc_group::C08J,1,72680476
assignee_cpc_group,assignee::DIOXIDE MATERIALS,cpc_group::C10G,1,79681795
assignee_cpc_group,assignee::DIOXIDE MATERIALS,cpc_group::Y02A,1,1913318
assignee_cpc_group,assignee::DIOXYCLE,cpc_group::B01D,1,107739736
assignee_cpc_group,assignee::DIOXYCLE,cpc_group::B01J,1,107739736
assignee_cpc_group,assignee::DIOXYCLE,cpc_group::C01B,1,107739736
assignee_cpc_group,assignee::DIOXYCLE,cpc_group::C07B,1,107739736
assignee_cpc_group,assignee::DIOXYCLE,cpc_group::C07C,1,107739736
assignee_cpc_group,assignee::DIOXYCLE,cpc_group::C10G,1,107739736
assignee_cpc_group,assignee::DIOXYCLE,cpc_group::C12P,1,107739736
assignee_cpc_group,assignee::DIOXYCLE,cpc_group::C21B,1,107739736
assignee_cpc_group,assignee::DIOXYCLE,cpc_group::C21C,1,107739736
assignee_cpc_group,assignee::DIOXYCLE,cpc_group::C22B,1,107739736
assignee_cpc_group,assignee::DIOXYCLE,cpc_group::C25B,1,107739736
assignee_cpc_group,assignee::DIOXYCLE,cpc_group::E21B,1,107739736
assignee_cpc_group,assignee::DIOXYCLE,cpc_group::F25J,1,107739736
assignee_cpc_group,assignee::DIOXYCLE,cpc_group::F27D,1,107739736
assignee_cpc_group,assignee::DIOXYCLE,cpc_group::G01N,1,107739736
assignee_cpc_group,assignee::DIOXYCLE,cpc_group::H01M,1,107739736
assignee_cpc_group,assignee::DIOXYCLE,cpc_group::Y02C,1,107739736
assignee_cpc_group,assignee::DIOXYCLE,cpc_group::Y02E,1,107739736
assignee_cpc_group,assignee::DIOXYCLE,cpc_group::Y02P,1,107739736
assignee_cpc_group,assignee::DONG EUI UNIVERSITY INDUSTRY ACADEMIC COOPERATIONFOUNDATION,cpc_group::C25B,1,71965537
assignee_cpc_group,assignee::DONGHUA UNIVERSITY,cpc_group::B01J,1,115484302
assignee_cpc_group,assignee::DONGHUA UNIVERSITY,cpc_group::B22F,1,115484302
assignee_cpc_group,assignee::DONGHUA UNIVERSITY,cpc_group::B82Y,1,115484302
assignee_cpc_group,assignee::DONGHUA UNIVERSITY,cpc_group::C25B,1,115484302
assignee_cpc_group,assignee::DONGHUA UNIVERSITY,cpc_group::D01F,1,115484302
assignee_cpc_group,assignee::DONGHUA UNIVERSITY,cpc_group::D10B,1,115484302
assignee_cpc_group,assignee::DONGHUA UNIVERSITY,cpc_group::Y02E,1,115484302
assignee_cpc_group,assignee::DOSHISHA UNIVERSITY,cpc_group::B01D,1,101368053
assignee_cpc_group,assignee::DOSHISHA UNIVERSITY,cpc_group::B01J,1,101368053
assignee_cpc_group,assignee::DOSHISHA UNIVERSITY,cpc_group::C01B,1,101368053
assignee_cpc_group,assignee::DOSHISHA UNIVERSITY,cpc_group::C07C,1,101368053
assignee_cpc_group,assignee::DOSHISHA UNIVERSITY,cpc_group::C22C,1,101368053
assignee_cpc_group,assignee::DOSHISHA UNIVERSITY,cpc_group::C25B,1,101368053
assignee_cpc_group,assignee::EAST CHINA NORMAL UNIVERSITY,cpc_group::B01J,1,117486565
assignee_cpc_group,assignee::EAST CHINA NORMAL UNIVERSITY,cpc_group::C01B,1,117486565
assignee_cpc_group,assignee::EAST CHINA NORMAL UNIVERSITY,cpc_group::C07C,1,117486565
assignee_cpc_group,assignee::EAST CHINA NORMAL UNIVERSITY,cpc_group::C07F,1,117486565
assignee_cpc_group,assignee::EAST CHINA NORMAL UNIVERSITY,cpc_group::C07J,1,117486565
assignee_cpc_group,assignee::EAST CHINA NORMAL UNIVERSITY,cpc_group::C25B,1,117486565
assignee_cpc_group,assignee::ELECTROCHEMICALS ZRT,cpc_group::Y02E,1,98314273
assignee_cpc_group,assignee::ELECTROCHEMICALS ZRT,cpc_group::Y02P,1,98314273
assignee_cpc_group,assignee::ENGIE,cpc_group::C10L,1,75166129
assignee_cpc_group,assignee::ENGIE,cpc_group::C25B,1,75166129
assignee_cpc_group,assignee::ENGIE,cpc_group::Y02E,1,75166129
assignee_cpc_group,assignee::ENLIGHTEN INNOVATIONS,cpc_group::C25B,1,67334411
assignee_cpc_group,assignee::EPFL - ECOLE POLYTECHNIQUE FEDERALE DE LAUSANNE,cpc_group::B01D,1,112262309
assignee_cpc_group,assignee::EPFL - ECOLE POLYTECHNIQUE FEDERALE DE LAUSANNE,cpc_group::B01J,1,112262309
assignee_cpc_group,assignee::EPFL - ECOLE POLYTECHNIQUE FEDERALE DE LAUSANNE,cpc_group::C01B,1,112262309
assignee_cpc_group,assignee::EPFL - ECOLE POLYTECHNIQUE FEDERALE DE LAUSANNE,cpc_group::C01C,1,112262309
assignee_cpc_group,assignee::EPFL - ECOLE POLYTECHNIQUE FEDERALE DE LAUSANNE,cpc_group::C01F,1,112262309
assignee_cpc_group,assignee::EPFL - ECOLE POLYTECHNIQUE FEDERALE DE LAUSANNE,cpc_group::C07C,1,112262309
assignee_cpc_group,assignee::EPFL - ECOLE POLYTECHNIQUE FEDERALE DE LAUSANNE,cpc_group::C10G,1,112262309
assignee_cpc_group,assignee::EPFL - ECOLE POLYTECHNIQUE FEDERALE DE LAUSANNE,cpc_group::C10J,1,112262309
assignee_cpc_group,assignee::EPFL - ECOLE POLYTECHNIQUE FEDERALE DE LAUSANNE,cpc_group::C10L,1,112262309
assignee_cpc_group,assignee::EPFL - ECOLE POLYTECHNIQUE FEDERALE DE LAUSANNE,cpc_group::C25B,1,112262309
assignee_cpc_group,assignee::EPFL - ECOLE POLYTECHNIQUE FEDERALE DE LAUSANNE,cpc_group::E21B,1,112262309
assignee_cpc_group,assignee::EPFL - ECOLE POLYTECHNIQUE FEDERALE DE LAUSANNE,cpc_group::F01K,1,112262309
assignee_cpc_group,assignee::EPFL - ECOLE POLYTECHNIQUE FEDERALE DE LAUSANNE,cpc_group::F04B,1,112262309
assignee_cpc_group,assignee::EPFL - ECOLE POLYTECHNIQUE FEDERALE DE LAUSANNE,cpc_group::F23J,1,112262309
assignee_cpc_group,assignee::EPFL - ECOLE POLYTECHNIQUE FEDERALE DE LAUSANNE,cpc_group::F25J,1,112262309
assignee_cpc_group,assignee::EPFL - ECOLE POLYTECHNIQUE FEDERALE DE LAUSANNE,cpc_group::Y02C,1,112262309
assignee_cpc_group,assignee::EPFL - ECOLE POLYTECHNIQUE FEDERALE DE LAUSANNE,cpc_group::Y02E,1,112262309
assignee_cpc_group,assignee::EPFL - ECOLE POLYTECHNIQUE FEDERALE DE LAUSANNE,cpc_group::Y02P,1,112262309
assignee_cpc_group,assignee::FAIRBRICS,cpc_group::C25B,1,104121451
assignee_cpc_group,assignee::FCI,cpc_group::C01C,1,112387292
assignee_cpc_group,assignee::FCI,cpc_group::C10G,1,112387292
assignee_cpc_group,assignee::FCI,cpc_group::C25B,1,112387292
assignee_cpc_group,assignee::FCI,cpc_group::H01M,1,112387292
assignee_cpc_group,assignee::FCI,cpc_group::Y02E,1,112387292
assignee_cpc_group,assignee::FIELD UPGRADING,cpc_group::C25B,1,14919739
assignee_cpc_group,assignee::FIELD UPGRADING,cpc_group::H01M,1,14919739
assignee_cpc_group,assignee::FIELD UPGRADING,cpc_group::Y02E,1,14919739
assignee_cpc_group,assignee::FORSCHUNGSZENTRUM JUELICH,cpc_group::C25B,1,93504955
assignee_cpc_group,assignee::FORSCHUNGSZENTRUM JUELICH,cpc_group::Y02E,1,93504955
assignee_cpc_group,assignee::FORSCHUNGSZENTRUM JUELICH,cpc_group::Y02P,1,93504955
assignee_cpc_group,assignee::FOSHAN UNIVERSITY,cpc_group::B01J,1,108214882
assignee_cpc_group,assignee::FOSHAN UNIVERSITY,cpc_group::C01B,1,108214882
assignee_cpc_group,assignee::FOSHAN UNIVERSITY,cpc_group::C07C,1,108214882
assignee_cpc_group,assignee::FRAUNHOFER,cpc_group::B01J,1,111220958
assignee_cpc_group,assignee::FRAUNHOFER,cpc_group::B82Y,1,111220958
assignee_cpc_group,assignee::FRAUNHOFER,cpc_group::G01N,1,79824105
assignee_cpc_group,assignee::FRAUNHOFER,cpc_group::H01M,1,79824105
assignee_cpc_group,assignee::FRAUNHOFER,cpc_group::Y02E,1,79824105
assignee_cpc_group,assignee::FUELCELL ENERGY,cpc_group::C01B,1,114398667
assignee_cpc_group,assignee::FUELCELL ENERGY,cpc_group::C25B,1,114398667
assignee_cpc_group,assignee::FUELCELL ENERGY,cpc_group::H01M,1,114398667
assignee_cpc_group,assignee::FUELCELL ENERGY,cpc_group::Y02E,1,114398667
assignee_cpc_group,assignee::FUJIAN INSTITUTE OF RESEARCH ON THE STRUCTURE OF MATTER - CHINESE ACADEMY OF SCIENCES,cpc_group::C25B,1,104816669
assignee_cpc_group,assignee::FUJIAN INSTITUTE OF RESEARCH ON THE STRUCTURE OF MATTER - CHINESE ACADEMY OF SCIENCES,cpc_group::Y02E,1,104816669
assignee_cpc_group,assignee::FUJIAN NORMAL UNIVERSITY,cpc_group::C25B,1,90886203
assignee_cpc_group,assignee::FUNDACION CENTER DE INNOVACION & DESARROLLO TECNOLOGICO,cpc_group::B01D,1,64914748
assignee_cpc_group,assignee::FUNDACION CENTER DE INNOVACION & DESARROLLO TECNOLOGICO,cpc_group::F01K,1,64914748
assignee_cpc_group,assignee::FUNDACION CENTER DE INNOVACION & DESARROLLO TECNOLOGICO,cpc_group::F23C,1,64914748
assignee_cpc_group,assignee::FUNDACION CENTER DE INNOVACION & DESARROLLO TECNOLOGICO,cpc_group::F23J,1,64914748
assignee_cpc_group,assignee::FUNDACION CENTER DE INNOVACION & DESARROLLO TECNOLOGICO,cpc_group::Y02A,1,64914748
assignee_cpc_group,assignee::FUNDACION CENTER DE INNOVACION & DESARROLLO TECNOLOGICO,cpc_group::Y02C,1,64914748
assignee_cpc_group,assignee::FUNDACION CENTER DE INNOVACION & DESARROLLO TECNOLOGICO,cpc_group::Y02E,1,64914748
assignee_cpc_group,assignee::FUZHOU UNIVERSITY,cpc_group::C08G,1,102969825
assignee_cpc_group,assignee::FUZHOU UNIVERSITY,cpc_group::C25B,1,102969825
assignee_cpc_group,assignee::GD POWER DEVELOPMENT,cpc_group::C25B,1,115347016
assignee_cpc_group,assignee::GIG KARASEK,cpc_group::C25B,1,116397541
assignee_cpc_group,assignee::GIST - GWANGJU INSTITUTE OF SCIENCE & TECHNOLOGY,cpc_group::B01J,1,104997454
assignee_cpc_group,assignee::GIST - GWANGJU INSTITUTE OF SCIENCE & TECHNOLOGY,cpc_group::C25B,1,104997454
assignee_cpc_group,assignee::GLOBAL ENERGY INTERCONNECTION RESEARCH INSTITUTE,cpc_group::C25B,1,86637940
assignee_cpc_group,assignee::GUANGDONG POWER GRID,cpc_group::C25B,1,100072108
assignee_cpc_group,assignee::GUO HUANG ([US]),cpc_group::C25B,1,44441678
assignee_cpc_group,assignee::GUO HUANG ([US]),cpc_group::Y02E,1,44441678
assignee_cpc_group,assignee::GUONENG SANHE POWER GENERATION,cpc_group::C25B,1,115347016
assignee_cpc_group,assignee::HANYANG UNIVERSITY,cpc_group::B01D,1,105886055
assignee_cpc_group,assignee::HANYANG UNIVERSITY,cpc_group::C08G,1,105886055
assignee_cpc_group,assignee::HARBIN INSTITUTE OF TECHNOLOGY,cpc_group::H01M,1,116773798
assignee_cpc_group,assignee::HARBIN INSTITUTE OF TECHNOLOGY,cpc_group::Y02E,1,116773798
assignee_cpc_group,assignee::HEBEI UNIVERSITY OF SCIENCE & TECHNOLOGY,cpc_group::B01J,1,96729039
assignee_cpc_group,assignee::HEBEI UNIVERSITY OF SCIENCE & TECHNOLOGY,cpc_group::C01B,1,96729039
assignee_cpc_group,assignee::HEBEI UNIVERSITY OF SCIENCE & TECHNOLOGY,cpc_group::C10B,1,96729039
assignee_cpc_group,assignee::HENAN UNIVERSITY,cpc_group::C25B,1,108569271
assignee_cpc_group,assignee::HENAN UNIVERSITY OF TECHNOLOGY,cpc_group::C22C,1,110304393
assignee_cpc_group,assignee::HENAN UNIVERSITY OF TECHNOLOGY,cpc_group::C25B,1,110304393
assignee_cpc_group,assignee::HIROSAKI UNIVERSITY,cpc_group::C01B,1,86205375
assignee_cpc_group,assignee::HIROSAKI UNIVERSITY,cpc_group::C01F,1,86205375
assignee_cpc_group,assignee::HIROSAKI UNIVERSITY,cpc_group::C25B,1,86205375
assignee_cpc_group,assignee::HITACHI,cpc_group::B01D,1,101956586
assignee_cpc_group,assignee::HITACHI,cpc_group::C07C,1,107089672
assignee_cpc_group,assignee::HITACHI,cpc_group::C10G,1,96314074
assignee_cpc_group,assignee::HITACHI,cpc_group::C10K,1,96314074
assignee_cpc_group,assignee::HITACHI,cpc_group::C21D,1,101956586
assignee_cpc_group,assignee::HITACHI,cpc_group::F27D,1,101956586
assignee_cpc_group,assignee::HITACHI,cpc_group::Y02E,1,96314074
assignee_cpc_group,assignee::HONDA MOTOR,cpc_group::C01B,1,106413270
assignee_cpc_group,assignee::HONDA MOTOR,cpc_group::C07C,1,101968427
assignee_cpc_group,assignee::HONDA MOTOR,cpc_group::Y02C,1,106413270
assignee_cpc_group,assignee::HONDA MOTOR,cpc_group::Y02E,1,101968427
assignee_cpc_group,assignee::HUADIAN ENVIRONMENT PROTECTION ENGINEERING,cpc_group::C25B,1,113078510
assignee_cpc_group,assignee::HUADIAN ENVIRONMENT PROTECTION ENGINEERING,cpc_group::Y02E,1,113078510
assignee_cpc_group,assignee::HUANENG GROUP,cpc_group::Y02E,1,100799928
assignee_cpc_group,assignee::HUAZHONG UNIVERSITY OF SCIENCE & TECHNOLOGY,cpc_group::C25B,1,101335911
assignee_cpc_group,assignee::HUAZHONG UNIVERSITY OF SCIENCE & TECHNOLOGY,cpc_group::H01M,1,101335911
assignee_cpc_group,assignee::HUAZHONG UNIVERSITY OF SCIENCE & TECHNOLOGY,cpc_group::Y02P,1,101335911
assignee_cpc_group,assignee::HUNAN UNIVERSITY,cpc_group::C25B,1,108739790
assignee_cpc_group,assignee::IDEMITSU KOSAN,cpc_group::C01B,1,106316002
assignee_cpc_group,assignee::IDEMITSU KOSAN,cpc_group::C01P,1,106316002
assignee_cpc_group,assignee::IDEMITSU KOSAN,cpc_group::H01M,1,110939894
assignee_cpc_group,assignee::IDEMITSU KOSAN,cpc_group::Y02P,1,110939894
assignee_cpc_group,assignee::IHI,cpc_group::C25B,1,96823449
assignee_cpc_group,assignee::IHI,cpc_group::Y02E,1,96823449
assignee_cpc_group,assignee::IHI,cpc_group::Y02P,1,96823449
assignee_cpc_group,assignee::INFINIUM,cpc_group::C01B,1,106413185
assignee_cpc_group,assignee::INFINIUM,cpc_group::C10G,1,106413185
assignee_cpc_group,assignee::INFINIUM,cpc_group::C10K,1,106413185
assignee_cpc_group,assignee::INFINIUM,cpc_group::C10L,1,106413185
assignee_cpc_group,assignee::INFINIUM,cpc_group::C25B,1,106413185
assignee_cpc_group,assignee::INFINIUM,cpc_group::Y02E,1,106413185
assignee_cpc_group,assignee::INSTITUTE OF AUTOMATION - CHINESE ACADEMY OF SCIENCES,cpc_group::C25B,1,115363192
assignee_cpc_group,assignee::INSTITUTE OF AUTOMATION - CHINESE ACADEMY OF SCIENCES,cpc_group::Y02E,1,115363192
assignee_cpc_group,assignee::INSTITUTE OF CHEMICAL INDUSTRY OF FOREST PRODUCTS CHINESE ACADEMY OF FORESTRY,cpc_group::C01B,1,105036941
assignee_cpc_group,assignee::INSTITUTE OF COAL CHEMISTRY - CHINESE ACADEMY OF SCIENCE,cpc_group::C25B,1,79172273
assignee_cpc_group,assignee::INSTITUTE OF PROCESS ENGINEERING - CHINESE ACADEMY OF SCIENCES,cpc_group::B01D,1,116298732
assignee_cpc_group,assignee::INSTITUTE OF PROCESS ENGINEERING - CHINESE ACADEMY OF SCIENCES,cpc_group::B01J,1,116298732
assignee_cpc_group,assignee::INSTITUTE OF PROCESS ENGINEERING - CHINESE ACADEMY OF SCIENCES,cpc_group::B82Y,1,116298732
assignee_cpc_group,assignee::IQBAL GULFAM ([US]),cpc_group::C25B,1,44441678
assignee_cpc_group,assignee::IQBAL GULFAM ([US]),cpc_group::Y02E,1,44441678
assignee_cpc_group,assignee::ISTITUTO ITALIANO DI TECNOLOGIA,cpc_group::B01J,1,96558426
assignee_cpc_group,assignee::ISTITUTO ITALIANO DI TECNOLOGIA,cpc_group::C25B,1,96558426
assignee_cpc_group,assignee::JAPAN SCIENCE & TECHNOLOGY AGENCY,cpc_group::C01B,1,86205375
assignee_cpc_group,assignee::JAPAN SCIENCE & TECHNOLOGY AGENCY,cpc_group::C01F,1,86205375
assignee_cpc_group,assignee::JAPAN SCIENCE & TECHNOLOGY AGENCY,cpc_group::C25B,1,86205375
assignee_cpc_group,assignee::JIANGSU UNIVERSITY,cpc_group::B82Y,1,105493992
assignee_cpc_group,assignee::JOHNS HOPKINS UNIVERSITY,cpc_group::C25D,1,115708489
assignee_cpc_group,assignee::KANG BRUCE S ([US]),cpc_group::C25B,1,44441678
assignee_cpc_group,assignee::KANG BRUCE S ([US]),cpc_group::Y02E,1,44441678
assignee_cpc_group,assignee::KATHOLIEKE UNIVERSITEIT LEUVEN,cpc_group::C22B,1,102038550
assignee_cpc_group,assignee::KATHOLIEKE UNIVERSITEIT LEUVEN,cpc_group::C25B,1,102038550
assignee_cpc_group,assignee::KATHOLIEKE UNIVERSITEIT LEUVEN,cpc_group::C25C,1,102038550
assignee_cpc_group,assignee::KATHOLIEKE UNIVERSITEIT LEUVEN,cpc_group::Y02P,1,102038550
assignee_cpc_group,assignee::KING FAHD UNIVERSITY OF PETROLEUM & MINERALS,cpc_group::C01B,1,115039917
assignee_cpc_group,assignee::KING FAHD UNIVERSITY OF PETROLEUM & MINERALS,cpc_group::C25B,1,115039917
assignee_cpc_group,assignee::KOREA ADVANCED INSTITUTE OF SCIENCE & TECHNOLOGY,cpc_group::B82Y,1,115109027
assignee_cpc_group,assignee::KOREA ADVANCED INSTITUTE OF SCIENCE & TECHNOLOGY,cpc_group::C01B,1,35372708
assignee_cpc_group,assignee::KOREA INSTITUTE OF ENERGY RESEARCH,cpc_group::C01B,1,74496528
assignee_cpc_group,assignee::KOREA INSTITUTE OF ENERGY RESEARCH,cpc_group::C25B,1,74496528
assignee_cpc_group,assignee::KOREA INSTITUTE OF ENERGY RESEARCH,cpc_group::G05D,1,74496528
assignee_cpc_group,assignee::KOREA INSTITUTE OF ENERGY RESEARCH,cpc_group::Y02E,1,74496528
assignee_cpc_group,assignee::KOREA INSTITUTE OF INDUSTRIAL TECHNOLOGY,cpc_group::C01B,1,84680718
assignee_cpc_group,assignee::KOREA INSTITUTE OF INDUSTRIAL TECHNOLOGY,cpc_group::C25B,1,84680718
assignee_cpc_group,assignee::KOREA INSTITUTE OF SCIENCE & TECHNOLOGY,cpc_group::B01D,1,108851809
assignee_cpc_group,assignee::KOREA INSTITUTE OF SCIENCE & TECHNOLOGY,cpc_group::C01B,1,103934571
assignee_cpc_group,assignee::KOREA INSTITUTE OF SCIENCE & TECHNOLOGY,cpc_group::C07C,1,103934571
assignee_cpc_group,assignee::KOREA INSTITUTE OF SCIENCE & TECHNOLOGY,cpc_group::Y02E,1,116414667
assignee_cpc_group,assignee::KRICT KOREA RESEARCH INSTITUTE OF CHEMICAL TECHNOLOGY,cpc_group::C25B,1,112969726
assignee_cpc_group,assignee::KUNMING UNIVERSITY OF SCIENCE & TECHNOLOGY,cpc_group::Y02E,1,100252610
assignee_cpc_group,assignee::KYUSHU UNIVERSITY,cpc_group::C25B,1,118083135
assignee_cpc_group,assignee::KYUSHU UNIVERSITY,cpc_group::H01M,1,118083135
assignee_cpc_group,assignee::KYUSHU UNIVERSITY,cpc_group::Y02E,1,118083135
assignee_cpc_group,assignee::KYUSHU UNIVERSITY,cpc_group::Y02P,1,118083135
assignee_cpc_group,assignee::LIAONING UNIVERSITY,cpc_group::C25B,1,104822026
assignee_cpc_group,assignee::LIAONING UNIVERSITY,cpc_group::Y02E,1,104822026
assignee_cpc_group,assignee::LINDE,cpc_group::G01N,1,82565553
assignee_cpc_group,assignee::LINDE,cpc_group::Y02A,1,82565553
assignee_cpc_group,assignee::LINDE,cpc_group::Y02C,1,85758103
assignee_cpc_group,assignee::LIQUID SUN,cpc_group::C25B,1,115866554
assignee_cpc_group,assignee::LOTTE CHEMICAL,cpc_group::B01J,1,100393580
assignee_cpc_group,assignee::LOTTE CHEMICAL,cpc_group::C25B,1,100393580
assignee_cpc_group,assignee::MANUFACTURING SYSTEMS,cpc_group::C25B,1,85904334
assignee_cpc_group,assignee::MANUFACTURING SYSTEMS,cpc_group::C40B,1,85904334
assignee_cpc_group,assignee::MANUFACTURING SYSTEMS,cpc_group::H01M,1,85904334
assignee_cpc_group,assignee::MANUFACTURING SYSTEMS,cpc_group::Y02E,1,85904334
assignee_cpc_group,assignee::MITSUBISHI ELECTRIC,cpc_group::B01J,1,104127510
assignee_cpc_group,assignee::MITSUBISHI ELECTRIC,cpc_group::C10L,1,104127510
assignee_cpc_group,assignee::MITSUBISHI ELECTRIC,cpc_group::C25B,1,104127510
assignee_cpc_group,assignee::MITSUI KINZOKU,cpc_group::C25B,1,114240811
assignee_cpc_group,assignee::MITSUI MINING & SMELTING,cpc_group::C25B,1,114240811
assignee_cpc_group,assignee::NANJING FORESTRY UNIVERSITY,cpc_group::C01B,1,105036941
assignee_cpc_group,assignee::NANJING UNIVERSITY OF SCIENCE & TECHNOLOGY,cpc_group::C25B,1,106672290
assignee_cpc_group,assignee::NANJING UNIVERSITY OF TECHNOLOGY,cpc_group::B01J,1,91898287
assignee_cpc_group,assignee::NANJING UNIVERSITY OF TECHNOLOGY,cpc_group::C25B,1,91898287
assignee_cpc_group,assignee::NEWSOUTH INNOVATIONS,cpc_group::B01J,1,104024514
assignee_cpc_group,assignee::NEWSOUTH INNOVATIONS,cpc_group::C01B,1,104024514
assignee_cpc_group,assignee::NEWSOUTH INNOVATIONS,cpc_group::C01P,1,104024514
assignee_cpc_group,assignee::NEWSOUTH INNOVATIONS,cpc_group::C25B,1,104024514
assignee_cpc_group,assignee::NEWSOUTH INNOVATIONS,cpc_group::Y02P,1,104024514
assignee_cpc_group,assignee::NGK INSULATORS,cpc_group::Y02E,1,116562374
assignee_cpc_group,assignee::NINGBO CARBON NEW ENERGY TECHNOLOGY,cpc_group::C25B,1,101555236
assignee_cpc_group,assignee::NINGBO CARBON NEW ENERGY TECHNOLOGY,cpc_group::Y02E,1,101555236
assignee_cpc_group,assignee::NINGXIA UNIVERSITY,cpc_group::C25B,1,114887582
assignee_cpc_group,assignee::NINGXIA UNIVERSITY,cpc_group::Y02E,1,114887582
assignee_cpc_group,assignee::NORTHEASTERN UNIVERSITY OF CHINA,cpc_group::C01D,1,98505907
assignee_cpc_group,assignee::NORTHEASTERN UNIVERSITY OF CHINA,cpc_group::C25B,1,98505907
assignee_cpc_group,assignee::NORTHERN ILLINOIS UNIVERSITY,cpc_group::B01J,1,98849845
assignee_cpc_group,assignee::NORTHERN ILLINOIS UNIVERSITY,cpc_group::C07C,1,98849845
assignee_cpc_group,assignee::NORTHERN ILLINOIS UNIVERSITY,cpc_group::C25B,1,98849845
assignee_cpc_group,assignee::NORTHWESTERN UNIVERSITY,cpc_group::C01B,1,116476220
assignee_cpc_group,assignee::NORTHWESTERN UNIVERSITY,cpc_group::C25B,1,116476220
assignee_cpc_group,assignee::NUAA - NANJING UNIVERSITY OF AERONAUTICS & ASTRONAUTICS,cpc_group::C25B,1,111894530
assignee_cpc_group,assignee::OSAKA GAS,cpc_group::B01D,1,96376807
assignee_cpc_group,assignee::OSAKA GAS,cpc_group::B01J,1,96376807
assignee_cpc_group,assignee::OSAKA GAS,cpc_group::C01B,1,96376807
assignee_cpc_group,assignee::OSAKA GAS,cpc_group::C07B,1,96376807
assignee_cpc_group,assignee::OSAKA GAS,cpc_group::C07C,1,96376807
assignee_cpc_group,assignee::OSAKA GAS,cpc_group::C10G,1,96376807
assignee_cpc_group,assignee::OSAKA GAS,cpc_group::C25B,1,96376807
assignee_cpc_group,assignee::OSAKA GAS,cpc_group::Y02E,1,96376807
assignee_cpc_group,assignee::OSAKA GAS,cpc_group::Y02P,1,96376807
assignee_cpc_group,assignee::OSAKA UNIVERSITY,cpc_group::C01B,1,106316002
assignee_cpc_group,assignee::OSAKA UNIVERSITY,cpc_group::C01P,1,106316002
assignee_cpc_group,assignee::OSAKA UNIVERSITY,cpc_group::C25B,1,106316002
assignee_cpc_group,assignee::OSAKA UNIVERSITY,cpc_group::Y02E,1,106316002
assignee_cpc_group,assignee::PAUL SCHERRER INSTITUTE,cpc_group::C25B,1,83256656
assignee_cpc_group,assignee::PAUL SCHERRER INSTITUTE,cpc_group::H01M,1,83256656
assignee_cpc_group,assignee::PAUL SCHERRER INSTITUTE,cpc_group::Y02E,1,83256656
assignee_cpc_group,assignee::PENN STATE RESEARCH FOUNDATION,cpc_group::C25B,1,83842416
assignee_cpc_group,assignee::PENN STATE RESEARCH FOUNDATION,cpc_group::Y02E,1,83842416
assignee_cpc_group,assignee::PIZHOU PAOCHE ANCIENT LIYUAN SCENIC SPOT MANAGEMENT SERVICE,cpc_group::C25B,1,104914800
assignee_cpc_group,assignee::PRINCETON UNIVERSITY,cpc_group::C25B,1,83693059
assignee_cpc_group,assignee::QINGDAO UNIVERSITY OF SCIENCE & TECHNOLOGY,cpc_group::B01D,1,111204819
assignee_cpc_group,assignee::QINGDAO UNIVERSITY OF SCIENCE & TECHNOLOGY,cpc_group::C01B,1,111204819
assignee_cpc_group,assignee::QINGDAO UNIVERSITY OF SCIENCE & TECHNOLOGY,cpc_group::C25B,1,111204819
assignee_cpc_group,assignee::QUZHOU RESEARCH INSTITUTE OF ZHEJIANG UNIVERSITY,cpc_group::C25B,1,101562974
assignee_cpc_group,assignee::QUZHOU RESEARCH INSTITUTE OF ZHEJIANG UNIVERSITY,cpc_group::Y02E,1,101562974
assignee_cpc_group,assignee::QUZHOU RESOURCE CHEMICAL INNOVATION RESEARCH INSTITUTE,cpc_group::B01J,1,115970616
assignee_cpc_group,assignee::QUZHOU RESOURCE CHEMICAL INNOVATION RESEARCH INSTITUTE,cpc_group::C01B,1,115970616
assignee_cpc_group,assignee::QUZHOU RESOURCE CHEMICAL INNOVATION RESEARCH INSTITUTE,cpc_group::C07C,1,115970616
assignee_cpc_group,assignee::QUZHOU RESOURCE CHEMICAL INNOVATION RESEARCH INSTITUTE,cpc_group::Y02P,1,115970616
assignee_cpc_group,assignee::REGENTS OF THE UNIVERSITY OF CALIFORNIA,cpc_group::B01J,1,95502318
assignee_cpc_group,assignee::REGENTS OF THE UNIVERSITY OF CALIFORNIA,cpc_group::C07F,1,95502318
assignee_cpc_group,assignee::REGENTS OF THE UNIVERSITY OF MICHIGAN,cpc_group::C23C,1,92032595
assignee_cpc_group,assignee::REGENTS OF THE UNIVERSITY OF MICHIGAN,cpc_group::C25B,1,92032595
assignee_cpc_group,assignee::REGENTS OF THE UNIVERSITY OF MICHIGAN,cpc_group::Y02P,1,92032595
assignee_cpc_group,assignee::RESEARCH CENTER FOR ECO ENVIRONMENTAL SCIENCES - CHINESE ACADEMY OF SCIENCES,cpc_group::B01J,1,89672842
assignee_cpc_group,assignee::RESEARCH CENTER FOR ECO ENVIRONMENTAL SCIENCES - CHINESE ACADEMY OF SCIENCES,cpc_group::B22F,1,89672842
assignee_cpc_group,assignee::RESEARCH CENTER FOR ECO ENVIRONMENTAL SCIENCES - CHINESE ACADEMY OF SCIENCES,cpc_group::B82Y,1,89672842
assignee_cpc_group,assignee::RESEARCH CENTER FOR ECO ENVIRONMENTAL SCIENCES - CHINESE ACADEMY OF SCIENCES,cpc_group::C25B,1,89672842
assignee_cpc_group,assignee::ROYAL MELBOURNE INSTITUTE OF TECHNOLOGY,cpc_group::B01D,1,116181184
assignee_cpc_group,assignee::ROYAL MELBOURNE INSTITUTE OF TECHNOLOGY,cpc_group::C25B,1,116181184
assignee_cpc_group,assignee::SANTAN ANHUI TECHNOLOGY RESEARCH INSTITUTE,cpc_group::B22F,1,105758218
assignee_cpc_group,assignee::SANTAN ANHUI TECHNOLOGY RESEARCH INSTITUTE,cpc_group::C23C,1,105758218
assignee_cpc_group,assignee::SANTAN ANHUI TECHNOLOGY RESEARCH INSTITUTE,cpc_group::C25B,1,105758218
assignee_cpc_group,assignee::SCATTERBO TECHNOLOGIES BEIJING,cpc_group::B01D,1,106753547
assignee_cpc_group,assignee::SCATTERBO TECHNOLOGIES BEIJING,cpc_group::C01B,1,106753547
assignee_cpc_group,assignee::SCATTERBO TECHNOLOGIES BEIJING,cpc_group::C01D,1,106753547
assignee_cpc_group,assignee::SCATTERBO TECHNOLOGIES BEIJING,cpc_group::C25B,1,106753547
assignee_cpc_group,assignee::SCATTERBO TECHNOLOGIES BEIJING,cpc_group::Y02E,1,106753547
assignee_cpc_group,assignee::SEKA TOHRO BEIJING SCIENCE & TECHNOLOGY,cpc_group::B01D,1,106753547
assignee_cpc_group,assignee::SEKA TOHRO BEIJING SCIENCE & TECHNOLOGY,cpc_group::C01B,1,106753547
assignee_cpc_group,assignee::SEKA TOHRO BEIJING SCIENCE & TECHNOLOGY,cpc_group::C01D,1,106753547
assignee_cpc_group,assignee::SEKA TOHRO BEIJING SCIENCE & TECHNOLOGY,cpc_group::C25B,1,106753547
assignee_cpc_group,assignee::SEKA TOHRO BEIJING SCIENCE & TECHNOLOGY,cpc_group::Y02E,1,106753547
assignee_cpc_group,assignee::SEKISUI CHEMICAL,cpc_group::C07B,1,110666488
assignee_cpc_group,assignee::SEKISUI CHEMICAL,cpc_group::C07C,1,110666488
assignee_cpc_group,assignee::SHAANXI COAL INDUSTRY NEW ENERGY TECHNOLOGY,cpc_group::H01M,1,108150520
assignee_cpc_group,assignee::SHAANXI NORMAL UNIVERSITY,cpc_group::C25B,1,105486835
assignee_cpc_group,assignee::SHAANXI UNIVERSITY OF SCIENCE & TECHNOLOGY,cpc_group::B01D,1,116285153
assignee_cpc_group,assignee::SHAANXI UNIVERSITY OF SCIENCE & TECHNOLOGY,cpc_group::B01J,1,116285153
assignee_cpc_group,assignee::SHAANXI UNIVERSITY OF SCIENCE & TECHNOLOGY,cpc_group::C02F,1,116285153
assignee_cpc_group,assignee::SHAANXI UNIVERSITY OF SCIENCE & TECHNOLOGY,cpc_group::C08F,1,116285153
assignee_cpc_group,assignee::SHAANXI UNIVERSITY OF SCIENCE & TECHNOLOGY,cpc_group::C08J,1,116285153
assignee_cpc_group,assignee::SHAANXI UNIVERSITY OF SCIENCE & TECHNOLOGY,cpc_group::C08L,1,116285153
assignee_cpc_group,assignee::SHAANXI UNIVERSITY OF SCIENCE & TECHNOLOGY,cpc_group::C25B,1,116285153
assignee_cpc_group,assignee::SHAANXI UNIVERSITY OF SCIENCE & TECHNOLOGY,cpc_group::H01M,1,116285153
assignee_cpc_group,assignee::SHAANXI UNIVERSITY OF SCIENCE & TECHNOLOGY,cpc_group::Y02P,1,116285153
assignee_cpc_group,assignee::SHANDONG UNIVERSITY OF SCIENCE & TECHNOLOGY,cpc_group::C25B,1,97840083
assignee_cpc_group,assignee::SHANGHAI ADVANCED RESEARCH INSTITUTE - CHINESE ACADEMY OF SCIENCES,cpc_group::B22F,1,114532676
assignee_cpc_group,assignee::SHANGHAI ADVANCED RESEARCH INSTITUTE - CHINESE ACADEMY OF SCIENCES,cpc_group::C22C,1,114532676
assignee_cpc_group,assignee::SHANGHAI ADVANCED RESEARCH INSTITUTE - CHINESE ACADEMY OF SCIENCES,cpc_group::C23C,1,114532676
assignee_cpc_group,assignee::SHANGHAI ADVANCED RESEARCH INSTITUTE - CHINESE ACADEMY OF SCIENCES,cpc_group::C25B,1,114532676
assignee_cpc_group,assignee::SHANGHAI ADVANCED RESEARCH INSTITUTE - CHINESE ACADEMY OF SCIENCES,cpc_group::C25C,1,114532676
assignee_cpc_group,assignee::SHANGHAI ADVANCED RESEARCH INSTITUTE - CHINESE ACADEMY OF SCIENCES,cpc_group::D01F,1,114532676
assignee_cpc_group,assignee::SHANGHAI ADVANCED RESEARCH INSTITUTE - CHINESE ACADEMY OF SCIENCES,cpc_group::Y02E,1,114532676
assignee_cpc_group,assignee::SHANGHAI ADVANCED RESEARCH INSTITUTE - CHINESE ACADEMY OF SCIENCES,cpc_group::Y02P,1,114532676
assignee_cpc_group,assignee::SHANGHAI ELECTRIC,cpc_group::C25B,1,118096155
assignee_cpc_group,assignee::SHANGHAI INSTITUTE OF APPLIED PHYSICS - CHINESE ACADEMY OF SCIENCES,cpc_group::C25B,1,116709402
assignee_cpc_group,assignee::SHANGHAI JIAO TONG UNIVERSITY,cpc_group::C10L,1,105555372
assignee_cpc_group,assignee::SHANGHAI JIAO TONG UNIVERSITY,cpc_group::Y02A,1,105555372
assignee_cpc_group,assignee::SICHUAN LANGSHENG NEW ENERGY TECHNOLOGY,cpc_group::B01D,1,104081456
assignee_cpc_group,assignee::SICHUAN LANGSHENG NEW ENERGY TECHNOLOGY,cpc_group::B01J,1,104081456
assignee_cpc_group,assignee::SICHUAN LANGSHENG NEW ENERGY TECHNOLOGY,cpc_group::C08G,1,104081456
assignee_cpc_group,assignee::SICHUAN LANGSHENG NEW ENERGY TECHNOLOGY,cpc_group::C08J,1,104081456
assignee_cpc_group,assignee::SICHUAN LANGSHENG NEW ENERGY TECHNOLOGY,cpc_group::C08L,1,104081456
assignee_cpc_group,assignee::SICHUAN LANGSHENG NEW ENERGY TECHNOLOGY,cpc_group::C25B,1,104081456
assignee_cpc_group,assignee::SICHUAN LANGSHENG NEW ENERGY TECHNOLOGY,cpc_group::H01M,1,104081456
assignee_cpc_group,assignee::SIEMENS ENERGY,cpc_group::C12M,1,75262842
assignee_cpc_group,assignee::SIEMENS ENERGY,cpc_group::H01M,1,87171430
assignee_cpc_group,assignee::SIEMENS ENERGY,cpc_group::Y02C,1,85758103
assignee_cpc_group,assignee::SK INNOVATION,cpc_group::B01D,1,107413525
assignee_cpc_group,assignee::SK INNOVATION,cpc_group::B01J,1,107413525
assignee_cpc_group,assignee::SK INNOVATION,cpc_group::C25B,1,107413525
assignee_cpc_group,assignee::SK INNOVATION,cpc_group::H01M,1,107413525
assignee_cpc_group,assignee::SK INNOVATION,cpc_group::Y02C,1,107413525
assignee_cpc_group,assignee::SK INNOVATION,cpc_group::Y02E,1,107413525
assignee_cpc_group,assignee::SOOCHOW UNIVERSITY,cpc_group::C01G,1,110495249
assignee_cpc_group,assignee::SOOCHOW UNIVERSITY,cpc_group::C01P,1,110495249
assignee_cpc_group,assignee::SOOCHOW UNIVERSITY,cpc_group::C25B,1,110495249
assignee_cpc_group,assignee::SOOCHOW UNIVERSITY,cpc_group::H01M,1,110495249
assignee_cpc_group,assignee::SOOCHOW UNIVERSITY,cpc_group::Y02E,1,110495249
assignee_cpc_group,assignee::SOUTH CHINA NORMAL UNIVERSITY,cpc_group::C25B,1,104933063
assignee_cpc_group,assignee::SOUTH CHINA NORMAL UNIVERSITY,cpc_group::C25C,1,104933063
assignee_cpc_group,assignee::SOUTH CHINA NORMAL UNIVERSITY,cpc_group::C25D,1,104933063
assignee_cpc_group,assignee::SOUTH CHINA UNIVERSITY OF TECHNOLOGY,cpc_group::C25B,1,110697556
assignee_cpc_group,assignee::SOUTHEAST UNIVERSITY,cpc_group::B01J,1,87032374
assignee_cpc_group,assignee::SOUTHWEST UNIVERSITY OF SCIENCE & TECHNOLOGY,cpc_group::B01D,1,104081456
assignee_cpc_group,assignee::SOUTHWEST UNIVERSITY OF SCIENCE & TECHNOLOGY,cpc_group::B01J,1,104081456
assignee_cpc_group,assignee::SOUTHWEST UNIVERSITY OF SCIENCE & TECHNOLOGY,cpc_group::C08G,1,104081456
assignee_cpc_group,assignee::SOUTHWEST UNIVERSITY OF SCIENCE & TECHNOLOGY,cpc_group::C08J,1,104081456
assignee_cpc_group,assignee::SOUTHWEST UNIVERSITY OF SCIENCE & TECHNOLOGY,cpc_group::C08L,1,104081456
assignee_cpc_group,assignee::SOUTHWEST UNIVERSITY OF SCIENCE & TECHNOLOGY,cpc_group::H01M,1,104081456
assignee_cpc_group,assignee::SOUTHWEST UNIVERSITY OF SCIENCE & TECHNOLOGY,cpc_group::Y02A,1,106179974
assignee_cpc_group,assignee::STATE GRID CORPORATION OF CHINA,cpc_group::C25B,1,86637940
assignee_cpc_group,assignee::SUNFIRE,cpc_group::C25B,1,71609954
assignee_cpc_group,assignee::SUNFIRE,cpc_group::Y02E,1,71609954
assignee_cpc_group,assignee::TAKAHATA PRECISION,cpc_group::C25B,1,102708989
assignee_cpc_group,assignee::TECHNICAL INSTITUTE OF PHYSICS & CHEMISTRY - CHINESE ACADEMY OF SCIENCES,cpc_group::B01J,1,80803000
assignee_cpc_group,assignee::TECHNICAL INSTITUTE OF PHYSICS & CHEMISTRY - CHINESE ACADEMY OF SCIENCES,cpc_group::C25B,1,80803000
assignee_cpc_group,assignee::TECHNICAL INSTITUTE OF PHYSICS & CHEMISTRY - CHINESE ACADEMY OF SCIENCES,cpc_group::Y02E,1,80803000
assignee_cpc_group,assignee::TECHNISCHE UNIVERSITEIT DELFT,cpc_group::B01D,1,109306159
assignee_cpc_group,assignee::TECHNISCHE UNIVERSITEIT DELFT,cpc_group::C08J,1,109306159
assignee_cpc_group,assignee::TECHNISCHE UNIVERSITEIT DELFT,cpc_group::C25B,1,109306159
assignee_cpc_group,assignee::TECHNISCHE UNIVERSITEIT DELFT,cpc_group::H01M,1,109306159
assignee_cpc_group,assignee::TEXAS A & M UNIVERSITY,cpc_group::C01B,1,106991409
assignee_cpc_group,assignee::TEXAS A & M UNIVERSITY,cpc_group::C01P,1,106991409
assignee_cpc_group,assignee::TEXAS A & M UNIVERSITY,cpc_group::C25B,1,106991409
assignee_cpc_group,assignee::THALESNANO,cpc_group::Y02E,1,98314273
assignee_cpc_group,assignee::THALESNANO,cpc_group::Y02P,1,98314273
assignee_cpc_group,assignee::TIANJIN UNIVERSITY OF TECHNOLOGY,cpc_group::C25B,1,110888177
assignee_cpc_group,assignee::TIANJING UNIVERSITY,cpc_group::Y02P,1,117651217
assignee_cpc_group,assignee::TOKYO INSTITUTE OF TECHNOLOGY,cpc_group::C01B,1,86205375
assignee_cpc_group,assignee::TOKYO INSTITUTE OF TECHNOLOGY,cpc_group::C01F,1,86205375
assignee_cpc_group,assignee::TOKYO INSTITUTE OF TECHNOLOGY,cpc_group::C25B,1,86205375
assignee_cpc_group,assignee::TOPSOE,cpc_group::B01J,1,94627563
assignee_cpc_group,assignee::TOPSOE,cpc_group::C04B,1,95617533
assignee_cpc_group,assignee::TOPSOE,cpc_group::F23L,1,95617533
assignee_cpc_group,assignee::TOSHIBA,cpc_group::B01D,1,106495795
assignee_cpc_group,assignee::TOSHIBA,cpc_group::B82Y,1,96200636
assignee_cpc_group,assignee::TOSHIBA,cpc_group::C01B,1,96200636
assignee_cpc_group,assignee::TOSHIBA,cpc_group::C10G,1,106413273
assignee_cpc_group,assignee::TOSHIBA,cpc_group::C12M,1,106413273
assignee_cpc_group,assignee::TOSHIBA,cpc_group::F25J,1,106413273
assignee_cpc_group,assignee::TOSHIBA,cpc_group::G01N,1,87919517
assignee_cpc_group,assignee::TOSHIBA,cpc_group::H01M,1,117920056
assignee_cpc_group,assignee::TOYOTA MOTOR,cpc_group::B01D,1,109304100
assignee_cpc_group,assignee::TOYOTA MOTOR,cpc_group::C01B,1,44672238
assignee_cpc_group,assignee::TOYOTA MOTOR,cpc_group::C10G,1,44668494
assignee_cpc_group,assignee::TOYOTA MOTOR,cpc_group::F02B,1,44668494
assignee_cpc_group,assignee::TOYOTA MOTOR,cpc_group::F02D,1,44668494
assignee_cpc_group,assignee::TOYOTA MOTOR,cpc_group::F02M,1,44668494
assignee_cpc_group,assignee::TOYOTA MOTOR,cpc_group::H01M,1,118083135
assignee_cpc_group,assignee::TOYOTA MOTOR,cpc_group::Y02C,1,109304100
assignee_cpc_group,assignee::TOYOTA MOTOR,cpc_group::Y02T,1,44668494
assignee_cpc_group,assignee::TSINGHUA UNIVERSITY,cpc_group::B01J,1,96729039
assignee_cpc_group,assignee::TSINGHUA UNIVERSITY,cpc_group::C01B,1,96729039
assignee_cpc_group,assignee::TSINGHUA UNIVERSITY,cpc_group::C10B,1,96729039
assignee_cpc_group,assignee::TWELVE,cpc_group::C10G,1,113958355
assignee_cpc_group,assignee::TWELVE,cpc_group::C21B,1,105156145
assignee_cpc_group,assignee::TWELVE,cpc_group::Y02P,1,105156145
assignee_cpc_group,assignee::UCHICAGO ARGONNE,cpc_group::B01J,1,98849845
assignee_cpc_group,assignee::UCHICAGO ARGONNE,cpc_group::C07C,1,98849845
assignee_cpc_group,assignee::UCHICAGO ARGONNE,cpc_group::C25B,1,98849845
assignee_cpc_group,assignee::UNIST,cpc_group::C25B,1,71965537
assignee_cpc_group,assignee::UNIVERSIDADE DO PORTO,cpc_group::C25B,1,100959754
assignee_cpc_group,assignee::UNIVERSITEIT ANTWERPEN,cpc_group::C25B,1,94627574
assignee_cpc_group,assignee::UNIVERSITY OF BRITISH COLUMBIA,cpc_group::C25B,1,83842416
assignee_cpc_group,assignee::UNIVERSITY OF BRITISH COLUMBIA,cpc_group::Y02E,1,83842416
assignee_cpc_group,assignee::UNIVERSITY OF ELECTRONIC SCIENCE & TECHNOLOGY OF CHINA,cpc_group::C25B,1,98667734
assignee_cpc_group,assignee::UNIVERSITY OF ILLINOIS,cpc_group::B01D,1,106991476
assignee_cpc_group,assignee::UNIVERSITY OF ILLINOIS,cpc_group::C25B,1,106991476
assignee_cpc_group,assignee::UNIVERSITY OF LIVERPOOL,cpc_group::B01J,1,92565798
assignee_cpc_group,assignee::UNIVERSITY OF LIVERPOOL,cpc_group::H01M,1,92565798
assignee_cpc_group,assignee::UNIVERSITY OF LIVERPOOL,cpc_group::Y02E,1,104791873
assignee_cpc_group,assignee::UNIVERSITY OF MICHIGAN,cpc_group::C23C,1,92032595
assignee_cpc_group,assignee::UNIVERSITY OF MICHIGAN,cpc_group::C25B,1,92032595
assignee_cpc_group,assignee::UNIVERSITY OF MICHIGAN,cpc_group::Y02P,1,92032595
assignee_cpc_group,assignee::UNIVERSITY OF NANKAI,cpc_group::B22F,1,105758218
assignee_cpc_group,assignee::UNIVERSITY OF NANKAI,cpc_group::C23C,1,105758218
assignee_cpc_group,assignee::UNIVERSITY OF NANKAI,cpc_group::C25B,1,105758218
assignee_cpc_group,assignee::UNIVERSITY OF NORTHUMBRIA,cpc_group::C25B,1,108109771
assignee_cpc_group,assignee::UNIVERSITY OF SZEGED,cpc_group::Y02E,1,98314273
assignee_cpc_group,assignee::UNIVERSITY OF SZEGED,cpc_group::Y02P,1,98314273
assignee_cpc_group,assignee::UNIVERSITY OF TORONTO,cpc_group::C25B,1,103674986
assignee_cpc_group,assignee::UNIVERSITY OF TORONTO,cpc_group::H01M,1,103674986
assignee_cpc_group,assignee::UNIVERSITY OF YAMANASHI,cpc_group::C25B,1,102708989
assignee_cpc_group,assignee::UNIVERSITY SOUTH SCIENCE & TECHNOLOGY CHINA,cpc_group::C07C,1,100224447
assignee_cpc_group,assignee::UNIVERSITY SOUTH SCIENCE & TECHNOLOGY CHINA,cpc_group::C25B,1,100224447
assignee_cpc_group,assignee::UNIVERSITY SOUTH SCIENCE & TECHNOLOGY CHINA,cpc_group::Y02P,1,100224447
assignee_cpc_group,assignee::UTILITY GLOBAL,cpc_group::B01D,1,115547269
assignee_cpc_group,assignee::UTILITY GLOBAL,cpc_group::Y02E,1,114398668
assignee_cpc_group,assignee::VITO - VLAAMSE INSTELLING VOOR TECHNOLOGISCH ONDERZOEK,cpc_group::C22B,1,102038550
assignee_cpc_group,assignee::VITO - VLAAMSE INSTELLING VOOR TECHNOLOGISCH ONDERZOEK,cpc_group::C25B,1,102038550
assignee_cpc_group,assignee::VITO - VLAAMSE INSTELLING VOOR TECHNOLOGISCH ONDERZOEK,cpc_group::C25C,1,102038550
assignee_cpc_group,assignee::VITO - VLAAMSE INSTELLING VOOR TECHNOLOGISCH ONDERZOEK,cpc_group::Y02P,1,102038550
assignee_cpc_group,assignee::WANHUA CHEMICAL GROUP,cpc_group::C25B,1,110503287
assignee_cpc_group,assignee::WANHUA CHEMICAL GROUP,cpc_group::Y02E,1,110503287
assignee_cpc_group,assignee::XECA TURBO TECHNOLOGIES,cpc_group::B01D,1,106753547
assignee_cpc_group,assignee::XECA TURBO TECHNOLOGIES,cpc_group::C01B,1,106753547
assignee_cpc_group,assignee::XECA TURBO TECHNOLOGIES,cpc_group::C01D,1,106753547
assignee_cpc_group,assignee::XECA TURBO TECHNOLOGIES,cpc_group::C25B,1,106753547
assignee_cpc_group,assignee::XECA TURBO TECHNOLOGIES,cpc_group::Y02E,1,106753547
assignee_cpc_group,assignee::XI AN UNIVERSITY OF SCIENCE & TECHNOLOGY,cpc_group::H01M,1,108150520
assignee_cpc_group,assignee::XIAMEN UNIVERSITY,cpc_group::C25B,1,105438541
assignee_cpc_group,assignee::XIAMEN UNIVERSITY,cpc_group::Y02E,1,117521363
assignee_cpc_group,assignee::XIAN JIAOTONG UNIVERSITY,cpc_group::B22F,1,103030257
assignee_cpc_group,assignee::XIAN JIAOTONG UNIVERSITY,cpc_group::C25D,1,103030257
assignee_cpc_group,assignee::XIANGTAN UNIVERSITY,cpc_group::C25B,1,110082631
assignee_cpc_group,assignee::YANCHENG INSTITUTE OF TECHNOLOGY,cpc_group::B01J,1,115484302
assignee_cpc_group,assignee::YANCHENG INSTITUTE OF TECHNOLOGY,cpc_group::B22F,1,115484302
assignee_cpc_group,assignee::YANCHENG INSTITUTE OF TECHNOLOGY,cpc_group::B82Y,1,115484302
assignee_cpc_group,assignee::YANCHENG INSTITUTE OF TECHNOLOGY,cpc_group::C25B,1,115484302
assignee_cpc_group,assignee::YANCHENG INSTITUTE OF TECHNOLOGY,cpc_group::D01F,1,115484302
assignee_cpc_group,assignee::YANCHENG INSTITUTE OF TECHNOLOGY,cpc_group::D10B,1,115484302
assignee_cpc_group,assignee::YANCHENG INSTITUTE OF TECHNOLOGY,cpc_group::Y02E,1,115484302
assignee_cpc_group,assignee::YANGZHOU UNIVERSITY,cpc_group::C08G,1,117641010
assignee_cpc_group,assignee::YANGZHOU UNIVERSITY,cpc_group::C08J,1,117641010
assignee_cpc_group,assignee::YANGZHOU UNIVERSITY,cpc_group::C25B,1,117641010
assignee_cpc_group,assignee::YANGZHOU UNIVERSITY,cpc_group::H01M,1,117641010
assignee_cpc_group,assignee::YEDA RESEARCH & DEVELOPMENT,cpc_group::F01K,1,7846740
assignee_cpc_group,assignee::YEDA RESEARCH & DEVELOPMENT,cpc_group::F02C,1,7846740
assignee_cpc_group,assignee::YEDA RESEARCH & DEVELOPMENT,cpc_group::H02K,1,7846740
assignee_cpc_group,assignee::YEDA RESEARCH & DEVELOPMENT,cpc_group::Y02E,1,7846740
assignee_cpc_group,assignee::ZHEJIANG BAIMA LAKE LABORATORY,cpc_group::B22F,1,109766128
assignee_cpc_group,assignee::ZHEJIANG BAIMA LAKE LABORATORY,cpc_group::B82Y,1,109766128
assignee_cpc_group,assignee::ZHEJIANG GUOQING ENERGY TECHNOLOGY DEVELOPMENT,cpc_group::H02J,1,94787837
assignee_cpc_group,assignee::ZHEJIANG GUOQING ENERGY TECHNOLOGY DEVELOPMENT,cpc_group::Y02E,1,94787837
assignee_cpc_group,assignee::ZHEJIANG GUOQING ENERGY TECHNOLOGY DEVELOPMENT,cpc_group::Y02P,1,94787837
assignee_cpc_group,assignee::ZHEJIANG TIANDI ENV PROT TECHNOLOGY,cpc_group::B22F,1,109766128
assignee_cpc_group,assignee::ZHEJIANG TIANDI ENV PROT TECHNOLOGY,cpc_group::B82Y,1,109766128
assignee_cpc_group,assignee::ZHEJIANG UNIVERSITY,cpc_group::B01J,1,89550408
assignee_cpc_group,assignee::ZHEJIANG UNIVERSITY,cpc_group::C01G,1,112046649
assignee_cpc_group,assignee::ZHEJIANG UNIVERSITY,cpc_group::C23C,1,112046649
assignee_cpc_group,assignee::ZHEJIANG UNIVERSITY,cpc_group::Y02P,1,98666426
assignee_cpc_group,assignee::ZHEJIANG UNIVERSITY OF TECHNOLOGY,cpc_group::B01J,1,114750156
assignee_cpc_group,assignee::ZHEJIANG UNIVERSITY OF TECHNOLOGY,cpc_group::C25B,1,114750156
assignee_cpc_group,assignee::ZHEJIANG WANLI UNIVERSITY,cpc_group::C25B,1,112719442
assignee_cpc_group,assignee::ZHEJIANG ZHENENG TECHNOLOGY ENVIRONMENTAL PROTECTION GROUP,cpc_group::C25B,1,112354020
assignee_cpc_group,assignee::ZHEJIANG ZHONGXIN DEGU NEW MATERIAL TECHNOLOGY,cpc_group::C25B,1,95930332
assignee_cpc_group,assignee::ZHEJIANG ZHONGXIN DEGU NEW MATERIAL TECHNOLOGY,cpc_group::Y02P,1,95930332
assignee_cpc_group,assignee::ZHENGZHOU INSTITUTE OF EMERGING INDUSTRIAL TECHNOLOGY,cpc_group::C25B,1,98666737
assignee_cpc_group,assignee::ZHONGSHAN POWER SUPPLY BUREAU OF GUANGDONG POWER GRID,cpc_group::C25B,1,100072108
assignee_cpc_code,assignee::TOSHIBA,cpc_code::C25B-001/04,29,86048379; 93172689; 104039102; 96200627; 101790584; 106413273; 98850824; 83773883; 111591386; 87919716; 81386945; 81302402; 118081624; 87919517; 86130749; 81386940; 108896443; 93172692; 106586888; 108863955; 108863961; 111493424; 118081631; 90361734; 101790589; 101790586; 117920056; 111493428; 113559831
assignee_cpc_code,assignee::TOSHIBA,cpc_code::C25B-001/23,28,106574607; 104039102; 96200627; 104037474; 101790584; 106413273; 98850824; 83773883; 111591386; 116737142; 87919716; 118081624; 87919517; 86130749; 106495795; 113753877; 108896443; 93172692; 106586888; 108863955; 108863961; 111493424; 118081631; 101790589; 101790586; 117920056; 111493428; 113559831
assignee_cpc_code,assignee::TOSHIBA,cpc_code::C25B-003/26,27,106574607; 86048379; 104039102; 96200627; 104037474; 101790584; 106413273; 98850824; 83773883; 111591386; 116737142; 118081624; 87919517; 86130749; 113753877; 108896443; 93172692; 106586888; 108863955; 108863961; 111493424; 118081631; 101790589; 101790586; 117920056; 111493428; 113559831
assignee_cpc_code,assignee::TOSHIBA,cpc_code::C25B-009/19,24,106574607; 93172689; 104039102; 96200627; 104037474; 101790584; 106413273; 98850824; 116737142; 87919716; 81386945; 81302402; 118081624; 87919517; 108896443; 93172692; 106586888; 108863955; 108863961; 111493424; 90361734; 101790589; 101790586; 113559831
assignee_cpc_code,assignee::SIEMENS ENERGY,cpc_code::C25B-001/00,23,77202004; 89744192; 77016544; 85758116; 77244658; 93813175; 82018818; 78242503; 78286428; 79296485; 75026979; 83051660; 77856561; 77856556; 87171430; 85684691; 84413562; 89416407; 79163034; 85011701; 85758108; 73079791; 91085959
assignee_cpc_code,assignee::SIEMENS ENERGY,cpc_code::C25B-009/19,20,107278856; 77202004; 77016544; 85758116; 77244658; 78286428; 83051660; 77856556; 87171430; 85684691; 93812412; 84413562; 89416407; 75262842; 92569265; 85011701; 85758108; 94740357; 73079791; 91085959
assignee_cpc_code,assignee::SIEMENS ENERGY,cpc_code::C25B-001/23,19,107278856; 85758116; 93813175; 82018818; 78242503; 79296485; 75026979; 93812412; 75262842; 87171527; 97217510; 92569265; 79163034; 91738840; 85011701; 85758108; 94204081; 94740357; 115623852
assignee_cpc_code,assignee::TOSHIBA,cpc_code::C25B-001/00,16,93172689; 104039102; 96200627; 98850824; 83773883; 116737142; 81386945; 96200636; 81302402; 118081624; 86130749; 81386940; 108896443; 93172692; 108863955; 118081631
assignee_cpc_code,assignee::TOSHIBA,cpc_code::C25B-003/07,16,86048379; 104039102; 96200627; 101790584; 106413273; 98850824; 111591386; 96200636; 87919517; 106495795; 108896443; 93172692; 111493424; 117920056; 111493428; 113559831
assignee_cpc_code,assignee::TOSHIBA,cpc_code::C25B-003/03,15,86048379; 104039102; 96200627; 101790584; 106413273; 111591386; 96200636; 87919517; 106495795; 93172692; 108863961; 111493424; 117920056; 111493428; 113559831
assignee_cpc_code,assignee::SIEMENS ENERGY,cpc_code::C25B-003/26,13,107278856; 93813175; 82018818; 78242503; 75026979; 93812412; 87171527; 97217510; 79163034; 91738840; 85011701; 94204081; 115623852
assignee_cpc_code,assignee::TOSHIBA,cpc_code::C25B-009/23,13,86048379; 104037474; 101790584; 98850824; 111591386; 87919716; 108896443; 108863955; 111493424; 118081631; 90361734; 101790589; 113559831
assignee_cpc_code,assignee::SIEMENS ENERGY,cpc_code::C25B-003/25,12,89744192; 77244658; 82018818; 78242503; 78286428; 75026979; 77856561; 77856556; 85684691; 85011701; 73079791; 91085959
assignee_cpc_code,assignee::TOSHIBA,cpc_code::C25B-003/04,12,86048379; 93172689; 104039102; 83773883; 116737142; 81386945; 81302402; 118081624; 87919517; 81386940; 118081631; 90361734
assignee_cpc_code,assignee::TOSHIBA,cpc_code::C25B-003/25,12,86048379; 93172689; 83773883; 81386945; 81302402; 87919517; 113753877; 81386940; 93172692; 108863955; 90361734; 111493428
assignee_cpc_code,assignee::TOSHIBA,cpc_code::C25B-001/10,10,86048379; 83773883; 116737142; 87919716; 81386945; 81302402; 87919517; 86130749; 81386940; 117920056
assignee_cpc_code,assignee::SIEMENS ENERGY,cpc_code::C25B-015/08,9,77016544; 85758116; 77244658; 78286428; 77856556; 87171430; 84413562; 89416407; 97217510
assignee_cpc_code,assignee::TOSHIBA,cpc_code::C25B-001/27,9,118081624; 113753877; 108896443; 106586888; 108863961; 118081631; 117920056; 111493428; 113559831
assignee_cpc_code,assignee::TOSHIBA,cpc_code::C25B-009/08,9,93172689; 116737142; 81386945; 81302402; 118081624; 81386940; 93172692; 118081631; 117920056
assignee_cpc_code,assignee::SIEMENS ENERGY,cpc_code::C25B-001/04,8,77202004; 77016544; 85758116; 77244658; 87171430; 85684691; 75262842; 85758108
assignee_cpc_code,assignee::TOSHIBA,cpc_code::C25B-009/00,8,98850824; 116737142; 118081624; 86130749; 81386940; 108896443; 106586888; 118081631
assignee_cpc_code,assignee::LG CHEM,cpc_code::C25B-009/19,7,113653423; 112678154; 113067654; 113653441; 112678146; 114305656; 109306069
assignee_cpc_code,assignee::SIEMENS ENERGY,cpc_code::C25B-003/03,7,107278856; 82018818; 75026979; 93812412; 87171527; 91738840; 94204081
assignee_cpc_code,assignee::SIEMENS ENERGY,cpc_code::C25B-003/04,7,77244658; 82018818; 78242503; 78286428; 75026979; 77856561; 77856556
assignee_cpc_code,assignee::SIEMENS ENERGY,cpc_code::C25B-003/07,7,107278856; 82018818; 75026979; 93812412; 87171527; 91738840; 94204081
assignee_cpc_code,assignee::SIEMENS ENERGY,cpc_code::C25B-009/08,7,77202004; 77016544; 85758116; 77244658; 78286428; 77856556; 85758108
assignee_cpc_code,assignee::SIEMENS ENERGY,cpc_code::C25B-009/23,7,107278856; 82018818; 78242503; 83051660; 77856561; 85011701; 94204081
assignee_cpc_code,assignee::TOSHIBA,cpc_code::C25B-009/10,7,86048379; 87919716; 118081624; 86130749; 81386940; 90361734; 117920056
assignee_cpc_code,assignee::SIEMENS ENERGY,cpc_code::C25B-011/032,6,107278856; 93813175; 78242503; 93812412; 87171527; 115623852
assignee_cpc_code,assignee::SIEMENS ENERGY,cpc_code::Y02E-060/36,6,77016544; 77244658; 87171430; 84413562; 97217510; 91085959
assignee_cpc_code,assignee::TOSHIBA,cpc_code::C25B-009/65,6,86048379; 101790584; 81386945; 108896443; 108863955; 101790586
assignee_cpc_code,assignee::TOSHIBA,cpc_code::C25B-009/73,6,93172689; 83773883; 87919716; 81302402; 113753877; 93172692
assignee_cpc_code,assignee::CNRS,cpc_code::C25B-001/00,5,69060627; 73827816; 68986421; 78510702; 71292352
assignee_cpc_code,assignee::IDEMITSU KOSAN,cpc_code::C25B-003/26,5,102708989; 101871166; 106316002; 110939894; 101871167
assignee_cpc_code,assignee::IDEMITSU KOSAN,cpc_code::C25B-009/23,5,102708989; 101871166; 106316002; 110939894; 101871167
assignee_cpc_code,assignee::KUNMING UNIVERSITY OF SCIENCE & TECHNOLOGY,cpc_code::C25B-001/23,5,100427008; 98164251; 100252610; 105028031; 111363754
assignee_cpc_code,assignee::LG CHEM,cpc_code::C25B-003/26,5,112678154; 112678146; 114305656; 109306069; 113645537
assignee_cpc_code,assignee::LG CHEM,cpc_code::C25B-013/08,5,113653423; 113067654; 113653441; 114305656; 118157483
assignee_cpc_code,assignee::TOPSOE,cpc_code::C25B-001/23,5,64469752; 100674664; 73295054; 95617533; 101955362
assignee_cpc_code,assignee::TOSHIBA,cpc_code::C25B-009/60,5,104037474; 101790584; 106413273; 106586888; 101790589
assignee_cpc_code,assignee::TOSHIBA,cpc_code::C25B-015/02,5,93172689; 113753877; 106586888; 108863955; 108863961
assignee_cpc_code,assignee::TOSHIBA,cpc_code::C25B-015/08,5,96200627; 104037474; 87919716; 113753877; 106586888
assignee_cpc_code,assignee::UNIVERSITE PARIS CITE / PARIS DIDEROT,cpc_code::C25B-001/00,5,69060627; 73827816; 68986421; 78510702; 71292352
assignee_cpc_code,assignee::DALIAN UNIVERSITY OF TECHNOLOGY,cpc_code::C25B-001/23,4,98749181; 102358496; 96169624; 102226793
assignee_cpc_code,assignee::DALIAN UNIVERSITY OF TECHNOLOGY,cpc_code::C25B-011/02,4,102358496; 86637940; 108306014; 102226793
assignee_cpc_code,assignee::IDEMITSU KOSAN,cpc_code::C25B-001/23,4,102708989; 101871166; 106316002; 101871167
assignee_cpc_code,assignee::KUNMING UNIVERSITY OF SCIENCE & TECHNOLOGY,cpc_code::C25B-001/26,4,100252610; 88204087; 105028031; 116293199
assignee_cpc_code,assignee::LG CHEM,cpc_code::C08G-010/00,4,113653423; 113067654; 113653441; 114305656
assignee_cpc_code,assignee::LG CHEM,cpc_code::C08J-005/22/62,4,113653423; 113067654; 113653441; 114305656
assignee_cpc_code,assignee::LG CHEM,cpc_code::C08J-2361/18,4,113653423; 113067654; 113653441; 114305656
assignee_cpc_code,assignee::LG CHEM,cpc_code::C25B-001/23,4,112678154; 112678146; 109306069; 113645537
assignee_cpc_code,assignee::LG CHEM,cpc_code::C25B-003/03,4,112678154; 112678146; 109306069; 113645537
assignee_cpc_code,assignee::LG CHEM,cpc_code::C25B-003/07,4,112678154; 112678146; 109306069; 113645537
assignee_cpc_code,assignee::LG CHEM,cpc_code::C25B-009/77,4,113653423; 113067654; 113653441; 109306069
assignee_cpc_code,assignee::SIEMENS ENERGY,cpc_code::C25B-001/01,4,79296485; 75026979; 75262842; 79163034
assignee_cpc_code,assignee::SIEMENS ENERGY,cpc_code::C25B-009/05,4,107278856; 85758116; 75262842; 94204081
assignee_cpc_code,assignee::SIEMENS ENERGY,cpc_code::C25B-009/10,4,82018818; 78242503; 83051660; 77856561
assignee_cpc_code,assignee::SIEMENS ENERGY,cpc_code::C25B-013/02,4,77856556; 85684691; 85011701; 94204081
assignee_cpc_code,assignee::SIEMENS ENERGY,cpc_code::C25B-015/02,4,89744192; 93813175; 78286428; 73079791
assignee_cpc_code,assignee::SIEMENS ENERGY,cpc_code::C25B-015/087,4,85758116; 92569265; 91738840; 94740357
assignee_cpc_code,assignee::TOSHIBA,cpc_code::C25B-001/02,4,101790584; 111591386; 117920056; 113559831
assignee_cpc_code,assignee::TOSHIBA,cpc_code::C25B-009/17,4,106574607; 104039102; 81386945; 81302402
assignee_cpc_code,assignee::TOYOTA MOTOR,cpc_code::Y02E-060/36,4,72753605; 55016601; 44672238; 46248577
assignee_cpc_code,assignee::TWELVE,cpc_code::C25B-001/04,4,113958355; 85453370; 97540394; 101064694
assignee_cpc_code,assignee::TWELVE,cpc_code::C25B-003/26,4,113958355; 85453370; 97540394; 101064694
assignee_cpc_code,assignee::UTILITY GLOBAL,cpc_code::C25B-001/23,4,112883886; 114398668; 115547269; 111147448
assignee_cpc_code,assignee::ZHEJIANG UNIVERSITY,cpc_code::C25B-001/23,4,112046649; 98666426; 112590590; 101562974
assignee_cpc_code,assignee::AVANTIUM KNOWLEDGE CENTRE,cpc_code::C25B-001/23,3,112473551; 112473553; 112473561
assignee_cpc_code,assignee::AVANTIUM KNOWLEDGE CENTRE,cpc_code::C25B-015/02,3,112473551; 112473553; 112473561
assignee_cpc_code,assignee::AVANTIUM KNOWLEDGE CENTRE,cpc_code::C25B-015/021,3,112473551; 112473553; 112473561
assignee_cpc_code,assignee::AVANTIUM KNOWLEDGE CENTRE,cpc_code::C25B-015/08,3,112473551; 112473553; 112473561
assignee_cpc_code,assignee::AVANTIUM KNOWLEDGE CENTRE,cpc_code::C25B-015/087,3,112473551; 112473553; 112473561
assignee_cpc_code,assignee::CNRS,cpc_code::B01J-2531/025,3,68986421; 78510702; 71292352
assignee_cpc_code,assignee::CNRS,cpc_code::B01J-2531/842,3,68986421; 78510702; 71292352
assignee_cpc_code,assignee::CNRS,cpc_code::C07F-015/02/5,3,73827816; 78510702; 71292352
assignee_cpc_code,assignee::CNRS,cpc_code::C25B-001/04,3,73827816; 78510702; 92464691
assignee_cpc_code,assignee::COVESTRO,cpc_code::C25B-001/00,3,93617165; 87991721; 82742757
assignee_cpc_code,assignee::COVESTRO,cpc_code::C25B-001/23,3,93617165; 87991721; 82742757
assignee_cpc_code,assignee::DALIAN UNIVERSITY OF TECHNOLOGY,cpc_code::C25B-001/00,3,80164805; 86637940; 116876860
assignee_cpc_code,assignee::DALIAN UNIVERSITY OF TECHNOLOGY,cpc_code::C25B-009/19,3,80164805; 102358496; 86637940
assignee_cpc_code,assignee::FRAUNHOFER,cpc_code::C25B-001/23,3,111220958; 116977017; 112675495
assignee_cpc_code,assignee::HITACHI,cpc_code::C25B-003/03,3,101956586; 96314074; 107089672
assignee_cpc_code,assignee::IDEMITSU KOSAN,cpc_code::C25B-011/054,3,102708989; 106316002; 101871167
assignee_cpc_code,assignee::JIANGSU UNIVERSITY,cpc_code::C25B-001/23,3,96701999; 105493992; 105437834
assignee_cpc_code,assignee::JIANGSU UNIVERSITY,cpc_code::C25B-011/091,3,96701999; 105493992; 105437834
assignee_cpc_code,assignee::KUNMING UNIVERSITY OF SCIENCE & TECHNOLOGY,cpc_code::C25B-001/00,3,88204087; 116293199; 116434365
assignee_cpc_code,assignee::KUNMING UNIVERSITY OF SCIENCE & TECHNOLOGY,cpc_code::C25B-009/19,3,100427008; 88204087; 105028031
assignee_cpc_code,assignee::LG CHEM,cpc_code::C25B-003/25,3,112678154; 112678146; 109306069
assignee_cpc_code,assignee::LG CHEM,cpc_code::C25B-009/23,3,112678146; 109306069; 113645537
assignee_cpc_code,assignee::LINDE,cpc_code::C25B-001/00,3,82565553; 85758116; 85758108
assignee_cpc_code,assignee::SIEMENS ENERGY,cpc_code::B01D-2257/504,3,79296485; 85758103; 79163034
assignee_cpc_code,assignee::SIEMENS ENERGY,cpc_code::C01B-032/50,3,84413562; 92569265; 85758108
assignee_cpc_code,assignee::SIEMENS ENERGY,cpc_code::C25B-001/10,3,77202004; 77016544; 77244658
assignee_cpc_code,assignee::SIEMENS ENERGY,cpc_code::C25B-001/26,3,75026979; 85684691; 84413562
assignee_cpc_code,assignee::SIEMENS ENERGY,cpc_code::C25B-009/17,3,93813175; 85684691; 115623852
assignee_cpc_code,assignee::SIEMENS ENERGY,cpc_code::C25B-009/70,3,77202004; 87171430; 85758108
assignee_cpc_code,assignee::SIEMENS ENERGY,cpc_code::C25B-009/73,3,77016544; 77244658; 85758108
assignee_cpc_code,assignee::SIEMENS ENERGY,cpc_code::C25B-011/03/5,3,78242503; 77856561; 85684691
assignee_cpc_code,assignee::SIEMENS ENERGY,cpc_code::C25B-011/031,3,78242503; 77856561; 85684691
assignee_cpc_code,assignee::SIEMENS ENERGY,cpc_code::C25B-015/083,3,85758116; 93812412; 91738840
assignee_cpc_code,assignee::TOPSOE,cpc_code::C01B-032/40,3,73295054; 86310831; 86310832
assignee_cpc_code,assignee::TOPSOE,cpc_code::C25B-001/00,3,64469752; 73295054; 86310832
assignee_cpc_code,assignee::TOPSOE,cpc_code::C25B-001/042,3,103607055; 95617533; 101955362
assignee_cpc_code,assignee::TOPSOE,cpc_code::C25B-003/26,3,100674664; 103607055; 101955362
assignee_cpc_code,assignee::TOPSOE,cpc_code::C25B-009/70,3,64469752; 103607055; 101955362
assignee_cpc_code,assignee::TOPSOE,cpc_code::C25B-015/02,3,100674664; 103607055; 95617533
assignee_cpc_code,assignee::TOPSOE,cpc_code::C25B-015/08,3,100674664; 73295054; 103607055
assignee_cpc_code,assignee::TOSHIBA,cpc_code::C25B-009/04,3,116737142; 81386945; 86130749
assignee_cpc_code,assignee::TOSHIBA,cpc_code::C25B-009/05,3,83773883; 86130749; 108863961
assignee_cpc_code,assignee::TOSHIBA,cpc_code::C25B-009/67,3,98850824; 108863955; 108863961
assignee_cpc_code,assignee::TOSHIBA,cpc_code::C25B-009/77,3,96200627; 98850824; 113753877
assignee_cpc_code,assignee::TOSHIBA,cpc_code::C25B-011/052,3,106574607; 111591386; 101790589
assignee_cpc_code,assignee::TOSHIBA,cpc_code::Y02E-060/36,3,104037474; 87919716; 101790586
assignee_cpc_code,assignee::TOYOTA MOTOR,cpc_code::C25B-001/00,3,72753605; 55016601; 118083135
assignee_cpc_code,assignee::TOYOTA MOTOR,cpc_code::C25B-001/04,3,55016601; 44672238; 118083135
assignee_cpc_code,assignee::TWELVE,cpc_code::C25B-001/23,3,113958355; 85453370; 97540394
assignee_cpc_code,assignee::TWELVE,cpc_code::C25B-003/03,3,113958355; 85453370; 97540394
assignee_cpc_code,assignee::UNIVERSITE PARIS CITE / PARIS DIDEROT,cpc_code::B01J-2531/025,3,68986421; 78510702; 71292352
assignee_cpc_code,assignee::UNIVERSITE PARIS CITE / PARIS DIDEROT,cpc_code::B01J-2531/842,3,68986421; 78510702; 71292352
assignee_cpc_code,assignee::UNIVERSITE PARIS CITE / PARIS DIDEROT,cpc_code::C07F-015/02/5,3,73827816; 78510702; 71292352
assignee_cpc_code,assignee::UNIVERSITE PARIS CITE / PARIS DIDEROT,cpc_code::C25B-001/04,3,73827816; 78510702; 92464691
assignee_cpc_code,assignee::UTILITY GLOBAL,cpc_code::C25B-011/077,3,112883886; 114398668; 115547269
assignee_cpc_code,assignee::ZHEJIANG BAIMA LAKE LABORATORY,cpc_code::C25B-001/23,3,109766128; 112354020; 106866991
assignee_cpc_code,assignee::ZHEJIANG BAIMA LAKE LABORATORY,cpc_code::C25B-003/07,3,108808107; 112354020; 106866991
assignee_cpc_code,assignee::ZHEJIANG BAIMA LAKE LABORATORY,cpc_code::C25B-003/26,3,108808107; 112354020; 106866991
assignee_cpc_code,assignee::ARAMCO,cpc_code::C25B-001/23,2,116476220; 94621513
assignee_cpc_code,assignee::AVANTIUM KNOWLEDGE CENTRE,cpc_code::C25B-015/083,2,112473553; 112473561
assignee_cpc_code,assignee::CEA - COMMISSARIAT A L ENERGIE ATOMIQUE & AUX ENERGIES ALTERNATIVES,cpc_code::C25B-001/00,2,66367131; 84993693
assignee_cpc_code,assignee::CEA - COMMISSARIAT A L ENERGIE ATOMIQUE & AUX ENERGIES ALTERNATIVES,cpc_code::C25B-001/04,2,66367131; 84993693
assignee_cpc_code,assignee::CEA - COMMISSARIAT A L ENERGIE ATOMIQUE & AUX ENERGIES ALTERNATIVES,cpc_code::C25B-001/23,2,66367131; 84993693
assignee_cpc_code,assignee::CEA - COMMISSARIAT A L ENERGIE ATOMIQUE & AUX ENERGIES ALTERNATIVES,cpc_code::C25B-009/04,2,66367131; 84993693
assignee_cpc_code,assignee::CHANGZHOU GERUIKESI ENERGY TECHNOLOGY,cpc_code::C25B-011/02,2,118106537; 118274866
assignee_cpc_code,assignee::CNRS,cpc_code::B01J-031/18/15,2,68986421; 78510702
assignee_cpc_code,assignee::CNRS,cpc_code::B01J-2231/625,2,68986421; 78510702
assignee_cpc_code,assignee::CNRS,cpc_code::C01B-032/40,2,78510702; 71292352
assignee_cpc_code,assignee::CNRS,cpc_code::C07D-487/22,2,78510702; 71292352
assignee_cpc_code,assignee::CNRS,cpc_code::C25B-001/23,2,69060627; 92464691
assignee_cpc_code,assignee::CNRS,cpc_code::C25B-009/19,2,73827816; 92464691
assignee_cpc_code,assignee::CNRS,cpc_code::C25B-009/73,2,73827816; 92464691
assignee_cpc_code,assignee::COVESTRO,cpc_code::C25B-011/032,2,87991721; 82742757
assignee_cpc_code,assignee::DALIAN INSTITUTE OF CHEMICAL PHYSICS CHINESE ACADEMY OF SCIENCES,cpc_code::C25B-001/00,2,105343084; 116688896
assignee_cpc_code,assignee::DALIAN INSTITUTE OF CHEMICAL PHYSICS CHINESE ACADEMY OF SCIENCES,cpc_code::C25B-001/23,2,105343084; 112323322
assignee_cpc_code,assignee::DALIAN INSTITUTE OF CHEMICAL PHYSICS CHINESE ACADEMY OF SCIENCES,cpc_code::C25B-011/091,2,112323322; 79181464
assignee_cpc_code,assignee::DALIAN UNIVERSITY OF TECHNOLOGY,cpc_code::C25B-011/091,2,98749181; 96169624
assignee_cpc_code,assignee::DIOXIDE MATERIALS,cpc_code::C25B-001/00,2,44789699; 72680476
assignee_cpc_code,assignee::DIOXIDE MATERIALS,cpc_code::C25B-001/23,2,44789699; 116105015
assignee_cpc_code,assignee::ELECTROCHEMICALS ZRT,cpc_code::C25B-001/23,2,98314273; 107513925
assignee_cpc_code,assignee::ELECTROCHEMICALS ZRT,cpc_code::C25B-003/03,2,98314273; 107513925
assignee_cpc_code,assignee::ELECTROCHEMICALS ZRT,cpc_code::C25B-003/26,2,98314273; 107513925
assignee_cpc_code,assignee::ELECTROCHEMICALS ZRT,cpc_code::C25B-009/19,2,98314273; 107513925
assignee_cpc_code,assignee::FRAUNHOFER,cpc_code::C25B-003/26,2,116977017; 112675495
assignee_cpc_code,assignee::FRAUNHOFER,cpc_code::C25B-011/03/5,2,112675495; 79824105
assignee_cpc_code,assignee::FRAUNHOFER,cpc_code::C25B-011/032,2,111220958; 112675495
assignee_cpc_code,assignee::HARBIN INSTITUTE OF TECHNOLOGY,cpc_code::C25B-011/04,2,102352265; 116773798
assignee_cpc_code,assignee::HEILONGJIANG QIZHENG HIGH TECHNOLOGY MATERIAL TECHNOLOGY,cpc_code::C25B-001/23,2,108163425; 108401777
assignee_cpc_code,assignee::HEILONGJIANG QIZHENG HIGH TECHNOLOGY MATERIAL TECHNOLOGY,cpc_code::C25B-003/01,2,108163425; 108401777
assignee_cpc_code,assignee::HEILONGJIANG QIZHENG HIGH TECHNOLOGY MATERIAL TECHNOLOGY,cpc_code::C25B-003/26,2,108163425; 108401777
assignee_cpc_code,assignee::HEILONGJIANG QIZHENG HIGH TECHNOLOGY MATERIAL TECHNOLOGY,cpc_code::C25B-009/60,2,108163425; 108401777
assignee_cpc_code,assignee::HEILONGJIANG QIZHENG HIGH TECHNOLOGY MATERIAL TECHNOLOGY,cpc_code::C25B-011/02,2,108163425; 108401777
assignee_cpc_code,assignee::HITACHI,cpc_code::C25B-001/23,2,101956586; 107089672
assignee_cpc_code,assignee::HITACHI,cpc_code::C25B-003/26,2,96314074; 107089672
assignee_cpc_code,assignee::HITACHI,cpc_code::C25B-009/00,2,101956586; 107089672
assignee_cpc_code,assignee::HONDA MOTOR,cpc_code::B01D-053/32/6,2,106413270; 111586005
assignee_cpc_code,assignee::HONDA MOTOR,cpc_code::B01D-2257/504,2,106413270; 111586005
assignee_cpc_code,assignee::HONDA MOTOR,cpc_code::C25B-003/26,2,111586005; 114240811
assignee_cpc_code,assignee::HUAZHONG UNIVERSITY OF SCIENCE & TECHNOLOGY,cpc_code::B01D-053/62,2,102493599; 114892955
assignee_cpc_code,assignee::HUAZHONG UNIVERSITY OF SCIENCE & TECHNOLOGY,cpc_code::B01D-2257/504,2,102493599; 114892955
assignee_cpc_code,assignee::IDEMITSU KOSAN,cpc_code::C25B-001/04,2,102708989; 110939894
assignee_cpc_code,assignee::IDEMITSU KOSAN,cpc_code::C25B-013/08,2,102708989; 101871167
assignee_cpc_code,assignee::INSTITUTE OF PROCESS ENGINEERING - CHINESE ACADEMY OF SCIENCES,cpc_code::C25B-001/00,2,117825503; 116298732
assignee_cpc_code,assignee::JIANGSU UNIVERSITY,cpc_code::C25B-003/07,2,96701999; 105437834
assignee_cpc_code,assignee::JOHNS HOPKINS UNIVERSITY,cpc_code::C25B-001/23,2,115708489; 112177579
assignee_cpc_code,assignee::JOHNS HOPKINS UNIVERSITY,cpc_code::C25B-011/032,2,115708489; 112177579
assignee_cpc_code,assignee::KOREA ADVANCED INSTITUTE OF SCIENCE & TECHNOLOGY,cpc_code::C25B-011/031,2,35372708; 115109027
assignee_cpc_code,assignee::KOREA INSTITUTE OF SCIENCE & TECHNOLOGY,cpc_code::C25B-001/23,2,116414667; 103934571
assignee_cpc_code,assignee::KOREA INSTITUTE OF SCIENCE & TECHNOLOGY,cpc_code::C25B-009/23,2,116414667; 103934571
assignee_cpc_code,assignee::KUNMING UNIVERSITY OF SCIENCE & TECHNOLOGY,cpc_code::C25B-009/23,2,100427008; 111363754
assignee_cpc_code,assignee::LG CHEM,cpc_code::C25B-001/00,2,112678154; 112678146
assignee_cpc_code,assignee::LG CHEM,cpc_code::C25B-001/04,2,112678146; 109306069
assignee_cpc_code,assignee::LG CHEM,cpc_code::C25B-009/60,2,112678154; 112678146
assignee_cpc_code,assignee::LINDE,cpc_code::B01D-053/32/6,2,82565553; 85758103
assignee_cpc_code,assignee::LINDE,cpc_code::B01D-2256/20,2,82565553; 85758103
assignee_cpc_code,assignee::LINDE,cpc_code::B01D-2257/504,2,82565553; 85758103
assignee_cpc_code,assignee::LINDE,cpc_code::C01B-032/40,2,82565553; 85758108
assignee_cpc_code,assignee::LINDE,cpc_code::C25B-001/04,2,85758116; 85758108
assignee_cpc_code,assignee::LINDE,cpc_code::C25B-001/23,2,85758116; 85758108
assignee_cpc_code,assignee::LINDE,cpc_code::C25B-009/08,2,85758116; 85758108
assignee_cpc_code,assignee::LINDE,cpc_code::C25B-009/19,2,85758116; 85758108
assignee_cpc_code,assignee::LINDE,cpc_code::C25B-015/08,2,82565553; 85758116
assignee_cpc_code,assignee::NINGBO INSTITUTE OF MATERIALS TECHNOLOGY & ENGINEERING - CHINESE ACADEMY OF SCIENCES,cpc_code::C25B-001/00,2,94934392; 115136805
assignee_cpc_code,assignee::NIPPON TELEGRAPH & TELEPHONE,cpc_code::C25B-001/23,2,107639787; 102808473
assignee_cpc_code,assignee::NIPPON TELEGRAPH & TELEPHONE,cpc_code::C25B-001/55,2,107639787; 102808473
assignee_cpc_code,assignee::NIPPON TELEGRAPH & TELEPHONE,cpc_code::C25B-003/21,2,107639787; 102808473
assignee_cpc_code,assignee::NIPPON TELEGRAPH & TELEPHONE,cpc_code::C25B-003/26,2,107639787; 102808473
assignee_cpc_code,assignee::NIPPON TELEGRAPH & TELEPHONE,cpc_code::C25B-011/02,2,107639787; 102808473
assignee_cpc_code,assignee::NIPPON TELEGRAPH & TELEPHONE,cpc_code::C25B-011/052,2,107639787; 102808473
assignee_cpc_code,assignee::PUSAN NATIONAL UNIVERSITY INDUSTRY UNIVERSITY COOPERATION FOUNDATION,cpc_code::B01J-023/52,2,83172492; 79012090
assignee_cpc_code,assignee::PUSAN NATIONAL UNIVERSITY INDUSTRY UNIVERSITY COOPERATION FOUNDATION,cpc_code::B01J-037/02/01,2,83172492; 79012090
assignee_cpc_code,assignee::PUSAN NATIONAL UNIVERSITY INDUSTRY UNIVERSITY COOPERATION FOUNDATION,cpc_code::C25B-001/00,2,83172492; 79012090
assignee_cpc_code,assignee::PUSAN NATIONAL UNIVERSITY INDUSTRY UNIVERSITY COOPERATION FOUNDATION,cpc_code::C25B-003/26,2,83172492; 79012090
assignee_cpc_code,assignee::PUSAN NATIONAL UNIVERSITY INDUSTRY UNIVERSITY COOPERATION FOUNDATION,cpc_code::C25B-009/08,2,83172492; 79012090
assignee_cpc_code,assignee::PUSAN NATIONAL UNIVERSITY INDUSTRY UNIVERSITY COOPERATION FOUNDATION,cpc_code::C25B-009/19,2,83172492; 79012090
assignee_cpc_code,assignee::REGENTS OF THE UNIVERSITY OF CALIFORNIA,cpc_code::C25B-003/26,2,95502318; 114057507
assignee_cpc_code,assignee::SEKISUI CHEMICAL,cpc_code::C25B-001/23,2,106145261; 110666488
assignee_cpc_code,assignee::SEKISUI CHEMICAL,cpc_code::C25B-003/07,2,106145261; 110666488
assignee_cpc_code,assignee::SEKISUI CHEMICAL,cpc_code::C25B-011/052,2,106145261; 110666488
assignee_cpc_code,assignee::SHANGHAI JIAO TONG UNIVERSITY,cpc_code::C25B-001/23,2,105555372; 104914800
assignee_cpc_code,assignee::SHANGHAI JIAO TONG UNIVERSITY,cpc_code::C25B-011/032,2,105555372; 104914800
assignee_cpc_code,assignee::SIEMENS ENERGY,cpc_code::B01D-061/423,2,79296485; 79163034
assignee_cpc_code,assignee::SIEMENS ENERGY,cpc_code::B01D-061/44/5,2,79296485; 79163034
assignee_cpc_code,assignee::SIEMENS ENERGY,cpc_code::B01D-061/463,2,79296485; 79163034
assignee_cpc_code,assignee::SIEMENS ENERGY,cpc_code::B01D-061/52,2,79296485; 79163034
assignee_cpc_code,assignee::SIEMENS ENERGY,cpc_code::B01D-061/54,2,79296485; 79163034
assignee_cpc_code,assignee::SIEMENS ENERGY,cpc_code::C01B-032/40,2,84413562; 85758108
assignee_cpc_code,assignee::SIEMENS ENERGY,cpc_code::C25B-009/75,2,97217510; 94204081
assignee_cpc_code,assignee::SIEMENS ENERGY,cpc_code::C25B-009/77,2,97217510; 94204081
assignee_cpc_code,assignee::SIEMENS ENERGY,cpc_code::C25B-011/02,2,75262842; 91085959
assignee_cpc_code,assignee::SIEMENS ENERGY,cpc_code::C25B-011/04,2,87171430; 73079791
assignee_cpc_code,assignee::SIEMENS ENERGY,cpc_code::C25B-011/081,2,107278856; 87171527
assignee_cpc_code,assignee::SIEMENS ENERGY,cpc_code::Y02P-020/133,2,73079791; 91085959
assignee_cpc_code,assignee::SINOPEC,cpc_code::C25B-001/00,2,92423180; 116120311
assignee_cpc_code,assignee::THALESNANO,cpc_code::C25B-001/23,2,98314273; 107513925
assignee_cpc_code,assignee::THALESNANO,cpc_code::C25B-003/03,2,98314273; 107513925
assignee_cpc_code,assignee::THALESNANO,cpc_code::C25B-003/26,2,98314273; 107513925
assignee_cpc_code,assignee::THALESNANO,cpc_code::C25B-009/19,2,98314273; 107513925
assignee_cpc_code,assignee::TOPSOE,cpc_code::C01B-003/06,2,86310831; 86310832
assignee_cpc_code,assignee::TOPSOE,cpc_code::C01B-2203/02,2,86310831; 86310832
assignee_cpc_code,assignee::TOPSOE,cpc_code::C01B-2203/0495,2,86310831; 86310832
assignee_cpc_code,assignee::TOPSOE,cpc_code::C01B-2203/06,2,86310831; 86310832
assignee_cpc_code,assignee::TOPSOE,cpc_code::C01B-2203/12,2,86310831; 86310832
assignee_cpc_code,assignee::TOPSOE,cpc_code::C25B-001/02,2,64469752; 95617533
assignee_cpc_code,assignee::TOPSOE,cpc_code::C25B-013/07,2,100674664; 95617533
assignee_cpc_code,assignee::TOPSOE,cpc_code::C25B-015/027,2,100674664; 101955362
assignee_cpc_code,assignee::TOPSOE,cpc_code::C25B-015/083,2,100674664; 73295054
assignee_cpc_code,assignee::TOPSOE,cpc_code::Y02E-060/36,2,64469752; 103607055
assignee_cpc_code,assignee::TOSHIBA,cpc_code::B01J-023/52,2,96200636; 90361734
assignee_cpc_code,assignee::TOSHIBA,cpc_code::C07C-029/153,2,81302402; 87919517
assignee_cpc_code,assignee::TOSHIBA,cpc_code::C25B-001/12,2,83773883; 86130749
assignee_cpc_code,assignee::TOSHIBA,cpc_code::C25B-003/01,2,96200636; 111493428
assignee_cpc_code,assignee::TOSHIBA,cpc_code::C25B-003/23,2,104039102; 90361734
assignee_cpc_code,assignee::TOSHIBA,cpc_code::C25B-009/70,2,113753877; 113559831
assignee_cpc_code,assignee::TOSHIBA,cpc_code::C25B-011/02,2,104037474; 101790589
assignee_cpc_code,assignee::TOSHIBA,cpc_code::C25B-011/063,2,111591386; 101790589
assignee_cpc_code,assignee::TOSHIBA,cpc_code::C25B-011/065,2,106574607; 101790589
assignee_cpc_code,assignee::TOSHIBA,cpc_code::C25B-015/021,2,106413273; 108863961
assignee_cpc_code,assignee::TOYOTA MOTOR,cpc_code::C25B-001/02,2,44668494; 46248577
assignee_cpc_code,assignee::TOYOTA MOTOR,cpc_code::C25B-009/00,2,44672238; 46248577
assignee_cpc_code,assignee::TOYOTA MOTOR,cpc_code::C25B-011/04/05,2,72753605; 118083135
assignee_cpc_code,assignee::TWELVE,cpc_code::C25B-003/07,2,113958355; 101064694
assignee_cpc_code,assignee::TWELVE,cpc_code::C25B-003/25,2,97540394; 101064694
assignee_cpc_code,assignee::TWELVE,cpc_code::C25B-009/10,2,85453370; 101064694
assignee_cpc_code,assignee::TWELVE,cpc_code::C25B-009/18,2,85453370; 101064694
assignee_cpc_code,assignee::TWELVE,cpc_code::C25B-009/23,2,85453370; 97540394
assignee_cpc_code,assignee::UNIVERSITE PARIS CITE / PARIS DIDEROT,cpc_code::B01J-031/18/15,2,68986421; 78510702
assignee_cpc_code,assignee::UNIVERSITE PARIS CITE / PARIS DIDEROT,cpc_code::B01J-2231/625,2,68986421; 78510702
assignee_cpc_code,assignee::UNIVERSITE PARIS CITE / PARIS DIDEROT,cpc_code::C01B-032/40,2,78510702; 71292352
assignee_cpc_code,assignee::UNIVERSITE PARIS CITE / PARIS DIDEROT,cpc_code::C07D-487/22,2,78510702; 71292352
assignee_cpc_code,assignee::UNIVERSITE PARIS CITE / PARIS DIDEROT,cpc_code::C25B-001/23,2,69060627; 92464691
assignee_cpc_code,assignee::UNIVERSITE PARIS CITE / PARIS DIDEROT,cpc_code::C25B-009/19,2,73827816; 92464691
assignee_cpc_code,assignee::UNIVERSITE PARIS CITE / PARIS DIDEROT,cpc_code::C25B-009/73,2,73827816; 92464691
assignee_cpc_code,assignee::UNIVERSITY OF LIVERPOOL,cpc_code::C25B-001/23,2,92565798; 104791873
assignee_cpc_code,assignee::UNIVERSITY OF SZEGED,cpc_code::C25B-001/23,2,98314273; 107513925
assignee_cpc_code,assignee::UNIVERSITY OF SZEGED,cpc_code::C25B-003/03,2,98314273; 107513925
assignee_cpc_code,assignee::UNIVERSITY OF SZEGED,cpc_code::C25B-003/26,2,98314273; 107513925
assignee_cpc_code,assignee::UNIVERSITY OF SZEGED,cpc_code::C25B-009/19,2,98314273; 107513925
assignee_cpc_code,assignee::UTILITY GLOBAL,cpc_code::C25B-009/17,2,114398668; 111147448
assignee_cpc_code,assignee::UTILITY GLOBAL,cpc_code::C25B-009/23,2,112883886; 114398668
assignee_cpc_code,assignee::UTILITY GLOBAL,cpc_code::C25B-011/04,2,114398668; 111147448
assignee_cpc_code,assignee::UTILITY GLOBAL,cpc_code::C25B-013/05,2,112883886; 115547269
assignee_cpc_code,assignee::UTILITY GLOBAL,cpc_code::C25B-013/07,2,112883886; 115547269
assignee_cpc_code,assignee::ZHEJIANG BAIMA LAKE LABORATORY,cpc_code::C25B-009/60,2,108808107; 112354020
assignee_cpc_code,assignee::ZHEJIANG BAIMA LAKE LABORATORY,cpc_code::C25B-011/081,2,109766128; 108808107
assignee_cpc_code,assignee::ZHEJIANG TIANDI ENV PROT TECHNOLOGY,cpc_code::C25B-001/23,2,109766128; 106866991
assignee_cpc_code,assignee::ZHEJIANG UNIVERSITY,cpc_code::C25B-001/00,2,92423180; 89550408
assignee_cpc_code,assignee::ZHEJIANG UNIVERSITY,cpc_code::C25B-009/19,2,98666426; 112590590
assignee_cpc_code,assignee::ZHEJIANG UNIVERSITY,cpc_code::C25B-009/23,2,112046649; 98666426
assignee_cpc_code,assignee::ZHEJIANG UNIVERSITY,cpc_code::C25B-011/032,2,112046649; 112590590
assignee_cpc_code,assignee::ZHEJIANG UNIVERSITY,cpc_code::C25B-011/091,2,89550408; 101562974
assignee_cpc_code,assignee::ZHENGZHOU UNIVERSITY OF LIGHT INDUSTRY,cpc_code::C25B-011/091,2,106729837; 114777530
assignee_cpc_code,assignee::AIR COMPANY HOLDINGS,cpc_code::B82Y-030/00,1,82922217
assignee_cpc_code,assignee::AIR COMPANY HOLDINGS,cpc_code::B82Y-040/00,1,82922217
assignee_cpc_code,assignee::AIR COMPANY HOLDINGS,cpc_code::C07C-029/151,1,82922217
assignee_cpc_code,assignee::AIR COMPANY HOLDINGS,cpc_code::C07C-029/158,1,82922217
assignee_cpc_code,assignee::AIR COMPANY HOLDINGS,cpc_code::C07C-031/08,1,82922217
assignee_cpc_code,assignee::AIR COMPANY HOLDINGS,cpc_code::C25B-001/04,1,82922217
assignee_cpc_code,assignee::AIR COMPANY HOLDINGS,cpc_code::C25B-009/19,1,82922217
assignee_cpc_code,assignee::AIR COMPANY HOLDINGS,cpc_code::Y02P-020/133,1,82922217
assignee_cpc_code,assignee::AIR LIQUIDE,cpc_code::C25B-001/04,1,92464691
assignee_cpc_code,assignee::AIR LIQUIDE,cpc_code::C25B-001/23,1,92464691
assignee_cpc_code,assignee::AIR LIQUIDE,cpc_code::C25B-009/19,1,92464691
assignee_cpc_code,assignee::AIR LIQUIDE,cpc_code::C25B-009/73,1,92464691
assignee_cpc_code,assignee::AIR LIQUIDE,cpc_code::C25B-011/04,1,92464691
assignee_cpc_code,assignee::AIR LIQUIDE,cpc_code::C25B-011/095,1,92464691
assignee_cpc_code,assignee::AIST - NATIONAL INSTITUTE OF ADVANCED INDUSTRIAL SCIENCE & TECHNOLOGY,cpc_code::C25B-001/04,1,88193055
assignee_cpc_code,assignee::AIST - NATIONAL INSTITUTE OF ADVANCED INDUSTRIAL SCIENCE & TECHNOLOGY,cpc_code::C25B-001/042,1,88193055
assignee_cpc_code,assignee::AIST - NATIONAL INSTITUTE OF ADVANCED INDUSTRIAL SCIENCE & TECHNOLOGY,cpc_code::C25B-001/23,1,88193055
assignee_cpc_code,assignee::AIST - NATIONAL INSTITUTE OF ADVANCED INDUSTRIAL SCIENCE & TECHNOLOGY,cpc_code::C25B-003/03,1,88193055
assignee_cpc_code,assignee::AIST - NATIONAL INSTITUTE OF ADVANCED INDUSTRIAL SCIENCE & TECHNOLOGY,cpc_code::C25B-003/25,1,88193055
assignee_cpc_code,assignee::AIST - NATIONAL INSTITUTE OF ADVANCED INDUSTRIAL SCIENCE & TECHNOLOGY,cpc_code::C25B-003/26,1,88193055
assignee_cpc_code,assignee::AIST - NATIONAL INSTITUTE OF ADVANCED INDUSTRIAL SCIENCE & TECHNOLOGY,cpc_code::C25B-009/01,1,88193055
assignee_cpc_code,assignee::AIST - NATIONAL INSTITUTE OF ADVANCED INDUSTRIAL SCIENCE & TECHNOLOGY,cpc_code::C25B-009/19,1,88193055
assignee_cpc_code,assignee::AIST - NATIONAL INSTITUTE OF ADVANCED INDUSTRIAL SCIENCE & TECHNOLOGY,cpc_code::C25B-009/67,1,88193055
assignee_cpc_code,assignee::AIST - NATIONAL INSTITUTE OF ADVANCED INDUSTRIAL SCIENCE & TECHNOLOGY,cpc_code::C25B-009/70,1,88193055
assignee_cpc_code,assignee::AKITA UNIVERSITY,cpc_code::C01B-032/40,1,86205375
assignee_cpc_code,assignee::AKITA UNIVERSITY,cpc_code::C01F-007/16,1,86205375
assignee_cpc_code,assignee::AKITA UNIVERSITY,cpc_code::C25B-001/00,1,86205375
assignee_cpc_code,assignee::AKITA UNIVERSITY,cpc_code::C25B-001/02,1,86205375
assignee_cpc_code,assignee::AKITA UNIVERSITY,cpc_code::C25B-001/23,1,86205375
assignee_cpc_code,assignee::AKITA UNIVERSITY,cpc_code::C25B-009/06,1,86205375
assignee_cpc_code,assignee::AKITA UNIVERSITY,cpc_code::C25B-009/10,1,86205375
assignee_cpc_code,assignee::AKITA UNIVERSITY,cpc_code::C25B-009/17,1,86205375
assignee_cpc_code,assignee::AKITA UNIVERSITY,cpc_code::C25B-009/23,1,86205375
assignee_cpc_code,assignee::AKITA UNIVERSITY,cpc_code::C25B-011/04/26,1,86205375
assignee_cpc_code,assignee::ALLIANCE FOR SUSTAINABLE ENERGY,cpc_code::B01D-053/14/18,1,67443260
assignee_cpc_code,assignee::ALLIANCE FOR SUSTAINABLE ENERGY,cpc_code::B01D-053/14/75,1,67443260
assignee_cpc_code,assignee::ALLIANCE FOR SUSTAINABLE ENERGY,cpc_code::B01D-053/52,1,67443260
assignee_cpc_code,assignee::ALLIANCE FOR SUSTAINABLE ENERGY,cpc_code::B01D-2251/602,1,67443260
assignee_cpc_code,assignee::ALLIANCE FOR SUSTAINABLE ENERGY,cpc_code::B01D-2253/1124,1,67443260
assignee_cpc_code,assignee::ALLIANCE FOR SUSTAINABLE ENERGY,cpc_code::B01D-2257/504,1,67443260
assignee_cpc_code,assignee::ALLIANCE FOR SUSTAINABLE ENERGY,cpc_code::B01D-2258/0283,1,67443260
assignee_cpc_code,assignee::ALLIANCE FOR SUSTAINABLE ENERGY,cpc_code::C01B-003/38/4,1,67443260
assignee_cpc_code,assignee::ALLIANCE FOR SUSTAINABLE ENERGY,cpc_code::C01B-2203/0233,1,67443260
assignee_cpc_code,assignee::ALLIANCE FOR SUSTAINABLE ENERGY,cpc_code::C01B-2203/0238,1,67443260
assignee_cpc_code,assignee::ANHUI YUANZHOU GREEN CARBON TECHNOLOGY,cpc_code::C25B-001/00,1,115590122
assignee_cpc_code,assignee::ANHUI YUANZHOU GREEN CARBON TECHNOLOGY,cpc_code::C25B-001/02,1,115590122
assignee_cpc_code,assignee::ANHUI YUANZHOU GREEN CARBON TECHNOLOGY,cpc_code::C25B-003/04,1,115590122
assignee_cpc_code,assignee::ANHUI YUANZHOU GREEN CARBON TECHNOLOGY,cpc_code::C25B-009/08,1,115590122
assignee_cpc_code,assignee::ANHUI YUANZHOU GREEN CARBON TECHNOLOGY,cpc_code::C25B-009/10,1,115590122
assignee_cpc_code,assignee::ANHUI YUANZHOU GREEN CARBON TECHNOLOGY,cpc_code::C25B-011/02,1,115590122
assignee_cpc_code,assignee::ANHUI YUANZHOU GREEN CARBON TECHNOLOGY,cpc_code::C25B-011/04/05,1,115590122
assignee_cpc_code,assignee::ANHUI YUANZHOU GREEN CARBON TECHNOLOGY,cpc_code::C25B-015/08,1,115590122
assignee_cpc_code,assignee::ARAMCO,cpc_code::C01B-003/38,1,66508929
assignee_cpc_code,assignee::ARAMCO,cpc_code::C01B-032/40,1,116476220
assignee_cpc_code,assignee::ARAMCO,cpc_code::C01B-2203/0233,1,66508929
assignee_cpc_code,assignee::ARAMCO,cpc_code::C01B-2203/0238,1,66508929
assignee_cpc_code,assignee::ARAMCO,cpc_code::C01B-2203/06,1,66508929
assignee_cpc_code,assignee::ARAMCO,cpc_code::C01B-2203/061,1,66508929
assignee_cpc_code,assignee::ARAMCO,cpc_code::C01B-2203/062,1,66508929
assignee_cpc_code,assignee::ARAMCO,cpc_code::C01B-2203/067,1,66508929
assignee_cpc_code,assignee::ARAMCO,cpc_code::C01B-2203/1241,1,66508929
assignee_cpc_code,assignee::ARAMCO,cpc_code::C07C-001/04/55,1,66508929
assignee_cpc_code,assignee::ARAMCO,cpc_code::C07C-051/12,1,94621513
assignee_cpc_code,assignee::ARAMCO,cpc_code::C07C-051/15,1,94621513
assignee_cpc_code,assignee::ARAMCO,cpc_code::C10G-002/32,1,66508929
assignee_cpc_code,assignee::ARAMCO,cpc_code::C25B-001/02,1,94621513
assignee_cpc_code,assignee::ARAMCO,cpc_code::C25B-001/04,1,94621513
assignee_cpc_code,assignee::ARAMCO,cpc_code::C25B-003/05,1,94621513
assignee_cpc_code,assignee::ARAMCO,cpc_code::C25B-003/07,1,94621513
assignee_cpc_code,assignee::ARAMCO,cpc_code::C25B-003/23,1,94621513
assignee_cpc_code,assignee::ARAMCO,cpc_code::C25B-003/25,1,94621513
assignee_cpc_code,assignee::ARAMCO,cpc_code::C25B-003/26,1,94621513
assignee_cpc_code,assignee::ARAMCO,cpc_code::C25B-009/19,1,116476220
assignee_cpc_code,assignee::ARAMCO,cpc_code::C25B-011/032,1,116476220
assignee_cpc_code,assignee::ARAMCO,cpc_code::C25B-011/052,1,116476220
assignee_cpc_code,assignee::ARAMCO,cpc_code::C25B-011/054,1,116476220
assignee_cpc_code,assignee::ARAMCO,cpc_code::C25B-011/069,1,116476220
assignee_cpc_code,assignee::ARAMCO,cpc_code::C25B-011/095,1,116476220
assignee_cpc_code,assignee::ARAMCO,cpc_code::C25B-013/02,1,116476220
assignee_cpc_code,assignee::ARAMCO,cpc_code::C25B-013/08,1,116476220
assignee_cpc_code,assignee::ARKRAY,cpc_code::B01D-2252/30,1,101368053
assignee_cpc_code,assignee::ARKRAY,cpc_code::B01J-035/00/2,1,101368053
assignee_cpc_code,assignee::ARKRAY,cpc_code::B01J-041/13,1,101368053
assignee_cpc_code,assignee::ARKRAY,cpc_code::C01B-032/40,1,101368053
assignee_cpc_code,assignee::ARKRAY,cpc_code::C01B-032/50,1,101368053
assignee_cpc_code,assignee::ARKRAY,cpc_code::C07C-051/00,1,101368053
assignee_cpc_code,assignee::ARKRAY,cpc_code::C07C-053/02,1,101368053
assignee_cpc_code,assignee::ARKRAY,cpc_code::C22C-001/05/8,1,101368053
assignee_cpc_code,assignee::ARKRAY,cpc_code::C25B-001/00,1,101368053
assignee_cpc_code,assignee::ARKRAY,cpc_code::C25B-001/23,1,101368053
assignee_cpc_code,assignee::BEIFANG UNIVERSITY OF NATIONALITIES,cpc_code::C25B-001/23,1,106179974
assignee_cpc_code,assignee::BEIFANG UNIVERSITY OF NATIONALITIES,cpc_code::C25B-011/065,1,106179974
assignee_cpc_code,assignee::BEIFANG UNIVERSITY OF NATIONALITIES,cpc_code::C25B-011/091,1,106179974
assignee_cpc_code,assignee::BEIFANG UNIVERSITY OF NATIONALITIES,cpc_code::Y02A-050/20,1,106179974
assignee_cpc_code,assignee::BEIJING UNIVERSITY OF CHEMICAL TECHNOLOGY,cpc_code::B01J-023/00/2,1,115970616
assignee_cpc_code,assignee::BEIJING UNIVERSITY OF CHEMICAL TECHNOLOGY,cpc_code::B01J-023/72,1,115970616
assignee_cpc_code,assignee::BEIJING UNIVERSITY OF CHEMICAL TECHNOLOGY,cpc_code::B01J-023/825,1,115970616
assignee_cpc_code,assignee::BEIJING UNIVERSITY OF CHEMICAL TECHNOLOGY,cpc_code::B01J-027/24,1,115970616
assignee_cpc_code,assignee::BEIJING UNIVERSITY OF CHEMICAL TECHNOLOGY,cpc_code::B01J-035/00/13,1,115970616
assignee_cpc_code,assignee::BEIJING UNIVERSITY OF CHEMICAL TECHNOLOGY,cpc_code::B01J-035/00/4,1,115970616
assignee_cpc_code,assignee::BEIJING UNIVERSITY OF CHEMICAL TECHNOLOGY,cpc_code::B01J-037/03/1,1,115970616
assignee_cpc_code,assignee::BEIJING UNIVERSITY OF CHEMICAL TECHNOLOGY,cpc_code::B01J-037/03/5,1,115970616
assignee_cpc_code,assignee::BEIJING UNIVERSITY OF CHEMICAL TECHNOLOGY,cpc_code::B01J-037/08/2,1,115970616
assignee_cpc_code,assignee::BEIJING UNIVERSITY OF CHEMICAL TECHNOLOGY,cpc_code::B01J-037/08/6,1,115970616
assignee_cpc_code,assignee::BEIJING UNIVERSITY OF TECHNOLOGY,cpc_code::C01B-032/15,1,100868293
assignee_cpc_code,assignee::BEIJING UNIVERSITY OF TECHNOLOGY,cpc_code::C25B-001/23,1,100868293
assignee_cpc_code,assignee::BEIJING UNIVERSITY OF TECHNOLOGY,cpc_code::C25B-011/091,1,100868293
assignee_cpc_code,assignee::BEIJING UNIVERSITY OF TECHNOLOGY,cpc_code::H01M-004/88/25,1,100868293
assignee_cpc_code,assignee::BEIJING UNIVERSITY OF TECHNOLOGY,cpc_code::H01M-004/90/41,1,100868293
assignee_cpc_code,assignee::BEIJING UNIVERSITY OF TECHNOLOGY,cpc_code::H01M-004/90/83,1,100868293
assignee_cpc_code,assignee::BEIJING UNIVERSITY OF TECHNOLOGY,cpc_code::H01M-012/06,1,100868293
assignee_cpc_code,assignee::BEIJING UNIVERSITY OF TECHNOLOGY,cpc_code::H01M-2004/8689,1,100868293
assignee_cpc_code,assignee::BEIJING UNIVERSITY OF TECHNOLOGY,cpc_code::Y02P-020/133,1,100868293
assignee_cpc_code,assignee::CARBON ENERGY TECHNOLOGY,cpc_code::C25B-001/23,1,113078510
assignee_cpc_code,assignee::CARBON ENERGY TECHNOLOGY,cpc_code::C25B-011/02,1,113078510
assignee_cpc_code,assignee::CARBON ENERGY TECHNOLOGY,cpc_code::C25B-011/081,1,113078510
assignee_cpc_code,assignee::CARBON ENERGY TECHNOLOGY,cpc_code::C25B-011/091,1,113078510
assignee_cpc_code,assignee::CARBON ENERGY TECHNOLOGY,cpc_code::Y02E-060/36,1,113078510
assignee_cpc_code,assignee::CEA - COMMISSARIAT A L ENERGIE ATOMIQUE & AUX ENERGIES ALTERNATIVES,cpc_code::C07C-001/04/1,1,67597001
assignee_cpc_code,assignee::CEA - COMMISSARIAT A L ENERGIE ATOMIQUE & AUX ENERGIES ALTERNATIVES,cpc_code::C07C-001/04/35,1,67597001
assignee_cpc_code,assignee::CEA - COMMISSARIAT A L ENERGIE ATOMIQUE & AUX ENERGIES ALTERNATIVES,cpc_code::C07C-001/04/4,1,67597001
assignee_cpc_code,assignee::CEA - COMMISSARIAT A L ENERGIE ATOMIQUE & AUX ENERGIES ALTERNATIVES,cpc_code::C07C-001/04/85,1,67597001
assignee_cpc_code,assignee::CEA - COMMISSARIAT A L ENERGIE ATOMIQUE & AUX ENERGIES ALTERNATIVES,cpc_code::C07C-029/151/8,1,67597001
assignee_cpc_code,assignee::CEA - COMMISSARIAT A L ENERGIE ATOMIQUE & AUX ENERGIES ALTERNATIVES,cpc_code::C07C-029/152,1,67597001
assignee_cpc_code,assignee::CEA - COMMISSARIAT A L ENERGIE ATOMIQUE & AUX ENERGIES ALTERNATIVES,cpc_code::C07C-029/156,1,67597001
assignee_cpc_code,assignee::CEA - COMMISSARIAT A L ENERGIE ATOMIQUE & AUX ENERGIES ALTERNATIVES,cpc_code::C07C-041/01,1,67597001
assignee_cpc_code,assignee::CEA - COMMISSARIAT A L ENERGIE ATOMIQUE & AUX ENERGIES ALTERNATIVES,cpc_code::C10G-002/332,1,67597001
assignee_cpc_code,assignee::CEA - COMMISSARIAT A L ENERGIE ATOMIQUE & AUX ENERGIES ALTERNATIVES,cpc_code::C10G-002/34,1,67597001
assignee_cpc_code,assignee::CEA - COMMISSARIAT A L ENERGIE ATOMIQUE & AUX ENERGIES ALTERNATIVES,cpc_code::C10L-003/08,1,84993693
assignee_cpc_code,assignee::CEA - COMMISSARIAT A L ENERGIE ATOMIQUE & AUX ENERGIES ALTERNATIVES,cpc_code::C25B-001/042,1,66367131
assignee_cpc_code,assignee::CEA - COMMISSARIAT A L ENERGIE ATOMIQUE & AUX ENERGIES ALTERNATIVES,cpc_code::C25B-001/06,1,66367131
assignee_cpc_code,assignee::CEA - COMMISSARIAT A L ENERGIE ATOMIQUE & AUX ENERGIES ALTERNATIVES,cpc_code::C25B-001/08,1,84993693
assignee_cpc_code,assignee::CEA - COMMISSARIAT A L ENERGIE ATOMIQUE & AUX ENERGIES ALTERNATIVES,cpc_code::C25B-001/10,1,66367131
assignee_cpc_code,assignee::CEA - COMMISSARIAT A L ENERGIE ATOMIQUE & AUX ENERGIES ALTERNATIVES,cpc_code::C25B-003/00,1,84993693
assignee_cpc_code,assignee::CEA - COMMISSARIAT A L ENERGIE ATOMIQUE & AUX ENERGIES ALTERNATIVES,cpc_code::C25B-003/03,1,84993693
assignee_cpc_code,assignee::CEA - COMMISSARIAT A L ENERGIE ATOMIQUE & AUX ENERGIES ALTERNATIVES,cpc_code::C25B-003/25,1,84993693
assignee_cpc_code,assignee::CEA - COMMISSARIAT A L ENERGIE ATOMIQUE & AUX ENERGIES ALTERNATIVES,cpc_code::C25B-003/26,1,84993693
assignee_cpc_code,assignee::CEA - COMMISSARIAT A L ENERGIE ATOMIQUE & AUX ENERGIES ALTERNATIVES,cpc_code::C25B-009/08,1,66367131
assignee_cpc_code,assignee::CEA - COMMISSARIAT A L ENERGIE ATOMIQUE & AUX ENERGIES ALTERNATIVES,cpc_code::C25B-009/18,1,66367131
assignee_cpc_code,assignee::CEA - COMMISSARIAT A L ENERGIE ATOMIQUE & AUX ENERGIES ALTERNATIVES,cpc_code::C25B-009/19,1,66367131
assignee_cpc_code,assignee::CEC SOLUTIONS,cpc_code::B01D-053/32/6,1,114628861
assignee_cpc_code,assignee::CEC SOLUTIONS,cpc_code::B01D-2255/806,1,114628861
assignee_cpc_code,assignee::CEC SOLUTIONS,cpc_code::B01D-2257/504,1,114628861
assignee_cpc_code,assignee::CEC SOLUTIONS,cpc_code::C25B-001/04,1,114628861
assignee_cpc_code,assignee::CEC SOLUTIONS,cpc_code::C25B-001/23,1,114628861
assignee_cpc_code,assignee::CEC SOLUTIONS,cpc_code::C25B-001/55,1,114628861
assignee_cpc_code,assignee::CEC SOLUTIONS,cpc_code::C25B-003/03,1,114628861
assignee_cpc_code,assignee::CEC SOLUTIONS,cpc_code::C25B-003/26,1,114628861
assignee_cpc_code,assignee::CEC SOLUTIONS,cpc_code::C25B-009/17,1,114628861
assignee_cpc_code,assignee::CEC SOLUTIONS,cpc_code::C25B-011/02,1,114628861
assignee_cpc_code,assignee::CENTRAL SOUTH UNIVERSITY,cpc_code::C25B-001/23,1,111953180
assignee_cpc_code,assignee::CENTRAL SOUTH UNIVERSITY,cpc_code::C25B-001/50,1,111953180
assignee_cpc_code,assignee::CENTRAL SOUTH UNIVERSITY,cpc_code::C25B-011/091,1,111953180
assignee_cpc_code,assignee::CERAMATEC,cpc_code::C25B-001/00,1,14919739
assignee_cpc_code,assignee::CERAMATEC,cpc_code::C25B-001/02,1,14919739
assignee_cpc_code,assignee::CERAMATEC,cpc_code::C25B-001/04,1,14919739
assignee_cpc_code,assignee::CERAMATEC,cpc_code::C25B-003/04,1,67334411
assignee_cpc_code,assignee::CERAMATEC,cpc_code::C25B-003/25,1,67334411
assignee_cpc_code,assignee::CERAMATEC,cpc_code::C25B-009/08,1,67334411
assignee_cpc_code,assignee::CERAMATEC,cpc_code::C25B-009/19,1,67334411
assignee_cpc_code,assignee::CERAMATEC,cpc_code::C25B-009/20/6,1,14919739
assignee_cpc_code,assignee::CERAMATEC,cpc_code::C25B-009/77,1,14919739
assignee_cpc_code,assignee::CERAMATEC,cpc_code::H01M-2008/1293,1,14919739
assignee_cpc_code,assignee::CERAMATEC,cpc_code::Y02E-060/36,1,14919739
assignee_cpc_code,assignee::CERAMATEC,cpc_code::Y02E-060/364,1,14919739
assignee_cpc_code,assignee::CERAMATEC,cpc_code::Y02E-060/366,1,14919739
assignee_cpc_code,assignee::CERAMATEC,cpc_code::Y02E-060/50,1,14919739
assignee_cpc_code,assignee::CHANGZHOU GERUIKESI ENERGY TECHNOLOGY,cpc_code::C25B-003/00,1,118274866
assignee_cpc_code,assignee::CHANGZHOU GERUIKESI ENERGY TECHNOLOGY,cpc_code::C25B-011/03/5,1,118106537
assignee_cpc_code,assignee::CHANGZHOU GERUIKESI ENERGY TECHNOLOGY,cpc_code::C25B-011/04,1,118106537
assignee_cpc_code,assignee::CHANGZHOU GERUIKESI ENERGY TECHNOLOGY,cpc_code::C25B-011/04/05,1,118106537
assignee_cpc_code,assignee::CHANGZHOU GERUIKESI ENERGY TECHNOLOGY,cpc_code::D01D-005/00/3,1,118274866
assignee_cpc_code,assignee::CHANGZHOU GERUIKESI ENERGY TECHNOLOGY,cpc_code::D01D-005/00/61,1,118274866
assignee_cpc_code,assignee::CHANGZHOU GERUIKESI ENERGY TECHNOLOGY,cpc_code::D01D-005/00/69,1,118274866
assignee_cpc_code,assignee::CHANGZHOU GERUIKESI ENERGY TECHNOLOGY,cpc_code::D01D-005/00/76,1,118274866
assignee_cpc_code,assignee::CHANGZHOU GERUIKESI ENERGY TECHNOLOGY,cpc_code::D01D-005/00/92,1,118274866
assignee_cpc_code,assignee::CHANGZHOU GERUIKESI ENERGY TECHNOLOGY,cpc_code::D01F-001/10,1,118274866
assignee_cpc_code,assignee::CHANGZHOU GERUIKESI ENERGY TECHNOLOGY,cpc_code::D01F-006/56,1,118274866
assignee_cpc_code,assignee::CHANGZHOU GERUIKESI ENERGY TECHNOLOGY,cpc_code::D01F-009/08,1,118274866
assignee_cpc_code,assignee::CHINA AUTOMOTIVE TECHNOLOGY & RESEARCH CENTER,cpc_code::B82Y-030/00,1,109733203
assignee_cpc_code,assignee::CHINA AUTOMOTIVE TECHNOLOGY & RESEARCH CENTER,cpc_code::C25B-003/03,1,109733203
assignee_cpc_code,assignee::CHINA AUTOMOTIVE TECHNOLOGY & RESEARCH CENTER,cpc_code::C25B-003/07,1,109733203
assignee_cpc_code,assignee::CHINA AUTOMOTIVE TECHNOLOGY & RESEARCH CENTER,cpc_code::C25B-003/09,1,109733203
assignee_cpc_code,assignee::CHINA AUTOMOTIVE TECHNOLOGY & RESEARCH CENTER,cpc_code::C25B-003/26,1,109733203
assignee_cpc_code,assignee::CHINA AUTOMOTIVE TECHNOLOGY & RESEARCH CENTER,cpc_code::C25B-011/04,1,109733203
assignee_cpc_code,assignee::CHINA AUTOMOTIVE TECHNOLOGY & RESEARCH CENTER,cpc_code::C25C-001/12,1,109733203
assignee_cpc_code,assignee::CHINA ELECTRONIC TECHNOLOGY,cpc_code::C25B-001/00/3,1,116773798
assignee_cpc_code,assignee::CHINA ELECTRONIC TECHNOLOGY,cpc_code::C25B-001/04,1,116773798
assignee_cpc_code,assignee::CHINA ELECTRONIC TECHNOLOGY,cpc_code::C25B-011/04,1,116773798
assignee_cpc_code,assignee::CHINA ELECTRONIC TECHNOLOGY,cpc_code::C25B-011/04/52,1,116773798
assignee_cpc_code,assignee::CHINA ELECTRONIC TECHNOLOGY,cpc_code::C25B-011/04/78,1,116773798
assignee_cpc_code,assignee::CHINA ELECTRONIC TECHNOLOGY,cpc_code::C25B-011/04/84,1,116773798
assignee_cpc_code,assignee::CHINA ELECTRONIC TECHNOLOGY,cpc_code::H01M-004/90/16,1,116773798
assignee_cpc_code,assignee::CHINA ELECTRONIC TECHNOLOGY,cpc_code::Y02E-060/366,1,116773798
assignee_cpc_code,assignee::CHINA HUADIAN ENGINEERING,cpc_code::C25B-001/23,1,113078510
assignee_cpc_code,assignee::CHINA HUADIAN ENGINEERING,cpc_code::C25B-011/02,1,113078510
assignee_cpc_code,assignee::CHINA HUADIAN ENGINEERING,cpc_code::C25B-011/081,1,113078510
assignee_cpc_code,assignee::CHINA HUADIAN ENGINEERING,cpc_code::C25B-011/091,1,113078510
assignee_cpc_code,assignee::CHINA HUADIAN ENGINEERING,cpc_code::Y02E-060/36,1,113078510
assignee_cpc_code,assignee::CHINA OCEAN UNIVERSITY,cpc_code::C25B-001/00,1,116720313
assignee_cpc_code,assignee::CHINA OCEAN UNIVERSITY,cpc_code::C25B-003/04,1,116720313
assignee_cpc_code,assignee::CHINA OCEAN UNIVERSITY,cpc_code::C25B-011/02,1,116720313
assignee_cpc_code,assignee::CHINA OCEAN UNIVERSITY,cpc_code::C25B-011/04/05,1,116720313
assignee_cpc_code,assignee::CHINA OCEAN UNIVERSITY,cpc_code::C25B-011/04/15,1,116720313
assignee_cpc_code,assignee::CHINA OCEAN UNIVERSITY,cpc_code::C25B-011/04/47,1,116720313
assignee_cpc_code,assignee::CHINA OCEAN UNIVERSITY,cpc_code::C25B-011/04/89,1,116720313
assignee_cpc_code,assignee::CHIYODA,cpc_code::B01D-053/14/25,1,83691812
assignee_cpc_code,assignee::CHIYODA,cpc_code::B01D-053/14/75,1,83691812
assignee_cpc_code,assignee::CHIYODA,cpc_code::B01D-053/18,1,83691812
assignee_cpc_code,assignee::CHIYODA,cpc_code::B01D-053/32/6,1,83691812
assignee_cpc_code,assignee::CHIYODA,cpc_code::B01J-027/232,1,83691812
assignee_cpc_code,assignee::CHIYODA,cpc_code::B01J-031/12,1,83691812
assignee_cpc_code,assignee::CHIYODA,cpc_code::C01B-003/02,1,83691812
assignee_cpc_code,assignee::CHIYODA,cpc_code::C01B-003/56,1,83691812
assignee_cpc_code,assignee::CHIYODA,cpc_code::C01B-032/40,1,83691812
assignee_cpc_code,assignee::CHIYODA,cpc_code::C25B-001/04,1,83691812
assignee_cpc_code,assignee::CHN ENERGY NEW ENERGY TECHNOLOGY RESEARCH INSTITUTE,cpc_code::B01J-035/00/33,1,105418286
assignee_cpc_code,assignee::CHN ENERGY NEW ENERGY TECHNOLOGY RESEARCH INSTITUTE,cpc_code::B01J-035/02/3,1,105418286
assignee_cpc_code,assignee::CHN ENERGY NEW ENERGY TECHNOLOGY RESEARCH INSTITUTE,cpc_code::B82Y-030/00,1,105418286
assignee_cpc_code,assignee::CHN ENERGY NEW ENERGY TECHNOLOGY RESEARCH INSTITUTE,cpc_code::B82Y-040/00,1,105418286
assignee_cpc_code,assignee::CHN ENERGY NEW ENERGY TECHNOLOGY RESEARCH INSTITUTE,cpc_code::C01B-032/05,1,105418286
assignee_cpc_code,assignee::CHN ENERGY NEW ENERGY TECHNOLOGY RESEARCH INSTITUTE,cpc_code::C01B-032/40,1,105418286
assignee_cpc_code,assignee::CHN ENERGY NEW ENERGY TECHNOLOGY RESEARCH INSTITUTE,cpc_code::C01B-032/50,1,105418286
assignee_cpc_code,assignee::CHN ENERGY NEW ENERGY TECHNOLOGY RESEARCH INSTITUTE,cpc_code::C01G-001/02,1,105418286
assignee_cpc_code,assignee::CHN ENERGY NEW ENERGY TECHNOLOGY RESEARCH INSTITUTE,cpc_code::C01G-053/82,1,105418286
assignee_cpc_code,assignee::CHN ENERGY NEW ENERGY TECHNOLOGY RESEARCH INSTITUTE,cpc_code::C01P-2002/72,1,105418286
assignee_cpc_code,assignee::CNRS,cpc_code::B01J-031/18/3,1,71292352
assignee_cpc_code,assignee::CNRS,cpc_code::B01J-2231/62,1,71292352
assignee_cpc_code,assignee::CNRS,cpc_code::C01B-031/18,1,71292352
assignee_cpc_code,assignee::CNRS,cpc_code::C25B-001/01,1,78510702
assignee_cpc_code,assignee::CNRS,cpc_code::C25B-001/10,1,73827816
assignee_cpc_code,assignee::CNRS,cpc_code::C25B-009/00,1,71292352
assignee_cpc_code,assignee::CNRS,cpc_code::C25B-009/06,1,69060627
assignee_cpc_code,assignee::CNRS,cpc_code::C25B-009/08,1,73827816
assignee_cpc_code,assignee::CNRS,cpc_code::C25B-009/17,1,69060627
assignee_cpc_code,assignee::CNRS,cpc_code::C25B-011/04,1,92464691
assignee_cpc_code,assignee::CNRS,cpc_code::C25B-011/04/05,1,73827816
assignee_cpc_code,assignee::CNRS,cpc_code::C25B-011/04/15,1,73827816
assignee_cpc_code,assignee::CNRS,cpc_code::C25B-011/04/89,1,73827816
assignee_cpc_code,assignee::CNRS,cpc_code::C25B-011/043,1,68986421
assignee_cpc_code,assignee::CNRS,cpc_code::C25B-011/095,1,92464691
assignee_cpc_code,assignee::COLORADO SCHOOL OF MINES,cpc_code::B01D-053/14/18,1,67443260
assignee_cpc_code,assignee::COLORADO SCHOOL OF MINES,cpc_code::B01D-053/14/75,1,67443260
assignee_cpc_code,assignee::COLORADO SCHOOL OF MINES,cpc_code::B01D-053/52,1,67443260
assignee_cpc_code,assignee::COLORADO SCHOOL OF MINES,cpc_code::B01D-2251/602,1,67443260
assignee_cpc_code,assignee::COLORADO SCHOOL OF MINES,cpc_code::B01D-2253/1124,1,67443260
assignee_cpc_code,assignee::COLORADO SCHOOL OF MINES,cpc_code::B01D-2257/504,1,67443260
assignee_cpc_code,assignee::COLORADO SCHOOL OF MINES,cpc_code::B01D-2258/0283,1,67443260
assignee_cpc_code,assignee::COLORADO SCHOOL OF MINES,cpc_code::C01B-003/38/4,1,67443260
assignee_cpc_code,assignee::COLORADO SCHOOL OF MINES,cpc_code::C01B-2203/0233,1,67443260
assignee_cpc_code,assignee::COLORADO SCHOOL OF MINES,cpc_code::C01B-2203/0238,1,67443260
assignee_cpc_code,assignee::CONCORD SPIRITS,cpc_code::B82Y-030/00,1,82922217
assignee_cpc_code,assignee::CONCORD SPIRITS,cpc_code::B82Y-040/00,1,82922217
assignee_cpc_code,assignee::CONCORD SPIRITS,cpc_code::C07C-029/151,1,82922217
assignee_cpc_code,assignee::CONCORD SPIRITS,cpc_code::C07C-029/158,1,82922217
assignee_cpc_code,assignee::CONCORD SPIRITS,cpc_code::C07C-031/08,1,82922217
assignee_cpc_code,assignee::CONCORD SPIRITS,cpc_code::C25B-001/04,1,82922217
assignee_cpc_code,assignee::CONCORD SPIRITS,cpc_code::C25B-009/19,1,82922217
assignee_cpc_code,assignee::CONCORD SPIRITS,cpc_code::Y02P-020/133,1,82922217
assignee_cpc_code,assignee::COVESTRO,cpc_code::C25B-001/01,1,93617165
assignee_cpc_code,assignee::COVESTRO,cpc_code::C25B-001/02,1,93617165
assignee_cpc_code,assignee::COVESTRO,cpc_code::C25B-001/04,1,93617165
assignee_cpc_code,assignee::COVESTRO,cpc_code::C25B-001/18,1,93617165
assignee_cpc_code,assignee::COVESTRO,cpc_code::C25B-001/26,1,93617165
assignee_cpc_code,assignee::COVESTRO,cpc_code::C25B-003/01,1,93617165
assignee_cpc_code,assignee::COVESTRO,cpc_code::C25B-003/03,1,93617165
assignee_cpc_code,assignee::COVESTRO,cpc_code::C25B-003/07,1,93617165
assignee_cpc_code,assignee::COVESTRO,cpc_code::C25B-003/26,1,82742757
assignee_cpc_code,assignee::COVESTRO,cpc_code::C25B-009/19,1,87991721
assignee_cpc_code,assignee::COVESTRO,cpc_code::C25B-009/23,1,87991721
assignee_cpc_code,assignee::COVESTRO,cpc_code::C25B-009/75,1,87991721
assignee_cpc_code,assignee::COVESTRO,cpc_code::C25B-009/77,1,87991721
assignee_cpc_code,assignee::COVESTRO,cpc_code::C25B-011/03/5,1,82742757
assignee_cpc_code,assignee::COVESTRO,cpc_code::C25B-011/031,1,82742757
assignee_cpc_code,assignee::COVESTRO,cpc_code::C25B-011/04/84,1,82742757
assignee_cpc_code,assignee::COVESTRO,cpc_code::C25B-011/04/89,1,82742757
assignee_cpc_code,assignee::COVESTRO,cpc_code::C25B-011/054,1,82742757
assignee_cpc_code,assignee::COVESTRO,cpc_code::C25B-011/055,1,82742757
assignee_cpc_code,assignee::COVESTRO,cpc_code::C25B-011/075,1,87991721
assignee_cpc_code,assignee::COVESTRO,cpc_code::C25B-011/081,1,87991721
assignee_cpc_code,assignee::COVESTRO,cpc_code::C25B-015/08,1,87991721
assignee_cpc_code,assignee::CSSC HANDAN PERIC HYDROGEN ENERGY TECHNOLOGY,cpc_code::C25B-001/00,1,116440098
assignee_cpc_code,assignee::CSSC HANDAN PERIC HYDROGEN ENERGY TECHNOLOGY,cpc_code::C25B-003/04,1,116440098
assignee_cpc_code,assignee::CSSC HANDAN PERIC HYDROGEN ENERGY TECHNOLOGY,cpc_code::C25B-009/08,1,116440098
assignee_cpc_code,assignee::D CRBN,cpc_code::B01J-004/00/4,1,107376902
assignee_cpc_code,assignee::D CRBN,cpc_code::B01J-004/00/7,1,107376902
assignee_cpc_code,assignee::D CRBN,cpc_code::B01J-008/00/15,1,107376902
assignee_cpc_code,assignee::D CRBN,cpc_code::B01J-008/18/27,1,107376902
assignee_cpc_code,assignee::D CRBN,cpc_code::B01J-008/42,1,107376902
assignee_cpc_code,assignee::D CRBN,cpc_code::B01J-015/00,1,107376902
assignee_cpc_code,assignee::D CRBN,cpc_code::B01J-019/00/6,1,107376902
assignee_cpc_code,assignee::D CRBN,cpc_code::B01J-019/00/66,1,107376902
assignee_cpc_code,assignee::D CRBN,cpc_code::B01J-019/08/8,1,107376902
assignee_cpc_code,assignee::D CRBN,cpc_code::B01J-019/18/81,1,107376902
assignee_cpc_code,assignee::DAICEL,cpc_code::C25B-003/26,1,114240811
assignee_cpc_code,assignee::DAICEL,cpc_code::C25B-011/032,1,114240811
assignee_cpc_code,assignee::DAICEL,cpc_code::C25B-011/065,1,114240811
assignee_cpc_code,assignee::DAICEL,cpc_code::C25B-011/075,1,114240811
assignee_cpc_code,assignee::DAICEL,cpc_code::C25B-011/081,1,114240811
assignee_cpc_code,assignee::DAIKIN INDUSTRIES,cpc_code::B01D-2252/30,1,101368053
assignee_cpc_code,assignee::DAIKIN INDUSTRIES,cpc_code::B01J-035/00/2,1,101368053
assignee_cpc_code,assignee::DAIKIN INDUSTRIES,cpc_code::B01J-041/13,1,101368053
assignee_cpc_code,assignee::DAIKIN INDUSTRIES,cpc_code::C01B-032/40,1,101368053
assignee_cpc_code,assignee::DAIKIN INDUSTRIES,cpc_code::C01B-032/50,1,101368053
assignee_cpc_code,assignee::DAIKIN INDUSTRIES,cpc_code::C07C-051/00,1,101368053
assignee_cpc_code,assignee::DAIKIN INDUSTRIES,cpc_code::C07C-053/02,1,101368053
assignee_cpc_code,assignee::DAIKIN INDUSTRIES,cpc_code::C22C-001/05/8,1,101368053
assignee_cpc_code,assignee::DAIKIN INDUSTRIES,cpc_code::C25B-001/00,1,101368053
assignee_cpc_code,assignee::DAIKIN INDUSTRIES,cpc_code::C25B-001/23,1,101368053
assignee_cpc_code,assignee::DALIAN INSTITUTE OF CHEMICAL PHYSICS CHINESE ACADEMY OF SCIENCES,cpc_code::B01J-035/00/33,1,116688896
assignee_cpc_code,assignee::DALIAN INSTITUTE OF CHEMICAL PHYSICS CHINESE ACADEMY OF SCIENCES,cpc_code::C01B-032/40,1,116688896
assignee_cpc_code,assignee::DALIAN INSTITUTE OF CHEMICAL PHYSICS CHINESE ACADEMY OF SCIENCES,cpc_code::C01G-045/12/64,1,105343084
assignee_cpc_code,assignee::DALIAN INSTITUTE OF CHEMICAL PHYSICS CHINESE ACADEMY OF SCIENCES,cpc_code::C01G-049/00,1,105343084
assignee_cpc_code,assignee::DALIAN INSTITUTE OF CHEMICAL PHYSICS CHINESE ACADEMY OF SCIENCES,cpc_code::C01G-049/00/18,1,105343084
assignee_cpc_code,assignee::DALIAN INSTITUTE OF CHEMICAL PHYSICS CHINESE ACADEMY OF SCIENCES,cpc_code::C01G-049/00/54,1,105343084
assignee_cpc_code,assignee::DALIAN INSTITUTE OF CHEMICAL PHYSICS CHINESE ACADEMY OF SCIENCES,cpc_code::C01G-049/00/9,1,105343084
assignee_cpc_code,assignee::DALIAN INSTITUTE OF CHEMICAL PHYSICS CHINESE ACADEMY OF SCIENCES,cpc_code::C01P-2002/72,1,105343084
assignee_cpc_code,assignee::DALIAN INSTITUTE OF CHEMICAL PHYSICS CHINESE ACADEMY OF SCIENCES,cpc_code::C01P-2006/40,1,105343084
assignee_cpc_code,assignee::DALIAN INSTITUTE OF CHEMICAL PHYSICS CHINESE ACADEMY OF SCIENCES,cpc_code::C08G-083/00/8,1,116688896
assignee_cpc_code,assignee::DALIAN INSTITUTE OF CHEMICAL PHYSICS CHINESE ACADEMY OF SCIENCES,cpc_code::C09K-003/00,1,116688896
assignee_cpc_code,assignee::DALIAN INSTITUTE OF CHEMICAL PHYSICS CHINESE ACADEMY OF SCIENCES,cpc_code::C25B-001/04,1,105343084
assignee_cpc_code,assignee::DALIAN INSTITUTE OF CHEMICAL PHYSICS CHINESE ACADEMY OF SCIENCES,cpc_code::C25B-003/04,1,116688896
assignee_cpc_code,assignee::DALIAN INSTITUTE OF CHEMICAL PHYSICS CHINESE ACADEMY OF SCIENCES,cpc_code::C25B-003/25,1,79181464
assignee_cpc_code,assignee::DALIAN INSTITUTE OF CHEMICAL PHYSICS CHINESE ACADEMY OF SCIENCES,cpc_code::C25B-011/04,1,116688896
assignee_cpc_code,assignee::DALIAN INSTITUTE OF CHEMICAL PHYSICS CHINESE ACADEMY OF SCIENCES,cpc_code::C25B-011/04/47,1,116688896
assignee_cpc_code,assignee::DALIAN INSTITUTE OF CHEMICAL PHYSICS CHINESE ACADEMY OF SCIENCES,cpc_code::C25B-011/04/73,1,116688896
assignee_cpc_code,assignee::DALIAN INSTITUTE OF CHEMICAL PHYSICS CHINESE ACADEMY OF SCIENCES,cpc_code::C25B-011/04/89,1,116688896
assignee_cpc_code,assignee::DALIAN INSTITUTE OF CHEMICAL PHYSICS CHINESE ACADEMY OF SCIENCES,cpc_code::C25B-011/055,1,79181464
assignee_cpc_code,assignee::DALIAN INSTITUTE OF CHEMICAL PHYSICS CHINESE ACADEMY OF SCIENCES,cpc_code::C25B-011/065,1,112323322
assignee_cpc_code,assignee::DALIAN UNIVERSITY,cpc_code::C07C-053/02,1,116013304
assignee_cpc_code,assignee::DALIAN UNIVERSITY,cpc_code::C25B-001/00,1,116013304
assignee_cpc_code,assignee::DALIAN UNIVERSITY,cpc_code::C25B-003/04,1,116013304
assignee_cpc_code,assignee::DALIAN UNIVERSITY,cpc_code::C25B-011/04/05,1,116013304
assignee_cpc_code,assignee::DALIAN UNIVERSITY,cpc_code::C25B-011/04/47,1,116013304
assignee_cpc_code,assignee::DALIAN UNIVERSITY OF TECHNOLOGY,cpc_code::B82Y-030/00,1,116876860
assignee_cpc_code,assignee::DALIAN UNIVERSITY OF TECHNOLOGY,cpc_code::B82Y-040/00,1,116876860
assignee_cpc_code,assignee::DALIAN UNIVERSITY OF TECHNOLOGY,cpc_code::C23C-028/34,1,116876860
assignee_cpc_code,assignee::DALIAN UNIVERSITY OF TECHNOLOGY,cpc_code::C25B-001/00/3,1,116876860
assignee_cpc_code,assignee::DALIAN UNIVERSITY OF TECHNOLOGY,cpc_code::C25B-001/04,1,102226793
assignee_cpc_code,assignee::DALIAN UNIVERSITY OF TECHNOLOGY,cpc_code::C25B-001/26/5,1,98749181
assignee_cpc_code,assignee::DALIAN UNIVERSITY OF TECHNOLOGY,cpc_code::C25B-001/50,1,96169624
assignee_cpc_code,assignee::DALIAN UNIVERSITY OF TECHNOLOGY,cpc_code::C25B-003/00,1,116876860
assignee_cpc_code,assignee::DALIAN UNIVERSITY OF TECHNOLOGY,cpc_code::C25B-003/03,1,102358496
assignee_cpc_code,assignee::DALIAN UNIVERSITY OF TECHNOLOGY,cpc_code::C25B-003/04,1,116876860
assignee_cpc_code,assignee::DALIAN UNIVERSITY OF TECHNOLOGY,cpc_code::C25B-003/25,1,86637940
assignee_cpc_code,assignee::DALIAN UNIVERSITY OF TECHNOLOGY,cpc_code::C25B-003/26,1,108306014
assignee_cpc_code,assignee::DALIAN UNIVERSITY OF TECHNOLOGY,cpc_code::C25B-009/21,1,108306014
assignee_cpc_code,assignee::DALIAN UNIVERSITY OF TECHNOLOGY,cpc_code::C25B-009/23,1,108306014
assignee_cpc_code,assignee::DALIAN UNIVERSITY OF TECHNOLOGY,cpc_code::C25B-009/60,1,102358496
assignee_cpc_code,assignee::DALIAN UNIVERSITY OF TECHNOLOGY,cpc_code::C25B-009/63,1,108306014
assignee_cpc_code,assignee::DALIAN UNIVERSITY OF TECHNOLOGY,cpc_code::C25B-009/65,1,108306014
assignee_cpc_code,assignee::DALIAN UNIVERSITY OF TECHNOLOGY,cpc_code::C25B-011/03/5,1,116876860
assignee_cpc_code,assignee::DALIAN UNIVERSITY OF TECHNOLOGY,cpc_code::C25B-011/032,1,108306014
assignee_cpc_code,assignee::DALIAN UNIVERSITY OF TECHNOLOGY,cpc_code::C25B-011/04,1,116876860
assignee_cpc_code,assignee::DALIAN UNIVERSITY OF TECHNOLOGY,cpc_code::C25B-011/04/05,1,116876860
assignee_cpc_code,assignee::DALIAN UNIVERSITY OF TECHNOLOGY,cpc_code::C25B-011/055,1,86637940
assignee_cpc_code,assignee::DALIAN UNIVERSITY OF TECHNOLOGY,cpc_code::C25B-011/063,1,102226793
assignee_cpc_code,assignee::DALIAN UNIVERSITY OF TECHNOLOGY,cpc_code::C25B-011/081,1,102226793
assignee_cpc_code,assignee::DALIAN UNIVERSITY OF TECHNOLOGY,cpc_code::C25B-015/021,1,102358496
assignee_cpc_code,assignee::DALIAN UNIVERSITY OF TECHNOLOGY,cpc_code::C25B-015/023,1,108306014
assignee_cpc_code,assignee::DALIAN UNIVERSITY OF TECHNOLOGY,cpc_code::C25B-015/025,1,108306014
assignee_cpc_code,assignee::DALIAN UNIVERSITY OF TECHNOLOGY,cpc_code::C25B-015/027,1,102358496
assignee_cpc_code,assignee::DALIAN UNIVERSITY OF TECHNOLOGY,cpc_code::C25B-015/08,1,80164805
assignee_cpc_code,assignee::DALIAN UNIVERSITY OF TECHNOLOGY,cpc_code::Y02E-060/50,1,102226793
assignee_cpc_code,assignee::DIOXIDE MATERIALS,cpc_code::B01D-053/32/6,1,1913318
assignee_cpc_code,assignee::DIOXIDE MATERIALS,cpc_code::B01J-019/08,1,1913318
assignee_cpc_code,assignee::DIOXIDE MATERIALS,cpc_code::B01J-019/24/5,1,79681795
assignee_cpc_code,assignee::DIOXIDE MATERIALS,cpc_code::B01J-029/40,1,79681795
assignee_cpc_code,assignee::DIOXIDE MATERIALS,cpc_code::B01J-029/85,1,79681795
assignee_cpc_code,assignee::DIOXIDE MATERIALS,cpc_code::B01J-031/02,1,1913318
assignee_cpc_code,assignee::DIOXIDE MATERIALS,cpc_code::B01J-031/02/02,1,1913318
assignee_cpc_code,assignee::DIOXIDE MATERIALS,cpc_code::B01J-031/02/04,1,1913318
assignee_cpc_code,assignee::DIOXIDE MATERIALS,cpc_code::B01J-031/02/09,1,1913318
assignee_cpc_code,assignee::DIOXIDE MATERIALS,cpc_code::B01J-031/02/39,1,1913318
assignee_cpc_code,assignee::DIOXIDE MATERIALS,cpc_code::B01J-031/02/68,1,1913318
assignee_cpc_code,assignee::DIOXIDE MATERIALS,cpc_code::B01J-031/02/75,1,1913318
assignee_cpc_code,assignee::DIOXIDE MATERIALS,cpc_code::B01J-031/02/78,1,1913318
assignee_cpc_code,assignee::DIOXIDE MATERIALS,cpc_code::B01J-035/10/19,1,79681795
assignee_cpc_code,assignee::DIOXIDE MATERIALS,cpc_code::B01J-035/615,1,79681795
assignee_cpc_code,assignee::DIOXIDE MATERIALS,cpc_code::B01J-041/12/5,1,72680476
assignee_cpc_code,assignee::DIOXIDE MATERIALS,cpc_code::B01J-041/13,1,72680476
assignee_cpc_code,assignee::DIOXIDE MATERIALS,cpc_code::B01J-041/14,1,72680476
assignee_cpc_code,assignee::DIOXIDE MATERIALS,cpc_code::B01J-047/12,1,72680476
assignee_cpc_code,assignee::DIOXIDE MATERIALS,cpc_code::C02F-001/461,1,72680476
assignee_cpc_code,assignee::DIOXIDE MATERIALS,cpc_code::C07C-001/04/05,1,79681795
assignee_cpc_code,assignee::DIOXIDE MATERIALS,cpc_code::C07C-001/04/1,1,79681795
assignee_cpc_code,assignee::DIOXIDE MATERIALS,cpc_code::C07C-001/20,1,79681795
assignee_cpc_code,assignee::DIOXIDE MATERIALS,cpc_code::C07C-029/151/8,1,79681795
assignee_cpc_code,assignee::DIOXIDE MATERIALS,cpc_code::C07C-029/152,1,79681795
assignee_cpc_code,assignee::DIOXIDE MATERIALS,cpc_code::C08J-005/22/31,1,72680476
assignee_cpc_code,assignee::DIOXIDE MATERIALS,cpc_code::C08J-2325/08,1,72680476
assignee_cpc_code,assignee::DIOXIDE MATERIALS,cpc_code::C08J-2325/18,1,72680476
assignee_cpc_code,assignee::DIOXIDE MATERIALS,cpc_code::C25B-001/04,1,72680476
assignee_cpc_code,assignee::DIOXIDE MATERIALS,cpc_code::C25B-009/00,1,44789699
assignee_cpc_code,assignee::DIOXIDE MATERIALS,cpc_code::C25B-009/23,1,116105015
assignee_cpc_code,assignee::DIOXIDE MATERIALS,cpc_code::C25B-009/60,1,116105015
assignee_cpc_code,assignee::DIOXIDE MATERIALS,cpc_code::C25B-009/75,1,116105015
assignee_cpc_code,assignee::DIOXIDE MATERIALS,cpc_code::C25B-009/77,1,116105015
assignee_cpc_code,assignee::DIOXIDE MATERIALS,cpc_code::C25B-011/032,1,116105015
assignee_cpc_code,assignee::DIOXIDE MATERIALS,cpc_code::C25B-011/081,1,116105015
assignee_cpc_code,assignee::DIOXIDE MATERIALS,cpc_code::C25B-013/08,1,116105015
assignee_cpc_code,assignee::DIOXIDE MATERIALS,cpc_code::C25B-015/081,1,116105015
assignee_cpc_code,assignee::DIOXIDE MATERIALS,cpc_code::C25B-015/083,1,116105015
assignee_cpc_code,assignee::DIOXYCLE,cpc_code::B01D-053/14/75,1,107739736
assignee_cpc_code,assignee::DIOXYCLE,cpc_code::B01D-053/62,1,107739736
assignee_cpc_code,assignee::DIOXYCLE,cpc_code::B01D-2251/208,1,107739736
assignee_cpc_code,assignee::DIOXYCLE,cpc_code::B01D-2252/103,1,107739736
assignee_cpc_code,assignee::DIOXYCLE,cpc_code::B01D-2252/20,1,107739736
assignee_cpc_code,assignee::DIOXYCLE,cpc_code::B01D-2252/30,1,107739736
assignee_cpc_code,assignee::DIOXYCLE,cpc_code::B01D-2257/504,1,107739736
assignee_cpc_code,assignee::DIOXYCLE,cpc_code::B01D-2258/025,1,107739736
assignee_cpc_code,assignee::DIOXYCLE,cpc_code::B01J-004/00/1,1,107739736
assignee_cpc_code,assignee::DIOXYCLE,cpc_code::B01J-008/00/55,1,107739736
assignee_cpc_code,assignee::DONG EUI UNIVERSITY INDUSTRY ACADEMIC COOPERATIONFOUNDATION,cpc_code::C25B-001/044,1,71965537
assignee_cpc_code,assignee::DONG EUI UNIVERSITY INDUSTRY ACADEMIC COOPERATIONFOUNDATION,cpc_code::C25B-003/25,1,71965537
assignee_cpc_code,assignee::DONG EUI UNIVERSITY INDUSTRY ACADEMIC COOPERATIONFOUNDATION,cpc_code::C25B-009/17,1,71965537
assignee_cpc_code,assignee::DONGHUA UNIVERSITY,cpc_code::B01J-023/66,1,115484302
assignee_cpc_code,assignee::DONGHUA UNIVERSITY,cpc_code::B01J-035/00/33,1,115484302
assignee_cpc_code,assignee::DONGHUA UNIVERSITY,cpc_code::B22F-001/00/18,1,115484302
assignee_cpc_code,assignee::DONGHUA UNIVERSITY,cpc_code::B22F-009/24,1,115484302
assignee_cpc_code,assignee::DONGHUA UNIVERSITY,cpc_code::B82Y-030/00,1,115484302
assignee_cpc_code,assignee::DONGHUA UNIVERSITY,cpc_code::C25B-001/00,1,115484302
assignee_cpc_code,assignee::DONGHUA UNIVERSITY,cpc_code::C25B-001/04,1,115484302
assignee_cpc_code,assignee::DONGHUA UNIVERSITY,cpc_code::C25B-003/04,1,115484302
assignee_cpc_code,assignee::DONGHUA UNIVERSITY,cpc_code::C25B-011/04/05,1,115484302
assignee_cpc_code,assignee::DONGHUA UNIVERSITY,cpc_code::C25B-011/04/26,1,115484302
assignee_cpc_code,assignee::DOSHISHA UNIVERSITY,cpc_code::B01D-2252/30,1,101368053
assignee_cpc_code,assignee::DOSHISHA UNIVERSITY,cpc_code::B01J-035/00/2,1,101368053
assignee_cpc_code,assignee::DOSHISHA UNIVERSITY,cpc_code::B01J-041/13,1,101368053
assignee_cpc_code,assignee::DOSHISHA UNIVERSITY,cpc_code::C01B-032/40,1,101368053
assignee_cpc_code,assignee::DOSHISHA UNIVERSITY,cpc_code::C01B-032/50,1,101368053
assignee_cpc_code,assignee::DOSHISHA UNIVERSITY,cpc_code::C07C-051/00,1,101368053
assignee_cpc_code,assignee::DOSHISHA UNIVERSITY,cpc_code::C07C-053/02,1,101368053
assignee_cpc_code,assignee::DOSHISHA UNIVERSITY,cpc_code::C22C-001/05/8,1,101368053
assignee_cpc_code,assignee::DOSHISHA UNIVERSITY,cpc_code::C25B-001/00,1,101368053
assignee_cpc_code,assignee::DOSHISHA UNIVERSITY,cpc_code::C25B-001/23,1,101368053
assignee_cpc_code,assignee::EAST CHINA NORMAL UNIVERSITY,cpc_code::B01J-031/24,1,117486565
assignee_cpc_code,assignee::EAST CHINA NORMAL UNIVERSITY,cpc_code::B01J-035/00/33,1,117486565
assignee_cpc_code,assignee::EAST CHINA NORMAL UNIVERSITY,cpc_code::B01J-2531/824,1,117486565
assignee_cpc_code,assignee::EAST CHINA NORMAL UNIVERSITY,cpc_code::C01B-032/40,1,117486565
assignee_cpc_code,assignee::EAST CHINA NORMAL UNIVERSITY,cpc_code::C01B-032/50,1,117486565
assignee_cpc_code,assignee::EAST CHINA NORMAL UNIVERSITY,cpc_code::C07C-051/00,1,117486565
assignee_cpc_code,assignee::EAST CHINA NORMAL UNIVERSITY,cpc_code::C07C-051/41,1,117486565
assignee_cpc_code,assignee::EAST CHINA NORMAL UNIVERSITY,cpc_code::C07C-053/02,1,117486565
assignee_cpc_code,assignee::EAST CHINA NORMAL UNIVERSITY,cpc_code::C07C-067/38,1,117486565
assignee_cpc_code,assignee::EAST CHINA NORMAL UNIVERSITY,cpc_code::C07C-069/24,1,117486565
assignee_cpc_code,assignee::ELECTROCHEMICALS ZRT,cpc_code::C25B-001/02,1,107513925
assignee_cpc_code,assignee::ELECTROCHEMICALS ZRT,cpc_code::C25B-001/04,1,107513925
assignee_cpc_code,assignee::ELECTROCHEMICALS ZRT,cpc_code::C25B-001/135,1,107513925
assignee_cpc_code,assignee::ELECTROCHEMICALS ZRT,cpc_code::C25B-001/22,1,98314273
assignee_cpc_code,assignee::ELECTROCHEMICALS ZRT,cpc_code::C25B-001/27,1,98314273
assignee_cpc_code,assignee::ELECTROCHEMICALS ZRT,cpc_code::C25B-003/07,1,98314273
assignee_cpc_code,assignee::ELECTROCHEMICALS ZRT,cpc_code::C25B-009/17,1,107513925
assignee_cpc_code,assignee::ELECTROCHEMICALS ZRT,cpc_code::C25B-009/21,1,107513925
assignee_cpc_code,assignee::ELECTROCHEMICALS ZRT,cpc_code::C25B-009/23,1,98314273
assignee_cpc_code,assignee::ELECTROCHEMICALS ZRT,cpc_code::C25B-009/60,1,107513925
assignee_cpc_code,assignee::ELECTROCHEMICALS ZRT,cpc_code::C25B-009/77,1,98314273
assignee_cpc_code,assignee::ELECTROCHEMICALS ZRT,cpc_code::C25B-011/032,1,98314273
assignee_cpc_code,assignee::ENGIE,cpc_code::C10L-003/08,1,75166129
assignee_cpc_code,assignee::ENGIE,cpc_code::C10L-003/10/4,1,75166129
assignee_cpc_code,assignee::ENGIE,cpc_code::C10L-003/10/6,1,75166129
assignee_cpc_code,assignee::ENGIE,cpc_code::C25B-001/00,1,75166129
assignee_cpc_code,assignee::ENGIE,cpc_code::C25B-001/04,1,75166129
assignee_cpc_code,assignee::ENGIE,cpc_code::C25B-001/23,1,75166129
assignee_cpc_code,assignee::ENGIE,cpc_code::C25B-015/08,1,75166129
assignee_cpc_code,assignee::ENGIE,cpc_code::C25B-015/081,1,75166129
assignee_cpc_code,assignee::ENGIE,cpc_code::C25B-015/083,1,75166129
assignee_cpc_code,assignee::ENGIE,cpc_code::Y02E-060/36,1,75166129
assignee_cpc_code,assignee::ENLIGHTEN INNOVATIONS,cpc_code::C25B-003/04,1,67334411
assignee_cpc_code,assignee::ENLIGHTEN INNOVATIONS,cpc_code::C25B-003/25,1,67334411
assignee_cpc_code,assignee::ENLIGHTEN INNOVATIONS,cpc_code::C25B-009/08,1,67334411
assignee_cpc_code,assignee::ENLIGHTEN INNOVATIONS,cpc_code::C25B-009/19,1,67334411
assignee_cpc_code,assignee::EPFL - ECOLE POLYTECHNIQUE FEDERALE DE LAUSANNE,cpc_code::B01D-053/12,1,112262309
assignee_cpc_code,assignee::EPFL - ECOLE POLYTECHNIQUE FEDERALE DE LAUSANNE,cpc_code::B01D-053/14/25,1,112262309
assignee_cpc_code,assignee::EPFL - ECOLE POLYTECHNIQUE FEDERALE DE LAUSANNE,cpc_code::B01D-053/14/75,1,112262309
assignee_cpc_code,assignee::EPFL - ECOLE POLYTECHNIQUE FEDERALE DE LAUSANNE,cpc_code::B01D-053/14/93,1,112262309
assignee_cpc_code,assignee::EPFL - ECOLE POLYTECHNIQUE FEDERALE DE LAUSANNE,cpc_code::B01D-053/18/5,1,112262309
assignee_cpc_code,assignee::EPFL - ECOLE POLYTECHNIQUE FEDERALE DE LAUSANNE,cpc_code::B01D-053/22,1,112262309
assignee_cpc_code,assignee::EPFL - ECOLE POLYTECHNIQUE FEDERALE DE LAUSANNE,cpc_code::B01D-053/32/6,1,112262309
assignee_cpc_code,assignee::EPFL - ECOLE POLYTECHNIQUE FEDERALE DE LAUSANNE,cpc_code::B01D-053/50/1,1,112262309
assignee_cpc_code,assignee::EPFL - ECOLE POLYTECHNIQUE FEDERALE DE LAUSANNE,cpc_code::B01D-053/62,1,112262309
assignee_cpc_code,assignee::EPFL - ECOLE POLYTECHNIQUE FEDERALE DE LAUSANNE,cpc_code::B01D-053/78,1,112262309
assignee_cpc_code,assignee::FAIRBRICS,cpc_code::C25B-001/23,1,104121451
assignee_cpc_code,assignee::FAIRBRICS,cpc_code::C25B-003/07,1,104121451
assignee_cpc_code,assignee::FAIRBRICS,cpc_code::C25B-003/23,1,104121451
assignee_cpc_code,assignee::FAIRBRICS,cpc_code::C25B-009/05,1,104121451
assignee_cpc_code,assignee::FAIRBRICS,cpc_code::C25B-009/07,1,104121451
assignee_cpc_code,assignee::FAIRBRICS,cpc_code::C25B-009/13,1,104121451
assignee_cpc_code,assignee::FAIRBRICS,cpc_code::C25B-009/17,1,104121451
assignee_cpc_code,assignee::FAIRBRICS,cpc_code::C25B-009/60,1,104121451
assignee_cpc_code,assignee::FAIRBRICS,cpc_code::C25B-009/67,1,104121451
assignee_cpc_code,assignee::FAIRBRICS,cpc_code::C25B-011/031,1,104121451
assignee_cpc_code,assignee::FCI,cpc_code::C01C-001/04/05,1,112387292
assignee_cpc_code,assignee::FCI,cpc_code::C10G-002/30,1,112387292
assignee_cpc_code,assignee::FCI,cpc_code::C25B-001/04,1,112387292
assignee_cpc_code,assignee::FCI,cpc_code::C25B-001/23,1,112387292
assignee_cpc_code,assignee::FCI,cpc_code::C25B-003/26,1,112387292
assignee_cpc_code,assignee::FCI,cpc_code::C25B-013/07,1,112387292
assignee_cpc_code,assignee::FCI,cpc_code::C25B-015/02,1,112387292
assignee_cpc_code,assignee::FCI,cpc_code::C25B-015/08,1,112387292
assignee_cpc_code,assignee::FCI,cpc_code::C25B-015/083,1,112387292
assignee_cpc_code,assignee::FCI,cpc_code::H01M-008/04/022,1,112387292
assignee_cpc_code,assignee::FIELD UPGRADING,cpc_code::C25B-001/00,1,14919739
assignee_cpc_code,assignee::FIELD UPGRADING,cpc_code::C25B-001/02,1,14919739
assignee_cpc_code,assignee::FIELD UPGRADING,cpc_code::C25B-001/04,1,14919739
assignee_cpc_code,assignee::FIELD UPGRADING,cpc_code::C25B-009/20/6,1,14919739
assignee_cpc_code,assignee::FIELD UPGRADING,cpc_code::C25B-009/77,1,14919739
assignee_cpc_code,assignee::FIELD UPGRADING,cpc_code::H01M-2008/1293,1,14919739
assignee_cpc_code,assignee::FIELD UPGRADING,cpc_code::Y02E-060/36,1,14919739
assignee_cpc_code,assignee::FIELD UPGRADING,cpc_code::Y02E-060/364,1,14919739
assignee_cpc_code,assignee::FIELD UPGRADING,cpc_code::Y02E-060/366,1,14919739
assignee_cpc_code,assignee::FIELD UPGRADING,cpc_code::Y02E-060/50,1,14919739
assignee_cpc_code,assignee::FORSCHUNGSZENTRUM JUELICH,cpc_code::C25B-001/00,1,93504955
assignee_cpc_code,assignee::FORSCHUNGSZENTRUM JUELICH,cpc_code::C25B-001/02,1,93504955
assignee_cpc_code,assignee::FORSCHUNGSZENTRUM JUELICH,cpc_code::C25B-001/042,1,93504955
assignee_cpc_code,assignee::FORSCHUNGSZENTRUM JUELICH,cpc_code::C25B-001/23,1,93504955
assignee_cpc_code,assignee::FORSCHUNGSZENTRUM JUELICH,cpc_code::C25B-001/50,1,93504955
assignee_cpc_code,assignee::FORSCHUNGSZENTRUM JUELICH,cpc_code::C25B-009/23,1,93504955
assignee_cpc_code,assignee::FORSCHUNGSZENTRUM JUELICH,cpc_code::C25B-009/67,1,93504955
assignee_cpc_code,assignee::FORSCHUNGSZENTRUM JUELICH,cpc_code::C25B-015/021,1,93504955
assignee_cpc_code,assignee::FORSCHUNGSZENTRUM JUELICH,cpc_code::C25B-015/08,1,93504955
assignee_cpc_code,assignee::FORSCHUNGSZENTRUM JUELICH,cpc_code::C25B-015/083,1,93504955
assignee_cpc_code,assignee::FOSHAN UNIVERSITY,cpc_code::B01J-027/047,1,108214882
assignee_cpc_code,assignee::FOSHAN UNIVERSITY,cpc_code::B01J-027/24,1,108214882
assignee_cpc_code,assignee::FOSHAN UNIVERSITY,cpc_code::B01J-035/00/4,1,108214882
assignee_cpc_code,assignee::FOSHAN UNIVERSITY,cpc_code::C01B-003/04/2,1,108214882
assignee_cpc_code,assignee::FOSHAN UNIVERSITY,cpc_code::C01B-032/40,1,108214882
assignee_cpc_code,assignee::FOSHAN UNIVERSITY,cpc_code::C07C-001/02,1,108214882
assignee_cpc_code,assignee::FOSHAN UNIVERSITY,cpc_code::C07C-001/12,1,108214882
assignee_cpc_code,assignee::FOSHAN UNIVERSITY,cpc_code::C07C-009/04,1,108214882
assignee_cpc_code,assignee::FOSHAN UNIVERSITY,cpc_code::C07C-2527/24,1,108214882
assignee_cpc_code,assignee::FRAUNHOFER,cpc_code::B01J-035/23,1,111220958
assignee_cpc_code,assignee::FRAUNHOFER,cpc_code::B82Y-030/00,1,111220958
assignee_cpc_code,assignee::FRAUNHOFER,cpc_code::C25B-001/00,1,112675495
assignee_cpc_code,assignee::FRAUNHOFER,cpc_code::C25B-003/04,1,112675495
assignee_cpc_code,assignee::FRAUNHOFER,cpc_code::C25B-003/07,1,112675495
assignee_cpc_code,assignee::FRAUNHOFER,cpc_code::C25B-009/00,1,112675495
assignee_cpc_code,assignee::FRAUNHOFER,cpc_code::C25B-009/05,1,116977017
assignee_cpc_code,assignee::FRAUNHOFER,cpc_code::C25B-009/08,1,112675495
assignee_cpc_code,assignee::FRAUNHOFER,cpc_code::C25B-009/10,1,112675495
assignee_cpc_code,assignee::FRAUNHOFER,cpc_code::C25B-009/67,1,116977017
assignee_cpc_code,assignee::FRAUNHOFER,cpc_code::C25B-011/031,1,79824105
assignee_cpc_code,assignee::FRAUNHOFER,cpc_code::C25B-011/04/78,1,79824105
assignee_cpc_code,assignee::FRAUNHOFER,cpc_code::C25B-011/054,1,111220958
assignee_cpc_code,assignee::FRAUNHOFER,cpc_code::C25B-011/055,1,111220958
assignee_cpc_code,assignee::FRAUNHOFER,cpc_code::C25B-011/061,1,111220958
assignee_cpc_code,assignee::FRAUNHOFER,cpc_code::C25B-011/075,1,111220958
assignee_cpc_code,assignee::FRAUNHOFER,cpc_code::C25B-011/089,1,111220958
assignee_cpc_code,assignee::FRAUNHOFER,cpc_code::C25B-011/091,1,79824105
assignee_cpc_code,assignee::FRAUNHOFER,cpc_code::C25B-015/021,1,116977017
assignee_cpc_code,assignee::FRAUNHOFER,cpc_code::C25B-015/081,1,116977017
assignee_cpc_code,assignee::FRAUNHOFER,cpc_code::C25B-015/083,1,116977017
assignee_cpc_code,assignee::FRAUNHOFER,cpc_code::C25B-015/085,1,116977017
assignee_cpc_code,assignee::FRAUNHOFER,cpc_code::C25B-015/087,1,116977017
assignee_cpc_code,assignee::FRAUNHOFER,cpc_code::G01N-027/30,1,79824105
assignee_cpc_code,assignee::FRAUNHOFER,cpc_code::H01M-004/86/1,1,79824105
assignee_cpc_code,assignee::FRAUNHOFER,cpc_code::H01M-004/86/42,1,79824105
assignee_cpc_code,assignee::FRAUNHOFER,cpc_code::H01M-004/86/57,1,79824105
assignee_cpc_code,assignee::FRAUNHOFER,cpc_code::H01M-004/88/28,1,79824105
assignee_cpc_code,assignee::FRAUNHOFER,cpc_code::H01M-004/88/85,1,79824105
assignee_cpc_code,assignee::FUELCELL ENERGY,cpc_code::C01B-003/12,1,114398667
assignee_cpc_code,assignee::FUELCELL ENERGY,cpc_code::C01B-2203/043,1,114398667
assignee_cpc_code,assignee::FUELCELL ENERGY,cpc_code::C01B-2203/0475,1,114398667
assignee_cpc_code,assignee::FUELCELL ENERGY,cpc_code::C01B-2203/0495,1,114398667
assignee_cpc_code,assignee::FUELCELL ENERGY,cpc_code::C01B-2203/062,1,114398667
assignee_cpc_code,assignee::FUELCELL ENERGY,cpc_code::C01B-2203/066,1,114398667
assignee_cpc_code,assignee::FUELCELL ENERGY,cpc_code::C01B-2203/147,1,114398667
assignee_cpc_code,assignee::FUELCELL ENERGY,cpc_code::C25B-001/042,1,114398667
assignee_cpc_code,assignee::FUELCELL ENERGY,cpc_code::C25B-001/23,1,114398667
assignee_cpc_code,assignee::FUELCELL ENERGY,cpc_code::C25B-009/19,1,114398667
assignee_cpc_code,assignee::FUJIAN INSTITUTE OF RESEARCH ON THE STRUCTURE OF MATTER - CHINESE ACADEMY OF SCIENCES,cpc_code::C25B-001/00,1,104816669
assignee_cpc_code,assignee::FUJIAN INSTITUTE OF RESEARCH ON THE STRUCTURE OF MATTER - CHINESE ACADEMY OF SCIENCES,cpc_code::C25B-001/23,1,104816669
assignee_cpc_code,assignee::FUJIAN INSTITUTE OF RESEARCH ON THE STRUCTURE OF MATTER - CHINESE ACADEMY OF SCIENCES,cpc_code::C25B-003/04,1,104816669
assignee_cpc_code,assignee::FUJIAN INSTITUTE OF RESEARCH ON THE STRUCTURE OF MATTER - CHINESE ACADEMY OF SCIENCES,cpc_code::C25B-003/07,1,104816669
assignee_cpc_code,assignee::FUJIAN INSTITUTE OF RESEARCH ON THE STRUCTURE OF MATTER - CHINESE ACADEMY OF SCIENCES,cpc_code::C25B-003/26,1,104816669
assignee_cpc_code,assignee::FUJIAN INSTITUTE OF RESEARCH ON THE STRUCTURE OF MATTER - CHINESE ACADEMY OF SCIENCES,cpc_code::C25B-009/08,1,104816669
assignee_cpc_code,assignee::FUJIAN INSTITUTE OF RESEARCH ON THE STRUCTURE OF MATTER - CHINESE ACADEMY OF SCIENCES,cpc_code::C25B-011/04,1,104816669
assignee_cpc_code,assignee::FUJIAN INSTITUTE OF RESEARCH ON THE STRUCTURE OF MATTER - CHINESE ACADEMY OF SCIENCES,cpc_code::C25B-011/04/05,1,104816669
assignee_cpc_code,assignee::FUJIAN INSTITUTE OF RESEARCH ON THE STRUCTURE OF MATTER - CHINESE ACADEMY OF SCIENCES,cpc_code::C25B-011/04/47,1,104816669
assignee_cpc_code,assignee::FUJIAN INSTITUTE OF RESEARCH ON THE STRUCTURE OF MATTER - CHINESE ACADEMY OF SCIENCES,cpc_code::C25B-011/091,1,104816669
assignee_cpc_code,assignee::FUJIAN NORMAL UNIVERSITY,cpc_code::C25B-001/00,1,90886203
assignee_cpc_code,assignee::FUJIAN NORMAL UNIVERSITY,cpc_code::C25B-011/02,1,90886203
assignee_cpc_code,assignee::FUJIAN NORMAL UNIVERSITY,cpc_code::C25B-015/00,1,90886203
assignee_cpc_code,assignee::FUJIAN NORMAL UNIVERSITY,cpc_code::C25B-015/08,1,90886203
assignee_cpc_code,assignee::FUNDACION CENTER DE INNOVACION & DESARROLLO TECNOLOGICO,cpc_code::B01D-053/62,1,64914748
assignee_cpc_code,assignee::FUNDACION CENTER DE INNOVACION & DESARROLLO TECNOLOGICO,cpc_code::F01K-023/00,1,64914748
assignee_cpc_code,assignee::FUNDACION CENTER DE INNOVACION & DESARROLLO TECNOLOGICO,cpc_code::F23C-006/04,1,64914748
assignee_cpc_code,assignee::FUNDACION CENTER DE INNOVACION & DESARROLLO TECNOLOGICO,cpc_code::F23J-015/00,1,64914748
assignee_cpc_code,assignee::FUNDACION CENTER DE INNOVACION & DESARROLLO TECNOLOGICO,cpc_code::Y02A-050/20,1,64914748
assignee_cpc_code,assignee::FUNDACION CENTER DE INNOVACION & DESARROLLO TECNOLOGICO,cpc_code::Y02C-020/40,1,64914748
assignee_cpc_code,assignee::FUNDACION CENTER DE INNOVACION & DESARROLLO TECNOLOGICO,cpc_code::Y02E-020/32,1,64914748
assignee_cpc_code,assignee::FUZHOU UNIVERSITY,cpc_code::C08G-012/26,1,102969825
assignee_cpc_code,assignee::FUZHOU UNIVERSITY,cpc_code::C25B-001/23,1,102969825
assignee_cpc_code,assignee::FUZHOU UNIVERSITY,cpc_code::C25B-001/50,1,102969825
assignee_cpc_code,assignee::FUZHOU UNIVERSITY,cpc_code::C25B-011/085,1,102969825
assignee_cpc_code,assignee::GD POWER DEVELOPMENT,cpc_code::C25B-001/00,1,115347016
assignee_cpc_code,assignee::GD POWER DEVELOPMENT,cpc_code::C25B-001/02,1,115347016
assignee_cpc_code,assignee::GD POWER DEVELOPMENT,cpc_code::C25B-001/10,1,115347016
assignee_cpc_code,assignee::GD POWER DEVELOPMENT,cpc_code::C25B-003/04,1,115347016
assignee_cpc_code,assignee::GD POWER DEVELOPMENT,cpc_code::C25B-009/08,1,115347016
assignee_cpc_code,assignee::GD POWER DEVELOPMENT,cpc_code::C25B-009/10,1,115347016
assignee_cpc_code,assignee::GD POWER DEVELOPMENT,cpc_code::C25B-011/04/05,1,115347016
assignee_cpc_code,assignee::GD POWER DEVELOPMENT,cpc_code::C25B-011/04/15,1,115347016
assignee_cpc_code,assignee::GD POWER DEVELOPMENT,cpc_code::C25B-011/04/73,1,115347016
assignee_cpc_code,assignee::GD POWER DEVELOPMENT,cpc_code::C25B-015/08,1,115347016
assignee_cpc_code,assignee::GIG KARASEK,cpc_code::C25B-001/23,1,116397541
assignee_cpc_code,assignee::GIG KARASEK,cpc_code::C25B-003/00,1,116397541
assignee_cpc_code,assignee::GIG KARASEK,cpc_code::C25B-003/03,1,116397541
assignee_cpc_code,assignee::GIG KARASEK,cpc_code::C25B-003/25,1,116397541
assignee_cpc_code,assignee::GIG KARASEK,cpc_code::C25B-003/26,1,116397541
assignee_cpc_code,assignee::GIG KARASEK,cpc_code::C25B-009/01,1,116397541
assignee_cpc_code,assignee::GIG KARASEK,cpc_code::C25B-009/015,1,116397541
assignee_cpc_code,assignee::GIG KARASEK,cpc_code::C25B-009/19,1,116397541
assignee_cpc_code,assignee::GIG KARASEK,cpc_code::C25B-009/70,1,116397541
assignee_cpc_code,assignee::GIG KARASEK,cpc_code::C25B-011/02,1,116397541
assignee_cpc_code,assignee::GIST - GWANGJU INSTITUTE OF SCIENCE & TECHNOLOGY,cpc_code::B01J-031/02/35,1,104997454
assignee_cpc_code,assignee::GIST - GWANGJU INSTITUTE OF SCIENCE & TECHNOLOGY,cpc_code::B01J-031/28,1,104997454
assignee_cpc_code,assignee::GIST - GWANGJU INSTITUTE OF SCIENCE & TECHNOLOGY,cpc_code::C25B-003/26,1,104997454
assignee_cpc_code,assignee::GIST - GWANGJU INSTITUTE OF SCIENCE & TECHNOLOGY,cpc_code::C25B-011/075,1,104997454
assignee_cpc_code,assignee::GLOBAL ENERGY INTERCONNECTION RESEARCH INSTITUTE,cpc_code::C25B-001/00,1,86637940
assignee_cpc_code,assignee::GLOBAL ENERGY INTERCONNECTION RESEARCH INSTITUTE,cpc_code::C25B-003/25,1,86637940
assignee_cpc_code,assignee::GLOBAL ENERGY INTERCONNECTION RESEARCH INSTITUTE,cpc_code::C25B-009/19,1,86637940
assignee_cpc_code,assignee::GLOBAL ENERGY INTERCONNECTION RESEARCH INSTITUTE,cpc_code::C25B-011/02,1,86637940
assignee_cpc_code,assignee::GLOBAL ENERGY INTERCONNECTION RESEARCH INSTITUTE,cpc_code::C25B-011/055,1,86637940
assignee_cpc_code,assignee::GUANGDONG POWER GRID,cpc_code::C25B-001/23,1,100072108
assignee_cpc_code,assignee::GUANGDONG POWER GRID,cpc_code::C25B-011/02,1,100072108
assignee_cpc_code,assignee::GUANGDONG POWER GRID,cpc_code::C25B-011/065,1,100072108
assignee_cpc_code,assignee::GUANGDONG POWER GRID,cpc_code::C25B-011/091,1,100072108
assignee_cpc_code,assignee::GUO HUANG ([US]),cpc_code::C25B-001/04,1,44441678
assignee_cpc_code,assignee::GUO HUANG ([US]),cpc_code::C25B-009/19,1,44441678
assignee_cpc_code,assignee::GUO HUANG ([US]),cpc_code::C25B-009/23,1,44441678
assignee_cpc_code,assignee::GUO HUANG ([US]),cpc_code::C25B-011/077,1,44441678
assignee_cpc_code,assignee::GUO HUANG ([US]),cpc_code::Y02E-060/36,1,44441678
assignee_cpc_code,assignee::GUONENG SANHE POWER GENERATION,cpc_code::C25B-001/00,1,115347016
assignee_cpc_code,assignee::GUONENG SANHE POWER GENERATION,cpc_code::C25B-001/02,1,115347016
assignee_cpc_code,assignee::GUONENG SANHE POWER GENERATION,cpc_code::C25B-001/10,1,115347016
assignee_cpc_code,assignee::GUONENG SANHE POWER GENERATION,cpc_code::C25B-003/04,1,115347016
assignee_cpc_code,assignee::GUONENG SANHE POWER GENERATION,cpc_code::C25B-009/08,1,115347016
assignee_cpc_code,assignee::GUONENG SANHE POWER GENERATION,cpc_code::C25B-009/10,1,115347016
assignee_cpc_code,assignee::GUONENG SANHE POWER GENERATION,cpc_code::C25B-011/04/05,1,115347016
assignee_cpc_code,assignee::GUONENG SANHE POWER GENERATION,cpc_code::C25B-011/04/15,1,115347016
assignee_cpc_code,assignee::GUONENG SANHE POWER GENERATION,cpc_code::C25B-011/04/73,1,115347016
assignee_cpc_code,assignee::GUONENG SANHE POWER GENERATION,cpc_code::C25B-015/08,1,115347016
assignee_cpc_code,assignee::HANYANG UNIVERSITY,cpc_code::B01D-067/00/06,1,105886055
assignee_cpc_code,assignee::HANYANG UNIVERSITY,cpc_code::B01D-069/02,1,105886055
assignee_cpc_code,assignee::HANYANG UNIVERSITY,cpc_code::B01D-069/106,1,105886055
assignee_cpc_code,assignee::HANYANG UNIVERSITY,cpc_code::B01D-069/12/5,1,105886055
assignee_cpc_code,assignee::HANYANG UNIVERSITY,cpc_code::B01D-071/58,1,105886055
assignee_cpc_code,assignee::HANYANG UNIVERSITY,cpc_code::B01D-071/60,1,105886055
assignee_cpc_code,assignee::HANYANG UNIVERSITY,cpc_code::B01D-071/62,1,105886055
assignee_cpc_code,assignee::HANYANG UNIVERSITY,cpc_code::B01D-071/76,1,105886055
assignee_cpc_code,assignee::HANYANG UNIVERSITY,cpc_code::B01D-2323/081,1,105886055
assignee_cpc_code,assignee::HANYANG UNIVERSITY,cpc_code::B01D-2323/219,1,105886055
assignee_cpc_code,assignee::HANYANG UNIVERSITY,cpc_code::C08J-005/22/06,1,100582928
assignee_cpc_code,assignee::HANYANG UNIVERSITY,cpc_code::C08J-005/22/56,1,100582928
assignee_cpc_code,assignee::HANYANG UNIVERSITY,cpc_code::C08J-2365/00,1,100582928
assignee_cpc_code,assignee::HANYANG UNIVERSITY,cpc_code::C25B-001/04,1,100582928
assignee_cpc_code,assignee::HANYANG UNIVERSITY,cpc_code::C25B-013/02,1,100582928
assignee_cpc_code,assignee::HANYANG UNIVERSITY,cpc_code::C25B-013/08,1,100582928
assignee_cpc_code,assignee::HANYANG UNIVERSITY,cpc_code::H01M-008/08/3,1,100582928
assignee_cpc_code,assignee::HANYANG UNIVERSITY,cpc_code::H01M-008/10/39,1,100582928
assignee_cpc_code,assignee::HANYANG UNIVERSITY,cpc_code::H01M-008/10/53,1,100582928
assignee_cpc_code,assignee::HANYANG UNIVERSITY,cpc_code::H01M-008/10/6,1,100582928
assignee_cpc_code,assignee::HARBIN INSTITUTE OF TECHNOLOGY,cpc_code::C25B-001/00/3,1,116773798
assignee_cpc_code,assignee::HARBIN INSTITUTE OF TECHNOLOGY,cpc_code::C25B-001/04,1,116773798
assignee_cpc_code,assignee::HARBIN INSTITUTE OF TECHNOLOGY,cpc_code::C25B-001/23,1,102352265
assignee_cpc_code,assignee::HARBIN INSTITUTE OF TECHNOLOGY,cpc_code::C25B-003/07,1,102352265
assignee_cpc_code,assignee::HARBIN INSTITUTE OF TECHNOLOGY,cpc_code::C25B-003/26,1,102352265
assignee_cpc_code,assignee::HARBIN INSTITUTE OF TECHNOLOGY,cpc_code::C25B-011/04/52,1,116773798
assignee_cpc_code,assignee::HARBIN INSTITUTE OF TECHNOLOGY,cpc_code::C25B-011/04/78,1,116773798
assignee_cpc_code,assignee::HARBIN INSTITUTE OF TECHNOLOGY,cpc_code::C25B-011/04/84,1,116773798
assignee_cpc_code,assignee::HARBIN INSTITUTE OF TECHNOLOGY,cpc_code::H01M-004/90/16,1,116773798
assignee_cpc_code,assignee::HARBIN INSTITUTE OF TECHNOLOGY,cpc_code::Y02E-060/366,1,116773798
assignee_cpc_code,assignee::HEBEI UNIVERSITY OF SCIENCE & TECHNOLOGY,cpc_code::B01J-008/18/27,1,96729039
assignee_cpc_code,assignee::HEBEI UNIVERSITY OF SCIENCE & TECHNOLOGY,cpc_code::B01J-008/28,1,96729039
assignee_cpc_code,assignee::HEBEI UNIVERSITY OF SCIENCE & TECHNOLOGY,cpc_code::B01J-008/34,1,96729039
assignee_cpc_code,assignee::HEBEI UNIVERSITY OF SCIENCE & TECHNOLOGY,cpc_code::B01J-008/38/6,1,96729039
assignee_cpc_code,assignee::HEBEI UNIVERSITY OF SCIENCE & TECHNOLOGY,cpc_code::C01B-032/40,1,96729039
assignee_cpc_code,assignee::HEBEI UNIVERSITY OF SCIENCE & TECHNOLOGY,cpc_code::C10B-053/04,1,96729039
assignee_cpc_code,assignee::HEBEI UNIVERSITY OF SCIENCE & TECHNOLOGY,cpc_code::C10B-057/00/5,1,96729039
assignee_cpc_code,assignee::HEILONGJIANG QIZHENG HIGH TECHNOLOGY MATERIAL TECHNOLOGY,cpc_code::C25B-001/27,1,108401777
assignee_cpc_code,assignee::HEILONGJIANG QIZHENG HIGH TECHNOLOGY MATERIAL TECHNOLOGY,cpc_code::C25B-009/19,1,108401777
assignee_cpc_code,assignee::HEILONGJIANG QIZHENG HIGH TECHNOLOGY MATERIAL TECHNOLOGY,cpc_code::C25B-009/23,1,108163425
assignee_cpc_code,assignee::HEILONGJIANG QIZHENG HIGH TECHNOLOGY MATERIAL TECHNOLOGY,cpc_code::C25B-011/031,1,108401777
assignee_cpc_code,assignee::HENAN UNIVERSITY,cpc_code::C25B-001/23,1,108569271
assignee_cpc_code,assignee::HENAN UNIVERSITY,cpc_code::C25B-011/091,1,108569271
assignee_cpc_code,assignee::HENAN UNIVERSITY OF TECHNOLOGY,cpc_code::C22C-001/00,1,110304393
assignee_cpc_code,assignee::HENAN UNIVERSITY OF TECHNOLOGY,cpc_code::C25B-001/23,1,110304393
assignee_cpc_code,assignee::HENAN UNIVERSITY OF TECHNOLOGY,cpc_code::C25B-003/03,1,110304393
assignee_cpc_code,assignee::HENAN UNIVERSITY OF TECHNOLOGY,cpc_code::C25B-003/07,1,110304393
assignee_cpc_code,assignee::HENAN UNIVERSITY OF TECHNOLOGY,cpc_code::C25B-003/26,1,110304393
assignee_cpc_code,assignee::HENAN UNIVERSITY OF TECHNOLOGY,cpc_code::C25B-011/075,1,110304393
assignee_cpc_code,assignee::HENAN UNIVERSITY OF TECHNOLOGY,cpc_code::C25B-011/081,1,110304393
assignee_cpc_code,assignee::HIROSAKI UNIVERSITY,cpc_code::C01B-032/40,1,86205375
assignee_cpc_code,assignee::HIROSAKI UNIVERSITY,cpc_code::C01F-007/16,1,86205375
assignee_cpc_code,assignee::HIROSAKI UNIVERSITY,cpc_code::C25B-001/00,1,86205375
assignee_cpc_code,assignee::HIROSAKI UNIVERSITY,cpc_code::C25B-001/02,1,86205375
assignee_cpc_code,assignee::HIROSAKI UNIVERSITY,cpc_code::C25B-001/23,1,86205375
assignee_cpc_code,assignee::HIROSAKI UNIVERSITY,cpc_code::C25B-009/06,1,86205375
assignee_cpc_code,assignee::HIROSAKI UNIVERSITY,cpc_code::C25B-009/10,1,86205375
assignee_cpc_code,assignee::HIROSAKI UNIVERSITY,cpc_code::C25B-009/17,1,86205375
assignee_cpc_code,assignee::HIROSAKI UNIVERSITY,cpc_code::C25B-009/23,1,86205375
assignee_cpc_code,assignee::HIROSAKI UNIVERSITY,cpc_code::C25B-011/04/26,1,86205375
assignee_cpc_code,assignee::HITACHI,cpc_code::B01D-053/86,1,101956586
assignee_cpc_code,assignee::HITACHI,cpc_code::C07C-001/12,1,107089672
assignee_cpc_code,assignee::HITACHI,cpc_code::C07C-002/84,1,107089672
assignee_cpc_code,assignee::HITACHI,cpc_code::C07C-009/04,1,107089672
assignee_cpc_code,assignee::HITACHI,cpc_code::C07C-009/06,1,107089672
assignee_cpc_code,assignee::HITACHI,cpc_code::C07C-009/08,1,107089672
assignee_cpc_code,assignee::HITACHI,cpc_code::C10G-002/32,1,96314074
assignee_cpc_code,assignee::HITACHI,cpc_code::C10K-003/02/6,1,96314074
assignee_cpc_code,assignee::HITACHI,cpc_code::C21D-001/06,1,101956586
assignee_cpc_code,assignee::HITACHI,cpc_code::C21D-001/76,1,101956586
assignee_cpc_code,assignee::HITACHI,cpc_code::C25B-001/02,1,96314074
assignee_cpc_code,assignee::HITACHI,cpc_code::C25B-001/04,1,96314074
assignee_cpc_code,assignee::HITACHI,cpc_code::C25B-001/042,1,107089672
assignee_cpc_code,assignee::HITACHI,cpc_code::C25B-009/23,1,96314074
assignee_cpc_code,assignee::HITACHI,cpc_code::C25B-011/031,1,96314074
assignee_cpc_code,assignee::HITACHI,cpc_code::C25B-011/053,1,96314074
assignee_cpc_code,assignee::HITACHI,cpc_code::C25B-011/091,1,96314074
assignee_cpc_code,assignee::HITACHI,cpc_code::C25B-015/023,1,101956586
assignee_cpc_code,assignee::HITACHI,cpc_code::C25B-015/08,1,101956586
assignee_cpc_code,assignee::HITACHI,cpc_code::F27D-007/00,1,101956586
assignee_cpc_code,assignee::HITACHI,cpc_code::F27D-007/02,1,101956586
assignee_cpc_code,assignee::HONDA MOTOR,cpc_code::B01D-053/14/75,1,111586005
assignee_cpc_code,assignee::HONDA MOTOR,cpc_code::B01D-053/62,1,106413270
assignee_cpc_code,assignee::HONDA MOTOR,cpc_code::B01D-053/78,1,106413270
assignee_cpc_code,assignee::HONDA MOTOR,cpc_code::B01D-053/96/5,1,106413270
assignee_cpc_code,assignee::HONDA MOTOR,cpc_code::B01D-2251/306,1,106413270
assignee_cpc_code,assignee::HONDA MOTOR,cpc_code::B01D-2251/604,1,106413270
assignee_cpc_code,assignee::HONDA MOTOR,cpc_code::B01D-2257/502,1,111586005
assignee_cpc_code,assignee::HONDA MOTOR,cpc_code::B01D-2258/01,1,106413270
assignee_cpc_code,assignee::HONDA MOTOR,cpc_code::B01D-2258/06,1,106413270
assignee_cpc_code,assignee::HONDA MOTOR,cpc_code::C01B-032/50,1,106413270
assignee_cpc_code,assignee::HONDA MOTOR,cpc_code::C07C-001/04/25,1,101968427
assignee_cpc_code,assignee::HONDA MOTOR,cpc_code::C07C-001/04/85,1,101968427
assignee_cpc_code,assignee::HONDA MOTOR,cpc_code::C25B-001/042,1,101968427
assignee_cpc_code,assignee::HONDA MOTOR,cpc_code::C25B-001/23,1,101968427
assignee_cpc_code,assignee::HONDA MOTOR,cpc_code::C25B-003/03,1,111586005
assignee_cpc_code,assignee::HONDA MOTOR,cpc_code::C25B-009/19,1,101968427
assignee_cpc_code,assignee::HONDA MOTOR,cpc_code::C25B-009/23,1,111586005
assignee_cpc_code,assignee::HONDA MOTOR,cpc_code::C25B-009/70,1,111586005
assignee_cpc_code,assignee::HONDA MOTOR,cpc_code::C25B-011/032,1,114240811
assignee_cpc_code,assignee::HONDA MOTOR,cpc_code::C25B-011/065,1,114240811
assignee_cpc_code,assignee::HONDA MOTOR,cpc_code::C25B-011/075,1,114240811
assignee_cpc_code,assignee::HONDA MOTOR,cpc_code::C25B-011/081,1,114240811
assignee_cpc_code,assignee::HONDA MOTOR,cpc_code::C25B-015/083,1,101968427
assignee_cpc_code,assignee::HONDA MOTOR,cpc_code::C25B-015/087,1,101968427
assignee_cpc_code,assignee::HONDA MOTOR,cpc_code::Y02E-060/36,1,101968427
assignee_cpc_code,assignee::HUADIAN ENVIRONMENT PROTECTION ENGINEERING,cpc_code::C25B-001/23,1,113078510
assignee_cpc_code,assignee::HUADIAN ENVIRONMENT PROTECTION ENGINEERING,cpc_code::C25B-011/02,1,113078510
assignee_cpc_code,assignee::HUADIAN ENVIRONMENT PROTECTION ENGINEERING,cpc_code::C25B-011/081,1,113078510
assignee_cpc_code,assignee::HUADIAN ENVIRONMENT PROTECTION ENGINEERING,cpc_code::C25B-011/091,1,113078510
assignee_cpc_code,assignee::HUADIAN ENVIRONMENT PROTECTION ENGINEERING,cpc_code::Y02E-060/36,1,113078510
assignee_cpc_code,assignee::HUANENG GROUP,cpc_code::Y02E-060/36,1,100799928
assignee_cpc_code,assignee::HUAZHONG UNIVERSITY OF SCIENCE & TECHNOLOGY,cpc_code::B01D-053/78,1,114892955
assignee_cpc_code,assignee::HUAZHONG UNIVERSITY OF SCIENCE & TECHNOLOGY,cpc_code::B01D-053/86,1,102493599
assignee_cpc_code,assignee::HUAZHONG UNIVERSITY OF SCIENCE & TECHNOLOGY,cpc_code::B01D-053/96,1,114892955
assignee_cpc_code,assignee::HUAZHONG UNIVERSITY OF SCIENCE & TECHNOLOGY,cpc_code::B01D-2255/1023,1,102493599
assignee_cpc_code,assignee::HUAZHONG UNIVERSITY OF SCIENCE & TECHNOLOGY,cpc_code::B01D-2255/20707,1,102493599
assignee_cpc_code,assignee::HUAZHONG UNIVERSITY OF SCIENCE & TECHNOLOGY,cpc_code::B01D-2255/20761,1,102493599
assignee_cpc_code,assignee::HUAZHONG UNIVERSITY OF SCIENCE & TECHNOLOGY,cpc_code::B01D-2255/70,1,102493599
assignee_cpc_code,assignee::HUAZHONG UNIVERSITY OF SCIENCE & TECHNOLOGY,cpc_code::B01D-2255/802,1,102493599
assignee_cpc_code,assignee::HUAZHONG UNIVERSITY OF SCIENCE & TECHNOLOGY,cpc_code::C25B-001/04,1,101335911
assignee_cpc_code,assignee::HUAZHONG UNIVERSITY OF SCIENCE & TECHNOLOGY,cpc_code::C25B-001/23,1,101335911
assignee_cpc_code,assignee::HUAZHONG UNIVERSITY OF SCIENCE & TECHNOLOGY,cpc_code::C25B-003/07,1,101335911
assignee_cpc_code,assignee::HUAZHONG UNIVERSITY OF SCIENCE & TECHNOLOGY,cpc_code::C25B-003/26,1,101335911
assignee_cpc_code,assignee::HUAZHONG UNIVERSITY OF SCIENCE & TECHNOLOGY,cpc_code::C25B-009/00,1,101335911
assignee_cpc_code,assignee::HUAZHONG UNIVERSITY OF SCIENCE & TECHNOLOGY,cpc_code::C25B-015/00,1,101335911
assignee_cpc_code,assignee::HUAZHONG UNIVERSITY OF SCIENCE & TECHNOLOGY,cpc_code::H01M-010/24,1,101335911
assignee_cpc_code,assignee::HUAZHONG UNIVERSITY OF SCIENCE & TECHNOLOGY,cpc_code::H01M-012/06,1,101335911
assignee_cpc_code,assignee::HUAZHONG UNIVERSITY OF SCIENCE & TECHNOLOGY,cpc_code::Y02P-020/133,1,101335911
assignee_cpc_code,assignee::HUNAN UNIVERSITY,cpc_code::C25B-001/23,1,108739790
assignee_cpc_code,assignee::HUNAN UNIVERSITY,cpc_code::C25B-009/19,1,108739790
assignee_cpc_code,assignee::HUNAN UNIVERSITY,cpc_code::C25B-011/043,1,108739790
assignee_cpc_code,assignee::HUNAN UNIVERSITY,cpc_code::C25B-011/054,1,108739790
assignee_cpc_code,assignee::HUNAN UNIVERSITY,cpc_code::C25B-011/065,1,108739790
assignee_cpc_code,assignee::IDEMITSU KOSAN,cpc_code::C01B-032/05,1,106316002
assignee_cpc_code,assignee::IDEMITSU KOSAN,cpc_code::C01B-032/40,1,106316002
assignee_cpc_code,assignee::IDEMITSU KOSAN,cpc_code::C01P-2002/60,1,106316002
assignee_cpc_code,assignee::IDEMITSU KOSAN,cpc_code::C01P-2004/60,1,106316002
assignee_cpc_code,assignee::IDEMITSU KOSAN,cpc_code::C25B-001/00,1,110939894
assignee_cpc_code,assignee::IDEMITSU KOSAN,cpc_code::C25B-001/10,1,110939894
assignee_cpc_code,assignee::IDEMITSU KOSAN,cpc_code::C25B-001/46,1,110939894
assignee_cpc_code,assignee::IDEMITSU KOSAN,cpc_code::C25B-003/03,1,110939894
assignee_cpc_code,assignee::IDEMITSU KOSAN,cpc_code::C25B-003/25,1,102708989
assignee_cpc_code,assignee::IDEMITSU KOSAN,cpc_code::C25B-009/00,1,102708989
assignee_cpc_code,assignee::IDEMITSU KOSAN,cpc_code::C25B-009/08,1,110939894
assignee_cpc_code,assignee::IDEMITSU KOSAN,cpc_code::C25B-009/10,1,110939894
assignee_cpc_code,assignee::IDEMITSU KOSAN,cpc_code::C25B-009/73,1,102708989
assignee_cpc_code,assignee::IDEMITSU KOSAN,cpc_code::C25B-011/02,1,110939894
assignee_cpc_code,assignee::IDEMITSU KOSAN,cpc_code::C25B-011/032,1,106316002
assignee_cpc_code,assignee::IDEMITSU KOSAN,cpc_code::C25B-011/037,1,106316002
assignee_cpc_code,assignee::IDEMITSU KOSAN,cpc_code::C25B-011/04,1,102708989
assignee_cpc_code,assignee::IDEMITSU KOSAN,cpc_code::C25B-011/051,1,101871167
assignee_cpc_code,assignee::IDEMITSU KOSAN,cpc_code::C25B-011/052,1,101871167
assignee_cpc_code,assignee::IDEMITSU KOSAN,cpc_code::C25B-011/069,1,101871167
assignee_cpc_code,assignee::IDEMITSU KOSAN,cpc_code::C25B-015/085,1,101871166
assignee_cpc_code,assignee::IHI,cpc_code::C25B-001/04,1,96823449
assignee_cpc_code,assignee::IHI,cpc_code::C25B-001/23,1,96823449
assignee_cpc_code,assignee::IHI,cpc_code::C25B-009/70,1,96823449
assignee_cpc_code,assignee::IHI,cpc_code::C25B-009/73,1,96823449
assignee_cpc_code,assignee::IHI,cpc_code::C25B-009/77,1,96823449
assignee_cpc_code,assignee::IHI,cpc_code::C25B-013/07,1,96823449
assignee_cpc_code,assignee::IHI,cpc_code::C25B-015/08,1,96823449
assignee_cpc_code,assignee::IHI,cpc_code::Y02E-060/36,1,96823449
assignee_cpc_code,assignee::IHI,cpc_code::Y02P-020/133,1,96823449
assignee_cpc_code,assignee::INFINIUM,cpc_code::C01B-003/12,1,106413185
assignee_cpc_code,assignee::INFINIUM,cpc_code::C01B-2203/0415,1,106413185
assignee_cpc_code,assignee::INFINIUM,cpc_code::C01B-2203/043,1,106413185
assignee_cpc_code,assignee::INFINIUM,cpc_code::C01B-2203/046,1,106413185
assignee_cpc_code,assignee::INFINIUM,cpc_code::C01B-2203/0475,1,106413185
assignee_cpc_code,assignee::INFINIUM,cpc_code::C01B-2203/062,1,106413185
assignee_cpc_code,assignee::INFINIUM,cpc_code::C10G-002/32,1,106413185
assignee_cpc_code,assignee::INFINIUM,cpc_code::C10G-002/341,1,106413185
assignee_cpc_code,assignee::INFINIUM,cpc_code::C10G-2300/307,1,106413185
assignee_cpc_code,assignee::INFINIUM,cpc_code::C10G-2400/02,1,106413185
assignee_cpc_code,assignee::INSTITUTE OF AUTOMATION - CHINESE ACADEMY OF SCIENCES,cpc_code::C25B-011/02,1,115363192
assignee_cpc_code,assignee::INSTITUTE OF AUTOMATION - CHINESE ACADEMY OF SCIENCES,cpc_code::Y02E-060/366,1,115363192
assignee_cpc_code,assignee::INSTITUTE OF CHEMICAL INDUSTRY OF FOREST PRODUCTS CHINESE ACADEMY OF FORESTRY,cpc_code::C01B-032/40,1,105036941
assignee_cpc_code,assignee::INSTITUTE OF COAL CHEMISTRY - CHINESE ACADEMY OF SCIENCE,cpc_code::C25B-001/00,1,79172273
assignee_cpc_code,assignee::INSTITUTE OF COAL CHEMISTRY - CHINESE ACADEMY OF SCIENCE,cpc_code::C25B-003/25,1,79172273
assignee_cpc_code,assignee::INSTITUTE OF COAL CHEMISTRY - CHINESE ACADEMY OF SCIENCE,cpc_code::C25B-011/091,1,79172273
assignee_cpc_code,assignee::INSTITUTE OF PROCESS ENGINEERING - CHINESE ACADEMY OF SCIENCES,cpc_code::B01D-053/62,1,116298732
assignee_cpc_code,assignee::INSTITUTE OF PROCESS ENGINEERING - CHINESE ACADEMY OF SCIENCES,cpc_code::B01D-2257/504,1,116298732
assignee_cpc_code,assignee::INSTITUTE OF PROCESS ENGINEERING - CHINESE ACADEMY OF SCIENCES,cpc_code::B01J-035/00/13,1,116298732
assignee_cpc_code,assignee::INSTITUTE OF PROCESS ENGINEERING - CHINESE ACADEMY OF SCIENCES,cpc_code::B01J-035/00/33,1,116298732
assignee_cpc_code,assignee::INSTITUTE OF PROCESS ENGINEERING - CHINESE ACADEMY OF SCIENCES,cpc_code::B82Y-030/00,1,116298732
assignee_cpc_code,assignee::INSTITUTE OF PROCESS ENGINEERING - CHINESE ACADEMY OF SCIENCES,cpc_code::B82Y-040/00,1,116298732
assignee_cpc_code,assignee::INSTITUTE OF PROCESS ENGINEERING - CHINESE ACADEMY OF SCIENCES,cpc_code::C25B-001/00/3,1,116298732
assignee_cpc_code,assignee::INSTITUTE OF PROCESS ENGINEERING - CHINESE ACADEMY OF SCIENCES,cpc_code::C25B-001/04,1,116298732
assignee_cpc_code,assignee::INSTITUTE OF PROCESS ENGINEERING - CHINESE ACADEMY OF SCIENCES,cpc_code::C25B-003/04,1,116298732
assignee_cpc_code,assignee::INSTITUTE OF PROCESS ENGINEERING - CHINESE ACADEMY OF SCIENCES,cpc_code::C25B-003/07,1,98666737
assignee_cpc_code,assignee::INSTITUTE OF PROCESS ENGINEERING - CHINESE ACADEMY OF SCIENCES,cpc_code::C25B-003/26,1,98666737
assignee_cpc_code,assignee::INSTITUTE OF PROCESS ENGINEERING - CHINESE ACADEMY OF SCIENCES,cpc_code::C25B-011/061,1,98666737
assignee_cpc_code,assignee::INSTITUTE OF PROCESS ENGINEERING - CHINESE ACADEMY OF SCIENCES,cpc_code::C25B-011/095,1,98666737
assignee_cpc_code,assignee::INSTITUTE OF PROCESS ENGINEERING - CHINESE ACADEMY OF SCIENCES,cpc_code::C25B-015/08,1,117825503
assignee_cpc_code,assignee::INSTITUTE OF PROCESS ENGINEERING - CHINESE ACADEMY OF SCIENCES,cpc_code::Y02E-060/366,1,117825503
assignee_cpc_code,assignee::INSTITUTE OF PROCESS ENGINEERING - CHINESE ACADEMY OF SCIENCES,cpc_code::Y02P-020/152,1,117825503
assignee_cpc_code,assignee::IQBAL GULFAM ([US]),cpc_code::C25B-001/04,1,44441678
assignee_cpc_code,assignee::IQBAL GULFAM ([US]),cpc_code::C25B-009/19,1,44441678
assignee_cpc_code,assignee::IQBAL GULFAM ([US]),cpc_code::C25B-009/23,1,44441678
assignee_cpc_code,assignee::IQBAL GULFAM ([US]),cpc_code::C25B-011/077,1,44441678
assignee_cpc_code,assignee::IQBAL GULFAM ([US]),cpc_code::Y02E-060/36,1,44441678
assignee_cpc_code,assignee::ISTITUTO ITALIANO DI TECNOLOGIA,cpc_code::B01J-023/72,1,96558426
assignee_cpc_code,assignee::ISTITUTO ITALIANO DI TECNOLOGIA,cpc_code::B01J-023/843/5,1,96558426
assignee_cpc_code,assignee::ISTITUTO ITALIANO DI TECNOLOGIA,cpc_code::B01J-035/00/33,1,96558426
assignee_cpc_code,assignee::ISTITUTO ITALIANO DI TECNOLOGIA,cpc_code::B01J-037/03/1,1,96558426
assignee_cpc_code,assignee::ISTITUTO ITALIANO DI TECNOLOGIA,cpc_code::B01J-037/08,1,96558426
assignee_cpc_code,assignee::ISTITUTO ITALIANO DI TECNOLOGIA,cpc_code::C25B-001/23,1,96558426
assignee_cpc_code,assignee::ISTITUTO ITALIANO DI TECNOLOGIA,cpc_code::C25B-011/02,1,96558426
assignee_cpc_code,assignee::ISTITUTO ITALIANO DI TECNOLOGIA,cpc_code::C25B-011/037,1,96558426
assignee_cpc_code,assignee::ISTITUTO ITALIANO DI TECNOLOGIA,cpc_code::C25B-011/043,1,96558426
assignee_cpc_code,assignee::ISTITUTO ITALIANO DI TECNOLOGIA,cpc_code::C25B-011/061,1,96558426
assignee_cpc_code,assignee::JAPAN SCIENCE & TECHNOLOGY AGENCY,cpc_code::C01B-032/40,1,86205375
assignee_cpc_code,assignee::JAPAN SCIENCE & TECHNOLOGY AGENCY,cpc_code::C01F-007/16,1,86205375
assignee_cpc_code,assignee::JAPAN SCIENCE & TECHNOLOGY AGENCY,cpc_code::C25B-001/00,1,86205375
assignee_cpc_code,assignee::JAPAN SCIENCE & TECHNOLOGY AGENCY,cpc_code::C25B-001/02,1,86205375
assignee_cpc_code,assignee::JAPAN SCIENCE & TECHNOLOGY AGENCY,cpc_code::C25B-001/23,1,86205375
assignee_cpc_code,assignee::JAPAN SCIENCE & TECHNOLOGY AGENCY,cpc_code::C25B-009/06,1,86205375
assignee_cpc_code,assignee::JAPAN SCIENCE & TECHNOLOGY AGENCY,cpc_code::C25B-009/10,1,86205375
assignee_cpc_code,assignee::JAPAN SCIENCE & TECHNOLOGY AGENCY,cpc_code::C25B-009/17,1,86205375
assignee_cpc_code,assignee::JAPAN SCIENCE & TECHNOLOGY AGENCY,cpc_code::C25B-009/23,1,86205375
assignee_cpc_code,assignee::JAPAN SCIENCE & TECHNOLOGY AGENCY,cpc_code::C25B-011/04/26,1,86205375
assignee_cpc_code,assignee::JIANGSU UNIVERSITY,cpc_code::B82Y-030/00,1,105493992
assignee_cpc_code,assignee::JIANGSU UNIVERSITY,cpc_code::B82Y-040/00,1,105493992
assignee_cpc_code,assignee::JIANGSU UNIVERSITY,cpc_code::C25B-001/50,1,105493992
assignee_cpc_code,assignee::JIANGSU UNIVERSITY,cpc_code::C25B-001/55,1,105437834
assignee_cpc_code,assignee::JIANGSU UNIVERSITY,cpc_code::C25B-003/26,1,105437834
assignee_cpc_code,assignee::JIANGSU UNIVERSITY,cpc_code::C25B-011/032,1,96701999
assignee_cpc_code,assignee::JIANGSU UNIVERSITY,cpc_code::C25B-011/052,1,96701999
assignee_cpc_code,assignee::JIANGSU UNIVERSITY,cpc_code::C25B-011/054,1,105493992
assignee_cpc_code,assignee::JIANGSU UNIVERSITY,cpc_code::C25B-011/065,1,105493992
assignee_cpc_code,assignee::JIANGSU UNIVERSITY,cpc_code::C25B-011/073,1,96701999
assignee_cpc_code,assignee::JIANGSU UNIVERSITY,cpc_code::C25B-011/081,1,96701999
assignee_cpc_code,assignee::JIANGSU UNIVERSITY,cpc_code::C25B-011/097,1,96701999
assignee_cpc_code,assignee::JOHNS HOPKINS UNIVERSITY,cpc_code::C25B-003/07,1,112177579
assignee_cpc_code,assignee::JOHNS HOPKINS UNIVERSITY,cpc_code::C25B-003/25,1,112177579
assignee_cpc_code,assignee::JOHNS HOPKINS UNIVERSITY,cpc_code::C25B-003/26,1,112177579
assignee_cpc_code,assignee::JOHNS HOPKINS UNIVERSITY,cpc_code::C25B-009/15,1,112177579
assignee_cpc_code,assignee::JOHNS HOPKINS UNIVERSITY,cpc_code::C25B-009/19,1,112177579
assignee_cpc_code,assignee::JOHNS HOPKINS UNIVERSITY,cpc_code::C25B-011/037,1,112177579
assignee_cpc_code,assignee::JOHNS HOPKINS UNIVERSITY,cpc_code::C25B-011/052,1,115708489
assignee_cpc_code,assignee::JOHNS HOPKINS UNIVERSITY,cpc_code::C25B-011/065,1,115708489
assignee_cpc_code,assignee::JOHNS HOPKINS UNIVERSITY,cpc_code::C25B-011/075,1,112177579
assignee_cpc_code,assignee::JOHNS HOPKINS UNIVERSITY,cpc_code::C25B-011/077,1,112177579
assignee_cpc_code,assignee::JOHNS HOPKINS UNIVERSITY,cpc_code::C25B-011/089,1,115708489
assignee_cpc_code,assignee::JOHNS HOPKINS UNIVERSITY,cpc_code::C25D-003/56/5,1,115708489
assignee_cpc_code,assignee::KANG BRUCE S ([US]),cpc_code::C25B-001/04,1,44441678
assignee_cpc_code,assignee::KANG BRUCE S ([US]),cpc_code::C25B-009/19,1,44441678
assignee_cpc_code,assignee::KANG BRUCE S ([US]),cpc_code::C25B-009/23,1,44441678
assignee_cpc_code,assignee::KANG BRUCE S ([US]),cpc_code::C25B-011/077,1,44441678
assignee_cpc_code,assignee::KANG BRUCE S ([US]),cpc_code::Y02E-060/36,1,44441678
assignee_cpc_code,assignee::KATHOLIEKE UNIVERSITEIT LEUVEN,cpc_code::C22B-003/04/5,1,102038550
assignee_cpc_code,assignee::KATHOLIEKE UNIVERSITEIT LEUVEN,cpc_code::C22B-003/16,1,102038550
assignee_cpc_code,assignee::KATHOLIEKE UNIVERSITEIT LEUVEN,cpc_code::C22B-003/42,1,102038550
assignee_cpc_code,assignee::KATHOLIEKE UNIVERSITEIT LEUVEN,cpc_code::C22B-011/04,1,102038550
assignee_cpc_code,assignee::KATHOLIEKE UNIVERSITEIT LEUVEN,cpc_code::C22B-011/042,1,102038550
assignee_cpc_code,assignee::KATHOLIEKE UNIVERSITEIT LEUVEN,cpc_code::C25B-001/23,1,102038550
assignee_cpc_code,assignee::KATHOLIEKE UNIVERSITEIT LEUVEN,cpc_code::C25B-009/17,1,102038550
assignee_cpc_code,assignee::KATHOLIEKE UNIVERSITEIT LEUVEN,cpc_code::C25B-011/032,1,102038550
assignee_cpc_code,assignee::KATHOLIEKE UNIVERSITEIT LEUVEN,cpc_code::C25B-011/044,1,102038550
assignee_cpc_code,assignee::KATHOLIEKE UNIVERSITEIT LEUVEN,cpc_code::C25C-001/20,1,102038550
assignee_cpc_code,assignee::KING FAHD UNIVERSITY OF PETROLEUM & MINERALS,cpc_code::C01B-032/40,1,115039917
assignee_cpc_code,assignee::KING FAHD UNIVERSITY OF PETROLEUM & MINERALS,cpc_code::C25B-001/04,1,115039917
assignee_cpc_code,assignee::KING FAHD UNIVERSITY OF PETROLEUM & MINERALS,cpc_code::C25B-001/23,1,115039917
assignee_cpc_code,assignee::KING FAHD UNIVERSITY OF PETROLEUM & MINERALS,cpc_code::C25B-003/07,1,115039917
assignee_cpc_code,assignee::KING FAHD UNIVERSITY OF PETROLEUM & MINERALS,cpc_code::C25B-003/26,1,115039917
assignee_cpc_code,assignee::KING FAHD UNIVERSITY OF PETROLEUM & MINERALS,cpc_code::C25B-009/17,1,115039917
assignee_cpc_code,assignee::KING FAHD UNIVERSITY OF PETROLEUM & MINERALS,cpc_code::C25B-011/02,1,115039917
assignee_cpc_code,assignee::KING FAHD UNIVERSITY OF PETROLEUM & MINERALS,cpc_code::C25B-011/052,1,115039917
assignee_cpc_code,assignee::KING FAHD UNIVERSITY OF PETROLEUM & MINERALS,cpc_code::C25B-011/065,1,115039917
assignee_cpc_code,assignee::KING FAHD UNIVERSITY OF PETROLEUM & MINERALS,cpc_code::C25B-011/075,1,115039917
assignee_cpc_code,assignee::KOREA ADVANCED INSTITUTE OF SCIENCE & TECHNOLOGY,cpc_code::B82Y-040/00,1,115109027
assignee_cpc_code,assignee::KOREA ADVANCED INSTITUTE OF SCIENCE & TECHNOLOGY,cpc_code::C01B-032/40,1,35372708
assignee_cpc_code,assignee::KOREA ADVANCED INSTITUTE OF SCIENCE & TECHNOLOGY,cpc_code::C25B-001/04,1,115109027
assignee_cpc_code,assignee::KOREA ADVANCED INSTITUTE OF SCIENCE & TECHNOLOGY,cpc_code::C25B-001/042,1,35372708
assignee_cpc_code,assignee::KOREA ADVANCED INSTITUTE OF SCIENCE & TECHNOLOGY,cpc_code::C25B-003/26,1,115109027
assignee_cpc_code,assignee::KOREA ADVANCED INSTITUTE OF SCIENCE & TECHNOLOGY,cpc_code::C25B-009/17,1,115109027
assignee_cpc_code,assignee::KOREA ADVANCED INSTITUTE OF SCIENCE & TECHNOLOGY,cpc_code::C25B-009/19,1,35372708
assignee_cpc_code,assignee::KOREA ADVANCED INSTITUTE OF SCIENCE & TECHNOLOGY,cpc_code::C25B-011/067,1,115109027
assignee_cpc_code,assignee::KOREA ADVANCED INSTITUTE OF SCIENCE & TECHNOLOGY,cpc_code::C25B-011/0773,1,115109027
assignee_cpc_code,assignee::KOREA ADVANCED INSTITUTE OF SCIENCE & TECHNOLOGY,cpc_code::C25B-011/089,1,115109027
assignee_cpc_code,assignee::KOREA ADVANCED INSTITUTE OF SCIENCE & TECHNOLOGY,cpc_code::C25B-011/091,1,35372708
assignee_cpc_code,assignee::KOREA ADVANCED INSTITUTE OF SCIENCE & TECHNOLOGY,cpc_code::C25B-013/05,1,35372708
assignee_cpc_code,assignee::KOREA ADVANCED INSTITUTE OF SCIENCE & TECHNOLOGY,cpc_code::C25B-013/07,1,115109027
assignee_cpc_code,assignee::KOREA ADVANCED INSTITUTE OF SCIENCE & TECHNOLOGY,cpc_code::C25B-015/02,1,115109027
assignee_cpc_code,assignee::KOREA ADVANCED INSTITUTE OF SCIENCE & TECHNOLOGY,cpc_code::Y02E-060/36,1,35372708
assignee_cpc_code,assignee::KOREA INSTITUTE OF ENERGY RESEARCH,cpc_code::C01B-003/02,1,74496528
assignee_cpc_code,assignee::KOREA INSTITUTE OF ENERGY RESEARCH,cpc_code::C01B-003/22,1,74496528
assignee_cpc_code,assignee::KOREA INSTITUTE OF ENERGY RESEARCH,cpc_code::C25B-001/00,1,74496528
assignee_cpc_code,assignee::KOREA INSTITUTE OF ENERGY RESEARCH,cpc_code::C25B-001/04,1,74496528
assignee_cpc_code,assignee::KOREA INSTITUTE OF ENERGY RESEARCH,cpc_code::C25B-001/042,1,74496528
assignee_cpc_code,assignee::KOREA INSTITUTE OF ENERGY RESEARCH,cpc_code::C25B-001/12,1,74496528
assignee_cpc_code,assignee::KOREA INSTITUTE OF ENERGY RESEARCH,cpc_code::C25B-001/23,1,74496528
assignee_cpc_code,assignee::KOREA INSTITUTE OF ENERGY RESEARCH,cpc_code::C25B-009/00,1,74496528
assignee_cpc_code,assignee::KOREA INSTITUTE OF ENERGY RESEARCH,cpc_code::C25B-009/05,1,74496528
assignee_cpc_code,assignee::KOREA INSTITUTE OF ENERGY RESEARCH,cpc_code::C25B-009/10,1,74496528
assignee_cpc_code,assignee::KOREA INSTITUTE OF INDUSTRIAL TECHNOLOGY,cpc_code::C01B-032/40,1,84680718
assignee_cpc_code,assignee::KOREA INSTITUTE OF INDUSTRIAL TECHNOLOGY,cpc_code::C25B-001/00,1,84680718
assignee_cpc_code,assignee::KOREA INSTITUTE OF INDUSTRIAL TECHNOLOGY,cpc_code::C25B-001/01,1,84680718
assignee_cpc_code,assignee::KOREA INSTITUTE OF INDUSTRIAL TECHNOLOGY,cpc_code::C25B-009/08,1,84680718
assignee_cpc_code,assignee::KOREA INSTITUTE OF INDUSTRIAL TECHNOLOGY,cpc_code::C25B-009/19,1,84680718
assignee_cpc_code,assignee::KOREA INSTITUTE OF INDUSTRIAL TECHNOLOGY,cpc_code::C25B-011/03/5,1,84680718
assignee_cpc_code,assignee::KOREA INSTITUTE OF INDUSTRIAL TECHNOLOGY,cpc_code::C25B-011/031,1,84680718
assignee_cpc_code,assignee::KOREA INSTITUTE OF INDUSTRIAL TECHNOLOGY,cpc_code::C25B-011/04/1,1,84680718
assignee_cpc_code,assignee::KOREA INSTITUTE OF INDUSTRIAL TECHNOLOGY,cpc_code::C25B-011/055,1,84680718
assignee_cpc_code,assignee::KOREA INSTITUTE OF INDUSTRIAL TECHNOLOGY,cpc_code::C25B-015/08,1,84680718
assignee_cpc_code,assignee::KOREA INSTITUTE OF SCIENCE & TECHNOLOGY,cpc_code::B01D-067/00/93,1,108851809
assignee_cpc_code,assignee::KOREA INSTITUTE OF SCIENCE & TECHNOLOGY,cpc_code::B01D-069/12,1,108851809
assignee_cpc_code,assignee::KOREA INSTITUTE OF SCIENCE & TECHNOLOGY,cpc_code::B01D-071/22,1,108851809
assignee_cpc_code,assignee::KOREA INSTITUTE OF SCIENCE & TECHNOLOGY,cpc_code::B01D-071/34,1,108851809
assignee_cpc_code,assignee::KOREA INSTITUTE OF SCIENCE & TECHNOLOGY,cpc_code::B01D-071/36,1,108851809
assignee_cpc_code,assignee::KOREA INSTITUTE OF SCIENCE & TECHNOLOGY,cpc_code::B01D-071/50,1,108851809
assignee_cpc_code,assignee::KOREA INSTITUTE OF SCIENCE & TECHNOLOGY,cpc_code::B01D-071/56,1,108851809
assignee_cpc_code,assignee::KOREA INSTITUTE OF SCIENCE & TECHNOLOGY,cpc_code::B01D-2323/02,1,108851809
assignee_cpc_code,assignee::KOREA INSTITUTE OF SCIENCE & TECHNOLOGY,cpc_code::B01D-2323/04,1,108851809
assignee_cpc_code,assignee::KOREA INSTITUTE OF SCIENCE & TECHNOLOGY,cpc_code::B01D-2325/02831,1,108851809
assignee_cpc_code,assignee::KOREA INSTITUTE OF SCIENCE & TECHNOLOGY,cpc_code::C01B-003/02,1,103934571
assignee_cpc_code,assignee::KOREA INSTITUTE OF SCIENCE & TECHNOLOGY,cpc_code::C07C-029/151,1,103934571
assignee_cpc_code,assignee::KOREA INSTITUTE OF SCIENCE & TECHNOLOGY,cpc_code::C07C-031/04,1,103934571
assignee_cpc_code,assignee::KOREA INSTITUTE OF SCIENCE & TECHNOLOGY,cpc_code::C25B-003/26,1,116414667
assignee_cpc_code,assignee::KOREA INSTITUTE OF SCIENCE & TECHNOLOGY,cpc_code::C25B-009/19,1,103934571
assignee_cpc_code,assignee::KOREA INSTITUTE OF SCIENCE & TECHNOLOGY,cpc_code::C25B-011/02,1,103934571
assignee_cpc_code,assignee::KOREA INSTITUTE OF SCIENCE & TECHNOLOGY,cpc_code::C25B-011/032,1,116414667
assignee_cpc_code,assignee::KOREA INSTITUTE OF SCIENCE & TECHNOLOGY,cpc_code::C25B-011/043,1,116414667
assignee_cpc_code,assignee::KOREA INSTITUTE OF SCIENCE & TECHNOLOGY,cpc_code::C25B-011/052,1,116414667
assignee_cpc_code,assignee::KOREA INSTITUTE OF SCIENCE & TECHNOLOGY,cpc_code::C25B-011/065,1,116414667
assignee_cpc_code,assignee::KOREA INSTITUTE OF SCIENCE & TECHNOLOGY,cpc_code::C25B-011/075,1,116414667
assignee_cpc_code,assignee::KOREA INSTITUTE OF SCIENCE & TECHNOLOGY,cpc_code::C25B-011/081,1,116414667
assignee_cpc_code,assignee::KOREA INSTITUTE OF SCIENCE & TECHNOLOGY,cpc_code::C25B-013/08,1,116414667
assignee_cpc_code,assignee::KOREA INSTITUTE OF SCIENCE & TECHNOLOGY,cpc_code::C25B-015/081,1,103934571
assignee_cpc_code,assignee::KRICT KOREA RESEARCH INSTITUTE OF CHEMICAL TECHNOLOGY,cpc_code::C25B-001/23,1,112969726
assignee_cpc_code,assignee::KRICT KOREA RESEARCH INSTITUTE OF CHEMICAL TECHNOLOGY,cpc_code::C25B-009/19,1,112969726
assignee_cpc_code,assignee::KRICT KOREA RESEARCH INSTITUTE OF CHEMICAL TECHNOLOGY,cpc_code::C25B-009/65,1,112969726
assignee_cpc_code,assignee::KRICT KOREA RESEARCH INSTITUTE OF CHEMICAL TECHNOLOGY,cpc_code::C25B-011/051,1,112969726
assignee_cpc_code,assignee::KRICT KOREA RESEARCH INSTITUTE OF CHEMICAL TECHNOLOGY,cpc_code::C25B-013/07,1,112969726
assignee_cpc_code,assignee::KUNMING UNIVERSITY OF SCIENCE & TECHNOLOGY,cpc_code::C25B-001/14,1,88204087
assignee_cpc_code,assignee::KUNMING UNIVERSITY OF SCIENCE & TECHNOLOGY,cpc_code::C25B-001/18,1,88204087
assignee_cpc_code,assignee::KUNMING UNIVERSITY OF SCIENCE & TECHNOLOGY,cpc_code::C25B-001/46,1,98164251
assignee_cpc_code,assignee::KUNMING UNIVERSITY OF SCIENCE & TECHNOLOGY,cpc_code::C25B-001/50,1,100252610
assignee_cpc_code,assignee::KUNMING UNIVERSITY OF SCIENCE & TECHNOLOGY,cpc_code::C25B-003/04,1,116293199
assignee_cpc_code,assignee::KUNMING UNIVERSITY OF SCIENCE & TECHNOLOGY,cpc_code::C25B-003/07,1,100427008
assignee_cpc_code,assignee::KUNMING UNIVERSITY OF SCIENCE & TECHNOLOGY,cpc_code::C25B-003/26,1,111363754
assignee_cpc_code,assignee::KUNMING UNIVERSITY OF SCIENCE & TECHNOLOGY,cpc_code::C25B-009/00,1,98164251
assignee_cpc_code,assignee::KUNMING UNIVERSITY OF SCIENCE & TECHNOLOGY,cpc_code::C25B-009/08,1,116293199
assignee_cpc_code,assignee::KUNMING UNIVERSITY OF SCIENCE & TECHNOLOGY,cpc_code::C25B-009/60,1,105028031
assignee_cpc_code,assignee::KUNMING UNIVERSITY OF SCIENCE & TECHNOLOGY,cpc_code::C25B-009/70,1,98164251
assignee_cpc_code,assignee::KUNMING UNIVERSITY OF SCIENCE & TECHNOLOGY,cpc_code::C25B-011/036,1,105028031
assignee_cpc_code,assignee::KUNMING UNIVERSITY OF SCIENCE & TECHNOLOGY,cpc_code::C25B-011/04/47,1,116434365
assignee_cpc_code,assignee::KUNMING UNIVERSITY OF SCIENCE & TECHNOLOGY,cpc_code::C25B-011/091,1,100427008
assignee_cpc_code,assignee::KUNMING UNIVERSITY OF SCIENCE & TECHNOLOGY,cpc_code::C25B-013/02,1,116293199
assignee_cpc_code,assignee::KUNMING UNIVERSITY OF SCIENCE & TECHNOLOGY,cpc_code::C25B-013/08,1,116293199
assignee_cpc_code,assignee::KUNMING UNIVERSITY OF SCIENCE & TECHNOLOGY,cpc_code::Y02E-060/36,1,100252610
assignee_cpc_code,assignee::KYUSHU UNIVERSITY,cpc_code::C25B-001/00,1,118083135
assignee_cpc_code,assignee::KYUSHU UNIVERSITY,cpc_code::C25B-001/00/3,1,118083135
assignee_cpc_code,assignee::KYUSHU UNIVERSITY,cpc_code::C25B-001/04,1,118083135
assignee_cpc_code,assignee::KYUSHU UNIVERSITY,cpc_code::C25B-011/02,1,118083135
assignee_cpc_code,assignee::KYUSHU UNIVERSITY,cpc_code::C25B-011/03/5,1,118083135
assignee_cpc_code,assignee::KYUSHU UNIVERSITY,cpc_code::C25B-011/04,1,118083135
assignee_cpc_code,assignee::KYUSHU UNIVERSITY,cpc_code::C25B-011/04/05,1,118083135
assignee_cpc_code,assignee::KYUSHU UNIVERSITY,cpc_code::C25B-011/04/47,1,118083135
assignee_cpc_code,assignee::KYUSHU UNIVERSITY,cpc_code::C25B-011/04/52,1,118083135
assignee_cpc_code,assignee::KYUSHU UNIVERSITY,cpc_code::C25B-011/04/78,1,118083135
assignee_cpc_code,assignee::LG CHEM,cpc_code::C08G-073/06/27,1,118157483
assignee_cpc_code,assignee::LG CHEM,cpc_code::C08J-005/22/56,1,118157483
assignee_cpc_code,assignee::LG CHEM,cpc_code::C08J-2379/04,1,118157483
assignee_cpc_code,assignee::LG CHEM,cpc_code::C25B-001/10,1,113645537
assignee_cpc_code,assignee::LG CHEM,cpc_code::C25B-003/04,1,113645537
assignee_cpc_code,assignee::LG CHEM,cpc_code::C25B-009/00,1,113645537
assignee_cpc_code,assignee::LG CHEM,cpc_code::C25B-009/08,1,113645537
assignee_cpc_code,assignee::LG CHEM,cpc_code::C25B-009/10,1,113645537
assignee_cpc_code,assignee::LG CHEM,cpc_code::C25B-011/032,1,109306069
assignee_cpc_code,assignee::LG CHEM,cpc_code::C25B-015/08,1,112678154
assignee_cpc_code,assignee::LG CHEM,cpc_code::C25B-015/083,1,112678154
assignee_cpc_code,assignee::LIAONING UNIVERSITY,cpc_code::C25B-001/23,1,104822026
assignee_cpc_code,assignee::LIAONING UNIVERSITY,cpc_code::C25B-011/051,1,104822026
assignee_cpc_code,assignee::LIAONING UNIVERSITY,cpc_code::C25B-011/065,1,104822026
assignee_cpc_code,assignee::LIAONING UNIVERSITY,cpc_code::C25B-011/095,1,104822026
assignee_cpc_code,assignee::LIAONING UNIVERSITY,cpc_code::Y02E-060/50,1,104822026
assignee_cpc_code,assignee::LINDE,cpc_code::B01D-053/04,1,85758103
assignee_cpc_code,assignee::LINDE,cpc_code::B01D-053/047,1,82565553
assignee_cpc_code,assignee::LINDE,cpc_code::B01D-053/14/87,1,85758103
assignee_cpc_code,assignee::LINDE,cpc_code::B01D-053/22/9,1,85758103
assignee_cpc_code,assignee::LINDE,cpc_code::B01D-053/75,1,85758103
assignee_cpc_code,assignee::LINDE,cpc_code::B01D-2253/102,1,85758103
assignee_cpc_code,assignee::LINDE,cpc_code::B01D-2253/108,1,85758103
assignee_cpc_code,assignee::LINDE,cpc_code::B01D-2256/22,1,85758103
assignee_cpc_code,assignee::LINDE,cpc_code::C01B-032/50,1,85758108
assignee_cpc_code,assignee::LINDE,cpc_code::C25B-001/12,1,85758116
assignee_cpc_code,assignee::LINDE,cpc_code::C25B-003/04,1,82565553
assignee_cpc_code,assignee::LINDE,cpc_code::C25B-003/25,1,82565553
assignee_cpc_code,assignee::LINDE,cpc_code::C25B-009/05,1,85758116
assignee_cpc_code,assignee::LINDE,cpc_code::C25B-009/20/6,1,85758108
assignee_cpc_code,assignee::LINDE,cpc_code::C25B-009/70,1,85758108
assignee_cpc_code,assignee::LINDE,cpc_code::C25B-009/73,1,85758108
assignee_cpc_code,assignee::LINDE,cpc_code::C25B-015/02,1,82565553
assignee_cpc_code,assignee::LINDE,cpc_code::C25B-015/083,1,85758116
assignee_cpc_code,assignee::LINDE,cpc_code::C25B-015/087,1,85758116
assignee_cpc_code,assignee::LIQUID SUN,cpc_code::C25B-001/23,1,115866554
assignee_cpc_code,assignee::LIQUID SUN,cpc_code::C25B-003/26,1,115866554
assignee_cpc_code,assignee::LIQUID SUN,cpc_code::C25B-009/23,1,115866554
assignee_cpc_code,assignee::LIQUID SUN,cpc_code::C25B-009/77,1,115866554
assignee_cpc_code,assignee::LIQUID SUN,cpc_code::C25B-011/081,1,115866554
assignee_cpc_code,assignee::LIQUID SUN,cpc_code::C25B-011/089,1,115866554
assignee_cpc_code,assignee::LIQUID SUN,cpc_code::C25B-015/00,1,115866554
assignee_cpc_code,assignee::LOTTE CHEMICAL,cpc_code::B01J-031/16,1,100393580
assignee_cpc_code,assignee::LOTTE CHEMICAL,cpc_code::B01J-031/16/91,1,100393580
assignee_cpc_code,assignee::LOTTE CHEMICAL,cpc_code::B01J-031/28,1,100393580
assignee_cpc_code,assignee::LOTTE CHEMICAL,cpc_code::B01J-037/02,1,100393580
assignee_cpc_code,assignee::LOTTE CHEMICAL,cpc_code::C25B-001/23,1,100393580
assignee_cpc_code,assignee::LOTTE CHEMICAL,cpc_code::C25B-003/26,1,100393580
assignee_cpc_code,assignee::LOTTE CHEMICAL,cpc_code::C25B-011/031,1,100393580
assignee_cpc_code,assignee::LOTTE CHEMICAL,cpc_code::C25B-011/052,1,100393580
assignee_cpc_code,assignee::LOTTE CHEMICAL,cpc_code::C25B-011/065,1,100393580
assignee_cpc_code,assignee::LOTTE CHEMICAL,cpc_code::C25B-011/075,1,100393580
assignee_cpc_code,assignee::MANUFACTURING SYSTEMS,cpc_code::C25B-001/00,1,85904334
assignee_cpc_code,assignee::MANUFACTURING SYSTEMS,cpc_code::C25B-001/04,1,85904334
assignee_cpc_code,assignee::MANUFACTURING SYSTEMS,cpc_code::C25B-001/044,1,85904334
assignee_cpc_code,assignee::MANUFACTURING SYSTEMS,cpc_code::C25B-001/27,1,85904334
assignee_cpc_code,assignee::MANUFACTURING SYSTEMS,cpc_code::C25B-001/30,1,85904334
assignee_cpc_code,assignee::MANUFACTURING SYSTEMS,cpc_code::C25B-003/02,1,85904334
assignee_cpc_code,assignee::MANUFACTURING SYSTEMS,cpc_code::C25B-003/04,1,85904334
assignee_cpc_code,assignee::MANUFACTURING SYSTEMS,cpc_code::C25B-003/07,1,85904334
assignee_cpc_code,assignee::MANUFACTURING SYSTEMS,cpc_code::C25B-003/09,1,85904334
assignee_cpc_code,assignee::MANUFACTURING SYSTEMS,cpc_code::C25B-003/23,1,85904334
assignee_cpc_code,assignee::MITSUBISHI ELECTRIC,cpc_code::B01J-019/00/13,1,104127510
assignee_cpc_code,assignee::MITSUBISHI ELECTRIC,cpc_code::B01J-019/24,1,104127510
assignee_cpc_code,assignee::MITSUBISHI ELECTRIC,cpc_code::B01J-2219/00087,1,104127510
assignee_cpc_code,assignee::MITSUBISHI ELECTRIC,cpc_code::B01J-2219/00103,1,104127510
assignee_cpc_code,assignee::MITSUBISHI ELECTRIC,cpc_code::B01J-2219/00108,1,104127510
assignee_cpc_code,assignee::MITSUBISHI ELECTRIC,cpc_code::B01J-2219/0011,1,104127510
assignee_cpc_code,assignee::MITSUBISHI ELECTRIC,cpc_code::B01J-2219/00117,1,104127510
assignee_cpc_code,assignee::MITSUBISHI ELECTRIC,cpc_code::C10L-003/08,1,104127510
assignee_cpc_code,assignee::MITSUBISHI ELECTRIC,cpc_code::C25B-001/23,1,104127510
assignee_cpc_code,assignee::MITSUBISHI ELECTRIC,cpc_code::C25B-009/19,1,104127510
assignee_cpc_code,assignee::MITSUI KINZOKU,cpc_code::C25B-003/26,1,114240811
assignee_cpc_code,assignee::MITSUI KINZOKU,cpc_code::C25B-011/032,1,114240811
assignee_cpc_code,assignee::MITSUI KINZOKU,cpc_code::C25B-011/065,1,114240811
assignee_cpc_code,assignee::MITSUI KINZOKU,cpc_code::C25B-011/075,1,114240811
assignee_cpc_code,assignee::MITSUI KINZOKU,cpc_code::C25B-011/081,1,114240811
assignee_cpc_code,assignee::MITSUI MINING & SMELTING,cpc_code::C25B-003/26,1,114240811
assignee_cpc_code,assignee::MITSUI MINING & SMELTING,cpc_code::C25B-011/032,1,114240811
assignee_cpc_code,assignee::MITSUI MINING & SMELTING,cpc_code::C25B-011/065,1,114240811
assignee_cpc_code,assignee::MITSUI MINING & SMELTING,cpc_code::C25B-011/075,1,114240811
assignee_cpc_code,assignee::MITSUI MINING & SMELTING,cpc_code::C25B-011/081,1,114240811
assignee_cpc_code,assignee::NANJING FORESTRY UNIVERSITY,cpc_code::C01B-032/40,1,105036941
assignee_cpc_code,assignee::NANJING UNIVERSITY OF SCIENCE & TECHNOLOGY,cpc_code::C25B-001/23,1,106672290
assignee_cpc_code,assignee::NANJING UNIVERSITY OF SCIENCE & TECHNOLOGY,cpc_code::C25B-009/05,1,106672290
assignee_cpc_code,assignee::NANJING UNIVERSITY OF SCIENCE & TECHNOLOGY,cpc_code::C25B-009/19,1,106672290
assignee_cpc_code,assignee::NANJING UNIVERSITY OF SCIENCE & TECHNOLOGY,cpc_code::C25B-011/00,1,106672290
assignee_cpc_code,assignee::NANJING UNIVERSITY OF TECHNOLOGY,cpc_code::B01J-023/89/26,1,91898287
assignee_cpc_code,assignee::NANJING UNIVERSITY OF TECHNOLOGY,cpc_code::B01J-035/33,1,91898287
assignee_cpc_code,assignee::NANJING UNIVERSITY OF TECHNOLOGY,cpc_code::B01J-037/03/5,1,91898287
assignee_cpc_code,assignee::NANJING UNIVERSITY OF TECHNOLOGY,cpc_code::B01J-037/34/8,1,91898287
assignee_cpc_code,assignee::NANJING UNIVERSITY OF TECHNOLOGY,cpc_code::C25B-001/00,1,91898287
assignee_cpc_code,assignee::NEWSOUTH INNOVATIONS,cpc_code::B01J-021/18,1,104024514
assignee_cpc_code,assignee::NEWSOUTH INNOVATIONS,cpc_code::B01J-021/18/5,1,104024514
assignee_cpc_code,assignee::NEWSOUTH INNOVATIONS,cpc_code::B01J-023/74,1,104024514
assignee_cpc_code,assignee::NEWSOUTH INNOVATIONS,cpc_code::B01J-023/755,1,104024514
assignee_cpc_code,assignee::NEWSOUTH INNOVATIONS,cpc_code::B01J-035/33,1,104024514
assignee_cpc_code,assignee::NEWSOUTH INNOVATIONS,cpc_code::B01J-037/06,1,104024514
assignee_cpc_code,assignee::NEWSOUTH INNOVATIONS,cpc_code::B01J-037/08,1,104024514
assignee_cpc_code,assignee::NEWSOUTH INNOVATIONS,cpc_code::B01J-037/08/2,1,104024514
assignee_cpc_code,assignee::NEWSOUTH INNOVATIONS,cpc_code::B01J-037/08/4,1,104024514
assignee_cpc_code,assignee::NEWSOUTH INNOVATIONS,cpc_code::C01B-032/162,1,104024514
assignee_cpc_code,assignee::NGK INSULATORS,cpc_code::Y02E-060/50,1,116562374
assignee_cpc_code,assignee::NINGBO CARBON NEW ENERGY TECHNOLOGY,cpc_code::C25B-001/23,1,101555236
assignee_cpc_code,assignee::NINGBO CARBON NEW ENERGY TECHNOLOGY,cpc_code::C25B-011/02,1,101555236
assignee_cpc_code,assignee::NINGBO CARBON NEW ENERGY TECHNOLOGY,cpc_code::C25B-011/061,1,101555236
assignee_cpc_code,assignee::NINGBO CARBON NEW ENERGY TECHNOLOGY,cpc_code::Y02E-060/36,1,101555236
assignee_cpc_code,assignee::NINGBO INSTITUTE OF MATERIALS TECHNOLOGY & ENGINEERING - CHINESE ACADEMY OF SCIENCES,cpc_code::C25B-001/10,1,115136805
assignee_cpc_code,assignee::NINGBO INSTITUTE OF MATERIALS TECHNOLOGY & ENGINEERING - CHINESE ACADEMY OF SCIENCES,cpc_code::C25B-003/04,1,115136805
assignee_cpc_code,assignee::NINGBO INSTITUTE OF MATERIALS TECHNOLOGY & ENGINEERING - CHINESE ACADEMY OF SCIENCES,cpc_code::C25B-009/10,1,115136805
assignee_cpc_code,assignee::NINGBO INSTITUTE OF MATERIALS TECHNOLOGY & ENGINEERING - CHINESE ACADEMY OF SCIENCES,cpc_code::C25B-011/02,1,115136805
assignee_cpc_code,assignee::NINGBO INSTITUTE OF MATERIALS TECHNOLOGY & ENGINEERING - CHINESE ACADEMY OF SCIENCES,cpc_code::C25B-011/03/5,1,115136805
assignee_cpc_code,assignee::NINGBO INSTITUTE OF MATERIALS TECHNOLOGY & ENGINEERING - CHINESE ACADEMY OF SCIENCES,cpc_code::C25B-011/04/05,1,115136805
assignee_cpc_code,assignee::NINGBO INSTITUTE OF MATERIALS TECHNOLOGY & ENGINEERING - CHINESE ACADEMY OF SCIENCES,cpc_code::C25B-011/04/15,1,115136805
assignee_cpc_code,assignee::NINGBO INSTITUTE OF MATERIALS TECHNOLOGY & ENGINEERING - CHINESE ACADEMY OF SCIENCES,cpc_code::C25B-011/04/47,1,115136805
assignee_cpc_code,assignee::NINGBO INSTITUTE OF MATERIALS TECHNOLOGY & ENGINEERING - CHINESE ACADEMY OF SCIENCES,cpc_code::C25B-015/00,1,94934392
assignee_cpc_code,assignee::NINGXIA UNIVERSITY,cpc_code::C25B-001/23,1,114887582
assignee_cpc_code,assignee::NINGXIA UNIVERSITY,cpc_code::C25B-009/60,1,114887582
assignee_cpc_code,assignee::NINGXIA UNIVERSITY,cpc_code::C25B-011/065,1,114887582
assignee_cpc_code,assignee::NINGXIA UNIVERSITY,cpc_code::C25B-011/091,1,114887582
assignee_cpc_code,assignee::NINGXIA UNIVERSITY,cpc_code::Y02E-060/36,1,114887582
assignee_cpc_code,assignee::NIPPON TELEGRAPH & TELEPHONE,cpc_code::C25B-003/03,1,107639787
assignee_cpc_code,assignee::NIPPON TELEGRAPH & TELEPHONE,cpc_code::C25B-003/07,1,107639787
assignee_cpc_code,assignee::NIPPON TELEGRAPH & TELEPHONE,cpc_code::C25B-003/25,1,107639787
assignee_cpc_code,assignee::NIPPON TELEGRAPH & TELEPHONE,cpc_code::C25B-009/00,1,102808473
assignee_cpc_code,assignee::NIPPON TELEGRAPH & TELEPHONE,cpc_code::C25B-011/03,1,107639787
assignee_cpc_code,assignee::NORTHEASTERN UNIVERSITY OF CHINA,cpc_code::C01D-007/10,1,98505907
assignee_cpc_code,assignee::NORTHEASTERN UNIVERSITY OF CHINA,cpc_code::C25B-001/02,1,98505907
assignee_cpc_code,assignee::NORTHEASTERN UNIVERSITY OF CHINA,cpc_code::C25B-001/23,1,98505907
assignee_cpc_code,assignee::NORTHEASTERN UNIVERSITY OF CHINA,cpc_code::C25B-001/26,1,98505907
assignee_cpc_code,assignee::NORTHEASTERN UNIVERSITY OF CHINA,cpc_code::C25B-001/50,1,98505907
assignee_cpc_code,assignee::NORTHEASTERN UNIVERSITY OF CHINA,cpc_code::C25B-003/03,1,98505907
assignee_cpc_code,assignee::NORTHEASTERN UNIVERSITY OF CHINA,cpc_code::C25B-003/07,1,98505907
assignee_cpc_code,assignee::NORTHEASTERN UNIVERSITY OF CHINA,cpc_code::C25B-003/25,1,98505907
assignee_cpc_code,assignee::NORTHEASTERN UNIVERSITY OF CHINA,cpc_code::C25B-009/21,1,98505907
assignee_cpc_code,assignee::NORTHERN ILLINOIS UNIVERSITY,cpc_code::B01J-021/18,1,98849845
assignee_cpc_code,assignee::NORTHERN ILLINOIS UNIVERSITY,cpc_code::B01J-023/14,1,98849845
assignee_cpc_code,assignee::NORTHERN ILLINOIS UNIVERSITY,cpc_code::B01J-023/18,1,98849845
assignee_cpc_code,assignee::NORTHERN ILLINOIS UNIVERSITY,cpc_code::B01J-023/72,1,98849845
assignee_cpc_code,assignee::NORTHERN ILLINOIS UNIVERSITY,cpc_code::B01J-023/78,1,98849845
assignee_cpc_code,assignee::NORTHERN ILLINOIS UNIVERSITY,cpc_code::B01J-035/00/33,1,98849845
assignee_cpc_code,assignee::NORTHERN ILLINOIS UNIVERSITY,cpc_code::B01J-035/10,1,98849845
assignee_cpc_code,assignee::NORTHERN ILLINOIS UNIVERSITY,cpc_code::B01J-035/10/28,1,98849845
assignee_cpc_code,assignee::NORTHERN ILLINOIS UNIVERSITY,cpc_code::B01J-035/33,1,98849845
assignee_cpc_code,assignee::NORTHERN ILLINOIS UNIVERSITY,cpc_code::B01J-035/60,1,98849845
assignee_cpc_code,assignee::NORTHWESTERN UNIVERSITY,cpc_code::C01B-032/40,1,116476220
assignee_cpc_code,assignee::NORTHWESTERN UNIVERSITY,cpc_code::C25B-001/23,1,116476220
assignee_cpc_code,assignee::NORTHWESTERN UNIVERSITY,cpc_code::C25B-009/19,1,116476220
assignee_cpc_code,assignee::NORTHWESTERN UNIVERSITY,cpc_code::C25B-011/032,1,116476220
assignee_cpc_code,assignee::NORTHWESTERN UNIVERSITY,cpc_code::C25B-011/052,1,116476220
assignee_cpc_code,assignee::NORTHWESTERN UNIVERSITY,cpc_code::C25B-011/054,1,116476220
assignee_cpc_code,assignee::NORTHWESTERN UNIVERSITY,cpc_code::C25B-011/069,1,116476220
assignee_cpc_code,assignee::NORTHWESTERN UNIVERSITY,cpc_code::C25B-011/095,1,116476220
assignee_cpc_code,assignee::NORTHWESTERN UNIVERSITY,cpc_code::C25B-013/02,1,116476220
assignee_cpc_code,assignee::NORTHWESTERN UNIVERSITY,cpc_code::C25B-013/08,1,116476220
assignee_cpc_code,assignee::NUAA - NANJING UNIVERSITY OF AERONAUTICS & ASTRONAUTICS,cpc_code::C25B-001/23,1,111894530
assignee_cpc_code,assignee::NUAA - NANJING UNIVERSITY OF AERONAUTICS & ASTRONAUTICS,cpc_code::C25B-003/26,1,111894530
assignee_cpc_code,assignee::NUAA - NANJING UNIVERSITY OF AERONAUTICS & ASTRONAUTICS,cpc_code::C25B-011/089,1,111894530
assignee_cpc_code,assignee::OSAKA GAS,cpc_code::B01D-053/14/75,1,96376807
assignee_cpc_code,assignee::OSAKA GAS,cpc_code::B01J-021/06/3,1,96376807
assignee_cpc_code,assignee::OSAKA GAS,cpc_code::B01J-021/06/6,1,96376807
assignee_cpc_code,assignee::OSAKA GAS,cpc_code::B01J-021/08,1,96376807
assignee_cpc_code,assignee::OSAKA GAS,cpc_code::B01J-021/18,1,96376807
assignee_cpc_code,assignee::OSAKA GAS,cpc_code::B01J-023/00/2,1,96376807
assignee_cpc_code,assignee::OSAKA GAS,cpc_code::B01J-023/14,1,96376807
assignee_cpc_code,assignee::OSAKA GAS,cpc_code::B01J-023/34,1,96376807
assignee_cpc_code,assignee::OSAKA GAS,cpc_code::B01J-023/42,1,96376807
assignee_cpc_code,assignee::OSAKA GAS,cpc_code::B01J-023/44,1,96376807
assignee_cpc_code,assignee::OSAKA UNIVERSITY,cpc_code::C01B-032/05,1,106316002
assignee_cpc_code,assignee::OSAKA UNIVERSITY,cpc_code::C01B-032/40,1,106316002
assignee_cpc_code,assignee::OSAKA UNIVERSITY,cpc_code::C01P-2002/60,1,106316002
assignee_cpc_code,assignee::OSAKA UNIVERSITY,cpc_code::C01P-2004/60,1,106316002
assignee_cpc_code,assignee::OSAKA UNIVERSITY,cpc_code::C25B-001/23,1,106316002
assignee_cpc_code,assignee::OSAKA UNIVERSITY,cpc_code::C25B-003/26,1,106316002
assignee_cpc_code,assignee::OSAKA UNIVERSITY,cpc_code::C25B-009/23,1,106316002
assignee_cpc_code,assignee::OSAKA UNIVERSITY,cpc_code::C25B-011/032,1,106316002
assignee_cpc_code,assignee::OSAKA UNIVERSITY,cpc_code::C25B-011/037,1,106316002
assignee_cpc_code,assignee::OSAKA UNIVERSITY,cpc_code::C25B-011/054,1,106316002
assignee_cpc_code,assignee::PAUL SCHERRER INSTITUTE,cpc_code::C25B-001/00,1,83256656
assignee_cpc_code,assignee::PAUL SCHERRER INSTITUTE,cpc_code::C25B-001/04,1,83256656
assignee_cpc_code,assignee::PAUL SCHERRER INSTITUTE,cpc_code::C25B-001/23,1,83256656
assignee_cpc_code,assignee::PAUL SCHERRER INSTITUTE,cpc_code::C25B-003/03,1,83256656
assignee_cpc_code,assignee::PAUL SCHERRER INSTITUTE,cpc_code::C25B-003/04,1,83256656
assignee_cpc_code,assignee::PAUL SCHERRER INSTITUTE,cpc_code::C25B-003/07,1,83256656
assignee_cpc_code,assignee::PAUL SCHERRER INSTITUTE,cpc_code::C25B-003/25,1,83256656
assignee_cpc_code,assignee::PAUL SCHERRER INSTITUTE,cpc_code::C25B-003/26,1,83256656
assignee_cpc_code,assignee::PAUL SCHERRER INSTITUTE,cpc_code::C25B-009/10,1,83256656
assignee_cpc_code,assignee::PAUL SCHERRER INSTITUTE,cpc_code::C25B-009/21,1,83256656
assignee_cpc_code,assignee::PENN STATE RESEARCH FOUNDATION,cpc_code::C25B-001/00,1,83842416
assignee_cpc_code,assignee::PENN STATE RESEARCH FOUNDATION,cpc_code::C25B-001/04,1,83842416
assignee_cpc_code,assignee::PENN STATE RESEARCH FOUNDATION,cpc_code::C25B-001/10,1,83842416
assignee_cpc_code,assignee::PENN STATE RESEARCH FOUNDATION,cpc_code::C25B-003/04,1,83842416
assignee_cpc_code,assignee::PENN STATE RESEARCH FOUNDATION,cpc_code::C25B-003/25,1,83842416
assignee_cpc_code,assignee::PENN STATE RESEARCH FOUNDATION,cpc_code::C25B-003/26,1,83842416
assignee_cpc_code,assignee::PENN STATE RESEARCH FOUNDATION,cpc_code::C25B-009/08,1,83842416
assignee_cpc_code,assignee::PENN STATE RESEARCH FOUNDATION,cpc_code::C25B-009/10,1,83842416
assignee_cpc_code,assignee::PENN STATE RESEARCH FOUNDATION,cpc_code::C25B-009/19,1,83842416
assignee_cpc_code,assignee::PENN STATE RESEARCH FOUNDATION,cpc_code::C25B-009/23,1,83842416
assignee_cpc_code,assignee::PIZHOU PAOCHE ANCIENT LIYUAN SCENIC SPOT MANAGEMENT SERVICE,cpc_code::C25B-001/00,1,104914800
assignee_cpc_code,assignee::PIZHOU PAOCHE ANCIENT LIYUAN SCENIC SPOT MANAGEMENT SERVICE,cpc_code::C25B-001/23,1,104914800
assignee_cpc_code,assignee::PIZHOU PAOCHE ANCIENT LIYUAN SCENIC SPOT MANAGEMENT SERVICE,cpc_code::C25B-003/04,1,104914800
assignee_cpc_code,assignee::PIZHOU PAOCHE ANCIENT LIYUAN SCENIC SPOT MANAGEMENT SERVICE,cpc_code::C25B-009/08,1,104914800
assignee_cpc_code,assignee::PIZHOU PAOCHE ANCIENT LIYUAN SCENIC SPOT MANAGEMENT SERVICE,cpc_code::C25B-009/60,1,104914800
assignee_cpc_code,assignee::PIZHOU PAOCHE ANCIENT LIYUAN SCENIC SPOT MANAGEMENT SERVICE,cpc_code::C25B-011/032,1,104914800
assignee_cpc_code,assignee::PIZHOU PAOCHE ANCIENT LIYUAN SCENIC SPOT MANAGEMENT SERVICE,cpc_code::C25B-011/054,1,104914800
assignee_cpc_code,assignee::PIZHOU PAOCHE ANCIENT LIYUAN SCENIC SPOT MANAGEMENT SERVICE,cpc_code::C25B-011/069,1,104914800
assignee_cpc_code,assignee::PRINCETON UNIVERSITY,cpc_code::C25B-003/04,1,83693059
assignee_cpc_code,assignee::PRINCETON UNIVERSITY,cpc_code::C25B-003/07,1,83693059
assignee_cpc_code,assignee::PRINCETON UNIVERSITY,cpc_code::C25B-003/25,1,83693059
assignee_cpc_code,assignee::PRINCETON UNIVERSITY,cpc_code::C25B-003/26,1,83693059
assignee_cpc_code,assignee::PRINCETON UNIVERSITY,cpc_code::C25B-009/06,1,83693059
assignee_cpc_code,assignee::PRINCETON UNIVERSITY,cpc_code::C25B-009/17,1,83693059
assignee_cpc_code,assignee::PRINCETON UNIVERSITY,cpc_code::C25B-011/04/78,1,83693059
assignee_cpc_code,assignee::PRINCETON UNIVERSITY,cpc_code::C25B-011/052,1,83693059
assignee_cpc_code,assignee::PRINCETON UNIVERSITY,cpc_code::C25B-011/089,1,83693059
assignee_cpc_code,assignee::PRINCETON UNIVERSITY,cpc_code::C25B-011/091,1,83693059
assignee_cpc_code,assignee::PUSAN NATIONAL UNIVERSITY INDUSTRY UNIVERSITY COOPERATION FOUNDATION,cpc_code::B01J-021/06/3,1,83172492
assignee_cpc_code,assignee::PUSAN NATIONAL UNIVERSITY INDUSTRY UNIVERSITY COOPERATION FOUNDATION,cpc_code::B01J-021/18,1,83172492
assignee_cpc_code,assignee::PUSAN NATIONAL UNIVERSITY INDUSTRY UNIVERSITY COOPERATION FOUNDATION,cpc_code::B01J-023/46/2,1,83172492
assignee_cpc_code,assignee::PUSAN NATIONAL UNIVERSITY INDUSTRY UNIVERSITY COOPERATION FOUNDATION,cpc_code::B01J-032/00,1,79012090
assignee_cpc_code,assignee::PUSAN NATIONAL UNIVERSITY INDUSTRY UNIVERSITY COOPERATION FOUNDATION,cpc_code::C25B-001/01,1,83172492
assignee_cpc_code,assignee::PUSAN NATIONAL UNIVERSITY INDUSTRY UNIVERSITY COOPERATION FOUNDATION,cpc_code::C25B-001/23,1,79012090
assignee_cpc_code,assignee::PUSAN NATIONAL UNIVERSITY INDUSTRY UNIVERSITY COOPERATION FOUNDATION,cpc_code::C25B-011/04/84,1,79012090
assignee_cpc_code,assignee::PUSAN NATIONAL UNIVERSITY INDUSTRY UNIVERSITY COOPERATION FOUNDATION,cpc_code::C25B-011/093,1,79012090
assignee_cpc_code,assignee::QINGDAO UNIVERSITY OF SCIENCE & TECHNOLOGY,cpc_code::B01D-053/60,1,111204819
assignee_cpc_code,assignee::QINGDAO UNIVERSITY OF SCIENCE & TECHNOLOGY,cpc_code::B01D-053/62,1,111204819
assignee_cpc_code,assignee::QINGDAO UNIVERSITY OF SCIENCE & TECHNOLOGY,cpc_code::B01D-053/78,1,111204819
assignee_cpc_code,assignee::QINGDAO UNIVERSITY OF SCIENCE & TECHNOLOGY,cpc_code::B01D-2257/504,1,111204819
assignee_cpc_code,assignee::QINGDAO UNIVERSITY OF SCIENCE & TECHNOLOGY,cpc_code::C01B-032/50,1,111204819
assignee_cpc_code,assignee::QINGDAO UNIVERSITY OF SCIENCE & TECHNOLOGY,cpc_code::C25B-003/26,1,111204819
assignee_cpc_code,assignee::QUZHOU RESEARCH INSTITUTE OF ZHEJIANG UNIVERSITY,cpc_code::C25B-001/23,1,101562974
assignee_cpc_code,assignee::QUZHOU RESEARCH INSTITUTE OF ZHEJIANG UNIVERSITY,cpc_code::C25B-003/07,1,101562974
assignee_cpc_code,assignee::QUZHOU RESEARCH INSTITUTE OF ZHEJIANG UNIVERSITY,cpc_code::C25B-003/26,1,101562974
assignee_cpc_code,assignee::QUZHOU RESEARCH INSTITUTE OF ZHEJIANG UNIVERSITY,cpc_code::C25B-011/091,1,101562974
assignee_cpc_code,assignee::QUZHOU RESEARCH INSTITUTE OF ZHEJIANG UNIVERSITY,cpc_code::Y02E-060/50,1,101562974
assignee_cpc_code,assignee::QUZHOU RESOURCE CHEMICAL INNOVATION RESEARCH INSTITUTE,cpc_code::B01J-023/00/2,1,115970616
assignee_cpc_code,assignee::QUZHOU RESOURCE CHEMICAL INNOVATION RESEARCH INSTITUTE,cpc_code::B01J-023/72,1,115970616
assignee_cpc_code,assignee::QUZHOU RESOURCE CHEMICAL INNOVATION RESEARCH INSTITUTE,cpc_code::B01J-023/825,1,115970616
assignee_cpc_code,assignee::QUZHOU RESOURCE CHEMICAL INNOVATION RESEARCH INSTITUTE,cpc_code::B01J-027/24,1,115970616
assignee_cpc_code,assignee::QUZHOU RESOURCE CHEMICAL INNOVATION RESEARCH INSTITUTE,cpc_code::B01J-035/00/13,1,115970616
assignee_cpc_code,assignee::QUZHOU RESOURCE CHEMICAL INNOVATION RESEARCH INSTITUTE,cpc_code::B01J-035/00/4,1,115970616
assignee_cpc_code,assignee::QUZHOU RESOURCE CHEMICAL INNOVATION RESEARCH INSTITUTE,cpc_code::B01J-037/03/1,1,115970616
assignee_cpc_code,assignee::QUZHOU RESOURCE CHEMICAL INNOVATION RESEARCH INSTITUTE,cpc_code::B01J-037/03/5,1,115970616
assignee_cpc_code,assignee::QUZHOU RESOURCE CHEMICAL INNOVATION RESEARCH INSTITUTE,cpc_code::B01J-037/08/2,1,115970616
assignee_cpc_code,assignee::QUZHOU RESOURCE CHEMICAL INNOVATION RESEARCH INSTITUTE,cpc_code::B01J-037/08/6,1,115970616
assignee_cpc_code,assignee::REGENTS OF THE UNIVERSITY OF CALIFORNIA,cpc_code::B01J-031/18/15,1,95502318
assignee_cpc_code,assignee::REGENTS OF THE UNIVERSITY OF CALIFORNIA,cpc_code::B01J-031/18/3,1,95502318
assignee_cpc_code,assignee::REGENTS OF THE UNIVERSITY OF CALIFORNIA,cpc_code::B01J-2231/625,1,95502318
assignee_cpc_code,assignee::REGENTS OF THE UNIVERSITY OF CALIFORNIA,cpc_code::B01J-2531/0241,1,95502318
assignee_cpc_code,assignee::REGENTS OF THE UNIVERSITY OF CALIFORNIA,cpc_code::B01J-2531/26,1,95502318
assignee_cpc_code,assignee::REGENTS OF THE UNIVERSITY OF CALIFORNIA,cpc_code::B01J-2531/842,1,95502318
assignee_cpc_code,assignee::REGENTS OF THE UNIVERSITY OF CALIFORNIA,cpc_code::C07F-015/02/5,1,95502318
assignee_cpc_code,assignee::REGENTS OF THE UNIVERSITY OF CALIFORNIA,cpc_code::C25B-001/00,1,114057507
assignee_cpc_code,assignee::REGENTS OF THE UNIVERSITY OF CALIFORNIA,cpc_code::C25B-001/02,1,114057507
assignee_cpc_code,assignee::REGENTS OF THE UNIVERSITY OF CALIFORNIA,cpc_code::C25B-001/23,1,95502318
assignee_cpc_code,assignee::REGENTS OF THE UNIVERSITY OF CALIFORNIA,cpc_code::C25B-001/27,1,114057507
assignee_cpc_code,assignee::REGENTS OF THE UNIVERSITY OF CALIFORNIA,cpc_code::C25B-003/09,1,114057507
assignee_cpc_code,assignee::REGENTS OF THE UNIVERSITY OF CALIFORNIA,cpc_code::C25B-011/073,1,95502318
assignee_cpc_code,assignee::REGENTS OF THE UNIVERSITY OF CALIFORNIA,cpc_code::C25B-013/05,1,114057507
assignee_cpc_code,assignee::REGENTS OF THE UNIVERSITY OF CALIFORNIA,cpc_code::C25B-015/08,1,114057507
assignee_cpc_code,assignee::REGENTS OF THE UNIVERSITY OF CALIFORNIA,cpc_code::C25B-015/083,1,114057507
assignee_cpc_code,assignee::REGENTS OF THE UNIVERSITY OF MICHIGAN,cpc_code::C23C-016/40/5,1,92032595
assignee_cpc_code,assignee::REGENTS OF THE UNIVERSITY OF MICHIGAN,cpc_code::C23C-016/40/7,1,92032595
assignee_cpc_code,assignee::REGENTS OF THE UNIVERSITY OF MICHIGAN,cpc_code::C23C-016/455/25,1,92032595
assignee_cpc_code,assignee::REGENTS OF THE UNIVERSITY OF MICHIGAN,cpc_code::C25B-001/23,1,92032595
assignee_cpc_code,assignee::REGENTS OF THE UNIVERSITY OF MICHIGAN,cpc_code::C25B-001/55,1,92032595
assignee_cpc_code,assignee::REGENTS OF THE UNIVERSITY OF MICHIGAN,cpc_code::C25B-011/02,1,92032595
assignee_cpc_code,assignee::REGENTS OF THE UNIVERSITY OF MICHIGAN,cpc_code::C25B-011/052,1,92032595
assignee_cpc_code,assignee::REGENTS OF THE UNIVERSITY OF MICHIGAN,cpc_code::C25B-011/093,1,92032595
assignee_cpc_code,assignee::REGENTS OF THE UNIVERSITY OF MICHIGAN,cpc_code::Y02P-020/133,1,92032595
assignee_cpc_code,assignee::RESEARCH CENTER FOR ECO ENVIRONMENTAL SCIENCES - CHINESE ACADEMY OF SCIENCES,cpc_code::B01J-023/00/2,1,89672842
assignee_cpc_code,assignee::RESEARCH CENTER FOR ECO ENVIRONMENTAL SCIENCES - CHINESE ACADEMY OF SCIENCES,cpc_code::B01J-023/889/2,1,89672842
assignee_cpc_code,assignee::RESEARCH CENTER FOR ECO ENVIRONMENTAL SCIENCES - CHINESE ACADEMY OF SCIENCES,cpc_code::B01J-035/33,1,89672842
assignee_cpc_code,assignee::RESEARCH CENTER FOR ECO ENVIRONMENTAL SCIENCES - CHINESE ACADEMY OF SCIENCES,cpc_code::B01J-2523/00,1,89672842
assignee_cpc_code,assignee::RESEARCH CENTER FOR ECO ENVIRONMENTAL SCIENCES - CHINESE ACADEMY OF SCIENCES,cpc_code::B22F-001/054,1,89672842
assignee_cpc_code,assignee::RESEARCH CENTER FOR ECO ENVIRONMENTAL SCIENCES - CHINESE ACADEMY OF SCIENCES,cpc_code::B22F-009/22,1,89672842
assignee_cpc_code,assignee::RESEARCH CENTER FOR ECO ENVIRONMENTAL SCIENCES - CHINESE ACADEMY OF SCIENCES,cpc_code::B82Y-030/00,1,89672842
assignee_cpc_code,assignee::RESEARCH CENTER FOR ECO ENVIRONMENTAL SCIENCES - CHINESE ACADEMY OF SCIENCES,cpc_code::C25B-001/00,1,89672842
assignee_cpc_code,assignee::RESEARCH CENTER FOR ECO ENVIRONMENTAL SCIENCES - CHINESE ACADEMY OF SCIENCES,cpc_code::C25B-011/091,1,89672842
assignee_cpc_code,assignee::ROYAL MELBOURNE INSTITUTE OF TECHNOLOGY,cpc_code::B01D-053/14/75,1,116181184
assignee_cpc_code,assignee::ROYAL MELBOURNE INSTITUTE OF TECHNOLOGY,cpc_code::B01D-053/14/93,1,116181184
assignee_cpc_code,assignee::ROYAL MELBOURNE INSTITUTE OF TECHNOLOGY,cpc_code::B01D-053/32/6,1,116181184
assignee_cpc_code,assignee::ROYAL MELBOURNE INSTITUTE OF TECHNOLOGY,cpc_code::B01D-2252/204,1,116181184
assignee_cpc_code,assignee::ROYAL MELBOURNE INSTITUTE OF TECHNOLOGY,cpc_code::B01D-2252/20447,1,116181184
assignee_cpc_code,assignee::ROYAL MELBOURNE INSTITUTE OF TECHNOLOGY,cpc_code::B01D-2257/504,1,116181184
assignee_cpc_code,assignee::ROYAL MELBOURNE INSTITUTE OF TECHNOLOGY,cpc_code::C25B-001/00,1,116181184
assignee_cpc_code,assignee::ROYAL MELBOURNE INSTITUTE OF TECHNOLOGY,cpc_code::C25B-001/23,1,116181184
assignee_cpc_code,assignee::ROYAL MELBOURNE INSTITUTE OF TECHNOLOGY,cpc_code::C25B-003/03,1,116181184
assignee_cpc_code,assignee::ROYAL MELBOURNE INSTITUTE OF TECHNOLOGY,cpc_code::C25B-003/07,1,116181184
assignee_cpc_code,assignee::SANTAN ANHUI TECHNOLOGY RESEARCH INSTITUTE,cpc_code::B22F-001/00,1,105758218
assignee_cpc_code,assignee::SANTAN ANHUI TECHNOLOGY RESEARCH INSTITUTE,cpc_code::B22F-003/10/07,1,105758218
assignee_cpc_code,assignee::SANTAN ANHUI TECHNOLOGY RESEARCH INSTITUTE,cpc_code::C23C-014/16/5,1,105758218
assignee_cpc_code,assignee::SANTAN ANHUI TECHNOLOGY RESEARCH INSTITUTE,cpc_code::C23C-014/35,1,105758218
assignee_cpc_code,assignee::SANTAN ANHUI TECHNOLOGY RESEARCH INSTITUTE,cpc_code::C25B-001/23,1,105758218
assignee_cpc_code,assignee::SANTAN ANHUI TECHNOLOGY RESEARCH INSTITUTE,cpc_code::C25B-001/50,1,105758218
assignee_cpc_code,assignee::SANTAN ANHUI TECHNOLOGY RESEARCH INSTITUTE,cpc_code::C25B-009/19,1,105758218
assignee_cpc_code,assignee::SANTAN ANHUI TECHNOLOGY RESEARCH INSTITUTE,cpc_code::C25B-011/02,1,105758218
assignee_cpc_code,assignee::SANTAN ANHUI TECHNOLOGY RESEARCH INSTITUTE,cpc_code::C25B-011/031,1,105758218
assignee_cpc_code,assignee::SANTAN ANHUI TECHNOLOGY RESEARCH INSTITUTE,cpc_code::C25B-011/042,1,105758218
assignee_cpc_code,assignee::SCATTERBO TECHNOLOGIES BEIJING,cpc_code::B01D-053/14/25,1,106753547
assignee_cpc_code,assignee::SCATTERBO TECHNOLOGIES BEIJING,cpc_code::B01D-053/14/75,1,106753547
assignee_cpc_code,assignee::SCATTERBO TECHNOLOGIES BEIJING,cpc_code::B01D-053/14/93,1,106753547
assignee_cpc_code,assignee::SCATTERBO TECHNOLOGIES BEIJING,cpc_code::B01D-053/62,1,106753547
assignee_cpc_code,assignee::SCATTERBO TECHNOLOGIES BEIJING,cpc_code::B01D-2251/304,1,106753547
assignee_cpc_code,assignee::SCATTERBO TECHNOLOGIES BEIJING,cpc_code::B01D-2257/504,1,106753547
assignee_cpc_code,assignee::SCATTERBO TECHNOLOGIES BEIJING,cpc_code::C01B-013/02/33,1,106753547
assignee_cpc_code,assignee::SCATTERBO TECHNOLOGIES BEIJING,cpc_code::C01B-013/02/85,1,106753547
assignee_cpc_code,assignee::SCATTERBO TECHNOLOGIES BEIJING,cpc_code::C01D-007/00,1,106753547
assignee_cpc_code,assignee::SCATTERBO TECHNOLOGIES BEIJING,cpc_code::C01D-007/07,1,106753547
assignee_cpc_code,assignee::SEKA TOHRO BEIJING SCIENCE & TECHNOLOGY,cpc_code::B01D-053/14/25,1,106753547
assignee_cpc_code,assignee::SEKA TOHRO BEIJING SCIENCE & TECHNOLOGY,cpc_code::B01D-053/14/75,1,106753547
assignee_cpc_code,assignee::SEKA TOHRO BEIJING SCIENCE & TECHNOLOGY,cpc_code::B01D-053/14/93,1,106753547
assignee_cpc_code,assignee::SEKA TOHRO BEIJING SCIENCE & TECHNOLOGY,cpc_code::B01D-053/62,1,106753547
assignee_cpc_code,assignee::SEKA TOHRO BEIJING SCIENCE & TECHNOLOGY,cpc_code::B01D-2251/304,1,106753547
assignee_cpc_code,assignee::SEKA TOHRO BEIJING SCIENCE & TECHNOLOGY,cpc_code::B01D-2257/504,1,106753547
assignee_cpc_code,assignee::SEKA TOHRO BEIJING SCIENCE & TECHNOLOGY,cpc_code::C01B-013/02/33,1,106753547
assignee_cpc_code,assignee::SEKA TOHRO BEIJING SCIENCE & TECHNOLOGY,cpc_code::C01B-013/02/85,1,106753547
assignee_cpc_code,assignee::SEKA TOHRO BEIJING SCIENCE & TECHNOLOGY,cpc_code::C01D-007/00,1,106753547
assignee_cpc_code,assignee::SEKA TOHRO BEIJING SCIENCE & TECHNOLOGY,cpc_code::C01D-007/07,1,106753547
assignee_cpc_code,assignee::SEKISUI CHEMICAL,cpc_code::C07B-041/08,1,110666488
assignee_cpc_code,assignee::SEKISUI CHEMICAL,cpc_code::C07C-068/01,1,110666488
assignee_cpc_code,assignee::SEKISUI CHEMICAL,cpc_code::C25B-003/20,1,106145261
assignee_cpc_code,assignee::SEKISUI CHEMICAL,cpc_code::C25B-003/23,1,106145261
assignee_cpc_code,assignee::SEKISUI CHEMICAL,cpc_code::C25B-003/26,1,110666488
assignee_cpc_code,assignee::SEKISUI CHEMICAL,cpc_code::C25B-003/29,1,106145261
assignee_cpc_code,assignee::SEKISUI CHEMICAL,cpc_code::C25B-009/00,1,110666488
assignee_cpc_code,assignee::SEKISUI CHEMICAL,cpc_code::C25B-009/13,1,110666488
assignee_cpc_code,assignee::SEKISUI CHEMICAL,cpc_code::C25B-009/17,1,106145261
assignee_cpc_code,assignee::SEKISUI CHEMICAL,cpc_code::C25B-009/19,1,110666488
assignee_cpc_code,assignee::SEKISUI CHEMICAL,cpc_code::C25B-009/60,1,110666488
assignee_cpc_code,assignee::SEKISUI CHEMICAL,cpc_code::C25B-011/065,1,106145261
assignee_cpc_code,assignee::SEKISUI CHEMICAL,cpc_code::C25B-011/081,1,106145261
assignee_cpc_code,assignee::SEKISUI CHEMICAL,cpc_code::C25B-011/085,1,106145261
assignee_cpc_code,assignee::SHAANXI COAL INDUSTRY NEW ENERGY TECHNOLOGY,cpc_code::H01M-008/04/089,1,108150520
assignee_cpc_code,assignee::SHAANXI COAL INDUSTRY NEW ENERGY TECHNOLOGY,cpc_code::H01M-008/04/201,1,108150520
assignee_cpc_code,assignee::SHAANXI COAL INDUSTRY NEW ENERGY TECHNOLOGY,cpc_code::H01M-008/04/753,1,108150520
assignee_cpc_code,assignee::SHAANXI COAL INDUSTRY NEW ENERGY TECHNOLOGY,cpc_code::H01M-008/22,1,108150520
assignee_cpc_code,assignee::SHAANXI COAL INDUSTRY NEW ENERGY TECHNOLOGY,cpc_code::H01M-008/24/65,1,108150520
assignee_cpc_code,assignee::SHAANXI COAL INDUSTRY NEW ENERGY TECHNOLOGY,cpc_code::H01M-2008/1293,1,108150520
assignee_cpc_code,assignee::SHAANXI NORMAL UNIVERSITY,cpc_code::C25B-001/00,1,105486835
assignee_cpc_code,assignee::SHAANXI NORMAL UNIVERSITY,cpc_code::C25B-001/01,1,105486835
assignee_cpc_code,assignee::SHAANXI NORMAL UNIVERSITY,cpc_code::C25B-003/04,1,105486835
assignee_cpc_code,assignee::SHAANXI NORMAL UNIVERSITY,cpc_code::C25B-003/26,1,105486835
assignee_cpc_code,assignee::SHAANXI NORMAL UNIVERSITY,cpc_code::C25B-009/08,1,105486835
assignee_cpc_code,assignee::SHAANXI NORMAL UNIVERSITY,cpc_code::C25B-009/65,1,105486835
assignee_cpc_code,assignee::SHAANXI NORMAL UNIVERSITY,cpc_code::C25B-011/032,1,105486835
assignee_cpc_code,assignee::SHAANXI NORMAL UNIVERSITY,cpc_code::C25B-011/04/47,1,105486835
assignee_cpc_code,assignee::SHAANXI UNIVERSITY OF SCIENCE & TECHNOLOGY,cpc_code::B01D-061/42/2,1,116285153
assignee_cpc_code,assignee::SHAANXI UNIVERSITY OF SCIENCE & TECHNOLOGY,cpc_code::B01D-061/44,1,116285153
assignee_cpc_code,assignee::SHAANXI UNIVERSITY OF SCIENCE & TECHNOLOGY,cpc_code::B01D-065/10,1,116285153
assignee_cpc_code,assignee::SHAANXI UNIVERSITY OF SCIENCE & TECHNOLOGY,cpc_code::B01D-067/00/06,1,116285153
assignee_cpc_code,assignee::SHAANXI UNIVERSITY OF SCIENCE & TECHNOLOGY,cpc_code::B01D-069/02,1,116285153
assignee_cpc_code,assignee::SHAANXI UNIVERSITY OF SCIENCE & TECHNOLOGY,cpc_code::B01D-069/12/5,1,116285153
assignee_cpc_code,assignee::SHAANXI UNIVERSITY OF SCIENCE & TECHNOLOGY,cpc_code::B01D-071/06,1,116285153
assignee_cpc_code,assignee::SHAANXI UNIVERSITY OF SCIENCE & TECHNOLOGY,cpc_code::B01D-071/62,1,116285153
assignee_cpc_code,assignee::SHAANXI UNIVERSITY OF SCIENCE & TECHNOLOGY,cpc_code::B01D-071/80,1,116285153
assignee_cpc_code,assignee::SHAANXI UNIVERSITY OF SCIENCE & TECHNOLOGY,cpc_code::B01D-071/82,1,116285153
assignee_cpc_code,assignee::SHANDONG UNIVERSITY OF SCIENCE & TECHNOLOGY,cpc_code::C25B-001/02,1,97840083
assignee_cpc_code,assignee::SHANDONG UNIVERSITY OF SCIENCE & TECHNOLOGY,cpc_code::C25B-001/23,1,97840083
assignee_cpc_code,assignee::SHANDONG UNIVERSITY OF SCIENCE & TECHNOLOGY,cpc_code::C25B-001/50,1,97840083
assignee_cpc_code,assignee::SHANDONG UNIVERSITY OF SCIENCE & TECHNOLOGY,cpc_code::C25B-011/031,1,97840083
assignee_cpc_code,assignee::SHANDONG UNIVERSITY OF SCIENCE & TECHNOLOGY,cpc_code::C25B-011/067,1,97840083
assignee_cpc_code,assignee::SHANDONG UNIVERSITY OF SCIENCE & TECHNOLOGY,cpc_code::C25B-011/091,1,97840083
assignee_cpc_code,assignee::SHANGHAI ADVANCED RESEARCH INSTITUTE - CHINESE ACADEMY OF SCIENCES,cpc_code::B22F-001/02,1,114532676
assignee_cpc_code,assignee::SHANGHAI ADVANCED RESEARCH INSTITUTE - CHINESE ACADEMY OF SCIENCES,cpc_code::B22F-009/22,1,114532676
assignee_cpc_code,assignee::SHANGHAI ADVANCED RESEARCH INSTITUTE - CHINESE ACADEMY OF SCIENCES,cpc_code::B22F-009/24,1,114532676
assignee_cpc_code,assignee::SHANGHAI ADVANCED RESEARCH INSTITUTE - CHINESE ACADEMY OF SCIENCES,cpc_code::C22C-019/03,1,114532676
assignee_cpc_code,assignee::SHANGHAI ADVANCED RESEARCH INSTITUTE - CHINESE ACADEMY OF SCIENCES,cpc_code::C23C-008/10,1,114532676
assignee_cpc_code,assignee::SHANGHAI ADVANCED RESEARCH INSTITUTE - CHINESE ACADEMY OF SCIENCES,cpc_code::C23C-008/80,1,114532676
assignee_cpc_code,assignee::SHANGHAI ADVANCED RESEARCH INSTITUTE - CHINESE ACADEMY OF SCIENCES,cpc_code::C23C-018/12/04,1,114532676
assignee_cpc_code,assignee::SHANGHAI ADVANCED RESEARCH INSTITUTE - CHINESE ACADEMY OF SCIENCES,cpc_code::C23C-018/12/25,1,114532676
assignee_cpc_code,assignee::SHANGHAI ADVANCED RESEARCH INSTITUTE - CHINESE ACADEMY OF SCIENCES,cpc_code::C23C-028/02/1,1,114532676
assignee_cpc_code,assignee::SHANGHAI ADVANCED RESEARCH INSTITUTE - CHINESE ACADEMY OF SCIENCES,cpc_code::C25B-001/00,1,114532676
assignee_cpc_code,assignee::SHANGHAI ELECTRIC,cpc_code::C25B-003/04,1,118096155
assignee_cpc_code,assignee::SHANGHAI ELECTRIC,cpc_code::C25B-011/02,1,118096155
assignee_cpc_code,assignee::SHANGHAI ELECTRIC,cpc_code::C25B-011/04,1,118096155
assignee_cpc_code,assignee::SHANGHAI ELECTRIC,cpc_code::C25B-011/04/05,1,118096155
assignee_cpc_code,assignee::SHANGHAI INSTITUTE OF APPLIED PHYSICS - CHINESE ACADEMY OF SCIENCES,cpc_code::C25B-001/00,1,116709402
assignee_cpc_code,assignee::SHANGHAI INSTITUTE OF APPLIED PHYSICS - CHINESE ACADEMY OF SCIENCES,cpc_code::C25B-003/04,1,116709402
assignee_cpc_code,assignee::SHANGHAI INSTITUTE OF APPLIED PHYSICS - CHINESE ACADEMY OF SCIENCES,cpc_code::C25B-011/04,1,116709402
assignee_cpc_code,assignee::SHANGHAI JIAO TONG UNIVERSITY,cpc_code::C10L-003/10/4,1,105555372
assignee_cpc_code,assignee::SHANGHAI JIAO TONG UNIVERSITY,cpc_code::C25B-001/00,1,104914800
assignee_cpc_code,assignee::SHANGHAI JIAO TONG UNIVERSITY,cpc_code::C25B-001/50,1,105555372
assignee_cpc_code,assignee::SHANGHAI JIAO TONG UNIVERSITY,cpc_code::C25B-003/04,1,104914800
assignee_cpc_code,assignee::SHANGHAI JIAO TONG UNIVERSITY,cpc_code::C25B-009/08,1,104914800
assignee_cpc_code,assignee::SHANGHAI JIAO TONG UNIVERSITY,cpc_code::C25B-009/60,1,104914800
assignee_cpc_code,assignee::SHANGHAI JIAO TONG UNIVERSITY,cpc_code::C25B-011/052,1,105555372
assignee_cpc_code,assignee::SHANGHAI JIAO TONG UNIVERSITY,cpc_code::C25B-011/054,1,104914800
assignee_cpc_code,assignee::SHANGHAI JIAO TONG UNIVERSITY,cpc_code::C25B-011/065,1,105555372
assignee_cpc_code,assignee::SHANGHAI JIAO TONG UNIVERSITY,cpc_code::C25B-011/069,1,104914800
assignee_cpc_code,assignee::SHANGHAI JIAO TONG UNIVERSITY,cpc_code::C25B-011/085,1,105555372
assignee_cpc_code,assignee::SHANGHAI JIAO TONG UNIVERSITY,cpc_code::Y02A-050/20,1,105555372
assignee_cpc_code,assignee::SICHUAN LANGSHENG NEW ENERGY TECHNOLOGY,cpc_code::B01D-067/00/06,1,104081456
assignee_cpc_code,assignee::SICHUAN LANGSHENG NEW ENERGY TECHNOLOGY,cpc_code::B01D-2325/42,1,104081456
assignee_cpc_code,assignee::SICHUAN LANGSHENG NEW ENERGY TECHNOLOGY,cpc_code::B01J-035/00/33,1,104081456
assignee_cpc_code,assignee::SICHUAN LANGSHENG NEW ENERGY TECHNOLOGY,cpc_code::C08G-073/18,1,104081456
assignee_cpc_code,assignee::SICHUAN LANGSHENG NEW ENERGY TECHNOLOGY,cpc_code::C08J-005/18,1,104081456
assignee_cpc_code,assignee::SICHUAN LANGSHENG NEW ENERGY TECHNOLOGY,cpc_code::C08J-005/22/56,1,104081456
assignee_cpc_code,assignee::SICHUAN LANGSHENG NEW ENERGY TECHNOLOGY,cpc_code::C08J-005/22/87,1,104081456
assignee_cpc_code,assignee::SICHUAN LANGSHENG NEW ENERGY TECHNOLOGY,cpc_code::C08J-005/22/93,1,104081456
assignee_cpc_code,assignee::SICHUAN LANGSHENG NEW ENERGY TECHNOLOGY,cpc_code::C08J-2379/04,1,104081456
assignee_cpc_code,assignee::SICHUAN LANGSHENG NEW ENERGY TECHNOLOGY,cpc_code::C08J-2479/04,1,104081456
assignee_cpc_code,assignee::SIEMENS ENERGY,cpc_code::B01D-053/04,1,85758103
assignee_cpc_code,assignee::SIEMENS ENERGY,cpc_code::B01D-053/14/18,1,77202004
assignee_cpc_code,assignee::SIEMENS ENERGY,cpc_code::B01D-053/14/75,1,77202004
assignee_cpc_code,assignee::SIEMENS ENERGY,cpc_code::B01D-053/14/87,1,85758103
assignee_cpc_code,assignee::SIEMENS ENERGY,cpc_code::B01D-053/18,1,77202004
assignee_cpc_code,assignee::SIEMENS ENERGY,cpc_code::B01D-053/22/9,1,85758103
assignee_cpc_code,assignee::SIEMENS ENERGY,cpc_code::B01D-053/32/6,1,85758103
assignee_cpc_code,assignee::SIEMENS ENERGY,cpc_code::B01D-053/75,1,85758103
assignee_cpc_code,assignee::SIEMENS ENERGY,cpc_code::B01D-061/42/2,1,79296485
assignee_cpc_code,assignee::SIEMENS ENERGY,cpc_code::B01D-2253/102,1,85758103
assignee_cpc_code,assignee::SIEMENS ENERGY,cpc_code::B01D-2253/108,1,85758103
assignee_cpc_code,assignee::SIEMENS ENERGY,cpc_code::B01D-2256/20,1,85758103
assignee_cpc_code,assignee::SIEMENS ENERGY,cpc_code::B01D-2256/22,1,85758103
assignee_cpc_code,assignee::SIEMENS ENERGY,cpc_code::C01B-007/04,1,84413562
assignee_cpc_code,assignee::SIEMENS ENERGY,cpc_code::C01B-032/80,1,84413562
assignee_cpc_code,assignee::SIEMENS ENERGY,cpc_code::C12M-021/04,1,75262842
assignee_cpc_code,assignee::SIEMENS ENERGY,cpc_code::C12M-043/00,1,75262842
assignee_cpc_code,assignee::SIEMENS ENERGY,cpc_code::C12M-043/04,1,75262842
assignee_cpc_code,assignee::SIEMENS ENERGY,cpc_code::C12M-047/18,1,75262842
assignee_cpc_code,assignee::SIEMENS ENERGY,cpc_code::C25B-001/02,1,93813175
assignee_cpc_code,assignee::SIEMENS ENERGY,cpc_code::C25B-001/12,1,85758116
assignee_cpc_code,assignee::SIEMENS ENERGY,cpc_code::C25B-001/14,1,75026979
assignee_cpc_code,assignee::SIEMENS ENERGY,cpc_code::C25B-001/50,1,93813175
assignee_cpc_code,assignee::SIEMENS ENERGY,cpc_code::C25B-009/02,1,83051660
assignee_cpc_code,assignee::SIEMENS ENERGY,cpc_code::C25B-009/06,1,85684691
assignee_cpc_code,assignee::SIEMENS ENERGY,cpc_code::C25B-009/13,1,92569265
assignee_cpc_code,assignee::SIEMENS ENERGY,cpc_code::C25B-009/18,1,77202004
assignee_cpc_code,assignee::SIEMENS ENERGY,cpc_code::C25B-009/20/6,1,85758108
assignee_cpc_code,assignee::SIEMENS ENERGY,cpc_code::C25B-009/21,1,82018818
assignee_cpc_code,assignee::SIEMENS ENERGY,cpc_code::C25B-009/60,1,93813175
assignee_cpc_code,assignee::SIEMENS ENERGY,cpc_code::C25B-009/63,1,83051660
assignee_cpc_code,assignee::SIEMENS ENERGY,cpc_code::C25B-009/65,1,97217510
assignee_cpc_code,assignee::SIEMENS ENERGY,cpc_code::C25B-011/04/47,1,77856561
assignee_cpc_code,assignee::SIEMENS ENERGY,cpc_code::C25B-011/073,1,93813175
assignee_cpc_code,assignee::SIEMENS ENERGY,cpc_code::C25B-011/075,1,77856561
assignee_cpc_code,assignee::SIEMENS ENERGY,cpc_code::C25B-011/095,1,87171527
assignee_cpc_code,assignee::SIEMENS ENERGY,cpc_code::C25B-013/04,1,89416407
assignee_cpc_code,assignee::SIEMENS ENERGY,cpc_code::C25B-013/08,1,77856561
assignee_cpc_code,assignee::SIEMENS ENERGY,cpc_code::C25B-015/00,1,97217510
assignee_cpc_code,assignee::SIEMENS ENERGY,cpc_code::C25B-015/023,1,107278856
assignee_cpc_code,assignee::SIEMENS ENERGY,cpc_code::C25B-015/029,1,91738840
assignee_cpc_code,assignee::SIEMENS ENERGY,cpc_code::C25B-015/085,1,94204081
assignee_cpc_code,assignee::SIEMENS ENERGY,cpc_code::H01M-008/06/56,1,87171430
assignee_cpc_code,assignee::SIEMENS ENERGY,cpc_code::H01M-008/06/68,1,87171430
assignee_cpc_code,assignee::SIEMENS ENERGY,cpc_code::H01M-008/06/81,1,87171430
assignee_cpc_code,assignee::SIEMENS ENERGY,cpc_code::Y02P-020/129,1,93812412
assignee_cpc_code,assignee::SINOPEC,cpc_code::C25B-001/23,1,116120311
assignee_cpc_code,assignee::SINOPEC,cpc_code::C25B-003/00,1,116120311
assignee_cpc_code,assignee::SINOPEC,cpc_code::C25B-003/03,1,116120311
assignee_cpc_code,assignee::SINOPEC,cpc_code::C25B-003/04,1,116120311
assignee_cpc_code,assignee::SINOPEC,cpc_code::C25B-003/25,1,116120311
assignee_cpc_code,assignee::SINOPEC,cpc_code::C25B-003/26,1,116120311
assignee_cpc_code,assignee::SINOPEC,cpc_code::C25B-009/60,1,116120311
assignee_cpc_code,assignee::SINOPEC,cpc_code::C25B-011/03,1,116120311
assignee_cpc_code,assignee::SINOPEC,cpc_code::C25B-011/031,1,116120311
assignee_cpc_code,assignee::SK INNOVATION,cpc_code::B01D-053/32/6,1,107413525
assignee_cpc_code,assignee::SK INNOVATION,cpc_code::B01D-2257/504,1,107413525
assignee_cpc_code,assignee::SK INNOVATION,cpc_code::B01J-021/18/5,1,107413525
assignee_cpc_code,assignee::SK INNOVATION,cpc_code::B01J-023/755,1,107413525
assignee_cpc_code,assignee::SK INNOVATION,cpc_code::B01J-023/889/2,1,107413525
assignee_cpc_code,assignee::SK INNOVATION,cpc_code::B01J-035/10/23,1,107413525
assignee_cpc_code,assignee::SK INNOVATION,cpc_code::B01J-035/617,1,107413525
assignee_cpc_code,assignee::SK INNOVATION,cpc_code::B01J-037/02,1,107413525
assignee_cpc_code,assignee::SK INNOVATION,cpc_code::B01J-037/08/2,1,107413525
assignee_cpc_code,assignee::SK INNOVATION,cpc_code::C25B-001/23,1,107413525
assignee_cpc_code,assignee::SOOCHOW UNIVERSITY,cpc_code::C01G-045/12,1,110495249
assignee_cpc_code,assignee::SOOCHOW UNIVERSITY,cpc_code::C01G-051/70,1,110495249
assignee_cpc_code,assignee::SOOCHOW UNIVERSITY,cpc_code::C01G-053/70,1,110495249
assignee_cpc_code,assignee::SOOCHOW UNIVERSITY,cpc_code::C01P-2002/34,1,110495249
assignee_cpc_code,assignee::SOOCHOW UNIVERSITY,cpc_code::C25B-001/042,1,110495249
assignee_cpc_code,assignee::SOOCHOW UNIVERSITY,cpc_code::C25B-001/23,1,110495249
assignee_cpc_code,assignee::SOOCHOW UNIVERSITY,cpc_code::C25B-001/50,1,110495249
assignee_cpc_code,assignee::SOOCHOW UNIVERSITY,cpc_code::C25B-011/091,1,110495249
assignee_cpc_code,assignee::SOOCHOW UNIVERSITY,cpc_code::H01M-004/86/57,1,110495249
assignee_cpc_code,assignee::SOOCHOW UNIVERSITY,cpc_code::H01M-004/88,1,110495249
assignee_cpc_code,assignee::SOUTH CHINA NORMAL UNIVERSITY,cpc_code::C25B-003/26,1,104933063
assignee_cpc_code,assignee::SOUTH CHINA NORMAL UNIVERSITY,cpc_code::C25B-011/065,1,104933063
assignee_cpc_code,assignee::SOUTH CHINA NORMAL UNIVERSITY,cpc_code::C25B-011/075,1,104933063
assignee_cpc_code,assignee::SOUTH CHINA NORMAL UNIVERSITY,cpc_code::C25C-001/12,1,104933063
assignee_cpc_code,assignee::SOUTH CHINA NORMAL UNIVERSITY,cpc_code::C25D-003/38,1,104933063
assignee_cpc_code,assignee::SOUTH CHINA UNIVERSITY OF TECHNOLOGY,cpc_code::C25B-001/02,1,110697556
assignee_cpc_code,assignee::SOUTH CHINA UNIVERSITY OF TECHNOLOGY,cpc_code::C25B-001/23,1,110697556
assignee_cpc_code,assignee::SOUTH CHINA UNIVERSITY OF TECHNOLOGY,cpc_code::C25B-011/065,1,110697556
assignee_cpc_code,assignee::SOUTH CHINA UNIVERSITY OF TECHNOLOGY,cpc_code::C25B-011/091,1,110697556
assignee_cpc_code,assignee::SOUTHEAST UNIVERSITY,cpc_code::B01J-027/24,1,87032374
assignee_cpc_code,assignee::SOUTHEAST UNIVERSITY,cpc_code::B01J-035/33,1,87032374
assignee_cpc_code,assignee::SOUTHEAST UNIVERSITY,cpc_code::B01J-035/40,1,87032374
assignee_cpc_code,assignee::SOUTHEAST UNIVERSITY,cpc_code::C25B-001/00,1,87032374
assignee_cpc_code,assignee::SOUTHEAST UNIVERSITY,cpc_code::C25B-001/01,1,100554181
assignee_cpc_code,assignee::SOUTHEAST UNIVERSITY,cpc_code::C25B-001/16,1,100554181
assignee_cpc_code,assignee::SOUTHEAST UNIVERSITY,cpc_code::C25B-001/20,1,100554181
assignee_cpc_code,assignee::SOUTHEAST UNIVERSITY,cpc_code::C25B-001/23,1,100554181
assignee_cpc_code,assignee::SOUTHEAST UNIVERSITY,cpc_code::C25B-003/07,1,100554181
assignee_cpc_code,assignee::SOUTHEAST UNIVERSITY,cpc_code::C25B-003/26,1,100554181
assignee_cpc_code,assignee::SOUTHEAST UNIVERSITY,cpc_code::C25B-009/21,1,100554181
assignee_cpc_code,assignee::SOUTHEAST UNIVERSITY,cpc_code::C25B-009/23,1,100554181
assignee_cpc_code,assignee::SOUTHEAST UNIVERSITY,cpc_code::C25B-009/60,1,100554181
assignee_cpc_code,assignee::SOUTHEAST UNIVERSITY,cpc_code::C25B-011/051,1,87032374
assignee_cpc_code,assignee::SOUTHEAST UNIVERSITY,cpc_code::C25B-011/091,1,87032374
assignee_cpc_code,assignee::SOUTHEAST UNIVERSITY,cpc_code::C25B-015/087,1,100554181
assignee_cpc_code,assignee::SOUTHWEST UNIVERSITY OF SCIENCE & TECHNOLOGY,cpc_code::B01D-067/00/06,1,104081456
assignee_cpc_code,assignee::SOUTHWEST UNIVERSITY OF SCIENCE & TECHNOLOGY,cpc_code::B01D-2325/42,1,104081456
assignee_cpc_code,assignee::SOUTHWEST UNIVERSITY OF SCIENCE & TECHNOLOGY,cpc_code::B01J-035/00/33,1,104081456
assignee_cpc_code,assignee::SOUTHWEST UNIVERSITY OF SCIENCE & TECHNOLOGY,cpc_code::C08G-073/18,1,104081456
assignee_cpc_code,assignee::SOUTHWEST UNIVERSITY OF SCIENCE & TECHNOLOGY,cpc_code::C08J-005/18,1,104081456
assignee_cpc_code,assignee::SOUTHWEST UNIVERSITY OF SCIENCE & TECHNOLOGY,cpc_code::C08J-005/22/56,1,104081456
assignee_cpc_code,assignee::SOUTHWEST UNIVERSITY OF SCIENCE & TECHNOLOGY,cpc_code::C08J-005/22/87,1,104081456
assignee_cpc_code,assignee::SOUTHWEST UNIVERSITY OF SCIENCE & TECHNOLOGY,cpc_code::C08J-005/22/93,1,104081456
assignee_cpc_code,assignee::SOUTHWEST UNIVERSITY OF SCIENCE & TECHNOLOGY,cpc_code::C08J-2379/04,1,104081456
assignee_cpc_code,assignee::SOUTHWEST UNIVERSITY OF SCIENCE & TECHNOLOGY,cpc_code::C08J-2479/04,1,104081456
assignee_cpc_code,assignee::SOUTHWEST UNIVERSITY OF SCIENCE & TECHNOLOGY,cpc_code::C25B-001/23,1,106179974
assignee_cpc_code,assignee::SOUTHWEST UNIVERSITY OF SCIENCE & TECHNOLOGY,cpc_code::C25B-011/065,1,106179974
assignee_cpc_code,assignee::SOUTHWEST UNIVERSITY OF SCIENCE & TECHNOLOGY,cpc_code::C25B-011/091,1,106179974
assignee_cpc_code,assignee::SOUTHWEST UNIVERSITY OF SCIENCE & TECHNOLOGY,cpc_code::Y02A-050/20,1,106179974
assignee_cpc_code,assignee::STATE GRID CORPORATION OF CHINA,cpc_code::C25B-001/00,1,86637940
assignee_cpc_code,assignee::STATE GRID CORPORATION OF CHINA,cpc_code::C25B-003/25,1,86637940
assignee_cpc_code,assignee::STATE GRID CORPORATION OF CHINA,cpc_code::C25B-009/19,1,86637940
assignee_cpc_code,assignee::STATE GRID CORPORATION OF CHINA,cpc_code::C25B-011/02,1,86637940
assignee_cpc_code,assignee::STATE GRID CORPORATION OF CHINA,cpc_code::C25B-011/055,1,86637940
assignee_cpc_code,assignee::SUNFIRE,cpc_code::C25B-001/00,1,71609954
assignee_cpc_code,assignee::SUNFIRE,cpc_code::C25B-001/02,1,71609954
assignee_cpc_code,assignee::SUNFIRE,cpc_code::C25B-001/04,1,71609954
assignee_cpc_code,assignee::SUNFIRE,cpc_code::C25B-001/10,1,71609954
assignee_cpc_code,assignee::SUNFIRE,cpc_code::C25B-001/12,1,71609954
assignee_cpc_code,assignee::SUNFIRE,cpc_code::C25B-009/05,1,71609954
assignee_cpc_code,assignee::SUNFIRE,cpc_code::C25B-009/06,1,71609954
assignee_cpc_code,assignee::SUNFIRE,cpc_code::C25B-009/08,1,71609954
assignee_cpc_code,assignee::SUNFIRE,cpc_code::C25B-009/10,1,71609954
assignee_cpc_code,assignee::SUNFIRE,cpc_code::C25B-009/17,1,71609954
assignee_cpc_code,assignee::TAKAHATA PRECISION,cpc_code::C25B-001/04,1,102708989
assignee_cpc_code,assignee::TAKAHATA PRECISION,cpc_code::C25B-001/23,1,102708989
assignee_cpc_code,assignee::TAKAHATA PRECISION,cpc_code::C25B-003/25,1,102708989
assignee_cpc_code,assignee::TAKAHATA PRECISION,cpc_code::C25B-003/26,1,102708989
assignee_cpc_code,assignee::TAKAHATA PRECISION,cpc_code::C25B-009/00,1,102708989
assignee_cpc_code,assignee::TAKAHATA PRECISION,cpc_code::C25B-009/23,1,102708989
assignee_cpc_code,assignee::TAKAHATA PRECISION,cpc_code::C25B-009/73,1,102708989
assignee_cpc_code,assignee::TAKAHATA PRECISION,cpc_code::C25B-011/04,1,102708989
assignee_cpc_code,assignee::TAKAHATA PRECISION,cpc_code::C25B-011/054,1,102708989
assignee_cpc_code,assignee::TAKAHATA PRECISION,cpc_code::C25B-013/08,1,102708989
assignee_cpc_code,assignee::TECHNICAL INSTITUTE OF PHYSICS & CHEMISTRY - CHINESE ACADEMY OF SCIENCES,cpc_code::B01J-027/24,1,80803000
assignee_cpc_code,assignee::TECHNICAL INSTITUTE OF PHYSICS & CHEMISTRY - CHINESE ACADEMY OF SCIENCES,cpc_code::B01J-035/33,1,80803000
assignee_cpc_code,assignee::TECHNICAL INSTITUTE OF PHYSICS & CHEMISTRY - CHINESE ACADEMY OF SCIENCES,cpc_code::B01J-035/40,1,80803000
assignee_cpc_code,assignee::TECHNICAL INSTITUTE OF PHYSICS & CHEMISTRY - CHINESE ACADEMY OF SCIENCES,cpc_code::B01J-035/615,1,80803000
assignee_cpc_code,assignee::TECHNICAL INSTITUTE OF PHYSICS & CHEMISTRY - CHINESE ACADEMY OF SCIENCES,cpc_code::C25B-001/00,1,80803000
assignee_cpc_code,assignee::TECHNICAL INSTITUTE OF PHYSICS & CHEMISTRY - CHINESE ACADEMY OF SCIENCES,cpc_code::C25B-001/04,1,80803000
assignee_cpc_code,assignee::TECHNICAL INSTITUTE OF PHYSICS & CHEMISTRY - CHINESE ACADEMY OF SCIENCES,cpc_code::C25B-011/091,1,80803000
assignee_cpc_code,assignee::TECHNICAL INSTITUTE OF PHYSICS & CHEMISTRY - CHINESE ACADEMY OF SCIENCES,cpc_code::Y02E-060/36,1,80803000
assignee_cpc_code,assignee::TECHNISCHE UNIVERSITEIT DELFT,cpc_code::B01D-053/32/6,1,109306159
assignee_cpc_code,assignee::TECHNISCHE UNIVERSITEIT DELFT,cpc_code::B01D-061/42,1,109306159
assignee_cpc_code,assignee::TECHNISCHE UNIVERSITEIT DELFT,cpc_code::B01D-067/00/06,1,109306159
assignee_cpc_code,assignee::TECHNISCHE UNIVERSITEIT DELFT,cpc_code::B01D-069/02,1,109306159
assignee_cpc_code,assignee::TECHNISCHE UNIVERSITEIT DELFT,cpc_code::B01D-069/12,1,109306159
assignee_cpc_code,assignee::TECHNISCHE UNIVERSITEIT DELFT,cpc_code::B01D-069/1251,1,109306159
assignee_cpc_code,assignee::TECHNISCHE UNIVERSITEIT DELFT,cpc_code::B01D-071/56,1,109306159
assignee_cpc_code,assignee::TECHNISCHE UNIVERSITEIT DELFT,cpc_code::B01D-2257/504,1,109306159
assignee_cpc_code,assignee::TECHNISCHE UNIVERSITEIT DELFT,cpc_code::B01D-2325/42,1,109306159
assignee_cpc_code,assignee::TECHNISCHE UNIVERSITEIT DELFT,cpc_code::C08J-005/22,1,109306159
assignee_cpc_code,assignee::TEXAS A & M UNIVERSITY,cpc_code::C01B-032/168,1,106991409
assignee_cpc_code,assignee::TEXAS A & M UNIVERSITY,cpc_code::C01B-2202/06,1,106991409
assignee_cpc_code,assignee::TEXAS A & M UNIVERSITY,cpc_code::C01B-2202/22,1,106991409
assignee_cpc_code,assignee::TEXAS A & M UNIVERSITY,cpc_code::C01B-2202/32,1,106991409
assignee_cpc_code,assignee::TEXAS A & M UNIVERSITY,cpc_code::C01P-2002/52,1,106991409
assignee_cpc_code,assignee::TEXAS A & M UNIVERSITY,cpc_code::C01P-2002/72,1,106991409
assignee_cpc_code,assignee::TEXAS A & M UNIVERSITY,cpc_code::C01P-2002/85,1,106991409
assignee_cpc_code,assignee::TEXAS A & M UNIVERSITY,cpc_code::C01P-2004/03,1,106991409
assignee_cpc_code,assignee::TEXAS A & M UNIVERSITY,cpc_code::C01P-2004/04,1,106991409
assignee_cpc_code,assignee::TEXAS A & M UNIVERSITY,cpc_code::C01P-2004/133,1,106991409
assignee_cpc_code,assignee::THALESNANO,cpc_code::C25B-001/02,1,107513925
assignee_cpc_code,assignee::THALESNANO,cpc_code::C25B-001/04,1,107513925
assignee_cpc_code,assignee::THALESNANO,cpc_code::C25B-001/135,1,107513925
assignee_cpc_code,assignee::THALESNANO,cpc_code::C25B-001/22,1,98314273
assignee_cpc_code,assignee::THALESNANO,cpc_code::C25B-001/27,1,98314273
assignee_cpc_code,assignee::THALESNANO,cpc_code::C25B-003/07,1,98314273
assignee_cpc_code,assignee::THALESNANO,cpc_code::C25B-009/17,1,107513925
assignee_cpc_code,assignee::THALESNANO,cpc_code::C25B-009/21,1,107513925
assignee_cpc_code,assignee::THALESNANO,cpc_code::C25B-009/23,1,98314273
assignee_cpc_code,assignee::THALESNANO,cpc_code::C25B-009/60,1,107513925
assignee_cpc_code,assignee::THALESNANO,cpc_code::C25B-009/77,1,98314273
assignee_cpc_code,assignee::THALESNANO,cpc_code::C25B-011/032,1,98314273
assignee_cpc_code,assignee::TIANJIN UNIVERSITY OF TECHNOLOGY,cpc_code::C25B-001/23,1,110888177
assignee_cpc_code,assignee::TIANJIN UNIVERSITY OF TECHNOLOGY,cpc_code::C25B-001/50,1,110888177
assignee_cpc_code,assignee::TIANJIN UNIVERSITY OF TECHNOLOGY,cpc_code::C25B-003/26,1,110888177
assignee_cpc_code,assignee::TIANJIN UNIVERSITY OF TECHNOLOGY,cpc_code::C25B-011/054,1,110888177
assignee_cpc_code,assignee::TIANJIN UNIVERSITY OF TECHNOLOGY,cpc_code::C25B-011/055,1,110888177
assignee_cpc_code,assignee::TIANJIN UNIVERSITY OF TECHNOLOGY,cpc_code::C25B-011/065,1,110888177
assignee_cpc_code,assignee::TIANJIN UNIVERSITY OF TECHNOLOGY,cpc_code::C25B-011/075,1,110888177
assignee_cpc_code,assignee::TIANJING UNIVERSITY,cpc_code::Y02P-020/54,1,117651217
assignee_cpc_code,assignee::TOKYO INSTITUTE OF TECHNOLOGY,cpc_code::C01B-032/40,1,86205375
assignee_cpc_code,assignee::TOKYO INSTITUTE OF TECHNOLOGY,cpc_code::C01F-007/16,1,86205375
assignee_cpc_code,assignee::TOKYO INSTITUTE OF TECHNOLOGY,cpc_code::C25B-001/00,1,86205375
assignee_cpc_code,assignee::TOKYO INSTITUTE OF TECHNOLOGY,cpc_code::C25B-001/02,1,86205375
assignee_cpc_code,assignee::TOKYO INSTITUTE OF TECHNOLOGY,cpc_code::C25B-001/23,1,86205375
assignee_cpc_code,assignee::TOKYO INSTITUTE OF TECHNOLOGY,cpc_code::C25B-009/06,1,86205375
assignee_cpc_code,assignee::TOKYO INSTITUTE OF TECHNOLOGY,cpc_code::C25B-009/10,1,86205375
assignee_cpc_code,assignee::TOKYO INSTITUTE OF TECHNOLOGY,cpc_code::C25B-009/17,1,86205375
assignee_cpc_code,assignee::TOKYO INSTITUTE OF TECHNOLOGY,cpc_code::C25B-009/23,1,86205375
assignee_cpc_code,assignee::TOKYO INSTITUTE OF TECHNOLOGY,cpc_code::C25B-011/04/26,1,86205375
assignee_cpc_code,assignee::TOPSOE,cpc_code::B01D-005/00,1,86310831
assignee_cpc_code,assignee::TOPSOE,cpc_code::B01D-053/00/2,1,86310831
assignee_cpc_code,assignee::TOPSOE,cpc_code::B01D-053/26/1,1,73295054
assignee_cpc_code,assignee::TOPSOE,cpc_code::B01D-053/26/5,1,86310831
assignee_cpc_code,assignee::TOPSOE,cpc_code::B01D-2256/22,1,73295054
assignee_cpc_code,assignee::TOPSOE,cpc_code::B01D-2257/80,1,86310831
assignee_cpc_code,assignee::TOPSOE,cpc_code::B01J-008/02/14,1,94627563
assignee_cpc_code,assignee::TOPSOE,cpc_code::B01J-008/02/85,1,94627563
assignee_cpc_code,assignee::TOPSOE,cpc_code::B01J-012/00/5,1,94627563
assignee_cpc_code,assignee::TOPSOE,cpc_code::B01J-012/00/7,1,94627563
assignee_cpc_code,assignee::TOPSOE,cpc_code::B01J-019/00/53,1,94627563
assignee_cpc_code,assignee::TOPSOE,cpc_code::B01J-019/18/12,1,94627563
assignee_cpc_code,assignee::TOPSOE,cpc_code::B01J-2208/00398,1,94627563
assignee_cpc_code,assignee::TOPSOE,cpc_code::B01J-2208/00415,1,94627563
assignee_cpc_code,assignee::TOPSOE,cpc_code::B01J-2208/00495,1,94627563
assignee_cpc_code,assignee::TOPSOE,cpc_code::B01J-2219/00135,1,94627563
assignee_cpc_code,assignee::TOPSOE,cpc_code::C01B-031/18,1,73295054
assignee_cpc_code,assignee::TOPSOE,cpc_code::C04B-002/10,1,95617533
assignee_cpc_code,assignee::TOPSOE,cpc_code::C04B-007/43,1,95617533
assignee_cpc_code,assignee::TOPSOE,cpc_code::C07C-045/50,1,86310832
assignee_cpc_code,assignee::TOPSOE,cpc_code::C07C-051/10,1,64469752
assignee_cpc_code,assignee::TOPSOE,cpc_code::C10K-001/04,1,86310832
assignee_cpc_code,assignee::TOPSOE,cpc_code::C10K-003/02/6,1,86310832
assignee_cpc_code,assignee::TOPSOE,cpc_code::C25B-001/04,1,101955362
assignee_cpc_code,assignee::TOPSOE,cpc_code::C25B-001/50,1,100674664
assignee_cpc_code,assignee::TOPSOE,cpc_code::C25B-009/01,1,101955362
assignee_cpc_code,assignee::TOPSOE,cpc_code::C25B-009/015,1,101955362
assignee_cpc_code,assignee::TOPSOE,cpc_code::C25B-009/05,1,64469752
assignee_cpc_code,assignee::TOPSOE,cpc_code::C25B-009/18,1,64469752
assignee_cpc_code,assignee::TOPSOE,cpc_code::C25B-009/19,1,95617533
assignee_cpc_code,assignee::TOPSOE,cpc_code::C25B-009/65,1,101955362
assignee_cpc_code,assignee::TOPSOE,cpc_code::C25B-009/73,1,100674664
assignee_cpc_code,assignee::TOPSOE,cpc_code::C25B-009/75,1,101955362
assignee_cpc_code,assignee::TOPSOE,cpc_code::C25B-009/77,1,103607055
assignee_cpc_code,assignee::TOPSOE,cpc_code::C25B-013/04,1,73295054
assignee_cpc_code,assignee::TOPSOE,cpc_code::C25B-015/00,1,103607055
assignee_cpc_code,assignee::TOPSOE,cpc_code::C25B-015/081,1,95617533
assignee_cpc_code,assignee::TOPSOE,cpc_code::C25B-015/085,1,100674664
assignee_cpc_code,assignee::TOPSOE,cpc_code::C25B-015/087,1,95617533
assignee_cpc_code,assignee::TOPSOE,cpc_code::Y02P-020/151,1,73295054
assignee_cpc_code,assignee::TOSHIBA,cpc_code::B01D-061/42/2,1,106495795
assignee_cpc_code,assignee::TOSHIBA,cpc_code::B01D-061/423,1,106495795
assignee_cpc_code,assignee::TOSHIBA,cpc_code::B01D-061/44/5,1,106495795
assignee_cpc_code,assignee::TOSHIBA,cpc_code::B01D-061/463,1,106495795
assignee_cpc_code,assignee::TOSHIBA,cpc_code::B01D-061/465,1,106495795
assignee_cpc_code,assignee::TOSHIBA,cpc_code::B01D-061/466,1,106495795
assignee_cpc_code,assignee::TOSHIBA,cpc_code::B01D-2311/04,1,106495795
assignee_cpc_code,assignee::TOSHIBA,cpc_code::B01J-021/18/5,1,90361734
assignee_cpc_code,assignee::TOSHIBA,cpc_code::B01J-035/33,1,96200636
assignee_cpc_code,assignee::TOSHIBA,cpc_code::B01J-037/02/15,1,96200636
assignee_cpc_code,assignee::TOSHIBA,cpc_code::B82Y-030/00,1,96200636
assignee_cpc_code,assignee::TOSHIBA,cpc_code::B82Y-040/00,1,96200636
assignee_cpc_code,assignee::TOSHIBA,cpc_code::C01B-032/50,1,96200636
assignee_cpc_code,assignee::TOSHIBA,cpc_code::C10G-002/30,1,106413273
assignee_cpc_code,assignee::TOSHIBA,cpc_code::C12M-043/00,1,106413273
assignee_cpc_code,assignee::TOSHIBA,cpc_code::C25B-001/00/3,1,81386940
assignee_cpc_code,assignee::TOSHIBA,cpc_code::C25B-001/01,1,111493428
assignee_cpc_code,assignee::TOSHIBA,cpc_code::C25B-001/50,1,111493424
assignee_cpc_code,assignee::TOSHIBA,cpc_code::C25B-001/55,1,81386940
assignee_cpc_code,assignee::TOSHIBA,cpc_code::C25B-003/02,1,90361734
assignee_cpc_code,assignee::TOSHIBA,cpc_code::C25B-003/09,1,111493428
assignee_cpc_code,assignee::TOSHIBA,cpc_code::C25B-009/15,1,101790586
assignee_cpc_code,assignee::TOSHIBA,cpc_code::C25B-009/18,1,116737142
assignee_cpc_code,assignee::TOSHIBA,cpc_code::C25B-009/75,1,118081631
assignee_cpc_code,assignee::TOSHIBA,cpc_code::C25B-011/031,1,111493424
assignee_cpc_code,assignee::TOSHIBA,cpc_code::C25B-011/032,1,111493424
assignee_cpc_code,assignee::TOSHIBA,cpc_code::C25B-011/054,1,106574607
assignee_cpc_code,assignee::TOSHIBA,cpc_code::C25B-011/069,1,106574607
assignee_cpc_code,assignee::TOSHIBA,cpc_code::C25B-011/095,1,106574607
assignee_cpc_code,assignee::TOSHIBA,cpc_code::C25B-013/02,1,111591386
assignee_cpc_code,assignee::TOSHIBA,cpc_code::C25B-013/04,1,101790586
assignee_cpc_code,assignee::TOSHIBA,cpc_code::C25B-013/08,1,101790586
assignee_cpc_code,assignee::TOSHIBA,cpc_code::C25B-015/00,1,96200627
assignee_cpc_code,assignee::TOSHIBA,cpc_code::C25B-015/023,1,93172689
assignee_cpc_code,assignee::TOSHIBA,cpc_code::C25B-015/025,1,93172689
assignee_cpc_code,assignee::TOSHIBA,cpc_code::Y02E-060/50,1,105393249
assignee_cpc_code,assignee::TOSHIBA,cpc_code::Y02P-020/133,1,104037474
assignee_cpc_code,assignee::TOYOTA MOTOR,cpc_code::B01D-053/32/6,1,109304100
assignee_cpc_code,assignee::TOYOTA MOTOR,cpc_code::B01D-2257/504,1,109304100
assignee_cpc_code,assignee::TOYOTA MOTOR,cpc_code::B01D-2258/06,1,109304100
assignee_cpc_code,assignee::TOYOTA MOTOR,cpc_code::C01B-032/40,1,44672238
assignee_cpc_code,assignee::TOYOTA MOTOR,cpc_code::C10G-002/32,1,44668494
assignee_cpc_code,assignee::TOYOTA MOTOR,cpc_code::C25B-001/00/3,1,118083135
assignee_cpc_code,assignee::TOYOTA MOTOR,cpc_code::C25B-001/23,1,46248577
assignee_cpc_code,assignee::TOYOTA MOTOR,cpc_code::C25B-003/01,1,109304100
assignee_cpc_code,assignee::TOYOTA MOTOR,cpc_code::C25B-003/21,1,109304100
assignee_cpc_code,assignee::TOYOTA MOTOR,cpc_code::C25B-003/25,1,44672238
assignee_cpc_code,assignee::TOYOTA MOTOR,cpc_code::C25B-003/26,1,109304100
assignee_cpc_code,assignee::TOYOTA MOTOR,cpc_code::C25B-009/08,1,44668494
assignee_cpc_code,assignee::TOYOTA MOTOR,cpc_code::C25B-009/19,1,44668494
assignee_cpc_code,assignee::TOYOTA MOTOR,cpc_code::C25B-009/21,1,109304100
assignee_cpc_code,assignee::TOYOTA MOTOR,cpc_code::C25B-009/23,1,109304100
assignee_cpc_code,assignee::TOYOTA MOTOR,cpc_code::C25B-009/50,1,109304100
assignee_cpc_code,assignee::TOYOTA MOTOR,cpc_code::C25B-009/77,1,109304100
assignee_cpc_code,assignee::TOYOTA MOTOR,cpc_code::C25B-011/02,1,118083135
assignee_cpc_code,assignee::TOYOTA MOTOR,cpc_code::C25B-011/03/5,1,118083135
assignee_cpc_code,assignee::TOYOTA MOTOR,cpc_code::C25B-011/04,1,118083135
assignee_cpc_code,assignee::TOYOTA MOTOR,cpc_code::C25B-011/04/15,1,72753605
assignee_cpc_code,assignee::TOYOTA MOTOR,cpc_code::C25B-011/04/47,1,118083135
assignee_cpc_code,assignee::TOYOTA MOTOR,cpc_code::C25B-011/04/52,1,118083135
assignee_cpc_code,assignee::TOYOTA MOTOR,cpc_code::C25B-011/04/73,1,72753605
assignee_cpc_code,assignee::TOYOTA MOTOR,cpc_code::C25B-011/04/78,1,118083135
assignee_cpc_code,assignee::TOYOTA MOTOR,cpc_code::C25B-011/051,1,72753605
assignee_cpc_code,assignee::TOYOTA MOTOR,cpc_code::C25B-011/057,1,72753605
assignee_cpc_code,assignee::TOYOTA MOTOR,cpc_code::C25B-011/081,1,72753605
assignee_cpc_code,assignee::TOYOTA MOTOR,cpc_code::C25B-015/02,1,44672238
assignee_cpc_code,assignee::TOYOTA MOTOR,cpc_code::C25B-015/029,1,46248577
assignee_cpc_code,assignee::TOYOTA MOTOR,cpc_code::C25B-015/08,1,44668494
assignee_cpc_code,assignee::TOYOTA MOTOR,cpc_code::F02B-043/00,1,44668494
assignee_cpc_code,assignee::TOYOTA MOTOR,cpc_code::F02D-019/02/1,1,44668494
assignee_cpc_code,assignee::TOYOTA MOTOR,cpc_code::F02M-021/02/06,1,44668494
assignee_cpc_code,assignee::TOYOTA MOTOR,cpc_code::F02M-021/02/27,1,44668494
assignee_cpc_code,assignee::TOYOTA MOTOR,cpc_code::F02M-023/00,1,44668494
assignee_cpc_code,assignee::TSINGHUA UNIVERSITY,cpc_code::B01J-008/18/27,1,96729039
assignee_cpc_code,assignee::TSINGHUA UNIVERSITY,cpc_code::B01J-008/28,1,96729039
assignee_cpc_code,assignee::TSINGHUA UNIVERSITY,cpc_code::B01J-008/34,1,96729039
assignee_cpc_code,assignee::TSINGHUA UNIVERSITY,cpc_code::B01J-008/38/6,1,96729039
assignee_cpc_code,assignee::TSINGHUA UNIVERSITY,cpc_code::C01B-032/40,1,96729039
assignee_cpc_code,assignee::TSINGHUA UNIVERSITY,cpc_code::C10B-053/04,1,96729039
assignee_cpc_code,assignee::TSINGHUA UNIVERSITY,cpc_code::C10B-057/00/5,1,96729039
assignee_cpc_code,assignee::TWELVE,cpc_code::C10G-002/32,1,113958355
assignee_cpc_code,assignee::TWELVE,cpc_code::C21B-005/00/1,1,105156145
assignee_cpc_code,assignee::TWELVE,cpc_code::C21B-005/06,1,105156145
assignee_cpc_code,assignee::TWELVE,cpc_code::C21B-007/00/2,1,105156145
assignee_cpc_code,assignee::TWELVE,cpc_code::C21B-013/00/73,1,105156145
assignee_cpc_code,assignee::TWELVE,cpc_code::C21B-013/02/3,1,105156145
assignee_cpc_code,assignee::TWELVE,cpc_code::C21B-013/14,1,105156145
assignee_cpc_code,assignee::TWELVE,cpc_code::C21B-2005/005,1,105156145
assignee_cpc_code,assignee::TWELVE,cpc_code::C21B-2100/22,1,105156145
assignee_cpc_code,assignee::TWELVE,cpc_code::C21B-2100/24,1,105156145
assignee_cpc_code,assignee::TWELVE,cpc_code::C21B-2100/26,1,105156145
assignee_cpc_code,assignee::TWELVE,cpc_code::C25B-001/02,1,85453370
assignee_cpc_code,assignee::TWELVE,cpc_code::C25B-001/044,1,113958355
assignee_cpc_code,assignee::TWELVE,cpc_code::C25B-001/10,1,101064694
assignee_cpc_code,assignee::TWELVE,cpc_code::C25B-001/22,1,97540394
assignee_cpc_code,assignee::TWELVE,cpc_code::C25B-001/50,1,85453370
assignee_cpc_code,assignee::TWELVE,cpc_code::C25B-003/20,1,85453370
assignee_cpc_code,assignee::TWELVE,cpc_code::C25B-009/00,1,101064694
assignee_cpc_code,assignee::TWELVE,cpc_code::C25B-009/07,1,101064694
assignee_cpc_code,assignee::TWELVE,cpc_code::C25B-009/08,1,101064694
assignee_cpc_code,assignee::TWELVE,cpc_code::C25B-009/70,1,97540394
assignee_cpc_code,assignee::TWELVE,cpc_code::C25B-009/75,1,97540394
assignee_cpc_code,assignee::TWELVE,cpc_code::C25B-009/77,1,97540394
assignee_cpc_code,assignee::TWELVE,cpc_code::C25B-015/081,1,113958355
assignee_cpc_code,assignee::TWELVE,cpc_code::Y02E-060/36,1,113958355
assignee_cpc_code,assignee::UCHICAGO ARGONNE,cpc_code::B01J-021/18,1,98849845
assignee_cpc_code,assignee::UCHICAGO ARGONNE,cpc_code::B01J-023/14,1,98849845
assignee_cpc_code,assignee::UCHICAGO ARGONNE,cpc_code::B01J-023/18,1,98849845
assignee_cpc_code,assignee::UCHICAGO ARGONNE,cpc_code::B01J-023/72,1,98849845
assignee_cpc_code,assignee::UCHICAGO ARGONNE,cpc_code::B01J-023/78,1,98849845
assignee_cpc_code,assignee::UCHICAGO ARGONNE,cpc_code::B01J-035/00/33,1,98849845
assignee_cpc_code,assignee::UCHICAGO ARGONNE,cpc_code::B01J-035/10,1,98849845
assignee_cpc_code,assignee::UCHICAGO ARGONNE,cpc_code::B01J-035/10/28,1,98849845
assignee_cpc_code,assignee::UCHICAGO ARGONNE,cpc_code::B01J-035/33,1,98849845
assignee_cpc_code,assignee::UCHICAGO ARGONNE,cpc_code::B01J-035/60,1,98849845
assignee_cpc_code,assignee::UNIST,cpc_code::C25B-001/044,1,71965537
assignee_cpc_code,assignee::UNIST,cpc_code::C25B-003/25,1,71965537
assignee_cpc_code,assignee::UNIST,cpc_code::C25B-009/17,1,71965537
assignee_cpc_code,assignee::UNIVERSIDADE DO PORTO,cpc_code::C25B-001/23,1,100959754
assignee_cpc_code,assignee::UNIVERSIDADE DO PORTO,cpc_code::C25B-001/55,1,100959754
assignee_cpc_code,assignee::UNIVERSIDADE DO PORTO,cpc_code::C25B-003/03,1,100959754
assignee_cpc_code,assignee::UNIVERSIDADE DO PORTO,cpc_code::C25B-003/07,1,100959754
assignee_cpc_code,assignee::UNIVERSIDADE DO PORTO,cpc_code::C25B-003/21,1,100959754
assignee_cpc_code,assignee::UNIVERSIDADE DO PORTO,cpc_code::C25B-003/26,1,100959754
assignee_cpc_code,assignee::UNIVERSIDADE DO PORTO,cpc_code::C25B-009/23,1,100959754
assignee_cpc_code,assignee::UNIVERSIDADE DO PORTO,cpc_code::C25B-009/50,1,100959754
assignee_cpc_code,assignee::UNIVERSIDADE DO PORTO,cpc_code::C25B-011/032,1,100959754
assignee_cpc_code,assignee::UNIVERSIDADE DO PORTO,cpc_code::C25B-011/049,1,100959754
assignee_cpc_code,assignee::UNIVERSITE PARIS CITE / PARIS DIDEROT,cpc_code::B01J-031/18/3,1,71292352
assignee_cpc_code,assignee::UNIVERSITE PARIS CITE / PARIS DIDEROT,cpc_code::B01J-2231/62,1,71292352
assignee_cpc_code,assignee::UNIVERSITE PARIS CITE / PARIS DIDEROT,cpc_code::C01B-031/18,1,71292352
assignee_cpc_code,assignee::UNIVERSITE PARIS CITE / PARIS DIDEROT,cpc_code::C25B-001/01,1,78510702
assignee_cpc_code,assignee::UNIVERSITE PARIS CITE / PARIS DIDEROT,cpc_code::C25B-001/10,1,73827816
assignee_cpc_code,assignee::UNIVERSITE PARIS CITE / PARIS DIDEROT,cpc_code::C25B-009/00,1,71292352
assignee_cpc_code,assignee::UNIVERSITE PARIS CITE / PARIS DIDEROT,cpc_code::C25B-009/06,1,69060627
assignee_cpc_code,assignee::UNIVERSITE PARIS CITE / PARIS DIDEROT,cpc_code::C25B-009/08,1,73827816
assignee_cpc_code,assignee::UNIVERSITE PARIS CITE / PARIS DIDEROT,cpc_code::C25B-009/17,1,69060627
assignee_cpc_code,assignee::UNIVERSITE PARIS CITE / PARIS DIDEROT,cpc_code::C25B-011/04,1,92464691
assignee_cpc_code,assignee::UNIVERSITE PARIS CITE / PARIS DIDEROT,cpc_code::C25B-011/04/05,1,73827816
assignee_cpc_code,assignee::UNIVERSITE PARIS CITE / PARIS DIDEROT,cpc_code::C25B-011/04/15,1,73827816
assignee_cpc_code,assignee::UNIVERSITE PARIS CITE / PARIS DIDEROT,cpc_code::C25B-011/04/89,1,73827816
assignee_cpc_code,assignee::UNIVERSITE PARIS CITE / PARIS DIDEROT,cpc_code::C25B-011/043,1,68986421
assignee_cpc_code,assignee::UNIVERSITE PARIS CITE / PARIS DIDEROT,cpc_code::C25B-011/095,1,92464691
assignee_cpc_code,assignee::UNIVERSITEIT ANTWERPEN,cpc_code::C25B-003/03,1,94627574
assignee_cpc_code,assignee::UNIVERSITEIT ANTWERPEN,cpc_code::C25B-003/07,1,94627574
assignee_cpc_code,assignee::UNIVERSITEIT ANTWERPEN,cpc_code::C25B-003/26,1,94627574
assignee_cpc_code,assignee::UNIVERSITEIT ANTWERPEN,cpc_code::C25B-009/05,1,94627574
assignee_cpc_code,assignee::UNIVERSITEIT ANTWERPEN,cpc_code::C25B-009/23,1,94627574
assignee_cpc_code,assignee::UNIVERSITEIT ANTWERPEN,cpc_code::C25B-009/65,1,94627574
assignee_cpc_code,assignee::UNIVERSITEIT ANTWERPEN,cpc_code::C25B-009/75,1,94627574
assignee_cpc_code,assignee::UNIVERSITEIT ANTWERPEN,cpc_code::C25B-009/77,1,94627574
assignee_cpc_code,assignee::UNIVERSITEIT ANTWERPEN,cpc_code::C25B-013/02,1,94627574
assignee_cpc_code,assignee::UNIVERSITEIT ANTWERPEN,cpc_code::C25B-015/083,1,94627574
assignee_cpc_code,assignee::UNIVERSITY OF BRITISH COLUMBIA,cpc_code::C25B-001/00,1,83842416
assignee_cpc_code,assignee::UNIVERSITY OF BRITISH COLUMBIA,cpc_code::C25B-001/04,1,83842416
assignee_cpc_code,assignee::UNIVERSITY OF BRITISH COLUMBIA,cpc_code::C25B-001/10,1,83842416
assignee_cpc_code,assignee::UNIVERSITY OF BRITISH COLUMBIA,cpc_code::C25B-003/04,1,83842416
assignee_cpc_code,assignee::UNIVERSITY OF BRITISH COLUMBIA,cpc_code::C25B-003/25,1,83842416
assignee_cpc_code,assignee::UNIVERSITY OF BRITISH COLUMBIA,cpc_code::C25B-003/26,1,83842416
assignee_cpc_code,assignee::UNIVERSITY OF BRITISH COLUMBIA,cpc_code::C25B-009/08,1,83842416
assignee_cpc_code,assignee::UNIVERSITY OF BRITISH COLUMBIA,cpc_code::C25B-009/10,1,83842416
assignee_cpc_code,assignee::UNIVERSITY OF BRITISH COLUMBIA,cpc_code::C25B-009/19,1,83842416
assignee_cpc_code,assignee::UNIVERSITY OF BRITISH COLUMBIA,cpc_code::C25B-009/23,1,83842416
assignee_cpc_code,assignee::UNIVERSITY OF ELECTRONIC SCIENCE & TECHNOLOGY OF CHINA,cpc_code::C25B-001/23,1,98667734
assignee_cpc_code,assignee::UNIVERSITY OF ELECTRONIC SCIENCE & TECHNOLOGY OF CHINA,cpc_code::C25B-003/03,1,98667734
assignee_cpc_code,assignee::UNIVERSITY OF ELECTRONIC SCIENCE & TECHNOLOGY OF CHINA,cpc_code::C25B-003/07,1,98667734
assignee_cpc_code,assignee::UNIVERSITY OF ELECTRONIC SCIENCE & TECHNOLOGY OF CHINA,cpc_code::C25B-003/26,1,98667734
assignee_cpc_code,assignee::UNIVERSITY OF ELECTRONIC SCIENCE & TECHNOLOGY OF CHINA,cpc_code::C25B-011/031,1,98667734
assignee_cpc_code,assignee::UNIVERSITY OF ELECTRONIC SCIENCE & TECHNOLOGY OF CHINA,cpc_code::C25B-011/054,1,98667734
assignee_cpc_code,assignee::UNIVERSITY OF ELECTRONIC SCIENCE & TECHNOLOGY OF CHINA,cpc_code::C25B-011/065,1,98667734
assignee_cpc_code,assignee::UNIVERSITY OF ELECTRONIC SCIENCE & TECHNOLOGY OF CHINA,cpc_code::C25B-011/075,1,98667734
assignee_cpc_code,assignee::UNIVERSITY OF ILLINOIS,cpc_code::B01D-053/32/6,1,106991476
assignee_cpc_code,assignee::UNIVERSITY OF ILLINOIS,cpc_code::B01D-053/62,1,106991476
assignee_cpc_code,assignee::UNIVERSITY OF ILLINOIS,cpc_code::B01D-053/73,1,106991476
assignee_cpc_code,assignee::UNIVERSITY OF ILLINOIS,cpc_code::B01D-053/78,1,106991476
assignee_cpc_code,assignee::UNIVERSITY OF ILLINOIS,cpc_code::B01D-053/86/71,1,106991476
assignee_cpc_code,assignee::UNIVERSITY OF ILLINOIS,cpc_code::B01D-2251/206,1,106991476
assignee_cpc_code,assignee::UNIVERSITY OF ILLINOIS,cpc_code::B01D-2251/306,1,106991476
assignee_cpc_code,assignee::UNIVERSITY OF ILLINOIS,cpc_code::B01D-2252/2023,1,106991476
assignee_cpc_code,assignee::UNIVERSITY OF ILLINOIS,cpc_code::B01D-2255/20761,1,106991476
assignee_cpc_code,assignee::UNIVERSITY OF ILLINOIS,cpc_code::B01D-2255/2092,1,106991476
assignee_cpc_code,assignee::UNIVERSITY OF LIVERPOOL,cpc_code::B01J-023/34,1,92565798
assignee_cpc_code,assignee::UNIVERSITY OF LIVERPOOL,cpc_code::B01J-023/755,1,92565798
assignee_cpc_code,assignee::UNIVERSITY OF LIVERPOOL,cpc_code::B01J-031/16,1,92565798
assignee_cpc_code,assignee::UNIVERSITY OF LIVERPOOL,cpc_code::B01J-031/18/2,1,92565798
assignee_cpc_code,assignee::UNIVERSITY OF LIVERPOOL,cpc_code::B01J-031/20,1,92565798
assignee_cpc_code,assignee::UNIVERSITY OF LIVERPOOL,cpc_code::B01J-2231/625,1,92565798
assignee_cpc_code,assignee::UNIVERSITY OF LIVERPOOL,cpc_code::B01J-2531/72,1,92565798
assignee_cpc_code,assignee::UNIVERSITY OF LIVERPOOL,cpc_code::B01J-2531/847,1,92565798
assignee_cpc_code,assignee::UNIVERSITY OF LIVERPOOL,cpc_code::B01J-2540/68,1,92565798
assignee_cpc_code,assignee::UNIVERSITY OF LIVERPOOL,cpc_code::C25B-001/00,1,104791873
assignee_cpc_code,assignee::UNIVERSITY OF LIVERPOOL,cpc_code::C25B-001/10,1,104791873
assignee_cpc_code,assignee::UNIVERSITY OF LIVERPOOL,cpc_code::C25B-003/04,1,104791873
assignee_cpc_code,assignee::UNIVERSITY OF LIVERPOOL,cpc_code::C25B-009/08,1,104791873
assignee_cpc_code,assignee::UNIVERSITY OF LIVERPOOL,cpc_code::C25B-009/10,1,104791873
assignee_cpc_code,assignee::UNIVERSITY OF LIVERPOOL,cpc_code::C25B-009/23,1,104791873
assignee_cpc_code,assignee::UNIVERSITY OF LIVERPOOL,cpc_code::C25B-011/032,1,104791873
assignee_cpc_code,assignee::UNIVERSITY OF LIVERPOOL,cpc_code::C25B-011/04/05,1,104791873
assignee_cpc_code,assignee::UNIVERSITY OF LIVERPOOL,cpc_code::C25B-011/04/47,1,104791873
assignee_cpc_code,assignee::UNIVERSITY OF MICHIGAN,cpc_code::C23C-016/40/5,1,92032595
assignee_cpc_code,assignee::UNIVERSITY OF MICHIGAN,cpc_code::C23C-016/40/7,1,92032595
assignee_cpc_code,assignee::UNIVERSITY OF MICHIGAN,cpc_code::C23C-016/455/25,1,92032595
assignee_cpc_code,assignee::UNIVERSITY OF MICHIGAN,cpc_code::C25B-001/23,1,92032595
assignee_cpc_code,assignee::UNIVERSITY OF MICHIGAN,cpc_code::C25B-001/55,1,92032595
assignee_cpc_code,assignee::UNIVERSITY OF MICHIGAN,cpc_code::C25B-011/02,1,92032595
assignee_cpc_code,assignee::UNIVERSITY OF MICHIGAN,cpc_code::C25B-011/052,1,92032595
assignee_cpc_code,assignee::UNIVERSITY OF MICHIGAN,cpc_code::C25B-011/093,1,92032595
assignee_cpc_code,assignee::UNIVERSITY OF MICHIGAN,cpc_code::Y02P-020/133,1,92032595
assignee_cpc_code,assignee::UNIVERSITY OF NANKAI,cpc_code::B22F-001/00,1,105758218
assignee_cpc_code,assignee::UNIVERSITY OF NANKAI,cpc_code::B22F-003/10/07,1,105758218
assignee_cpc_code,assignee::UNIVERSITY OF NANKAI,cpc_code::C23C-014/16/5,1,105758218
assignee_cpc_code,assignee::UNIVERSITY OF NANKAI,cpc_code::C23C-014/35,1,105758218
assignee_cpc_code,assignee::UNIVERSITY OF NANKAI,cpc_code::C25B-001/23,1,105758218
assignee_cpc_code,assignee::UNIVERSITY OF NANKAI,cpc_code::C25B-001/50,1,105758218
assignee_cpc_code,assignee::UNIVERSITY OF NANKAI,cpc_code::C25B-009/19,1,105758218
assignee_cpc_code,assignee::UNIVERSITY OF NANKAI,cpc_code::C25B-011/02,1,105758218
assignee_cpc_code,assignee::UNIVERSITY OF NANKAI,cpc_code::C25B-011/031,1,105758218
assignee_cpc_code,assignee::UNIVERSITY OF NANKAI,cpc_code::C25B-011/042,1,105758218
assignee_cpc_code,assignee::UNIVERSITY OF NORTHUMBRIA,cpc_code::C25B-001/23,1,108109771
assignee_cpc_code,assignee::UNIVERSITY OF NORTHUMBRIA,cpc_code::C25B-003/26,1,108109771
assignee_cpc_code,assignee::UNIVERSITY OF NORTHUMBRIA,cpc_code::C25B-009/17,1,108109771
assignee_cpc_code,assignee::UNIVERSITY OF NORTHUMBRIA,cpc_code::C25B-009/21,1,108109771
assignee_cpc_code,assignee::UNIVERSITY OF NORTHUMBRIA,cpc_code::C25B-009/70,1,108109771
assignee_cpc_code,assignee::UNIVERSITY OF NORTHUMBRIA,cpc_code::C25B-009/77,1,108109771
assignee_cpc_code,assignee::UNIVERSITY OF NORTHUMBRIA,cpc_code::C25B-015/08,1,108109771
assignee_cpc_code,assignee::UNIVERSITY OF SZEGED,cpc_code::C25B-001/02,1,107513925
assignee_cpc_code,assignee::UNIVERSITY OF SZEGED,cpc_code::C25B-001/04,1,107513925
assignee_cpc_code,assignee::UNIVERSITY OF SZEGED,cpc_code::C25B-001/135,1,107513925
assignee_cpc_code,assignee::UNIVERSITY OF SZEGED,cpc_code::C25B-001/22,1,98314273
assignee_cpc_code,assignee::UNIVERSITY OF SZEGED,cpc_code::C25B-001/27,1,98314273
assignee_cpc_code,assignee::UNIVERSITY OF SZEGED,cpc_code::C25B-003/07,1,98314273
assignee_cpc_code,assignee::UNIVERSITY OF SZEGED,cpc_code::C25B-009/17,1,107513925
assignee_cpc_code,assignee::UNIVERSITY OF SZEGED,cpc_code::C25B-009/21,1,107513925
assignee_cpc_code,assignee::UNIVERSITY OF SZEGED,cpc_code::C25B-009/23,1,98314273
assignee_cpc_code,assignee::UNIVERSITY OF SZEGED,cpc_code::C25B-009/60,1,107513925
assignee_cpc_code,assignee::UNIVERSITY OF SZEGED,cpc_code::C25B-009/77,1,98314273
assignee_cpc_code,assignee::UNIVERSITY OF SZEGED,cpc_code::C25B-011/032,1,98314273
assignee_cpc_code,assignee::UNIVERSITY OF TORONTO,cpc_code::C25B-003/03,1,103674986
assignee_cpc_code,assignee::UNIVERSITY OF TORONTO,cpc_code::C25B-003/07,1,103674986
assignee_cpc_code,assignee::UNIVERSITY OF TORONTO,cpc_code::C25B-003/26,1,103674986
assignee_cpc_code,assignee::UNIVERSITY OF TORONTO,cpc_code::C25B-009/23,1,103674986
assignee_cpc_code,assignee::UNIVERSITY OF TORONTO,cpc_code::C25B-011/032,1,103674986
assignee_cpc_code,assignee::UNIVERSITY OF TORONTO,cpc_code::C25B-011/081,1,103674986
assignee_cpc_code,assignee::UNIVERSITY OF TORONTO,cpc_code::C25B-013/02,1,103674986
assignee_cpc_code,assignee::UNIVERSITY OF TORONTO,cpc_code::C25B-015/087,1,103674986
assignee_cpc_code,assignee::UNIVERSITY OF TORONTO,cpc_code::H01M-004/86/05,1,103674986
assignee_cpc_code,assignee::UNIVERSITY OF TORONTO,cpc_code::H01M-004/86/57,1,103674986
assignee_cpc_code,assignee::UNIVERSITY OF YAMANASHI,cpc_code::C25B-001/04,1,102708989
assignee_cpc_code,assignee::UNIVERSITY OF YAMANASHI,cpc_code::C25B-001/23,1,102708989
assignee_cpc_code,assignee::UNIVERSITY OF YAMANASHI,cpc_code::C25B-003/25,1,102708989
assignee_cpc_code,assignee::UNIVERSITY OF YAMANASHI,cpc_code::C25B-003/26,1,102708989
assignee_cpc_code,assignee::UNIVERSITY OF YAMANASHI,cpc_code::C25B-009/00,1,102708989
assignee_cpc_code,assignee::UNIVERSITY OF YAMANASHI,cpc_code::C25B-009/23,1,102708989
assignee_cpc_code,assignee::UNIVERSITY OF YAMANASHI,cpc_code::C25B-009/73,1,102708989
assignee_cpc_code,assignee::UNIVERSITY OF YAMANASHI,cpc_code::C25B-011/04,1,102708989
assignee_cpc_code,assignee::UNIVERSITY OF YAMANASHI,cpc_code::C25B-011/054,1,102708989
assignee_cpc_code,assignee::UNIVERSITY OF YAMANASHI,cpc_code::C25B-013/08,1,102708989
assignee_cpc_code,assignee::UNIVERSITY SOUTH SCIENCE & TECHNOLOGY CHINA,cpc_code::C07C-029/151/8,1,100224447
assignee_cpc_code,assignee::UNIVERSITY SOUTH SCIENCE & TECHNOLOGY CHINA,cpc_code::C07C-029/152,1,100224447
assignee_cpc_code,assignee::UNIVERSITY SOUTH SCIENCE & TECHNOLOGY CHINA,cpc_code::C25B-001/04,1,100224447
assignee_cpc_code,assignee::UNIVERSITY SOUTH SCIENCE & TECHNOLOGY CHINA,cpc_code::C25B-001/23,1,100224447
assignee_cpc_code,assignee::UNIVERSITY SOUTH SCIENCE & TECHNOLOGY CHINA,cpc_code::C25B-009/19,1,100224447
assignee_cpc_code,assignee::UNIVERSITY SOUTH SCIENCE & TECHNOLOGY CHINA,cpc_code::C25B-015/00,1,100224447
assignee_cpc_code,assignee::UNIVERSITY SOUTH SCIENCE & TECHNOLOGY CHINA,cpc_code::C25B-015/02,1,100224447
assignee_cpc_code,assignee::UNIVERSITY SOUTH SCIENCE & TECHNOLOGY CHINA,cpc_code::Y02P-020/52,1,100224447
assignee_cpc_code,assignee::UTILITY GLOBAL,cpc_code::B01D-053/32/6,1,115547269
assignee_cpc_code,assignee::UTILITY GLOBAL,cpc_code::B01D-2257/504,1,115547269
assignee_cpc_code,assignee::UTILITY GLOBAL,cpc_code::C25B-001/00,1,114398668
assignee_cpc_code,assignee::UTILITY GLOBAL,cpc_code::C25B-001/01,1,115547269
assignee_cpc_code,assignee::UTILITY GLOBAL,cpc_code::C25B-001/02,1,114398668
assignee_cpc_code,assignee::UTILITY GLOBAL,cpc_code::C25B-001/04,1,114398668
assignee_cpc_code,assignee::UTILITY GLOBAL,cpc_code::C25B-001/042,1,114398668
assignee_cpc_code,assignee::UTILITY GLOBAL,cpc_code::C25B-003/26,1,114398668
assignee_cpc_code,assignee::UTILITY GLOBAL,cpc_code::C25B-005/00,1,112883886
assignee_cpc_code,assignee::UTILITY GLOBAL,cpc_code::C25B-009/19,1,112883886
assignee_cpc_code,assignee::UTILITY GLOBAL,cpc_code::C25B-011/042,1,112883886
assignee_cpc_code,assignee::UTILITY GLOBAL,cpc_code::C25B-011/052,1,112883886
assignee_cpc_code,assignee::UTILITY GLOBAL,cpc_code::C25B-011/091,1,115547269
assignee_cpc_code,assignee::UTILITY GLOBAL,cpc_code::C25B-015/081,1,115547269
assignee_cpc_code,assignee::VITO - VLAAMSE INSTELLING VOOR TECHNOLOGISCH ONDERZOEK,cpc_code::C22B-003/04/5,1,102038550
assignee_cpc_code,assignee::VITO - VLAAMSE INSTELLING VOOR TECHNOLOGISCH ONDERZOEK,cpc_code::C22B-003/16,1,102038550
assignee_cpc_code,assignee::VITO - VLAAMSE INSTELLING VOOR TECHNOLOGISCH ONDERZOEK,cpc_code::C22B-003/42,1,102038550
assignee_cpc_code,assignee::VITO - VLAAMSE INSTELLING VOOR TECHNOLOGISCH ONDERZOEK,cpc_code::C22B-011/04,1,102038550
assignee_cpc_code,assignee::VITO - VLAAMSE INSTELLING VOOR TECHNOLOGISCH ONDERZOEK,cpc_code::C22B-011/042,1,102038550
assignee_cpc_code,assignee::VITO - VLAAMSE INSTELLING VOOR TECHNOLOGISCH ONDERZOEK,cpc_code::C25B-001/23,1,102038550
assignee_cpc_code,assignee::VITO - VLAAMSE INSTELLING VOOR TECHNOLOGISCH ONDERZOEK,cpc_code::C25B-009/17,1,102038550
assignee_cpc_code,assignee::VITO - VLAAMSE INSTELLING VOOR TECHNOLOGISCH ONDERZOEK,cpc_code::C25B-011/032,1,102038550
assignee_cpc_code,assignee::VITO - VLAAMSE INSTELLING VOOR TECHNOLOGISCH ONDERZOEK,cpc_code::C25B-011/044,1,102038550
assignee_cpc_code,assignee::VITO - VLAAMSE INSTELLING VOOR TECHNOLOGISCH ONDERZOEK,cpc_code::C25C-001/20,1,102038550
assignee_cpc_code,assignee::WANHUA CHEMICAL GROUP,cpc_code::C25B-001/26,1,110503287
assignee_cpc_code,assignee::WANHUA CHEMICAL GROUP,cpc_code::C25B-001/50,1,110503287
assignee_cpc_code,assignee::WANHUA CHEMICAL GROUP,cpc_code::C25B-009/60,1,110503287
assignee_cpc_code,assignee::WANHUA CHEMICAL GROUP,cpc_code::C25B-011/032,1,110503287
assignee_cpc_code,assignee::WANHUA CHEMICAL GROUP,cpc_code::C25B-011/091,1,110503287
assignee_cpc_code,assignee::WANHUA CHEMICAL GROUP,cpc_code::Y02E-060/36,1,110503287
assignee_cpc_code,assignee::XECA TURBO TECHNOLOGIES,cpc_code::B01D-053/14/25,1,106753547
assignee_cpc_code,assignee::XECA TURBO TECHNOLOGIES,cpc_code::B01D-053/14/75,1,106753547
assignee_cpc_code,assignee::XECA TURBO TECHNOLOGIES,cpc_code::B01D-053/14/93,1,106753547
assignee_cpc_code,assignee::XECA TURBO TECHNOLOGIES,cpc_code::B01D-053/62,1,106753547
assignee_cpc_code,assignee::XECA TURBO TECHNOLOGIES,cpc_code::B01D-2251/304,1,106753547
assignee_cpc_code,assignee::XECA TURBO TECHNOLOGIES,cpc_code::B01D-2257/504,1,106753547
assignee_cpc_code,assignee::XECA TURBO TECHNOLOGIES,cpc_code::C01B-013/02/33,1,106753547
assignee_cpc_code,assignee::XECA TURBO TECHNOLOGIES,cpc_code::C01B-013/02/85,1,106753547
assignee_cpc_code,assignee::XECA TURBO TECHNOLOGIES,cpc_code::C01D-007/00,1,106753547
assignee_cpc_code,assignee::XECA TURBO TECHNOLOGIES,cpc_code::C01D-007/07,1,106753547
assignee_cpc_code,assignee::XI AN UNIVERSITY OF SCIENCE & TECHNOLOGY,cpc_code::H01M-008/04/089,1,108150520
assignee_cpc_code,assignee::XI AN UNIVERSITY OF SCIENCE & TECHNOLOGY,cpc_code::H01M-008/04/201,1,108150520
assignee_cpc_code,assignee::XI AN UNIVERSITY OF SCIENCE & TECHNOLOGY,cpc_code::H01M-008/04/753,1,108150520
assignee_cpc_code,assignee::XI AN UNIVERSITY OF SCIENCE & TECHNOLOGY,cpc_code::H01M-008/22,1,108150520
assignee_cpc_code,assignee::XI AN UNIVERSITY OF SCIENCE & TECHNOLOGY,cpc_code::H01M-008/24/65,1,108150520
assignee_cpc_code,assignee::XI AN UNIVERSITY OF SCIENCE & TECHNOLOGY,cpc_code::H01M-2008/1293,1,108150520
assignee_cpc_code,assignee::XIAMEN UNIVERSITY,cpc_code::C25B-001/00,1,105438541
assignee_cpc_code,assignee::XIAMEN UNIVERSITY,cpc_code::C25B-003/04,1,105438541
assignee_cpc_code,assignee::XIAMEN UNIVERSITY,cpc_code::C25B-003/26,1,105438541
assignee_cpc_code,assignee::XIAMEN UNIVERSITY,cpc_code::C25B-011/04,1,105438541
assignee_cpc_code,assignee::XIAMEN UNIVERSITY,cpc_code::C25B-011/091,1,105438541
assignee_cpc_code,assignee::XIAMEN UNIVERSITY,cpc_code::Y02E-060/50,1,117521363
assignee_cpc_code,assignee::XIAN JIAOTONG UNIVERSITY,cpc_code::B22F-001/0553,1,103030257
assignee_cpc_code,assignee::XIAN JIAOTONG UNIVERSITY,cpc_code::C25B-001/00,1,116440098
assignee_cpc_code,assignee::XIAN JIAOTONG UNIVERSITY,cpc_code::C25B-001/23,1,103030257
assignee_cpc_code,assignee::XIAN JIAOTONG UNIVERSITY,cpc_code::C25B-003/04,1,116440098
assignee_cpc_code,assignee::XIAN JIAOTONG UNIVERSITY,cpc_code::C25B-009/08,1,116440098
assignee_cpc_code,assignee::XIAN JIAOTONG UNIVERSITY,cpc_code::C25B-011/04,1,103030257
assignee_cpc_code,assignee::XIAN JIAOTONG UNIVERSITY,cpc_code::C25D-011/02,1,103030257
assignee_cpc_code,assignee::XIANGTAN UNIVERSITY,cpc_code::C25B-001/23,1,110082631
assignee_cpc_code,assignee::XIANGTAN UNIVERSITY,cpc_code::C25B-009/23,1,110082631
assignee_cpc_code,assignee::XIANGTAN UNIVERSITY,cpc_code::C25B-009/60,1,110082631
assignee_cpc_code,assignee::XIANGTAN UNIVERSITY,cpc_code::C25B-011/02,1,110082631
assignee_cpc_code,assignee::XIANGTAN UNIVERSITY,cpc_code::C25B-011/054,1,110082631
assignee_cpc_code,assignee::XIANGTAN UNIVERSITY,cpc_code::C25B-011/095,1,110082631
assignee_cpc_code,assignee::XIANGTAN UNIVERSITY,cpc_code::C25B-013/00,1,110082631
assignee_cpc_code,assignee::YANCHENG INSTITUTE OF TECHNOLOGY,cpc_code::B01J-023/66,1,115484302
assignee_cpc_code,assignee::YANCHENG INSTITUTE OF TECHNOLOGY,cpc_code::B01J-035/00/33,1,115484302
assignee_cpc_code,assignee::YANCHENG INSTITUTE OF TECHNOLOGY,cpc_code::B22F-001/00/18,1,115484302
assignee_cpc_code,assignee::YANCHENG INSTITUTE OF TECHNOLOGY,cpc_code::B22F-009/24,1,115484302
assignee_cpc_code,assignee::YANCHENG INSTITUTE OF TECHNOLOGY,cpc_code::B82Y-030/00,1,115484302
assignee_cpc_code,assignee::YANCHENG INSTITUTE OF TECHNOLOGY,cpc_code::C25B-001/00,1,115484302
assignee_cpc_code,assignee::YANCHENG INSTITUTE OF TECHNOLOGY,cpc_code::C25B-001/04,1,115484302
assignee_cpc_code,assignee::YANCHENG INSTITUTE OF TECHNOLOGY,cpc_code::C25B-003/04,1,115484302
assignee_cpc_code,assignee::YANCHENG INSTITUTE OF TECHNOLOGY,cpc_code::C25B-011/04/05,1,115484302
assignee_cpc_code,assignee::YANCHENG INSTITUTE OF TECHNOLOGY,cpc_code::C25B-011/04/26,1,115484302
assignee_cpc_code,assignee::YANGZHOU UNIVERSITY,cpc_code::C08G-012/06,1,117641010
assignee_cpc_code,assignee::YANGZHOU UNIVERSITY,cpc_code::C08G-012/08,1,117641010
assignee_cpc_code,assignee::YANGZHOU UNIVERSITY,cpc_code::C08J-2361/22,1,117641010
assignee_cpc_code,assignee::YANGZHOU UNIVERSITY,cpc_code::C25B-001/00,1,117641010
assignee_cpc_code,assignee::YANGZHOU UNIVERSITY,cpc_code::C25B-011/02,1,117641010
assignee_cpc_code,assignee::YANGZHOU UNIVERSITY,cpc_code::C25B-011/04,1,117641010
assignee_cpc_code,assignee::YANGZHOU UNIVERSITY,cpc_code::C25B-011/04/05,1,117641010
assignee_cpc_code,assignee::YANGZHOU UNIVERSITY,cpc_code::C25B-011/04/47,1,117641010
assignee_cpc_code,assignee::YANGZHOU UNIVERSITY,cpc_code::C25B-011/04/89,1,117641010
assignee_cpc_code,assignee::YANGZHOU UNIVERSITY,cpc_code::H01M-004/86/73,1,117641010
assignee_cpc_code,assignee::YEDA RESEARCH & DEVELOPMENT,cpc_code::F01K-023/10,1,7846740
assignee_cpc_code,assignee::YEDA RESEARCH & DEVELOPMENT,cpc_code::F02C-001/00,1,7846740
assignee_cpc_code,assignee::YEDA RESEARCH & DEVELOPMENT,cpc_code::F02C-001/10,1,7846740
assignee_cpc_code,assignee::YEDA RESEARCH & DEVELOPMENT,cpc_code::F02C-003/20,1,7846740
assignee_cpc_code,assignee::YEDA RESEARCH & DEVELOPMENT,cpc_code::F02C-003/22,1,7846740
assignee_cpc_code,assignee::YEDA RESEARCH & DEVELOPMENT,cpc_code::F02C-003/34,1,7846740
assignee_cpc_code,assignee::YEDA RESEARCH & DEVELOPMENT,cpc_code::H02K-007/18,1,7846740
assignee_cpc_code,assignee::YEDA RESEARCH & DEVELOPMENT,cpc_code::Y02E-010/46,1,7846740
assignee_cpc_code,assignee::YEDA RESEARCH & DEVELOPMENT,cpc_code::Y02E-020/16,1,7846740
assignee_cpc_code,assignee::ZHEJIANG BAIMA LAKE LABORATORY,cpc_code::B22F-001/0545,1,109766128
assignee_cpc_code,assignee::ZHEJIANG BAIMA LAKE LABORATORY,cpc_code::B22F-001/145,1,109766128
assignee_cpc_code,assignee::ZHEJIANG BAIMA LAKE LABORATORY,cpc_code::B82Y-030/00,1,109766128
assignee_cpc_code,assignee::ZHEJIANG BAIMA LAKE LABORATORY,cpc_code::B82Y-040/00,1,109766128
assignee_cpc_code,assignee::ZHEJIANG BAIMA LAKE LABORATORY,cpc_code::C25B-001/50,1,112354020
assignee_cpc_code,assignee::ZHEJIANG BAIMA LAKE LABORATORY,cpc_code::C25B-003/03,1,112354020
assignee_cpc_code,assignee::ZHEJIANG BAIMA LAKE LABORATORY,cpc_code::C25B-009/23,1,112354020
assignee_cpc_code,assignee::ZHEJIANG BAIMA LAKE LABORATORY,cpc_code::C25B-009/65,1,108808107
assignee_cpc_code,assignee::ZHEJIANG BAIMA LAKE LABORATORY,cpc_code::C25B-011/02,1,108808107
assignee_cpc_code,assignee::ZHEJIANG BAIMA LAKE LABORATORY,cpc_code::C25B-011/091,1,108808107
assignee_cpc_code,assignee::ZHEJIANG BAIMA LAKE LABORATORY,cpc_code::C25B-015/00,1,106866991
assignee_cpc_code,assignee::ZHEJIANG GUOQING ENERGY TECHNOLOGY DEVELOPMENT,cpc_code::H02J-003/28,1,94787837
assignee_cpc_code,assignee::ZHEJIANG GUOQING ENERGY TECHNOLOGY DEVELOPMENT,cpc_code::H02J-003/388,1,94787837
assignee_cpc_code,assignee::ZHEJIANG GUOQING ENERGY TECHNOLOGY DEVELOPMENT,cpc_code::H02J-015/50,1,94787837
assignee_cpc_code,assignee::ZHEJIANG GUOQING ENERGY TECHNOLOGY DEVELOPMENT,cpc_code::H02J-2101/20,1,94787837
assignee_cpc_code,assignee::ZHEJIANG GUOQING ENERGY TECHNOLOGY DEVELOPMENT,cpc_code::H02J-2101/22,1,94787837
assignee_cpc_code,assignee::ZHEJIANG GUOQING ENERGY TECHNOLOGY DEVELOPMENT,cpc_code::H02J-2101/28,1,94787837
assignee_cpc_code,assignee::ZHEJIANG GUOQING ENERGY TECHNOLOGY DEVELOPMENT,cpc_code::Y02E-070/30,1,94787837
assignee_cpc_code,assignee::ZHEJIANG GUOQING ENERGY TECHNOLOGY DEVELOPMENT,cpc_code::Y02P-090/50,1,94787837
assignee_cpc_code,assignee::ZHEJIANG TIANDI ENV PROT TECHNOLOGY,cpc_code::B22F-001/0545,1,109766128
assignee_cpc_code,assignee::ZHEJIANG TIANDI ENV PROT TECHNOLOGY,cpc_code::B22F-001/145,1,109766128
assignee_cpc_code,assignee::ZHEJIANG TIANDI ENV PROT TECHNOLOGY,cpc_code::B82Y-030/00,1,109766128
assignee_cpc_code,assignee::ZHEJIANG TIANDI ENV PROT TECHNOLOGY,cpc_code::B82Y-040/00,1,109766128
assignee_cpc_code,assignee::ZHEJIANG TIANDI ENV PROT TECHNOLOGY,cpc_code::C25B-003/07,1,106866991
assignee_cpc_code,assignee::ZHEJIANG TIANDI ENV PROT TECHNOLOGY,cpc_code::C25B-003/26,1,106866991
assignee_cpc_code,assignee::ZHEJIANG TIANDI ENV PROT TECHNOLOGY,cpc_code::C25B-011/081,1,109766128
assignee_cpc_code,assignee::ZHEJIANG TIANDI ENV PROT TECHNOLOGY,cpc_code::C25B-015/00,1,106866991
assignee_cpc_code,assignee::ZHEJIANG UNIVERSITY,cpc_code::B01J-023/755,1,89550408
assignee_cpc_code,assignee::ZHEJIANG UNIVERSITY,cpc_code::B01J-027/24,1,89550408
assignee_cpc_code,assignee::ZHEJIANG UNIVERSITY,cpc_code::B01J-035/23,1,89550408
assignee_cpc_code,assignee::ZHEJIANG UNIVERSITY,cpc_code::B01J-035/33,1,89550408
assignee_cpc_code,assignee::ZHEJIANG UNIVERSITY,cpc_code::B01J-035/61,1,89550408
assignee_cpc_code,assignee::ZHEJIANG UNIVERSITY,cpc_code::C01G-055/00/4,1,112046649
assignee_cpc_code,assignee::ZHEJIANG UNIVERSITY,cpc_code::C23C-014/18/5,1,112046649
assignee_cpc_code,assignee::ZHEJIANG UNIVERSITY,cpc_code::C23C-014/34/85,1,112046649
assignee_cpc_code,assignee::ZHEJIANG UNIVERSITY,cpc_code::C23C-014/35,1,112046649
assignee_cpc_code,assignee::ZHEJIANG UNIVERSITY,cpc_code::C25B-001/04,1,98666426
assignee_cpc_code,assignee::ZHEJIANG UNIVERSITY,cpc_code::C25B-001/042,1,98666426
assignee_cpc_code,assignee::ZHEJIANG UNIVERSITY,cpc_code::C25B-001/50,1,112046649
assignee_cpc_code,assignee::ZHEJIANG UNIVERSITY,cpc_code::C25B-003/07,1,101562974
assignee_cpc_code,assignee::ZHEJIANG UNIVERSITY,cpc_code::C25B-003/26,1,101562974
assignee_cpc_code,assignee::ZHEJIANG UNIVERSITY,cpc_code::C25B-009/015,1,98666426
assignee_cpc_code,assignee::ZHEJIANG UNIVERSITY,cpc_code::C25B-009/60,1,98666426
assignee_cpc_code,assignee::ZHEJIANG UNIVERSITY,cpc_code::C25B-011/031,1,98666426
assignee_cpc_code,assignee::ZHEJIANG UNIVERSITY,cpc_code::C25B-011/042,1,98666426
assignee_cpc_code,assignee::ZHEJIANG UNIVERSITY,cpc_code::C25B-011/052,1,112046649
assignee_cpc_code,assignee::ZHEJIANG UNIVERSITY,cpc_code::C25B-011/054,1,112046649
assignee_cpc_code,assignee::ZHEJIANG UNIVERSITY,cpc_code::C25B-011/065,1,112590590
assignee_cpc_code,assignee::ZHEJIANG UNIVERSITY,cpc_code::C25B-011/093,1,98666426
assignee_cpc_code,assignee::ZHEJIANG UNIVERSITY,cpc_code::C25B-013/08,1,112590590
assignee_cpc_code,assignee::ZHEJIANG UNIVERSITY,cpc_code::Y02E-060/50,1,101562974
assignee_cpc_code,assignee::ZHEJIANG UNIVERSITY OF TECHNOLOGY,cpc_code::B01J-027/24,1,114750156
assignee_cpc_code,assignee::ZHEJIANG UNIVERSITY OF TECHNOLOGY,cpc_code::B01J-035/00/33,1,114750156
assignee_cpc_code,assignee::ZHEJIANG UNIVERSITY OF TECHNOLOGY,cpc_code::C25B-001/04,1,114750156
assignee_cpc_code,assignee::ZHEJIANG UNIVERSITY OF TECHNOLOGY,cpc_code::C25B-001/23,1,114750156
assignee_cpc_code,assignee::ZHEJIANG UNIVERSITY OF TECHNOLOGY,cpc_code::C25B-011/04,1,114750156
assignee_cpc_code,assignee::ZHEJIANG UNIVERSITY OF TECHNOLOGY,cpc_code::C25B-011/04/47,1,114750156
assignee_cpc_code,assignee::ZHEJIANG UNIVERSITY OF TECHNOLOGY,cpc_code::C25B-011/04/78,1,114750156
assignee_cpc_code,assignee::ZHEJIANG UNIVERSITY OF TECHNOLOGY,cpc_code::C25B-011/065,1,114750156
assignee_cpc_code,assignee::ZHEJIANG UNIVERSITY OF TECHNOLOGY,cpc_code::C25B-011/091,1,114750156
assignee_cpc_code,assignee::ZHEJIANG WANLI UNIVERSITY,cpc_code::C25B-001/23,1,112719442
assignee_cpc_code,assignee::ZHEJIANG WANLI UNIVERSITY,cpc_code::C25B-011/054,1,112719442
assignee_cpc_code,assignee::ZHEJIANG WANLI UNIVERSITY,cpc_code::C25B-011/055,1,112719442
assignee_cpc_code,assignee::ZHEJIANG WANLI UNIVERSITY,cpc_code::C25B-011/091,1,112719442
assignee_cpc_code,assignee::ZHEJIANG ZHENENG TECHNOLOGY ENVIRONMENTAL PROTECTION GROUP,cpc_code::C25B-001/23,1,112354020
assignee_cpc_code,assignee::ZHEJIANG ZHENENG TECHNOLOGY ENVIRONMENTAL PROTECTION GROUP,cpc_code::C25B-001/50,1,112354020
assignee_cpc_code,assignee::ZHEJIANG ZHENENG TECHNOLOGY ENVIRONMENTAL PROTECTION GROUP,cpc_code::C25B-003/03,1,112354020
assignee_cpc_code,assignee::ZHEJIANG ZHENENG TECHNOLOGY ENVIRONMENTAL PROTECTION GROUP,cpc_code::C25B-003/07,1,112354020
assignee_cpc_code,assignee::ZHEJIANG ZHENENG TECHNOLOGY ENVIRONMENTAL PROTECTION GROUP,cpc_code::C25B-003/26,1,112354020
assignee_cpc_code,assignee::ZHEJIANG ZHENENG TECHNOLOGY ENVIRONMENTAL PROTECTION GROUP,cpc_code::C25B-009/23,1,112354020
assignee_cpc_code,assignee::ZHEJIANG ZHENENG TECHNOLOGY ENVIRONMENTAL PROTECTION GROUP,cpc_code::C25B-009/60,1,112354020
assignee_cpc_code,assignee::ZHEJIANG ZHONGXIN DEGU NEW MATERIAL TECHNOLOGY,cpc_code::C25B-001/04,1,95930332
assignee_cpc_code,assignee::ZHEJIANG ZHONGXIN DEGU NEW MATERIAL TECHNOLOGY,cpc_code::C25B-001/23,1,95930332
assignee_cpc_code,assignee::ZHEJIANG ZHONGXIN DEGU NEW MATERIAL TECHNOLOGY,cpc_code::C25B-009/19,1,95930332
assignee_cpc_code,assignee::ZHEJIANG ZHONGXIN DEGU NEW MATERIAL TECHNOLOGY,cpc_code::C25B-011/032,1,95930332
assignee_cpc_code,assignee::ZHEJIANG ZHONGXIN DEGU NEW MATERIAL TECHNOLOGY,cpc_code::C25B-011/047,1,95930332
assignee_cpc_code,assignee::ZHEJIANG ZHONGXIN DEGU NEW MATERIAL TECHNOLOGY,cpc_code::Y02P-020/133,1,95930332
assignee_cpc_code,assignee::ZHENGZHOU INSTITUTE OF EMERGING INDUSTRIAL TECHNOLOGY,cpc_code::C25B-003/07,1,98666737
assignee_cpc_code,assignee::ZHENGZHOU INSTITUTE OF EMERGING INDUSTRIAL TECHNOLOGY,cpc_code::C25B-003/26,1,98666737
assignee_cpc_code,assignee::ZHENGZHOU INSTITUTE OF EMERGING INDUSTRIAL TECHNOLOGY,cpc_code::C25B-011/061,1,98666737
assignee_cpc_code,assignee::ZHENGZHOU INSTITUTE OF EMERGING INDUSTRIAL TECHNOLOGY,cpc_code::C25B-011/095,1,98666737
assignee_cpc_code,assignee::ZHENGZHOU UNIVERSITY OF LIGHT INDUSTRY,cpc_code::C25B-001/23,1,106729837
assignee_cpc_code,assignee::ZHENGZHOU UNIVERSITY OF LIGHT INDUSTRY,cpc_code::C25B-003/03,1,114777530
assignee_cpc_code,assignee::ZHENGZHOU UNIVERSITY OF LIGHT INDUSTRY,cpc_code::C25B-003/26,1,114777530
assignee_cpc_code,assignee::ZHENGZHOU UNIVERSITY OF LIGHT INDUSTRY,cpc_code::C25B-009/17,1,114777530
assignee_cpc_code,assignee::ZHONGSHAN POWER SUPPLY BUREAU OF GUANGDONG POWER GRID,cpc_code::C25B-001/23,1,100072108
assignee_cpc_code,assignee::ZHONGSHAN POWER SUPPLY BUREAU OF GUANGDONG POWER GRID,cpc_code::C25B-011/02,1,100072108
assignee_cpc_code,assignee::ZHONGSHAN POWER SUPPLY BUREAU OF GUANGDONG POWER GRID,cpc_code::C25B-011/065,1,100072108
assignee_cpc_code,assignee::ZHONGSHAN POWER SUPPLY BUREAU OF GUANGDONG POWER GRID,cpc_code::C25B-011/091,1,100072108
assignee_domain,assignee::TOSHIBA,"domain::Surface technology, coating",36,105393249; 106574607; 86048379; 93172689; 104039102; 96200627; 104037474; 101790584; 106413273; 98850824; 83773883; 111591386; 116737142; 87919716; 81386945; 96200636; 81302402; 118081624; 87919517; 86130749; 106495795; 113753877; 81386940; 108896443; 93172692; 106586888; 108863955; 108863961; 111493424; 118081631
assignee_domain,assignee::SIEMENS ENERGY,"domain::Surface technology, coating",34,107278856; 77202004; 89744192; 77016544; 85758116; 77244658; 93813175; 82018818; 78242503; 78286428; 79296485; 75026979; 83051660; 77856561; 77856556; 85758103; 87171430; 85684691; 93812412; 84413562; 89416407; 75262842; 87171527; 97217510; 92569265; 79163034; 91738840; 85011701; 85758108; 94204081
assignee_domain,assignee::LG CHEM,"domain::Surface technology, coating",9,113653423; 112678154; 113067654; 113653441; 112678146; 114305656; 118157483; 109306069; 113645537
assignee_domain,assignee::SIEMENS ENERGY,"domain::Materials, metallurgy",9,77016544; 77244658; 75026979; 85758103; 87171430; 84413562; 97217510; 92569265; 79163034
assignee_domain,assignee::DALIAN UNIVERSITY OF TECHNOLOGY,"domain::Surface technology, coating",8,98749181; 80164805; 102358496; 86637940; 96169624; 108306014; 116876860; 102226793
assignee_domain,assignee::KUNMING UNIVERSITY OF SCIENCE & TECHNOLOGY,"domain::Surface technology, coating",8,100427008; 98164251; 100252610; 88204087; 105028031; 116293199; 111363754; 116434365
assignee_domain,assignee::TOPSOE,"domain::Surface technology, coating",8,64469752; 100674664; 73295054; 86310831; 86310832; 103607055; 95617533; 101955362
assignee_domain,assignee::TOPSOE,"domain::Materials, metallurgy",7,64469752; 100674664; 94627563; 73295054; 86310831; 86310832; 95617533
assignee_domain,assignee::TOSHIBA,domain::Chemical engineering,7,106574607; 106413273; 96200636; 118081624; 106495795; 90361734; 113559831
assignee_domain,assignee::TOYOTA MOTOR,"domain::Surface technology, coating",7,72753605; 55016601; 44672238; 44668494; 46248577; 109304100; 118083135
assignee_domain,assignee::CNRS,"domain::Surface technology, coating",6,69060627; 73827816; 68986421; 78510702; 71292352; 92464691
assignee_domain,assignee::UNIVERSITE PARIS CITE / PARIS DIDEROT,"domain::Surface technology, coating",6,69060627; 73827816; 68986421; 78510702; 71292352; 92464691
assignee_domain,assignee::ZHEJIANG UNIVERSITY,"domain::Surface technology, coating",6,92423180; 112046649; 98666426; 89550408; 112590590; 101562974
assignee_domain,assignee::DIOXIDE MATERIALS,"domain::Surface technology, coating",5,79681795; 44789699; 116105015; 72680476; 1913318
assignee_domain,assignee::IDEMITSU KOSAN,"domain::Surface technology, coating",5,102708989; 101871166; 106316002; 110939894; 101871167
assignee_domain,assignee::LG CHEM,"domain::Macromolecular chemistry, polymers",5,113653423; 113067654; 113653441; 114305656; 118157483
assignee_domain,assignee::LG CHEM,domain::Other special machines,5,113653423; 113067654; 113653441; 114305656; 118157483
assignee_domain,assignee::TWELVE,"domain::Surface technology, coating",5,113958355; 105156145; 85453370; 97540394; 101064694
assignee_domain,assignee::CNRS,domain::Chemical engineering,4,73827816; 68986421; 78510702; 71292352
assignee_domain,assignee::CNRS,domain::Organic fine chemistry,4,69208275; 73827816; 78510702; 71292352
assignee_domain,assignee::DALIAN INSTITUTE OF CHEMICAL PHYSICS CHINESE ACADEMY OF SCIENCES,"domain::Surface technology, coating",4,105343084; 112323322; 116688896; 79181464
assignee_domain,assignee::FRAUNHOFER,"domain::Surface technology, coating",4,111220958; 116977017; 112675495; 79824105
assignee_domain,assignee::HONDA MOTOR,"domain::Surface technology, coating",4,106413270; 111586005; 101968427; 114240811
assignee_domain,assignee::LINDE,"domain::Surface technology, coating",4,82565553; 85758116; 85758103; 85758108
assignee_domain,assignee::TOSHIBA,"domain::Electrical machinery, apparatus, energy",4,105393249; 111493424; 117920056; 113559831
assignee_domain,assignee::UNIVERSITE PARIS CITE / PARIS DIDEROT,domain::Chemical engineering,4,73827816; 68986421; 78510702; 71292352
assignee_domain,assignee::UNIVERSITE PARIS CITE / PARIS DIDEROT,domain::Organic fine chemistry,4,69208275; 73827816; 78510702; 71292352
assignee_domain,assignee::UTILITY GLOBAL,"domain::Surface technology, coating",4,112883886; 114398668; 115547269; 111147448
assignee_domain,assignee::ZHEJIANG BAIMA LAKE LABORATORY,"domain::Surface technology, coating",4,109766128; 108808107; 112354020; 106866991
assignee_domain,assignee::ARAMCO,"domain::Surface technology, coating",3,116476220; 94621513; 66508929
assignee_domain,assignee::AVANTIUM KNOWLEDGE CENTRE,"domain::Surface technology, coating",3,112473551; 112473553; 112473561
assignee_domain,assignee::CEA - COMMISSARIAT A L ENERGIE ATOMIQUE & AUX ENERGIES ALTERNATIVES,"domain::Surface technology, coating",3,67597001; 66367131; 84993693
assignee_domain,assignee::CNRS,"domain::Materials, metallurgy",3,73827816; 78510702; 71292352
assignee_domain,assignee::COVESTRO,"domain::Surface technology, coating",3,93617165; 87991721; 82742757
assignee_domain,assignee::DIOXIDE MATERIALS,domain::Chemical engineering,3,79681795; 72680476; 1913318
assignee_domain,assignee::HITACHI,"domain::Surface technology, coating",3,101956586; 96314074; 107089672
assignee_domain,assignee::INSTITUTE OF PROCESS ENGINEERING - CHINESE ACADEMY OF SCIENCES,"domain::Surface technology, coating",3,117825503; 98666737; 116298732
assignee_domain,assignee::JIANGSU UNIVERSITY,"domain::Surface technology, coating",3,96701999; 105493992; 105437834
assignee_domain,assignee::KOREA INSTITUTE OF SCIENCE & TECHNOLOGY,"domain::Surface technology, coating",3,108851809; 116414667; 103934571
assignee_domain,assignee::SEKISUI CHEMICAL,"domain::Surface technology, coating",3,106145261; 116244461; 110666488
assignee_domain,assignee::SIEMENS ENERGY,domain::Environmental technology,3,77202004; 77244658; 85758103
assignee_domain,assignee::TOPSOE,domain::Basic materials chemistry,3,94627563; 86310831; 86310832
assignee_domain,assignee::TOPSOE,domain::Chemical engineering,3,94627563; 73295054; 86310831
assignee_domain,assignee::TOPSOE,domain::Organic fine chemistry,3,64469752; 94627563; 86310832
assignee_domain,assignee::TOSHIBA,domain::Environmental technology,3,105393249; 111591386; 101790589
assignee_domain,assignee::TOSHIBA,"domain::Materials, metallurgy",3,106574607; 106413273; 96200636
assignee_domain,assignee::TOSHIBA,domain::Organic fine chemistry,3,106413273; 81302402; 87919517
assignee_domain,assignee::UNIVERSITE PARIS CITE / PARIS DIDEROT,"domain::Materials, metallurgy",3,73827816; 78510702; 71292352
assignee_domain,assignee::ARAMCO,"domain::Materials, metallurgy",2,116476220; 66508929
assignee_domain,assignee::ARAMCO,domain::Organic fine chemistry,2,94621513; 66508929
assignee_domain,assignee::CEA - COMMISSARIAT A L ENERGIE ATOMIQUE & AUX ENERGIES ALTERNATIVES,domain::Basic materials chemistry,2,67597001; 84993693
assignee_domain,assignee::CEA - COMMISSARIAT A L ENERGIE ATOMIQUE & AUX ENERGIES ALTERNATIVES,"domain::Electrical machinery, apparatus, energy",2,67597001; 66367131
assignee_domain,assignee::CEA - COMMISSARIAT A L ENERGIE ATOMIQUE & AUX ENERGIES ALTERNATIVES,"domain::Materials, metallurgy",2,66367131; 84993693
assignee_domain,assignee::CEA - COMMISSARIAT A L ENERGIE ATOMIQUE & AUX ENERGIES ALTERNATIVES,domain::Organic fine chemistry,2,67597001; 84993693
assignee_domain,assignee::CERAMATEC,"domain::Surface technology, coating",2,14919739; 67334411
assignee_domain,assignee::CHANGZHOU GERUIKESI ENERGY TECHNOLOGY,"domain::Surface technology, coating",2,118106537; 118274866
assignee_domain,assignee::DIOXIDE MATERIALS,"domain::Electrical machinery, apparatus, energy",2,72680476; 1913318
assignee_domain,assignee::DIOXIDE MATERIALS,domain::Measurement,2,72680476; 1913318
assignee_domain,assignee::DIOXIDE MATERIALS,domain::Organic fine chemistry,2,79681795; 1913318
assignee_domain,assignee::ELECTROCHEMICALS ZRT,"domain::Surface technology, coating",2,98314273; 107513925
assignee_domain,assignee::FRAUNHOFER,"domain::Electrical machinery, apparatus, energy",2,112675495; 79824105
assignee_domain,assignee::FUJIAN NORMAL UNIVERSITY,"domain::Surface technology, coating",2,90886203; 93254642
assignee_domain,assignee::HANYANG UNIVERSITY,"domain::Electrical machinery, apparatus, energy",2,105886055; 100582928
assignee_domain,assignee::HANYANG UNIVERSITY,domain::Other special machines,2,105886055; 100582928
assignee_domain,assignee::HANYANG UNIVERSITY,"domain::Surface technology, coating",2,105886055; 100582928
assignee_domain,assignee::HARBIN INSTITUTE OF TECHNOLOGY,"domain::Surface technology, coating",2,102352265; 116773798
assignee_domain,assignee::HEILONGJIANG QIZHENG HIGH TECHNOLOGY MATERIAL TECHNOLOGY,"domain::Surface technology, coating",2,108163425; 108401777
assignee_domain,assignee::HONDA MOTOR,domain::Environmental technology,2,106413270; 111586005
assignee_domain,assignee::HUAZHONG UNIVERSITY OF SCIENCE & TECHNOLOGY,domain::Environmental technology,2,102493599; 114892955
assignee_domain,assignee::JOHNS HOPKINS UNIVERSITY,"domain::Surface technology, coating",2,115708489; 112177579
assignee_domain,assignee::KOREA ADVANCED INSTITUTE OF SCIENCE & TECHNOLOGY,"domain::Surface technology, coating",2,35372708; 115109027
assignee_domain,assignee::LINDE,domain::Environmental technology,2,82565553; 85758103
assignee_domain,assignee::LINDE,"domain::Materials, metallurgy",2,82565553; 85758103
assignee_domain,assignee::NINGBO INSTITUTE OF MATERIALS TECHNOLOGY & ENGINEERING - CHINESE ACADEMY OF SCIENCES,"domain::Surface technology, coating",2,94934392; 115136805
assignee_domain,assignee::NIPPON TELEGRAPH & TELEPHONE,"domain::Surface technology, coating",2,107639787; 102808473
assignee_domain,assignee::OSAKA GAS,domain::Chemical engineering,2,96376807; 104546406
assignee_domain,assignee::OSAKA GAS,domain::Organic fine chemistry,2,96376807; 104546406
assignee_domain,assignee::OSAKA GAS,"domain::Surface technology, coating",2,96376807; 104546406
assignee_domain,assignee::PUSAN NATIONAL UNIVERSITY INDUSTRY UNIVERSITY COOPERATION FOUNDATION,domain::Chemical engineering,2,83172492; 79012090
assignee_domain,assignee::REGENTS OF THE UNIVERSITY OF CALIFORNIA,"domain::Surface technology, coating",2,95502318; 114057507
assignee_domain,assignee::SHANGHAI JIAO TONG UNIVERSITY,"domain::Surface technology, coating",2,105555372; 104914800
assignee_domain,assignee::SINOPEC,"domain::Surface technology, coating",2,92423180; 116120311
assignee_domain,assignee::SOUTHEAST UNIVERSITY,"domain::Surface technology, coating",2,87032374; 100554181
assignee_domain,assignee::SOUTHWEST UNIVERSITY OF SCIENCE & TECHNOLOGY,"domain::Surface technology, coating",2,106179974; 104081456
assignee_domain,assignee::THALESNANO,"domain::Surface technology, coating",2,98314273; 107513925
assignee_domain,assignee::TOPSOE,domain::Environmental technology,2,73295054; 86310831
assignee_domain,assignee::TOYOTA MOTOR,domain::Basic materials chemistry,2,44668494; 46248577
assignee_domain,assignee::TOYOTA MOTOR,domain::Environmental technology,2,72753605; 109304100
assignee_domain,assignee::TOYOTA MOTOR,"domain::Materials, metallurgy",2,55016601; 44672238
assignee_domain,assignee::TWELVE,"domain::Materials, metallurgy",2,105156145; 85453370
assignee_domain,assignee::TWELVE,domain::Organic fine chemistry,2,113958355; 85453370
assignee_domain,assignee::UNIVERSITY OF LIVERPOOL,"domain::Surface technology, coating",2,92565798; 104791873
assignee_domain,assignee::UNIVERSITY OF SZEGED,"domain::Surface technology, coating",2,98314273; 107513925
assignee_domain,assignee::XIAMEN UNIVERSITY,"domain::Surface technology, coating",2,117521363; 105438541
assignee_domain,assignee::XIAN JIAOTONG UNIVERSITY,"domain::Surface technology, coating",2,103030257; 116440098
assignee_domain,assignee::ZHEJIANG TIANDI ENV PROT TECHNOLOGY,"domain::Surface technology, coating",2,109766128; 106866991
assignee_domain,assignee::ZHENGZHOU UNIVERSITY OF LIGHT INDUSTRY,"domain::Surface technology, coating",2,106729837; 114777530
assignee_domain,assignee::AHMEDABAD UNIVERSITY,domain::Chemical engineering,1,116730524
assignee_domain,assignee::AHMEDABAD UNIVERSITY,domain::Organic fine chemistry,1,116730524
assignee_domain,assignee::AHMEDABAD UNIVERSITY,"domain::Surface technology, coating",1,116730524
assignee_domain,assignee::AIR COMPANY HOLDINGS,domain::Biotechnology,1,82922217
assignee_domain,assignee::AIR COMPANY HOLDINGS,domain::Micro-structure and nano-technology,1,82922217
assignee_domain,assignee::AIR COMPANY HOLDINGS,domain::Organic fine chemistry,1,82922217
assignee_domain,assignee::AIR COMPANY HOLDINGS,"domain::Surface technology, coating",1,82922217
assignee_domain,assignee::AIR LIQUIDE,"domain::Surface technology, coating",1,92464691
assignee_domain,assignee::AIST - NATIONAL INSTITUTE OF ADVANCED INDUSTRIAL SCIENCE & TECHNOLOGY,domain::Chemical engineering,1,88193055
assignee_domain,assignee::AIST - NATIONAL INSTITUTE OF ADVANCED INDUSTRIAL SCIENCE & TECHNOLOGY,"domain::Surface technology, coating",1,88193055
assignee_domain,assignee::AKITA UNIVERSITY,"domain::Materials, metallurgy",1,86205375
assignee_domain,assignee::AKITA UNIVERSITY,"domain::Surface technology, coating",1,86205375
assignee_domain,assignee::ALLIANCE FOR SUSTAINABLE ENERGY,domain::Basic materials chemistry,1,67443260
assignee_domain,assignee::ALLIANCE FOR SUSTAINABLE ENERGY,domain::Environmental technology,1,67443260
assignee_domain,assignee::ALLIANCE FOR SUSTAINABLE ENERGY,"domain::Materials, metallurgy",1,67443260
assignee_domain,assignee::ALLIANCE FOR SUSTAINABLE ENERGY,"domain::Surface technology, coating",1,67443260
assignee_domain,assignee::ANHUI YUANZHOU GREEN CARBON TECHNOLOGY,"domain::Surface technology, coating",1,115590122
assignee_domain,assignee::ARAMCO,domain::Basic materials chemistry,1,66508929
assignee_domain,assignee::ARAMCO,"domain::Electrical machinery, apparatus, energy",1,66508929
assignee_domain,assignee::ARAMCO,"domain::Engines, pumps, turbines",1,66508929
assignee_domain,assignee::ARAMCO,domain::Thermal processes and apparatus,1,66508929
assignee_domain,assignee::ARKRAY,domain::Environmental technology,1,101368053
assignee_domain,assignee::ARKRAY,"domain::Materials, metallurgy",1,101368053
assignee_domain,assignee::ARKRAY,"domain::Surface technology, coating",1,101368053
assignee_domain,assignee::BEIFANG UNIVERSITY OF NATIONALITIES,"domain::Surface technology, coating",1,106179974
assignee_domain,assignee::BEIJING UNIVERSITY OF CHEMICAL TECHNOLOGY,domain::Chemical engineering,1,115970616
assignee_domain,assignee::BEIJING UNIVERSITY OF CHEMICAL TECHNOLOGY,"domain::Materials, metallurgy",1,115970616
assignee_domain,assignee::BEIJING UNIVERSITY OF CHEMICAL TECHNOLOGY,domain::Organic fine chemistry,1,115970616
assignee_domain,assignee::BEIJING UNIVERSITY OF TECHNOLOGY,"domain::Electrical machinery, apparatus, energy",1,100868293
assignee_domain,assignee::BEIJING UNIVERSITY OF TECHNOLOGY,"domain::Materials, metallurgy",1,100868293
assignee_domain,assignee::BEIJING UNIVERSITY OF TECHNOLOGY,"domain::Surface technology, coating",1,100868293
assignee_domain,assignee::CARBON ENERGY TECHNOLOGY,"domain::Surface technology, coating",1,113078510
assignee_domain,assignee::CEA - COMMISSARIAT A L ENERGIE ATOMIQUE & AUX ENERGIES ALTERNATIVES,domain::Chemical engineering,1,67597001
assignee_domain,assignee::CEC SOLUTIONS,"domain::Electrical machinery, apparatus, energy",1,114628861
assignee_domain,assignee::CEC SOLUTIONS,domain::Environmental technology,1,114628861
assignee_domain,assignee::CEC SOLUTIONS,"domain::Surface technology, coating",1,114628861
assignee_domain,assignee::CENTRAL SOUTH UNIVERSITY,"domain::Surface technology, coating",1,111953180
assignee_domain,assignee::CERAMATEC,"domain::Electrical machinery, apparatus, energy",1,14919739
assignee_domain,assignee::CERAMATEC,"domain::Materials, metallurgy",1,14919739
assignee_domain,assignee::CHANGZHOU GERUIKESI ENERGY TECHNOLOGY,domain::Textile and paper machines,1,118274866
assignee_domain,assignee::CHINA AUTOMOTIVE TECHNOLOGY & RESEARCH CENTER,domain::Micro-structure and nano-technology,1,109733203
assignee_domain,assignee::CHINA AUTOMOTIVE TECHNOLOGY & RESEARCH CENTER,"domain::Surface technology, coating",1,109733203
assignee_domain,assignee::CHINA ELECTRONIC TECHNOLOGY,"domain::Electrical machinery, apparatus, energy",1,116773798
assignee_domain,assignee::CHINA ELECTRONIC TECHNOLOGY,"domain::Surface technology, coating",1,116773798
assignee_domain,assignee::CHINA HUADIAN ENGINEERING,"domain::Surface technology, coating",1,113078510
assignee_domain,assignee::CHINA OCEAN UNIVERSITY,"domain::Surface technology, coating",1,116720313
assignee_domain,assignee::CHIYODA,domain::Chemical engineering,1,83691812
assignee_domain,assignee::CHIYODA,domain::Environmental technology,1,83691812
assignee_domain,assignee::CHIYODA,"domain::Materials, metallurgy",1,83691812
assignee_domain,assignee::CHIYODA,"domain::Surface technology, coating",1,83691812
assignee_domain,assignee::CHN ENERGY NEW ENERGY TECHNOLOGY RESEARCH INSTITUTE,"domain::Materials, metallurgy",1,105418286
assignee_domain,assignee::CHN ENERGY NEW ENERGY TECHNOLOGY RESEARCH INSTITUTE,domain::Micro-structure and nano-technology,1,105418286
assignee_domain,assignee::CHN ENERGY NEW ENERGY TECHNOLOGY RESEARCH INSTITUTE,"domain::Surface technology, coating",1,105418286
assignee_domain,assignee::COLORADO SCHOOL OF MINES,domain::Basic materials chemistry,1,67443260
assignee_domain,assignee::COLORADO SCHOOL OF MINES,domain::Environmental technology,1,67443260
assignee_domain,assignee::COLORADO SCHOOL OF MINES,"domain::Materials, metallurgy",1,67443260
assignee_domain,assignee::COLORADO SCHOOL OF MINES,"domain::Surface technology, coating",1,67443260
assignee_domain,assignee::CONCORD SPIRITS,domain::Biotechnology,1,82922217
assignee_domain,assignee::CONCORD SPIRITS,domain::Micro-structure and nano-technology,1,82922217
assignee_domain,assignee::CONCORD SPIRITS,domain::Organic fine chemistry,1,82922217
assignee_domain,assignee::CONCORD SPIRITS,"domain::Surface technology, coating",1,82922217
assignee_domain,assignee::CSSC HANDAN PERIC HYDROGEN ENERGY TECHNOLOGY,"domain::Surface technology, coating",1,116440098
assignee_domain,assignee::D CRBN,domain::Chemical engineering,1,107376902
assignee_domain,assignee::D CRBN,domain::Environmental technology,1,107376902
assignee_domain,assignee::D CRBN,"domain::Materials, metallurgy",1,107376902
assignee_domain,assignee::DAICEL,"domain::Surface technology, coating",1,114240811
assignee_domain,assignee::DAIKIN INDUSTRIES,domain::Environmental technology,1,101368053
assignee_domain,assignee::DAIKIN INDUSTRIES,"domain::Materials, metallurgy",1,101368053
assignee_domain,assignee::DAIKIN INDUSTRIES,"domain::Surface technology, coating",1,101368053
assignee_domain,assignee::DALIAN INSTITUTE OF CHEMICAL PHYSICS CHINESE ACADEMY OF SCIENCES,"domain::Macromolecular chemistry, polymers",1,116688896
assignee_domain,assignee::DALIAN INSTITUTE OF CHEMICAL PHYSICS CHINESE ACADEMY OF SCIENCES,"domain::Materials, metallurgy",1,105343084
assignee_domain,assignee::DALIAN INSTITUTE OF CHEMICAL PHYSICS CHINESE ACADEMY OF SCIENCES,domain::Textile and paper machines,1,116688896
assignee_domain,assignee::DALIAN UNIVERSITY,"domain::Surface technology, coating",1,116013304
assignee_domain,assignee::DALIAN UNIVERSITY OF TECHNOLOGY,domain::Micro-structure and nano-technology,1,116876860
assignee_domain,assignee::DIOXIDE MATERIALS,domain::Analysis of biological materials,1,1913318
assignee_domain,assignee::DIOXIDE MATERIALS,domain::Basic materials chemistry,1,79681795
assignee_domain,assignee::DIOXIDE MATERIALS,domain::Environmental technology,1,72680476
assignee_domain,assignee::DIOXIDE MATERIALS,"domain::Materials, metallurgy",1,1913318
assignee_domain,assignee::DIOXIDE MATERIALS,domain::Other special machines,1,72680476
assignee_domain,assignee::DIOXYCLE,domain::Chemical engineering,1,107739736
assignee_domain,assignee::DIOXYCLE,"domain::Materials, metallurgy",1,107739736
assignee_domain,assignee::DIOXYCLE,domain::Organic fine chemistry,1,107739736
assignee_domain,assignee::DIOXYCLE,"domain::Surface technology, coating",1,107739736
assignee_domain,assignee::DIOXYCLE,domain::Thermal processes and apparatus,1,107739736
assignee_domain,assignee::DONG EUI UNIVERSITY INDUSTRY ACADEMIC COOPERATIONFOUNDATION,"domain::Surface technology, coating",1,71965537
assignee_domain,assignee::DONGHUA UNIVERSITY,"domain::Materials, metallurgy",1,115484302
assignee_domain,assignee::DONGHUA UNIVERSITY,"domain::Surface technology, coating",1,115484302
assignee_domain,assignee::DONGHUA UNIVERSITY,domain::Textile and paper machines,1,115484302
assignee_domain,assignee::DOSHISHA UNIVERSITY,domain::Environmental technology,1,101368053
assignee_domain,assignee::DOSHISHA UNIVERSITY,"domain::Materials, metallurgy",1,101368053
assignee_domain,assignee::DOSHISHA UNIVERSITY,"domain::Surface technology, coating",1,101368053
assignee_domain,assignee::EAST CHINA NORMAL UNIVERSITY,domain::Organic fine chemistry,1,117486565
assignee_domain,assignee::EAST CHINA NORMAL UNIVERSITY,"domain::Surface technology, coating",1,117486565
assignee_domain,assignee::ENGIE,domain::Basic materials chemistry,1,75166129
assignee_domain,assignee::ENGIE,"domain::Surface technology, coating",1,75166129
assignee_domain,assignee::ENLIGHTEN INNOVATIONS,"domain::Surface technology, coating",1,67334411
assignee_domain,assignee::EPFL - ECOLE POLYTECHNIQUE FEDERALE DE LAUSANNE,domain::Basic materials chemistry,1,112262309
assignee_domain,assignee::EPFL - ECOLE POLYTECHNIQUE FEDERALE DE LAUSANNE,domain::Environmental technology,1,112262309
assignee_domain,assignee::EPFL - ECOLE POLYTECHNIQUE FEDERALE DE LAUSANNE,"domain::Materials, metallurgy",1,112262309
assignee_domain,assignee::EPFL - ECOLE POLYTECHNIQUE FEDERALE DE LAUSANNE,domain::Organic fine chemistry,1,112262309
assignee_domain,assignee::EPFL - ECOLE POLYTECHNIQUE FEDERALE DE LAUSANNE,"domain::Surface technology, coating",1,112262309
assignee_domain,assignee::FAIRBRICS,"domain::Surface technology, coating",1,104121451
assignee_domain,assignee::FCI,domain::Basic materials chemistry,1,112387292
assignee_domain,assignee::FCI,"domain::Electrical machinery, apparatus, energy",1,112387292
assignee_domain,assignee::FCI,"domain::Materials, metallurgy",1,112387292
assignee_domain,assignee::FCI,"domain::Surface technology, coating",1,112387292
assignee_domain,assignee::FIELD UPGRADING,"domain::Electrical machinery, apparatus, energy",1,14919739
assignee_domain,assignee::FIELD UPGRADING,"domain::Materials, metallurgy",1,14919739
assignee_domain,assignee::FIELD UPGRADING,"domain::Surface technology, coating",1,14919739
assignee_domain,assignee::FORSCHUNGSZENTRUM JUELICH,"domain::Materials, metallurgy",1,93504955
assignee_domain,assignee::FORSCHUNGSZENTRUM JUELICH,"domain::Surface technology, coating",1,93504955
assignee_domain,assignee::FOSHAN UNIVERSITY,domain::Chemical engineering,1,108214882
assignee_domain,assignee::FOSHAN UNIVERSITY,"domain::Materials, metallurgy",1,108214882
assignee_domain,assignee::FOSHAN UNIVERSITY,domain::Organic fine chemistry,1,108214882
assignee_domain,assignee::FRAUNHOFER,domain::Chemical engineering,1,111220958
assignee_domain,assignee::FRAUNHOFER,domain::Environmental technology,1,111220958
assignee_domain,assignee::FRAUNHOFER,"domain::Materials, metallurgy",1,116977017
assignee_domain,assignee::FRAUNHOFER,domain::Measurement,1,79824105
assignee_domain,assignee::FRAUNHOFER,domain::Micro-structure and nano-technology,1,111220958
assignee_domain,assignee::FUELCELL ENERGY,"domain::Electrical machinery, apparatus, energy",1,114398667
assignee_domain,assignee::FUELCELL ENERGY,"domain::Surface technology, coating",1,114398667
assignee_domain,assignee::FUJIAN INSTITUTE OF RESEARCH ON THE STRUCTURE OF MATTER - CHINESE ACADEMY OF SCIENCES,"domain::Surface technology, coating",1,104816669
assignee_domain,assignee::FUNDACION CENTER DE INNOVACION & DESARROLLO TECNOLOGICO,"domain::Engines, pumps, turbines",1,64914748
assignee_domain,assignee::FUNDACION CENTER DE INNOVACION & DESARROLLO TECNOLOGICO,domain::Environmental technology,1,64914748
assignee_domain,assignee::FUNDACION CENTER DE INNOVACION & DESARROLLO TECNOLOGICO,domain::Thermal processes and apparatus,1,64914748
assignee_domain,assignee::FUZHOU UNIVERSITY,"domain::Macromolecular chemistry, polymers",1,102969825
assignee_domain,assignee::FUZHOU UNIVERSITY,"domain::Surface technology, coating",1,102969825
assignee_domain,assignee::GD POWER DEVELOPMENT,"domain::Surface technology, coating",1,115347016
assignee_domain,assignee::GIG KARASEK,"domain::Surface technology, coating",1,116397541
assignee_domain,assignee::GIST - GWANGJU INSTITUTE OF SCIENCE & TECHNOLOGY,domain::Chemical engineering,1,104997454
assignee_domain,assignee::GIST - GWANGJU INSTITUTE OF SCIENCE & TECHNOLOGY,"domain::Surface technology, coating",1,104997454
assignee_domain,assignee::GLOBAL ENERGY INTERCONNECTION RESEARCH INSTITUTE,"domain::Surface technology, coating",1,86637940
assignee_domain,assignee::GUANGDONG POWER GRID,"domain::Surface technology, coating",1,100072108
assignee_domain,assignee::GUO HUANG ([US]),"domain::Surface technology, coating",1,44441678
assignee_domain,assignee::GUONENG SANHE POWER GENERATION,"domain::Surface technology, coating",1,115347016
assignee_domain,assignee::HANYANG UNIVERSITY,domain::Chemical engineering,1,105886055
assignee_domain,assignee::HANYANG UNIVERSITY,"domain::Macromolecular chemistry, polymers",1,105886055
assignee_domain,assignee::HARBIN INSTITUTE OF TECHNOLOGY,"domain::Electrical machinery, apparatus, energy",1,116773798
assignee_domain,assignee::HEBEI UNIVERSITY OF SCIENCE & TECHNOLOGY,domain::Basic materials chemistry,1,96729039
assignee_domain,assignee::HEBEI UNIVERSITY OF SCIENCE & TECHNOLOGY,domain::Chemical engineering,1,96729039
assignee_domain,assignee::HEBEI UNIVERSITY OF SCIENCE & TECHNOLOGY,"domain::Materials, metallurgy",1,96729039
assignee_domain,assignee::HENAN UNIVERSITY,"domain::Surface technology, coating",1,108569271
assignee_domain,assignee::HENAN UNIVERSITY OF TECHNOLOGY,"domain::Materials, metallurgy",1,110304393
assignee_domain,assignee::HENAN UNIVERSITY OF TECHNOLOGY,"domain::Surface technology, coating",1,110304393
assignee_domain,assignee::HIROSAKI UNIVERSITY,"domain::Materials, metallurgy",1,86205375
assignee_domain,assignee::HIROSAKI UNIVERSITY,"domain::Surface technology, coating",1,86205375
assignee_domain,assignee::HITACHI,domain::Basic materials chemistry,1,96314074
assignee_domain,assignee::HITACHI,domain::Environmental technology,1,101956586
assignee_domain,assignee::HITACHI,"domain::Materials, metallurgy",1,101956586
assignee_domain,assignee::HITACHI,domain::Organic fine chemistry,1,107089672
assignee_domain,assignee::HITACHI,domain::Thermal processes and apparatus,1,101956586
assignee_domain,assignee::HONDA MOTOR,domain::Basic materials chemistry,1,101968427
assignee_domain,assignee::HONDA MOTOR,"domain::Materials, metallurgy",1,106413270
assignee_domain,assignee::HONDA MOTOR,domain::Organic fine chemistry,1,101968427
assignee_domain,assignee::HUADIAN ENVIRONMENT PROTECTION ENGINEERING,"domain::Surface technology, coating",1,113078510
assignee_domain,assignee::HUANENG GROUP,"domain::Surface technology, coating",1,100799928
assignee_domain,assignee::HUAZHONG UNIVERSITY OF SCIENCE & TECHNOLOGY,"domain::Electrical machinery, apparatus, energy",1,101335911
assignee_domain,assignee::HUAZHONG UNIVERSITY OF SCIENCE & TECHNOLOGY,"domain::Surface technology, coating",1,101335911
assignee_domain,assignee::HUNAN UNIVERSITY,"domain::Surface technology, coating",1,108739790
assignee_domain,assignee::IDEMITSU KOSAN,domain::Chemical engineering,1,106316002
assignee_domain,assignee::IDEMITSU KOSAN,"domain::Electrical machinery, apparatus, energy",1,110939894
assignee_domain,assignee::IDEMITSU KOSAN,"domain::Materials, metallurgy",1,106316002
assignee_domain,assignee::IHI,"domain::Surface technology, coating",1,96823449
assignee_domain,assignee::INDIAN INSTITUTE OF TECHNOLOGY BOMBAY,domain::Pharmaceuticals,1,115631039
assignee_domain,assignee::INFINIUM,domain::Basic materials chemistry,1,106413185
assignee_domain,assignee::INFINIUM,"domain::Materials, metallurgy",1,106413185
assignee_domain,assignee::INFINIUM,"domain::Surface technology, coating",1,106413185
assignee_domain,assignee::INSTITUTE OF AUTOMATION - CHINESE ACADEMY OF SCIENCES,"domain::Surface technology, coating",1,115363192
assignee_domain,assignee::INSTITUTE OF CHEMICAL INDUSTRY OF FOREST PRODUCTS CHINESE ACADEMY OF FORESTRY,"domain::Materials, metallurgy",1,105036941
assignee_domain,assignee::INSTITUTE OF COAL CHEMISTRY - CHINESE ACADEMY OF SCIENCE,"domain::Surface technology, coating",1,79172273
assignee_domain,assignee::INSTITUTE OF PROCESS ENGINEERING - CHINESE ACADEMY OF SCIENCES,domain::Environmental technology,1,116298732
assignee_domain,assignee::INSTITUTE OF PROCESS ENGINEERING - CHINESE ACADEMY OF SCIENCES,domain::Micro-structure and nano-technology,1,116298732
assignee_domain,assignee::IQBAL GULFAM ([US]),"domain::Surface technology, coating",1,44441678
assignee_domain,assignee::ISTITUTO ITALIANO DI TECNOLOGIA,domain::Chemical engineering,1,96558426
assignee_domain,assignee::ISTITUTO ITALIANO DI TECNOLOGIA,"domain::Surface technology, coating",1,96558426
assignee_domain,assignee::JAPAN SCIENCE & TECHNOLOGY AGENCY,"domain::Materials, metallurgy",1,86205375
assignee_domain,assignee::JAPAN SCIENCE & TECHNOLOGY AGENCY,"domain::Surface technology, coating",1,86205375
assignee_domain,assignee::JIANGSU UNIVERSITY,domain::Micro-structure and nano-technology,1,105493992
assignee_domain,assignee::JOHNS HOPKINS UNIVERSITY,"domain::Electrical machinery, apparatus, energy",1,115708489
assignee_domain,assignee::JOHNS HOPKINS UNIVERSITY,domain::Organic fine chemistry,1,112177579
assignee_domain,assignee::KANG BRUCE S ([US]),"domain::Surface technology, coating",1,44441678
assignee_domain,assignee::KATHOLIEKE UNIVERSITEIT LEUVEN,"domain::Materials, metallurgy",1,102038550
assignee_domain,assignee::KATHOLIEKE UNIVERSITEIT LEUVEN,"domain::Surface technology, coating",1,102038550
assignee_domain,assignee::KING FAHD UNIVERSITY OF PETROLEUM & MINERALS,"domain::Materials, metallurgy",1,115039917
assignee_domain,assignee::KING FAHD UNIVERSITY OF PETROLEUM & MINERALS,"domain::Surface technology, coating",1,115039917
assignee_domain,assignee::KOREA ADVANCED INSTITUTE OF SCIENCE & TECHNOLOGY,domain::Chemical engineering,1,35372708
assignee_domain,assignee::KOREA ADVANCED INSTITUTE OF SCIENCE & TECHNOLOGY,"domain::Materials, metallurgy",1,35372708
assignee_domain,assignee::KOREA ADVANCED INSTITUTE OF SCIENCE & TECHNOLOGY,domain::Micro-structure and nano-technology,1,115109027
assignee_domain,assignee::KOREA INSTITUTE OF ENERGY RESEARCH,"domain::Materials, metallurgy",1,74496528
assignee_domain,assignee::KOREA INSTITUTE OF ENERGY RESEARCH,"domain::Surface technology, coating",1,74496528
assignee_domain,assignee::KOREA INSTITUTE OF INDUSTRIAL TECHNOLOGY,"domain::Materials, metallurgy",1,84680718
assignee_domain,assignee::KOREA INSTITUTE OF INDUSTRIAL TECHNOLOGY,"domain::Surface technology, coating",1,84680718
assignee_domain,assignee::KOREA INSTITUTE OF SCIENCE & TECHNOLOGY,domain::Chemical engineering,1,108851809
assignee_domain,assignee::KOREA INSTITUTE OF SCIENCE & TECHNOLOGY,"domain::Materials, metallurgy",1,103934571
assignee_domain,assignee::KOREA INSTITUTE OF SCIENCE & TECHNOLOGY,domain::Organic fine chemistry,1,103934571
assignee_domain,assignee::KRICT KOREA RESEARCH INSTITUTE OF CHEMICAL TECHNOLOGY,"domain::Surface technology, coating",1,112969726
assignee_domain,assignee::KYUSHU UNIVERSITY,"domain::Electrical machinery, apparatus, energy",1,118083135
assignee_domain,assignee::KYUSHU UNIVERSITY,"domain::Surface technology, coating",1,118083135
assignee_domain,assignee::LIAONING UNIVERSITY,"domain::Surface technology, coating",1,104822026
assignee_domain,assignee::LINDE,domain::Analysis of biological materials,1,82565553
assignee_domain,assignee::LIQUID SUN,"domain::Surface technology, coating",1,115866554
assignee_domain,assignee::LOTTE CHEMICAL,domain::Chemical engineering,1,100393580
assignee_domain,assignee::LOTTE CHEMICAL,"domain::Surface technology, coating",1,100393580
assignee_domain,assignee::MANUFACTURING SYSTEMS,"domain::Electrical machinery, apparatus, energy",1,85904334
assignee_domain,assignee::MANUFACTURING SYSTEMS,"domain::Surface technology, coating",1,85904334
assignee_domain,assignee::MITSUBISHI ELECTRIC,domain::Basic materials chemistry,1,104127510
assignee_domain,assignee::MITSUBISHI ELECTRIC,domain::Chemical engineering,1,104127510
assignee_domain,assignee::MITSUBISHI ELECTRIC,domain::Organic fine chemistry,1,104127510
assignee_domain,assignee::MITSUBISHI ELECTRIC,"domain::Surface technology, coating",1,104127510
assignee_domain,assignee::MITSUI KINZOKU,"domain::Surface technology, coating",1,114240811
assignee_domain,assignee::MITSUI MINING & SMELTING,"domain::Surface technology, coating",1,114240811
assignee_domain,assignee::NANJING FORESTRY UNIVERSITY,"domain::Materials, metallurgy",1,105036941
assignee_domain,assignee::NANJING UNIVERSITY OF SCIENCE & TECHNOLOGY,"domain::Surface technology, coating",1,106672290
assignee_domain,assignee::NANJING UNIVERSITY OF TECHNOLOGY,"domain::Materials, metallurgy",1,91898287
assignee_domain,assignee::NANJING UNIVERSITY OF TECHNOLOGY,domain::Micro-structure and nano-technology,1,91898287
assignee_domain,assignee::NANJING UNIVERSITY OF TECHNOLOGY,"domain::Surface technology, coating",1,91898287
assignee_domain,assignee::NEWSOUTH INNOVATIONS,"domain::Materials, metallurgy",1,104024514
assignee_domain,assignee::NEWSOUTH INNOVATIONS,"domain::Surface technology, coating",1,104024514
assignee_domain,assignee::NGK INSULATORS,"domain::Surface technology, coating",1,116562374
assignee_domain,assignee::NINGBO CARBON NEW ENERGY TECHNOLOGY,"domain::Surface technology, coating",1,101555236
assignee_domain,assignee::NINGXIA UNIVERSITY,"domain::Surface technology, coating",1,114887582
assignee_domain,assignee::NORTHEASTERN UNIVERSITY OF CHINA,"domain::Materials, metallurgy",1,98505907
assignee_domain,assignee::NORTHEASTERN UNIVERSITY OF CHINA,"domain::Surface technology, coating",1,98505907
assignee_domain,assignee::NORTHERN ILLINOIS UNIVERSITY,domain::Chemical engineering,1,98849845
assignee_domain,assignee::NORTHERN ILLINOIS UNIVERSITY,domain::Organic fine chemistry,1,98849845
assignee_domain,assignee::NORTHERN ILLINOIS UNIVERSITY,"domain::Surface technology, coating",1,98849845
assignee_domain,assignee::NORTHWESTERN UNIVERSITY,"domain::Materials, metallurgy",1,116476220
assignee_domain,assignee::NORTHWESTERN UNIVERSITY,"domain::Surface technology, coating",1,116476220
assignee_domain,assignee::NUAA - NANJING UNIVERSITY OF AERONAUTICS & ASTRONAUTICS,"domain::Surface technology, coating",1,111894530
assignee_domain,assignee::OSAKA GAS,domain::Basic materials chemistry,1,96376807
assignee_domain,assignee::OSAKA GAS,"domain::Materials, metallurgy",1,96376807
assignee_domain,assignee::OSAKA UNIVERSITY,domain::Chemical engineering,1,106316002
assignee_domain,assignee::OSAKA UNIVERSITY,"domain::Materials, metallurgy",1,106316002
assignee_domain,assignee::OSAKA UNIVERSITY,"domain::Surface technology, coating",1,106316002
assignee_domain,assignee::PAUL SCHERRER INSTITUTE,"domain::Electrical machinery, apparatus, energy",1,83256656
assignee_domain,assignee::PAUL SCHERRER INSTITUTE,"domain::Surface technology, coating",1,83256656
assignee_domain,assignee::PENN STATE RESEARCH FOUNDATION,"domain::Surface technology, coating",1,83842416
assignee_domain,assignee::PIZHOU PAOCHE ANCIENT LIYUAN SCENIC SPOT MANAGEMENT SERVICE,"domain::Surface technology, coating",1,104914800
assignee_domain,assignee::PRINCETON UNIVERSITY,"domain::Surface technology, coating",1,83693059
assignee_domain,assignee::PUSAN NATIONAL UNIVERSITY INDUSTRY UNIVERSITY COOPERATION FOUNDATION,"domain::Surface technology, coating",1,83172492
assignee_domain,assignee::QINGDAO UNIVERSITY OF SCIENCE & TECHNOLOGY,domain::Environmental technology,1,111204819
assignee_domain,assignee::QINGDAO UNIVERSITY OF SCIENCE & TECHNOLOGY,"domain::Materials, metallurgy",1,111204819
assignee_domain,assignee::QINGDAO UNIVERSITY OF SCIENCE & TECHNOLOGY,"domain::Surface technology, coating",1,111204819
assignee_domain,assignee::QUZHOU RESEARCH INSTITUTE OF ZHEJIANG UNIVERSITY,"domain::Surface technology, coating",1,101562974
assignee_domain,assignee::QUZHOU RESOURCE CHEMICAL INNOVATION RESEARCH INSTITUTE,domain::Chemical engineering,1,115970616
assignee_domain,assignee::QUZHOU RESOURCE CHEMICAL INNOVATION RESEARCH INSTITUTE,"domain::Materials, metallurgy",1,115970616
assignee_domain,assignee::QUZHOU RESOURCE CHEMICAL INNOVATION RESEARCH INSTITUTE,domain::Organic fine chemistry,1,115970616
assignee_domain,assignee::REGENTS OF THE UNIVERSITY OF CALIFORNIA,domain::Chemical engineering,1,95502318
assignee_domain,assignee::REGENTS OF THE UNIVERSITY OF CALIFORNIA,domain::Organic fine chemistry,1,95502318
assignee_domain,assignee::REGENTS OF THE UNIVERSITY OF MICHIGAN,domain::Chemical engineering,1,92032595
assignee_domain,assignee::REGENTS OF THE UNIVERSITY OF MICHIGAN,"domain::Surface technology, coating",1,92032595
assignee_domain,assignee::RESEARCH CENTER FOR ECO ENVIRONMENTAL SCIENCES - CHINESE ACADEMY OF SCIENCES,"domain::Materials, metallurgy",1,89672842
assignee_domain,assignee::RESEARCH CENTER FOR ECO ENVIRONMENTAL SCIENCES - CHINESE ACADEMY OF SCIENCES,domain::Micro-structure and nano-technology,1,89672842
assignee_domain,assignee::RESEARCH CENTER FOR ECO ENVIRONMENTAL SCIENCES - CHINESE ACADEMY OF SCIENCES,"domain::Surface technology, coating",1,89672842
assignee_domain,assignee::ROYAL MELBOURNE INSTITUTE OF TECHNOLOGY,domain::Environmental technology,1,116181184
assignee_domain,assignee::ROYAL MELBOURNE INSTITUTE OF TECHNOLOGY,"domain::Surface technology, coating",1,116181184
assignee_domain,assignee::SANTAN ANHUI TECHNOLOGY RESEARCH INSTITUTE,"domain::Materials, metallurgy",1,105758218
assignee_domain,assignee::SANTAN ANHUI TECHNOLOGY RESEARCH INSTITUTE,"domain::Surface technology, coating",1,105758218
assignee_domain,assignee::SCATTERBO TECHNOLOGIES BEIJING,domain::Chemical engineering,1,106753547
assignee_domain,assignee::SCATTERBO TECHNOLOGIES BEIJING,domain::Environmental technology,1,106753547
assignee_domain,assignee::SCATTERBO TECHNOLOGIES BEIJING,"domain::Materials, metallurgy",1,106753547
assignee_domain,assignee::SCATTERBO TECHNOLOGIES BEIJING,"domain::Surface technology, coating",1,106753547
assignee_domain,assignee::SEKA TOHRO BEIJING SCIENCE & TECHNOLOGY,domain::Chemical engineering,1,106753547
assignee_domain,assignee::SEKA TOHRO BEIJING SCIENCE & TECHNOLOGY,domain::Environmental technology,1,106753547
assignee_domain,assignee::SEKA TOHRO BEIJING SCIENCE & TECHNOLOGY,"domain::Materials, metallurgy",1,106753547
assignee_domain,assignee::SEKA TOHRO BEIJING SCIENCE & TECHNOLOGY,"domain::Surface technology, coating",1,106753547
assignee_domain,assignee::SEKISUI CHEMICAL,domain::Organic fine chemistry,1,110666488
assignee_domain,assignee::SHAANXI COAL INDUSTRY NEW ENERGY TECHNOLOGY,"domain::Electrical machinery, apparatus, energy",1,108150520
assignee_domain,assignee::SHAANXI NORMAL UNIVERSITY,"domain::Surface technology, coating",1,105486835
assignee_domain,assignee::SHAANXI UNIVERSITY OF SCIENCE & TECHNOLOGY,domain::Chemical engineering,1,116285153
assignee_domain,assignee::SHAANXI UNIVERSITY OF SCIENCE & TECHNOLOGY,"domain::Macromolecular chemistry, polymers",1,116285153
assignee_domain,assignee::SHAANXI UNIVERSITY OF SCIENCE & TECHNOLOGY,domain::Other special machines,1,116285153
assignee_domain,assignee::SHAANXI UNIVERSITY OF SCIENCE & TECHNOLOGY,"domain::Surface technology, coating",1,116285153
assignee_domain,assignee::SHANDONG UNIVERSITY OF SCIENCE & TECHNOLOGY,"domain::Surface technology, coating",1,97840083
assignee_domain,assignee::SHANGHAI ADVANCED RESEARCH INSTITUTE - CHINESE ACADEMY OF SCIENCES,"domain::Materials, metallurgy",1,114532676
assignee_domain,assignee::SHANGHAI ADVANCED RESEARCH INSTITUTE - CHINESE ACADEMY OF SCIENCES,"domain::Surface technology, coating",1,114532676
assignee_domain,assignee::SHANGHAI ADVANCED RESEARCH INSTITUTE - CHINESE ACADEMY OF SCIENCES,domain::Textile and paper machines,1,114532676
assignee_domain,assignee::SHANGHAI ELECTRIC,"domain::Surface technology, coating",1,118096155
assignee_domain,assignee::SHANGHAI INSTITUTE OF APPLIED PHYSICS - CHINESE ACADEMY OF SCIENCES,"domain::Surface technology, coating",1,116709402
assignee_domain,assignee::SHANGHAI JIAO TONG UNIVERSITY,domain::Basic materials chemistry,1,105555372
assignee_domain,assignee::SHANGHAI YIJING HYDROGEN ENERGY TECHNOLOGY,"domain::Surface technology, coating",1,108835141
assignee_domain,assignee::SICHUAN LANGSHENG NEW ENERGY TECHNOLOGY,"domain::Macromolecular chemistry, polymers",1,104081456
assignee_domain,assignee::SICHUAN LANGSHENG NEW ENERGY TECHNOLOGY,domain::Other special machines,1,104081456
assignee_domain,assignee::SICHUAN LANGSHENG NEW ENERGY TECHNOLOGY,"domain::Surface technology, coating",1,104081456
assignee_domain,assignee::SIEMENS ENERGY,domain::Basic materials chemistry,1,75262842
assignee_domain,assignee::SIEMENS ENERGY,domain::Biotechnology,1,75262842
assignee_domain,assignee::SIEMENS ENERGY,domain::Chemical engineering,1,79296485
assignee_domain,assignee::SIEMENS ENERGY,"domain::Electrical machinery, apparatus, energy",1,87171430
assignee_domain,assignee::SIEMENS ENERGY,domain::Organic fine chemistry,1,79163034
assignee_domain,assignee::SK INNOVATION,domain::Chemical engineering,1,107413525
assignee_domain,assignee::SK INNOVATION,"domain::Electrical machinery, apparatus, energy",1,107413525
assignee_domain,assignee::SK INNOVATION,domain::Environmental technology,1,107413525
assignee_domain,assignee::SK INNOVATION,"domain::Surface technology, coating",1,107413525
assignee_domain,assignee::SOOCHOW UNIVERSITY,"domain::Electrical machinery, apparatus, energy",1,110495249
assignee_domain,assignee::SOOCHOW UNIVERSITY,"domain::Materials, metallurgy",1,110495249
assignee_domain,assignee::SOOCHOW UNIVERSITY,"domain::Surface technology, coating",1,110495249
assignee_domain,assignee::SOUTH CHINA NORMAL UNIVERSITY,"domain::Surface technology, coating",1,104933063
assignee_domain,assignee::SOUTH CHINA UNIVERSITY OF TECHNOLOGY,"domain::Surface technology, coating",1,110697556
assignee_domain,assignee::SOUTHEAST UNIVERSITY,domain::Chemical engineering,1,87032374
assignee_domain,assignee::SOUTHWEST UNIVERSITY OF SCIENCE & TECHNOLOGY,"domain::Macromolecular chemistry, polymers",1,104081456
assignee_domain,assignee::SOUTHWEST UNIVERSITY OF SCIENCE & TECHNOLOGY,domain::Other special machines,1,104081456
assignee_domain,assignee::STATE GRID CORPORATION OF CHINA,"domain::Surface technology, coating",1,86637940
assignee_domain,assignee::SUNFIRE,"domain::Surface technology, coating",1,71609954
assignee_domain,assignee::TAKAHATA PRECISION,"domain::Surface technology, coating",1,102708989
assignee_domain,assignee::TECHNICAL INSTITUTE OF PHYSICS & CHEMISTRY - CHINESE ACADEMY OF SCIENCES,domain::Chemical engineering,1,80803000
assignee_domain,assignee::TECHNICAL INSTITUTE OF PHYSICS & CHEMISTRY - CHINESE ACADEMY OF SCIENCES,"domain::Surface technology, coating",1,80803000
assignee_domain,assignee::TECHNISCHE UNIVERSITEIT DELFT,domain::Chemical engineering,1,109306159
assignee_domain,assignee::TECHNISCHE UNIVERSITEIT DELFT,domain::Other special machines,1,109306159
assignee_domain,assignee::TEXAS A & M UNIVERSITY,domain::Chemical engineering,1,106991409
assignee_domain,assignee::TEXAS A & M UNIVERSITY,"domain::Electrical machinery, apparatus, energy",1,106991409
assignee_domain,assignee::TEXAS A & M UNIVERSITY,"domain::Materials, metallurgy",1,106991409
assignee_domain,assignee::TEXAS A & M UNIVERSITY,"domain::Surface technology, coating",1,106991409
assignee_domain,assignee::TIANJIN UNIVERSITY OF TECHNOLOGY,"domain::Surface technology, coating",1,110888177
assignee_domain,assignee::TIANJING UNIVERSITY,"domain::Surface technology, coating",1,117651217
assignee_domain,assignee::TOKYO INSTITUTE OF TECHNOLOGY,"domain::Materials, metallurgy",1,86205375
assignee_domain,assignee::TOKYO INSTITUTE OF TECHNOLOGY,"domain::Surface technology, coating",1,86205375
assignee_domain,assignee::TOPSOE,"domain::Electrical machinery, apparatus, energy",1,101955362
assignee_domain,assignee::TOPSOE,domain::Thermal processes and apparatus,1,95617533
assignee_domain,assignee::TOSHIBA,domain::Analysis of biological materials,1,87919517
assignee_domain,assignee::TOSHIBA,domain::Basic materials chemistry,1,106413273
assignee_domain,assignee::TOSHIBA,domain::Biotechnology,1,106413273
assignee_domain,assignee::TOSHIBA,domain::Micro-structure and nano-technology,1,96200636
assignee_domain,assignee::TOYOTA MOTOR,"domain::Electrical machinery, apparatus, energy",1,118083135
assignee_domain,assignee::TOYOTA MOTOR,"domain::Engines, pumps, turbines",1,44668494
assignee_domain,assignee::TSINGHUA UNIVERSITY,domain::Basic materials chemistry,1,96729039
assignee_domain,assignee::TSINGHUA UNIVERSITY,domain::Chemical engineering,1,96729039
assignee_domain,assignee::TSINGHUA UNIVERSITY,"domain::Materials, metallurgy",1,96729039
assignee_domain,assignee::TWELVE,domain::Basic materials chemistry,1,85453370
assignee_domain,assignee::TWELVE,domain::Chemical engineering,1,85453370
assignee_domain,assignee::TWELVE,domain::Environmental technology,1,97540394
assignee_domain,assignee::UCHICAGO ARGONNE,domain::Chemical engineering,1,98849845
assignee_domain,assignee::UCHICAGO ARGONNE,domain::Organic fine chemistry,1,98849845
assignee_domain,assignee::UCHICAGO ARGONNE,"domain::Surface technology, coating",1,98849845
assignee_domain,assignee::UNIST,"domain::Surface technology, coating",1,71965537
assignee_domain,assignee::UNIVERSIDADE DO PORTO,"domain::Surface technology, coating",1,100959754
assignee_domain,assignee::UNIVERSITEIT ANTWERPEN,"domain::Surface technology, coating",1,94627574
assignee_domain,assignee::UNIVERSITY OF BRITISH COLUMBIA,"domain::Surface technology, coating",1,83842416
assignee_domain,assignee::UNIVERSITY OF ELECTRONIC SCIENCE & TECHNOLOGY OF CHINA,"domain::Surface technology, coating",1,98667734
assignee_domain,assignee::UNIVERSITY OF ILLINOIS,domain::Environmental technology,1,106991476
assignee_domain,assignee::UNIVERSITY OF ILLINOIS,"domain::Surface technology, coating",1,106991476
assignee_domain,assignee::UNIVERSITY OF LIVERPOOL,domain::Chemical engineering,1,92565798
assignee_domain,assignee::UNIVERSITY OF LIVERPOOL,"domain::Electrical machinery, apparatus, energy",1,92565798
assignee_domain,assignee::UNIVERSITY OF MICHIGAN,domain::Chemical engineering,1,92032595
assignee_domain,assignee::UNIVERSITY OF MICHIGAN,"domain::Surface technology, coating",1,92032595
assignee_domain,assignee::UNIVERSITY OF NANKAI,"domain::Materials, metallurgy",1,105758218
assignee_domain,assignee::UNIVERSITY OF NANKAI,"domain::Surface technology, coating",1,105758218
assignee_domain,assignee::UNIVERSITY OF NORTHUMBRIA,"domain::Surface technology, coating",1,108109771
assignee_domain,assignee::UNIVERSITY OF TORONTO,"domain::Electrical machinery, apparatus, energy",1,103674986
assignee_domain,assignee::UNIVERSITY OF TORONTO,"domain::Materials, metallurgy",1,103674986
assignee_domain,assignee::UNIVERSITY OF TORONTO,"domain::Surface technology, coating",1,103674986
assignee_domain,assignee::UNIVERSITY OF YAMANASHI,"domain::Surface technology, coating",1,102708989
assignee_domain,assignee::UNIVERSITY SOUTH SCIENCE & TECHNOLOGY CHINA,domain::Organic fine chemistry,1,100224447
assignee_domain,assignee::UNIVERSITY SOUTH SCIENCE & TECHNOLOGY CHINA,"domain::Surface technology, coating",1,100224447
assignee_domain,assignee::VITO - VLAAMSE INSTELLING VOOR TECHNOLOGISCH ONDERZOEK,"domain::Materials, metallurgy",1,102038550
assignee_domain,assignee::VITO - VLAAMSE INSTELLING VOOR TECHNOLOGISCH ONDERZOEK,"domain::Surface technology, coating",1,102038550
assignee_domain,assignee::WANHUA CHEMICAL GROUP,"domain::Surface technology, coating",1,110503287
assignee_domain,assignee::XECA TURBO TECHNOLOGIES,domain::Chemical engineering,1,106753547
assignee_domain,assignee::XECA TURBO TECHNOLOGIES,domain::Environmental technology,1,106753547
assignee_domain,assignee::XECA TURBO TECHNOLOGIES,"domain::Materials, metallurgy",1,106753547
assignee_domain,assignee::XECA TURBO TECHNOLOGIES,"domain::Surface technology, coating",1,106753547
assignee_domain,assignee::XI AN UNIVERSITY OF SCIENCE & TECHNOLOGY,"domain::Electrical machinery, apparatus, energy",1,108150520
assignee_domain,assignee::XIAMEN UNIVERSITY,"domain::Materials, metallurgy",1,117521363
assignee_domain,assignee::XIAMEN UNIVERSITY,domain::Micro-structure and nano-technology,1,117521363
assignee_domain,assignee::XIAN JIAOTONG UNIVERSITY,"domain::Materials, metallurgy",1,103030257
assignee_domain,assignee::XIANGTAN UNIVERSITY,"domain::Surface technology, coating",1,110082631
assignee_domain,assignee::YANCHENG INSTITUTE OF TECHNOLOGY,"domain::Materials, metallurgy",1,115484302
assignee_domain,assignee::YANCHENG INSTITUTE OF TECHNOLOGY,"domain::Surface technology, coating",1,115484302
assignee_domain,assignee::YANCHENG INSTITUTE OF TECHNOLOGY,domain::Textile and paper machines,1,115484302
assignee_domain,assignee::YANGTZE DELTA REGION INSTITUTE OF UNIVERSITY OF ELECTRONIC SCIENCE & TECHNOLOGY OF CHINA HUZHOU,domain::Environmental technology,1,104276143
assignee_domain,assignee::YANGZHOU UNIVERSITY,"domain::Macromolecular chemistry, polymers",1,117641010
assignee_domain,assignee::YANGZHOU UNIVERSITY,"domain::Surface technology, coating",1,117641010
assignee_domain,assignee::YEDA RESEARCH & DEVELOPMENT,"domain::Electrical machinery, apparatus, energy",1,7846740
assignee_domain,assignee::YEDA RESEARCH & DEVELOPMENT,"domain::Engines, pumps, turbines",1,7846740
assignee_domain,assignee::YEDA RESEARCH & DEVELOPMENT,domain::Thermal processes and apparatus,1,7846740
assignee_domain,assignee::ZHEJIANG BAIMA LAKE LABORATORY,"domain::Materials, metallurgy",1,109766128
assignee_domain,assignee::ZHEJIANG BAIMA LAKE LABORATORY,domain::Micro-structure and nano-technology,1,109766128
assignee_domain,assignee::ZHEJIANG GUOQING ENERGY TECHNOLOGY DEVELOPMENT,"domain::Electrical machinery, apparatus, energy",1,94787837
assignee_domain,assignee::ZHEJIANG TIANDI ENV PROT TECHNOLOGY,"domain::Materials, metallurgy",1,109766128
assignee_domain,assignee::ZHEJIANG TIANDI ENV PROT TECHNOLOGY,domain::Micro-structure and nano-technology,1,109766128
assignee_domain,assignee::ZHEJIANG UNIVERSITY,domain::Chemical engineering,1,89550408
assignee_domain,assignee::ZHEJIANG UNIVERSITY,"domain::Materials, metallurgy",1,112046649
assignee_domain,assignee::ZHEJIANG UNIVERSITY OF TECHNOLOGY,"domain::Surface technology, coating",1,114750156
assignee_domain,assignee::ZHEJIANG WANLI UNIVERSITY,"domain::Surface technology, coating",1,112719442
assignee_domain,assignee::ZHEJIANG ZHENENG TECHNOLOGY ENVIRONMENTAL PROTECTION GROUP,"domain::Surface technology, coating",1,112354020
assignee_domain,assignee::ZHEJIANG ZHONGXIN DEGU NEW MATERIAL TECHNOLOGY,"domain::Surface technology, coating",1,95930332
assignee_domain,assignee::ZHENGZHOU INSTITUTE OF EMERGING INDUSTRIAL TECHNOLOGY,"domain::Surface technology, coating",1,98666737
assignee_domain,assignee::ZHONGSHAN POWER SUPPLY BUREAU OF GUANGDONG POWER GRID,"domain::Surface technology, coating",1,100072108
assignee_country,assignee::TOSHIBA,country::JP,36,105393249; 106574607; 86048379; 93172689; 104039102; 96200627; 104037474; 101790584; 106413273; 98850824; 83773883; 111591386; 116737142; 87919716; 81386945; 96200636; 81302402; 118081624; 87919517; 86130749; 106495795; 113753877; 81386940; 108896443; 93172692; 106586888; 108863955; 108863961; 111493424; 118081631
assignee_country,assignee::SIEMENS ENERGY,country::DE,34,107278856; 77202004; 89744192; 77016544; 85758116; 77244658; 93813175; 82018818; 78242503; 78286428; 79296485; 75026979; 83051660; 77856561; 77856556; 85758103; 87171430; 85684691; 93812412; 84413562; 89416407; 75262842; 87171527; 97217510; 92569265; 79163034; 91738840; 85011701; 85758108; 94204081
assignee_country,assignee::LG CHEM,country::KR,9,113653423; 112678154; 113067654; 113653441; 112678146; 114305656; 118157483; 109306069; 113645537
assignee_country,assignee::TOPSOE,country::DK,9,64469752; 100674664; 94627563; 73295054; 86310831; 86310832; 103607055; 95617533; 101955362
assignee_country,assignee::DALIAN UNIVERSITY OF TECHNOLOGY,country::CN,8,98749181; 80164805; 102358496; 86637940; 96169624; 108306014; 116876860; 102226793
assignee_country,assignee::KUNMING UNIVERSITY OF SCIENCE & TECHNOLOGY,country::CN,8,100427008; 98164251; 100252610; 88204087; 105028031; 116293199; 111363754; 116434365
assignee_country,assignee::CNRS,country::FR,6,69060627; 73827816; 68986421; 78510702; 71292352; 92464691
assignee_country,assignee::TOYOTA MOTOR,country::JP,6,55016601; 44672238; 44668494; 46248577; 109304100; 118083135
assignee_country,assignee::UNIVERSITE PARIS CITE / PARIS DIDEROT,country::FR,6,69060627; 73827816; 68986421; 78510702; 71292352; 92464691
assignee_country,assignee::ZHEJIANG UNIVERSITY,country::CN,6,92423180; 112046649; 98666426; 89550408; 112590590; 101562974
assignee_country,assignee::DIOXIDE MATERIALS,country::US,5,79681795; 44789699; 116105015; 72680476; 1913318
assignee_country,assignee::IDEMITSU KOSAN,country::JP,5,102708989; 101871166; 106316002; 110939894; 101871167
assignee_country,assignee::TOPSOE,country::EP,5,100674664; 94627563; 73295054; 103607055; 101955362
assignee_country,assignee::TWELVE,country::US,5,113958355; 105156145; 85453370; 97540394; 101064694
assignee_country,assignee::CNRS,country::EP,4,73827816; 78510702; 71292352; 92464691
assignee_country,assignee::DALIAN INSTITUTE OF CHEMICAL PHYSICS CHINESE ACADEMY OF SCIENCES,country::CN,4,105343084; 112323322; 116688896; 79181464
assignee_country,assignee::FRAUNHOFER,country::DE,4,111220958; 116977017; 112675495; 79824105
assignee_country,assignee::HONDA MOTOR,country::JP,4,106413270; 111586005; 101968427; 114240811
assignee_country,assignee::LINDE,country::DE,4,82565553; 85758116; 85758103; 85758108
assignee_country,assignee::TOPSOE,country::EE,4,100674664; 103607055; 95617533; 101955362
assignee_country,assignee::TOYOTA MOTOR,country::WO,4,55016601; 44672238; 44668494; 46248577
assignee_country,assignee::UNIVERSITE PARIS CITE / PARIS DIDEROT,country::EP,4,73827816; 78510702; 71292352; 92464691
assignee_country,assignee::UTILITY GLOBAL,country::US,4,112883886; 114398668; 115547269; 111147448
assignee_country,assignee::ZHEJIANG BAIMA LAKE LABORATORY,country::CN,4,109766128; 108808107; 112354020; 106866991
assignee_country,assignee::ARAMCO,country::SA,3,116476220; 94621513; 66508929
assignee_country,assignee::ARAMCO,country::US,3,116476220; 94621513; 66508929
assignee_country,assignee::AVANTIUM KNOWLEDGE CENTRE,country::EP,3,112473551; 112473553; 112473561
assignee_country,assignee::AVANTIUM KNOWLEDGE CENTRE,country::NL,3,112473551; 112473553; 112473561
assignee_country,assignee::CEA - COMMISSARIAT A L ENERGIE ATOMIQUE & AUX ENERGIES ALTERNATIVES,country::FR,3,67597001; 66367131; 84993693
assignee_country,assignee::COVESTRO,country::DE,3,93617165; 87991721; 82742757
assignee_country,assignee::COVESTRO,country::EP,3,93617165; 87991721; 82742757
assignee_country,assignee::HITACHI,country::JP,3,101956586; 96314074; 107089672
assignee_country,assignee::HUAZHONG UNIVERSITY OF SCIENCE & TECHNOLOGY,country::CN,3,102493599; 114892955; 101335911
assignee_country,assignee::INSTITUTE OF PROCESS ENGINEERING - CHINESE ACADEMY OF SCIENCES,country::CN,3,117825503; 98666737; 116298732
assignee_country,assignee::JIANGSU UNIVERSITY,country::CN,3,96701999; 105493992; 105437834
assignee_country,assignee::KOREA INSTITUTE OF SCIENCE & TECHNOLOGY,country::KR,3,108851809; 116414667; 103934571
assignee_country,assignee::SEKISUI CHEMICAL,country::JP,3,106145261; 116244461; 110666488
assignee_country,assignee::TOPSOE,country::SE,3,64469752; 100674664; 73295054
assignee_country,assignee::CERAMATEC,country::US,2,14919739; 67334411
assignee_country,assignee::CHANGZHOU GERUIKESI ENERGY TECHNOLOGY,country::CN,2,118106537; 118274866
assignee_country,assignee::CNRS,country::US,2,69060627; 78510702
assignee_country,assignee::ELECTROCHEMICALS ZRT,country::HU,2,98314273; 107513925
assignee_country,assignee::ELECTROCHEMICALS ZRT,country::RS,2,98314273; 107513925
assignee_country,assignee::FUJIAN NORMAL UNIVERSITY,country::CN,2,90886203; 93254642
assignee_country,assignee::HANYANG UNIVERSITY,country::KR,2,105886055; 100582928
assignee_country,assignee::HARBIN INSTITUTE OF TECHNOLOGY,country::CN,2,102352265; 116773798
assignee_country,assignee::HEILONGJIANG QIZHENG HIGH TECHNOLOGY MATERIAL TECHNOLOGY,country::CN,2,108163425; 108401777
assignee_country,assignee::JOHNS HOPKINS UNIVERSITY,country::US,2,115708489; 112177579
assignee_country,assignee::KOREA ADVANCED INSTITUTE OF SCIENCE & TECHNOLOGY,country::KR,2,35372708; 115109027
assignee_country,assignee::NINGBO INSTITUTE OF MATERIALS TECHNOLOGY & ENGINEERING - CHINESE ACADEMY OF SCIENCES,country::CN,2,94934392; 115136805
assignee_country,assignee::NIPPON TELEGRAPH & TELEPHONE,country::JP,2,107639787; 102808473
assignee_country,assignee::NIPPON TELEGRAPH & TELEPHONE,country::WO,2,107639787; 102808473
assignee_country,assignee::OSAKA GAS,country::JP,2,96376807; 104546406
assignee_country,assignee::PUSAN NATIONAL UNIVERSITY INDUSTRY UNIVERSITY COOPERATION FOUNDATION,country::KR,2,83172492; 79012090
assignee_country,assignee::REGENTS OF THE UNIVERSITY OF CALIFORNIA,country::US,2,95502318; 114057507
assignee_country,assignee::SHANGHAI JIAO TONG UNIVERSITY,country::CN,2,105555372; 104914800
assignee_country,assignee::SIEMENS ENERGY,country::EP,2,107278856; 91085959
assignee_country,assignee::SINOPEC,country::CN,2,92423180; 116120311
assignee_country,assignee::SOUTHEAST UNIVERSITY,country::CN,2,87032374; 100554181
assignee_country,assignee::SOUTHWEST UNIVERSITY OF SCIENCE & TECHNOLOGY,country::CN,2,106179974; 104081456
assignee_country,assignee::THALESNANO,country::HU,2,98314273; 107513925
assignee_country,assignee::THALESNANO,country::RS,2,98314273; 107513925
assignee_country,assignee::UNIVERSITE PARIS CITE / PARIS DIDEROT,country::US,2,69060627; 78510702
assignee_country,assignee::UNIVERSITY OF LIVERPOOL,country::GB,2,92565798; 104791873
assignee_country,assignee::UNIVERSITY OF SZEGED,country::HU,2,98314273; 107513925
assignee_country,assignee::UNIVERSITY OF SZEGED,country::RS,2,98314273; 107513925
assignee_country,assignee::XIAMEN UNIVERSITY,country::CN,2,117521363; 105438541
assignee_country,assignee::XIAN JIAOTONG UNIVERSITY,country::CN,2,103030257; 116440098
assignee_country,assignee::ZHEJIANG TIANDI ENV PROT TECHNOLOGY,country::CN,2,109766128; 106866991
assignee_country,assignee::ZHENGZHOU UNIVERSITY OF LIGHT INDUSTRY,country::CN,2,106729837; 114777530
assignee_country,assignee::AHMEDABAD UNIVERSITY,country::IN,1,116730524
assignee_country,assignee::AIR COMPANY HOLDINGS,country::US,1,82922217
assignee_country,assignee::AIR LIQUIDE,country::DE,1,92464691
assignee_country,assignee::AIR LIQUIDE,country::EP,1,92464691
assignee_country,assignee::AIR LIQUIDE,country::FR,1,92464691
assignee_country,assignee::AIST - NATIONAL INSTITUTE OF ADVANCED INDUSTRIAL SCIENCE & TECHNOLOGY,country::JP,1,88193055
assignee_country,assignee::AKITA UNIVERSITY,country::JP,1,86205375
assignee_country,assignee::ALLIANCE FOR SUSTAINABLE ENERGY,country::US,1,67443260
assignee_country,assignee::ANHUI YUANZHOU GREEN CARBON TECHNOLOGY,country::CN,1,115590122
assignee_country,assignee::ARAMCO,country::BD,1,66508929
assignee_country,assignee::ARAMCO,country::GR,1,94621513
assignee_country,assignee::ARAMCO,country::JO,1,66508929
assignee_country,assignee::ARKRAY,country::JP,1,101368053
assignee_country,assignee::BEIFANG UNIVERSITY OF NATIONALITIES,country::CN,1,106179974
assignee_country,assignee::BEIJING UNIVERSITY OF CHEMICAL TECHNOLOGY,country::CN,1,115970616
assignee_country,assignee::BEIJING UNIVERSITY OF TECHNOLOGY,country::CN,1,100868293
assignee_country,assignee::CARBON ENERGY TECHNOLOGY,country::CN,1,113078510
assignee_country,assignee::CEC SOLUTIONS,country::US,1,114628861
assignee_country,assignee::CENTRAL SOUTH UNIVERSITY,country::CN,1,111953180
assignee_country,assignee::CHINA AUTOMOTIVE TECHNOLOGY & RESEARCH CENTER,country::CN,1,109733203
assignee_country,assignee::CHINA ELECTRONIC TECHNOLOGY,country::CN,1,116773798
assignee_country,assignee::CHINA HUADIAN ENGINEERING,country::CN,1,113078510
assignee_country,assignee::CHINA OCEAN UNIVERSITY,country::CN,1,116720313
assignee_country,assignee::CHIYODA,country::JP,1,83691812
assignee_country,assignee::CHN ENERGY NEW ENERGY TECHNOLOGY RESEARCH INSTITUTE,country::CN,1,105418286
assignee_country,assignee::CNRS,country::AU,1,69208275
assignee_country,assignee::CNRS,country::CA,1,68986421
assignee_country,assignee::CNRS,country::DE,1,92464691
assignee_country,assignee::COLORADO SCHOOL OF MINES,country::US,1,67443260
assignee_country,assignee::CONCORD SPIRITS,country::US,1,82922217
assignee_country,assignee::CSSC HANDAN PERIC HYDROGEN ENERGY TECHNOLOGY,country::CN,1,116440098
assignee_country,assignee::D CRBN,country::BE,1,107376902
assignee_country,assignee::DAICEL,country::JP,1,114240811
assignee_country,assignee::DAIKIN INDUSTRIES,country::JP,1,101368053
assignee_country,assignee::DALIAN UNIVERSITY,country::CN,1,116013304
assignee_country,assignee::DIOXYCLE,country::FR,1,107739736
assignee_country,assignee::DIOXYCLE,country::US,1,107739736
assignee_country,assignee::DONG EUI UNIVERSITY INDUSTRY ACADEMIC COOPERATIONFOUNDATION,country::KR,1,71965537
assignee_country,assignee::DONGHUA UNIVERSITY,country::CN,1,115484302
assignee_country,assignee::DOSHISHA UNIVERSITY,country::JP,1,101368053
assignee_country,assignee::EAST CHINA NORMAL UNIVERSITY,country::CN,1,117486565
assignee_country,assignee::ELECTROCHEMICALS ZRT,country::EP,1,98314273
assignee_country,assignee::ELECTROCHEMICALS ZRT,country::RU,1,107513925
assignee_country,assignee::ENGIE,country::FR,1,75166129
assignee_country,assignee::ENLIGHTEN INNOVATIONS,country::US,1,67334411
assignee_country,assignee::EPFL - ECOLE POLYTECHNIQUE FEDERALE DE LAUSANNE,country::CH,1,112262309
assignee_country,assignee::EPFL - ECOLE POLYTECHNIQUE FEDERALE DE LAUSANNE,country::EP,1,112262309
assignee_country,assignee::EPFL - ECOLE POLYTECHNIQUE FEDERALE DE LAUSANNE,country::IT,1,112262309
assignee_country,assignee::FAIRBRICS,country::FR,1,104121451
assignee_country,assignee::FCI,country::KR,1,112387292
assignee_country,assignee::FIELD UPGRADING,country::US,1,14919739
assignee_country,assignee::FORSCHUNGSZENTRUM JUELICH,country::DE,1,93504955
assignee_country,assignee::FORSCHUNGSZENTRUM JUELICH,country::NL,1,93504955
assignee_country,assignee::FOSHAN UNIVERSITY,country::CN,1,108214882
assignee_country,assignee::FUELCELL ENERGY,country::US,1,114398667
assignee_country,assignee::FUJIAN INSTITUTE OF RESEARCH ON THE STRUCTURE OF MATTER - CHINESE ACADEMY OF SCIENCES,country::CN,1,104816669
assignee_country,assignee::FUNDACION CENTER DE INNOVACION & DESARROLLO TECNOLOGICO,country::ES,1,64914748
assignee_country,assignee::FUZHOU UNIVERSITY,country::CN,1,102969825
assignee_country,assignee::GD POWER DEVELOPMENT,country::CN,1,115347016
assignee_country,assignee::GIG KARASEK,country::AT,1,116397541
assignee_country,assignee::GIST - GWANGJU INSTITUTE OF SCIENCE & TECHNOLOGY,country::KR,1,104997454
assignee_country,assignee::GLOBAL ENERGY INTERCONNECTION RESEARCH INSTITUTE,country::CN,1,86637940
assignee_country,assignee::GUANGDONG POWER GRID,country::CN,1,100072108
assignee_country,assignee::GUO HUANG ([US]),country::US,1,44441678
assignee_country,assignee::GUONENG SANHE POWER GENERATION,country::CN,1,115347016
assignee_country,assignee::HEBEI UNIVERSITY OF SCIENCE & TECHNOLOGY,country::CN,1,96729039
assignee_country,assignee::HENAN UNIVERSITY,country::CN,1,108569271
assignee_country,assignee::HENAN UNIVERSITY OF TECHNOLOGY,country::CN,1,110304393
assignee_country,assignee::HIROSAKI UNIVERSITY,country::JP,1,86205375
assignee_country,assignee::HITACHI,country::WO,1,96314074
assignee_country,assignee::HUADIAN ENVIRONMENT PROTECTION ENGINEERING,country::CN,1,113078510
assignee_country,assignee::HUANENG GROUP,country::CN,1,100799928
assignee_country,assignee::HUNAN UNIVERSITY,country::CN,1,108739790
assignee_country,assignee::IDEMITSU KOSAN,country::CN,1,106316002
assignee_country,assignee::IHI,country::JP,1,96823449
assignee_country,assignee::INDIAN INSTITUTE OF TECHNOLOGY BOMBAY,country::IN,1,115631039
assignee_country,assignee::INFINIUM,country::US,1,106413185
assignee_country,assignee::INSTITUTE OF AUTOMATION - CHINESE ACADEMY OF SCIENCES,country::CN,1,115363192
assignee_country,assignee::INSTITUTE OF CHEMICAL INDUSTRY OF FOREST PRODUCTS CHINESE ACADEMY OF FORESTRY,country::CN,1,105036941
assignee_country,assignee::INSTITUTE OF COAL CHEMISTRY - CHINESE ACADEMY OF SCIENCE,country::CN,1,79172273
assignee_country,assignee::IQBAL GULFAM ([US]),country::US,1,44441678
assignee_country,assignee::ISTITUTO ITALIANO DI TECNOLOGIA,country::IT,1,96558426
assignee_country,assignee::JAPAN SCIENCE & TECHNOLOGY AGENCY,country::JP,1,86205375
assignee_country,assignee::KANG BRUCE S ([US]),country::US,1,44441678
assignee_country,assignee::KATHOLIEKE UNIVERSITEIT LEUVEN,country::BE,1,102038550
assignee_country,assignee::KATHOLIEKE UNIVERSITEIT LEUVEN,country::EP,1,102038550
assignee_country,assignee::KING FAHD UNIVERSITY OF PETROLEUM & MINERALS,country::SA,1,115039917
assignee_country,assignee::KING FAHD UNIVERSITY OF PETROLEUM & MINERALS,country::US,1,115039917
assignee_country,assignee::KOREA INSTITUTE OF ENERGY RESEARCH,country::KR,1,74496528
assignee_country,assignee::KOREA INSTITUTE OF INDUSTRIAL TECHNOLOGY,country::KR,1,84680718
assignee_country,assignee::KRICT KOREA RESEARCH INSTITUTE OF CHEMICAL TECHNOLOGY,country::KR,1,112969726
assignee_country,assignee::KYUSHU UNIVERSITY,country::JP,1,118083135
assignee_country,assignee::LIAONING UNIVERSITY,country::CN,1,104822026
assignee_country,assignee::LINDE,country::US,1,82565553
assignee_country,assignee::LIQUID SUN,country::EP,1,115866554
assignee_country,assignee::LIQUID SUN,country::FI,1,115866554
assignee_country,assignee::LOTTE CHEMICAL,country::KR,1,100393580
assignee_country,assignee::MANUFACTURING SYSTEMS,country::NZ,1,85904334
assignee_country,assignee::MANUFACTURING SYSTEMS,country::US,1,85904334
assignee_country,assignee::MITSUBISHI ELECTRIC,country::JP,1,104127510
assignee_country,assignee::MITSUBISHI ELECTRIC,country::WO,1,104127510
assignee_country,assignee::MITSUI KINZOKU,country::JP,1,114240811
assignee_country,assignee::MITSUI MINING & SMELTING,country::JP,1,114240811
assignee_country,assignee::NANJING FORESTRY UNIVERSITY,country::CN,1,105036941
assignee_country,assignee::NANJING UNIVERSITY OF SCIENCE & TECHNOLOGY,country::CN,1,106672290
assignee_country,assignee::NANJING UNIVERSITY OF TECHNOLOGY,country::CN,1,91898287
assignee_country,assignee::NEWSOUTH INNOVATIONS,country::AU,1,104024514
assignee_country,assignee::NGK INSULATORS,country::JP,1,116562374
assignee_country,assignee::NINGBO CARBON NEW ENERGY TECHNOLOGY,country::CN,1,101555236
assignee_country,assignee::NINGXIA UNIVERSITY,country::CN,1,114887582
assignee_country,assignee::NORTHEASTERN UNIVERSITY OF CHINA,country::CN,1,98505907
assignee_country,assignee::NORTHERN ILLINOIS UNIVERSITY,country::US,1,98849845
assignee_country,assignee::NORTHWESTERN UNIVERSITY,country::SA,1,116476220
assignee_country,assignee::NORTHWESTERN UNIVERSITY,country::US,1,116476220
assignee_country,assignee::NUAA - NANJING UNIVERSITY OF AERONAUTICS & ASTRONAUTICS,country::CN,1,111894530
assignee_country,assignee::OSAKA UNIVERSITY,country::CN,1,106316002
assignee_country,assignee::OSAKA UNIVERSITY,country::JP,1,106316002
assignee_country,assignee::PAUL SCHERRER INSTITUTE,country::CH,1,83256656
assignee_country,assignee::PAUL SCHERRER INSTITUTE,country::EP,1,83256656
assignee_country,assignee::PENN STATE RESEARCH FOUNDATION,country::CA,1,83842416
assignee_country,assignee::PENN STATE RESEARCH FOUNDATION,country::US,1,83842416
assignee_country,assignee::PIZHOU PAOCHE ANCIENT LIYUAN SCENIC SPOT MANAGEMENT SERVICE,country::CN,1,104914800
assignee_country,assignee::PRINCETON UNIVERSITY,country::US,1,83693059
assignee_country,assignee::QINGDAO UNIVERSITY OF SCIENCE & TECHNOLOGY,country::CN,1,111204819
assignee_country,assignee::QUZHOU RESEARCH INSTITUTE OF ZHEJIANG UNIVERSITY,country::CN,1,101562974
assignee_country,assignee::QUZHOU RESOURCE CHEMICAL INNOVATION RESEARCH INSTITUTE,country::CN,1,115970616
assignee_country,assignee::REGENTS OF THE UNIVERSITY OF MICHIGAN,country::CA,1,92032595
assignee_country,assignee::REGENTS OF THE UNIVERSITY OF MICHIGAN,country::US,1,92032595
assignee_country,assignee::REGENTS OF THE UNIVERSITY OF MICHIGAN,country::UY,1,92032595
assignee_country,assignee::RESEARCH CENTER FOR ECO ENVIRONMENTAL SCIENCES - CHINESE ACADEMY OF SCIENCES,country::CN,1,89672842
assignee_country,assignee::ROYAL MELBOURNE INSTITUTE OF TECHNOLOGY,country::AU,1,116181184
assignee_country,assignee::SANTAN ANHUI TECHNOLOGY RESEARCH INSTITUTE,country::CN,1,105758218
assignee_country,assignee::SCATTERBO TECHNOLOGIES BEIJING,country::CN,1,106753547
assignee_country,assignee::SEKA TOHRO BEIJING SCIENCE & TECHNOLOGY,country::CN,1,106753547
assignee_country,assignee::SEKISUI CHEMICAL,country::US,1,106145261
assignee_country,assignee::SHAANXI COAL INDUSTRY NEW ENERGY TECHNOLOGY,country::CN,1,108150520
assignee_country,assignee::SHAANXI NORMAL UNIVERSITY,country::CN,1,105486835
assignee_country,assignee::SHAANXI UNIVERSITY OF SCIENCE & TECHNOLOGY,country::CN,1,116285153
assignee_country,assignee::SHANDONG UNIVERSITY OF SCIENCE & TECHNOLOGY,country::CN,1,97840083
assignee_country,assignee::SHANGHAI ADVANCED RESEARCH INSTITUTE - CHINESE ACADEMY OF SCIENCES,country::CN,1,114532676
assignee_country,assignee::SHANGHAI ELECTRIC,country::CN,1,118096155
assignee_country,assignee::SHANGHAI INSTITUTE OF APPLIED PHYSICS - CHINESE ACADEMY OF SCIENCES,country::CN,1,116709402
assignee_country,assignee::SHANGHAI YIJING HYDROGEN ENERGY TECHNOLOGY,country::CN,1,108835141
assignee_country,assignee::SICHUAN LANGSHENG NEW ENERGY TECHNOLOGY,country::CN,1,104081456
assignee_country,assignee::SIEMENS ENERGY,country::DK,1,87171527
assignee_country,assignee::SIEMENS ENERGY,country::US,1,107278856
assignee_country,assignee::SK INNOVATION,country::KR,1,107413525
assignee_country,assignee::SOOCHOW UNIVERSITY,country::CN,1,110495249
assignee_country,assignee::SOUTH CHINA NORMAL UNIVERSITY,country::CN,1,104933063
assignee_country,assignee::SOUTH CHINA UNIVERSITY OF TECHNOLOGY,country::CN,1,110697556
assignee_country,assignee::STATE GRID CORPORATION OF CHINA,country::CN,1,86637940
assignee_country,assignee::SUNFIRE,country::DE,1,71609954
assignee_country,assignee::TAKAHATA PRECISION,country::JP,1,102708989
assignee_country,assignee::TECHNICAL INSTITUTE OF PHYSICS & CHEMISTRY - CHINESE ACADEMY OF SCIENCES,country::CN,1,80803000
assignee_country,assignee::TECHNISCHE UNIVERSITEIT DELFT,country::NL,1,109306159
assignee_country,assignee::TEXAS A & M UNIVERSITY,country::US,1,106991409
assignee_country,assignee::THALESNANO,country::EP,1,98314273
assignee_country,assignee::THALESNANO,country::RU,1,107513925
assignee_country,assignee::TIANJIN UNIVERSITY OF TECHNOLOGY,country::CN,1,110888177
assignee_country,assignee::TIANJING UNIVERSITY,country::CN,1,117651217
assignee_country,assignee::TOKYO INSTITUTE OF TECHNOLOGY,country::JP,1,86205375
assignee_country,assignee::TOPSOE,country::WO,1,64469752
assignee_country,assignee::TOYOTA MOTOR,country::BE,1,109304100
assignee_country,assignee::TOYOTA MOTOR,country::EP,1,109304100
assignee_country,assignee::TOYOTA MOTOR,country::NL,1,109304100
assignee_country,assignee::TOYOTA MOTOR,country::US,1,72753605
assignee_country,assignee::TSINGHUA UNIVERSITY,country::CN,1,96729039
assignee_country,assignee::TWELVE,country::CA,1,113958355
assignee_country,assignee::UCHICAGO ARGONNE,country::US,1,98849845
assignee_country,assignee::UNIST,country::KR,1,71965537
assignee_country,assignee::UNIVERSIDADE DO PORTO,country::PT,1,100959754
assignee_country,assignee::UNIVERSITE PARIS CITE / PARIS DIDEROT,country::AU,1,69208275
assignee_country,assignee::UNIVERSITE PARIS CITE / PARIS DIDEROT,country::CA,1,68986421
assignee_country,assignee::UNIVERSITE PARIS CITE / PARIS DIDEROT,country::DE,1,92464691
assignee_country,assignee::UNIVERSITEIT ANTWERPEN,country::BE,1,94627574
assignee_country,assignee::UNIVERSITEIT ANTWERPEN,country::EP,1,94627574
assignee_country,assignee::UNIVERSITY OF BRITISH COLUMBIA,country::CA,1,83842416
assignee_country,assignee::UNIVERSITY OF BRITISH COLUMBIA,country::US,1,83842416
assignee_country,assignee::UNIVERSITY OF ELECTRONIC SCIENCE & TECHNOLOGY OF CHINA,country::CN,1,98667734
assignee_country,assignee::UNIVERSITY OF ILLINOIS,country::US,1,106991476
assignee_country,assignee::UNIVERSITY OF MICHIGAN,country::CA,1,92032595
assignee_country,assignee::UNIVERSITY OF MICHIGAN,country::US,1,92032595
assignee_country,assignee::UNIVERSITY OF MICHIGAN,country::UY,1,92032595
assignee_country,assignee::UNIVERSITY OF NANKAI,country::CN,1,105758218
assignee_country,assignee::UNIVERSITY OF NORTHUMBRIA,country::GB,1,108109771
assignee_country,assignee::UNIVERSITY OF SZEGED,country::EP,1,98314273
assignee_country,assignee::UNIVERSITY OF SZEGED,country::RU,1,107513925
assignee_country,assignee::UNIVERSITY OF TORONTO,country::CA,1,103674986
assignee_country,assignee::UNIVERSITY OF TORONTO,country::US,1,103674986
assignee_country,assignee::UNIVERSITY OF YAMANASHI,country::JP,1,102708989
assignee_country,assignee::UNIVERSITY SOUTH SCIENCE & TECHNOLOGY CHINA,country::CN,1,100224447
assignee_country,assignee::VITO - VLAAMSE INSTELLING VOOR TECHNOLOGISCH ONDERZOEK,country::BE,1,102038550
assignee_country,assignee::VITO - VLAAMSE INSTELLING VOOR TECHNOLOGISCH ONDERZOEK,country::EP,1,102038550
assignee_country,assignee::WANHUA CHEMICAL GROUP,country::CN,1,110503287
assignee_country,assignee::XECA TURBO TECHNOLOGIES,country::CN,1,106753547
assignee_country,assignee::XI AN UNIVERSITY OF SCIENCE & TECHNOLOGY,country::CN,1,108150520
assignee_country,assignee::XIANGTAN UNIVERSITY,country::CN,1,110082631
assignee_country,assignee::YANCHENG INSTITUTE OF TECHNOLOGY,country::CN,1,115484302
assignee_country,assignee::YANGTZE DELTA REGION INSTITUTE OF UNIVERSITY OF ELECTRONIC SCIENCE & TECHNOLOGY OF CHINA HUZHOU,country::CN,1,104276143
assignee_country,assignee::YANGZHOU UNIVERSITY,country::CN,1,117641010
assignee_country,assignee::YEDA RESEARCH & DEVELOPMENT,country::IL,1,7846740
assignee_country,assignee::YEDA RESEARCH & DEVELOPMENT,country::US,1,7846740
assignee_country,assignee::ZHEJIANG GUOQING ENERGY TECHNOLOGY DEVELOPMENT,country::CN,1,94787837
assignee_country,assignee::ZHEJIANG UNIVERSITY OF TECHNOLOGY,country::CN,1,114750156
assignee_country,assignee::ZHEJIANG WANLI UNIVERSITY,country::CN,1,112719442
assignee_country,assignee::ZHEJIANG ZHENENG TECHNOLOGY ENVIRONMENTAL PROTECTION GROUP,country::CN,1,112354020
assignee_country,assignee::ZHEJIANG ZHONGXIN DEGU NEW MATERIAL TECHNOLOGY,country::CN,1,95930332
assignee_country,assignee::ZHENGZHOU INSTITUTE OF EMERGING INDUSTRIAL TECHNOLOGY,country::CN,1,98666737
assignee_country,assignee::ZHONGSHAN POWER SUPPLY BUREAU OF GUANGDONG POWER GRID,country::CN,1,100072108
domain_cpc_group,cpc_group::C25B,"domain::Surface technology, coating",318,103674986; 69060627; 73827816; 68986421; 93504955; 105555372; 78510702; 64469752; 71292352; 112883886; 83691812; 92423180; 79681795; 102708989; 44789699; 106145261; 100674664; 112473551; 72753605; 114398668; 112473553; 113958355; 92565798; 83693059; 83256656; 109766128; 92464691; 71965537; 103030257; 115708489
domain_cpc_group,cpc_group::Y02E,"domain::Surface technology, coating",123,73827816; 93504955; 78510702; 64469752; 83691812; 79681795; 100674664; 72753605; 114398668; 113958355; 83256656; 104791873; 96823449; 104822026; 105156145; 110503287; 75166129; 105393249; 55016601; 77202004; 114887582; 112387292; 44672238; 117521363; 44441678; 100252610; 46248577; 14919739; 112262309; 80590207
domain_cpc_group,cpc_group::C25B,"domain::Materials, metallurgy",71,103674986; 73827816; 93504955; 78510702; 64469752; 71292352; 83691812; 100674664; 109766128; 103030257; 112046649; 105156145; 73295054; 84680718; 116476220; 55016601; 112387292; 104024514; 44672238; 102038550; 82565553; 101956586; 106991409; 14919739; 112262309; 86310831; 106413270; 107739736; 106753547; 98505907
domain_cpc_group,cpc_group::Y02P,"domain::Surface technology, coating",55,93504955; 83691812; 79681795; 96823449; 93617165; 105156145; 73295054; 104024514; 102038550; 82565553; 44668494; 116285153; 112262309; 87991721; 94621513; 107739736; 96376807; 93172689; 86310832; 104039102; 85758116; 104037474; 101790584; 98850824; 67597001; 66508929; 98666426; 96200636; 117825503; 79296485
domain_cpc_group,cpc_group::C25B,domain::Chemical engineering,46,73827816; 68986421; 78510702; 71292352; 83691812; 79681795; 92565798; 73295054; 95502318; 111220958; 106991409; 116285153; 87032374; 86310831; 107739736; 106753547; 96376807; 106574607; 107413525; 104997454; 83172492; 105886055; 108851809; 106413273; 85453370; 79012090; 67597001; 100393580; 96200636; 79296485
domain_cpc_group,cpc_group::C01B,"domain::Materials, metallurgy",40,78510702; 71292352; 83691812; 105036941; 107376902; 94627563; 73295054; 84680718; 116476220; 96729039; 104024514; 44672238; 108214882; 82565553; 106991409; 115970616; 112262309; 86310831; 106413270; 107739736; 106753547; 86205375; 96376807; 86310832; 66508929; 96200636; 67443260; 106413185; 111204819; 35372708
domain_cpc_group,cpc_group::Y02E,"domain::Materials, metallurgy",40,73827816; 93504955; 78510702; 64469752; 83691812; 100674664; 105156145; 55016601; 112387292; 44672238; 117521363; 14919739; 112262309; 86310831; 107739736; 106753547; 96376807; 77016544; 86310832; 77244658; 106413273; 85453370; 66508929; 105343084; 67443260; 106413185; 95617533; 66367131; 87171430; 35372708
domain_cpc_group,cpc_group::C01B,"domain::Surface technology, coating",38,78510702; 71292352; 83691812; 73295054; 84680718; 116476220; 104024514; 44672238; 117486565; 82565553; 106991409; 112262309; 86310831; 106413270; 107739736; 106753547; 86205375; 96376807; 86310832; 66508929; 96200636; 67443260; 106413185; 114398667; 111204819; 35372708; 100868293; 106316002; 116688896; 84413562
domain_cpc_group,cpc_group::B01J,"domain::Surface technology, coating",37,68986421; 78510702; 71292352; 83691812; 79681795; 92565798; 104024514; 117486565; 95502318; 111220958; 104081456; 116285153; 87032374; 112262309; 107739736; 96376807; 107413525; 104997454; 83172492; 100393580; 96200636; 114750156; 104127510; 80803000; 116298732; 90361734; 89550408; 116688896; 98849845; 72680476
domain_cpc_group,cpc_group::B01D,"domain::Surface technology, coating",31,83691812; 73295054; 77202004; 82565553; 101956586; 104081456; 115547269; 116285153; 112262309; 86310831; 106413270; 107739736; 111586005; 106753547; 96376807; 107413525; 105886055; 108851809; 109304100; 106991476; 79296485; 116181184; 106495795; 85758103; 67443260; 111204819; 116298732; 79163034; 1913318; 101368053
domain_cpc_group,cpc_group::B01J,domain::Chemical engineering,31,68986421; 78510702; 71292352; 83691812; 79681795; 107376902; 92565798; 94627563; 96729039; 108214882; 95502318; 111220958; 115970616; 116285153; 87032374; 107739736; 96376807; 107413525; 104997454; 83172492; 79012090; 100393580; 96200636; 104127510; 80803000; 90361734; 89550408; 98849845; 72680476; 1913318
domain_cpc_group,cpc_group::C25B,"domain::Electrical machinery, apparatus, energy",31,103674986; 92565798; 83256656; 115708489; 112387292; 106991409; 14919739; 112675495; 107413525; 105886055; 67597001; 66508929; 66367131; 114398667; 87171430; 101335911; 100868293; 116773798; 111493424; 101955362; 79824105; 110939894; 100582928; 72680476; 1913318; 110495249; 117920056; 114628861; 118083135; 85904334
domain_cpc_group,cpc_group::C25B,domain::Organic fine chemistry,31,73827816; 78510702; 64469752; 71292352; 79681795; 113958355; 110666488; 117486565; 95502318; 112177579; 112262309; 94621513; 107739736; 96376807; 86310832; 106413273; 85453370; 67597001; 66508929; 81302402; 87919517; 104127510; 101968427; 107089672; 100224447; 82922217; 98849845; 79163034; 84993693; 1913318
domain_cpc_group,cpc_group::H01M,"domain::Surface technology, coating",28,103674986; 92565798; 83256656; 117641010; 112387292; 104081456; 14919739; 116285153; 107739736; 107413525; 105886055; 67597001; 66367131; 114398667; 87171430; 101335911; 100868293; 116773798; 79824105; 110939894; 100582928; 72680476; 1913318; 110495249; 117920056; 114628861; 118083135; 85904334
domain_cpc_group,cpc_group::C25B,domain::Environmental technology,27,83691812; 72753605; 73295054; 77202004; 82565553; 101956586; 111220958; 112262309; 86310831; 106413270; 111586005; 106753547; 107413525; 77244658; 97540394; 111591386; 109304100; 106991476; 116181184; 85758103; 67443260; 111204819; 116298732; 101790589; 72680476; 101368053; 114628861
domain_cpc_group,cpc_group::H01M,"domain::Electrical machinery, apparatus, energy",25,103674986; 92565798; 83256656; 108150520; 112387292; 14919739; 107413525; 105886055; 67597001; 66367131; 114398667; 87171430; 101335911; 100868293; 116773798; 79824105; 110939894; 100582928; 72680476; 1913318; 110495249; 117920056; 114628861; 118083135; 85904334
domain_cpc_group,cpc_group::Y02E,"domain::Electrical machinery, apparatus, energy",25,83256656; 94787837; 105393249; 7846740; 112387292; 14919739; 107413525; 105886055; 67597001; 66508929; 66367131; 114398667; 87171430; 116773798; 101955362; 79824105; 110939894; 100582928; 72680476; 1913318; 110495249; 117920056; 118083135; 85904334; 113559831
domain_cpc_group,cpc_group::Y02P,"domain::Materials, metallurgy",24,93504955; 83691812; 94627563; 105156145; 73295054; 104024514; 102038550; 82565553; 115970616; 112262309; 107739736; 96376807; 86310832; 66508929; 96200636; 85758103; 67443260; 95617533; 87171430; 100868293; 79163034; 84993693; 1913318; 114532676
domain_cpc_group,cpc_group::B01D,domain::Environmental technology,23,83691812; 102493599; 73295054; 77202004; 82565553; 101956586; 64914748; 114892955; 112262309; 86310831; 106413270; 111586005; 106753547; 107413525; 109304100; 106991476; 116181184; 85758103; 67443260; 111204819; 116298732; 101368053; 114628861
domain_cpc_group,cpc_group::C07C,domain::Organic fine chemistry,22,64469752; 79681795; 110666488; 108214882; 117486565; 115970616; 112262309; 94621513; 107739736; 96376807; 86310832; 67597001; 66508929; 81302402; 87919517; 101968427; 107089672; 100224447; 82922217; 98849845; 1913318; 103934571
domain_cpc_group,cpc_group::C07C,"domain::Surface technology, coating",22,64469752; 79681795; 110666488; 117486565; 112262309; 94621513; 107739736; 96376807; 86310832; 67597001; 66508929; 81302402; 87919517; 116013304; 101968427; 107089672; 100224447; 82922217; 98849845; 1913318; 101368053; 103934571
domain_cpc_group,cpc_group::Y02E,domain::Chemical engineering,22,73827816; 78510702; 83691812; 79681795; 86310831; 107739736; 106753547; 96376807; 107413525; 105886055; 106413273; 85453370; 67597001; 106495795; 80803000; 88193055; 35372708; 106316002; 90361734; 72680476; 1913318; 113559831
domain_cpc_group,cpc_group::C25B,domain::Basic materials chemistry,21,105555372; 79681795; 75166129; 112387292; 44668494; 46248577; 112262309; 86310831; 96376807; 86310832; 106413273; 85453370; 67597001; 66508929; 96314074; 67443260; 106413185; 104127510; 101968427; 75262842; 84993693
domain_cpc_group,cpc_group::B01J,"domain::Materials, metallurgy",19,78510702; 71292352; 83691812; 107376902; 94627563; 96729039; 104024514; 108214882; 115970616; 112262309; 107739736; 96376807; 96200636; 105418286; 115484302; 1913318; 89672842; 101368053; 91898287
domain_cpc_group,cpc_group::Y02E,domain::Organic fine chemistry,19,73827816; 78510702; 64469752; 79681795; 113958355; 112262309; 94621513; 107739736; 96376807; 86310832; 106413273; 85453370; 67597001; 66508929; 81302402; 87919517; 101968427; 84993693; 1913318
domain_cpc_group,cpc_group::C01B,domain::Chemical engineering,18,78510702; 71292352; 83691812; 107376902; 94627563; 73295054; 96729039; 108214882; 106991409; 115970616; 86310831; 107739736; 106753547; 96376807; 96200636; 35372708; 106316002; 1913318
domain_cpc_group,cpc_group::Y02E,domain::Basic materials chemistry,18,79681795; 75166129; 112387292; 46248577; 112262309; 86310831; 96376807; 86310832; 106413273; 85453370; 67597001; 66508929; 96314074; 67443260; 106413185; 101968427; 75262842; 84993693
domain_cpc_group,cpc_group::B01D,"domain::Materials, metallurgy",16,83691812; 73295054; 82565553; 101956586; 112262309; 86310831; 106413270; 107739736; 106753547; 96376807; 85758103; 67443260; 111204819; 79163034; 1913318; 101368053
domain_cpc_group,cpc_group::Y02E,domain::Environmental technology,15,83691812; 72753605; 105393249; 77202004; 64914748; 112262309; 86310831; 106753547; 107413525; 77244658; 97540394; 67443260; 116298732; 101790589; 72680476
domain_cpc_group,cpc_group::Y02P,domain::Organic fine chemistry,15,79681795; 94627563; 115970616; 112262309; 94621513; 107739736; 96376807; 86310832; 67597001; 66508929; 100224447; 82922217; 79163034; 84993693; 1913318
domain_cpc_group,cpc_group::B01D,domain::Chemical engineering,14,83691812; 73295054; 116285153; 86310831; 107739736; 106753547; 96376807; 107413525; 105886055; 108851809; 79296485; 106495795; 109306159; 1913318
domain_cpc_group,cpc_group::B01J,domain::Organic fine chemistry,14,78510702; 71292352; 79681795; 94627563; 108214882; 117486565; 95502318; 115970616; 112262309; 107739736; 96376807; 104127510; 98849845; 1913318
domain_cpc_group,cpc_group::C01B,domain::Organic fine chemistry,13,78510702; 71292352; 94627563; 108214882; 117486565; 115970616; 112262309; 107739736; 96376807; 86310832; 66508929; 1913318; 103934571
domain_cpc_group,cpc_group::C10G,"domain::Surface technology, coating",13,79681795; 113958355; 112387292; 44668494; 112262309; 107739736; 96376807; 106413273; 67597001; 66508929; 96314074; 67443260; 106413185
domain_cpc_group,cpc_group::Y02P,domain::Chemical engineering,13,83691812; 79681795; 94627563; 73295054; 115970616; 116285153; 107739736; 96376807; 67597001; 96200636; 79296485; 1913318; 92032595
domain_cpc_group,cpc_group::B82Y,"domain::Surface technology, coating",12,109766128; 111220958; 96200636; 105493992; 109733203; 116298732; 115109027; 82922217; 116876860; 105418286; 115484302; 89672842
domain_cpc_group,cpc_group::C25B,domain::Micro-structure and nano-technology,12,109766128; 111220958; 96200636; 105493992; 109733203; 116298732; 115109027; 82922217; 116876860; 105418286; 89672842; 91898287
domain_cpc_group,cpc_group::B82Y,domain::Micro-structure and nano-technology,11,109766128; 111220958; 96200636; 105493992; 109733203; 116298732; 115109027; 82922217; 116876860; 105418286; 89672842
domain_cpc_group,cpc_group::C01B,domain::Environmental technology,11,83691812; 107376902; 73295054; 82565553; 112262309; 86310831; 106413270; 106753547; 67443260; 111204819; 101368053
domain_cpc_group,cpc_group::C07C,"domain::Materials, metallurgy",11,64469752; 108214882; 115970616; 112262309; 107739736; 96376807; 86310832; 66508929; 1913318; 101368053; 103934571
domain_cpc_group,cpc_group::C08J,domain::Other special machines,11,104081456; 116285153; 105886055; 109306159; 113653423; 113067654; 113653441; 114305656; 118157483; 100582928; 72680476
domain_cpc_group,cpc_group::C08J,"domain::Surface technology, coating",11,117641010; 104081456; 116285153; 105886055; 113653423; 113067654; 113653441; 114305656; 118157483; 100582928; 72680476
domain_cpc_group,cpc_group::C10G,domain::Basic materials chemistry,11,79681795; 112387292; 44668494; 112262309; 96376807; 106413273; 67597001; 66508929; 96314074; 67443260; 106413185
domain_cpc_group,cpc_group::C25B,"domain::Macromolecular chemistry, polymers",11,102969825; 117641010; 104081456; 116285153; 105886055; 113653423; 113067654; 113653441; 114305656; 118157483; 116688896
domain_cpc_group,cpc_group::C25B,domain::Other special machines,11,104081456; 116285153; 105886055; 109306159; 113653423; 113067654; 113653441; 114305656; 118157483; 100582928; 72680476
domain_cpc_group,cpc_group::C08G,"domain::Macromolecular chemistry, polymers",10,102969825; 117641010; 104081456; 105886055; 113653423; 113067654; 113653441; 114305656; 118157483; 116688896
domain_cpc_group,cpc_group::C08G,"domain::Surface technology, coating",10,102969825; 117641010; 104081456; 105886055; 113653423; 113067654; 113653441; 114305656; 118157483; 116688896
domain_cpc_group,cpc_group::Y02P,domain::Basic materials chemistry,10,79681795; 94627563; 44668494; 112262309; 96376807; 86310832; 67597001; 66508929; 67443260; 84993693
domain_cpc_group,cpc_group::C01B,domain::Basic materials chemistry,9,94627563; 96729039; 112262309; 86310831; 96376807; 86310832; 66508929; 67443260; 106413185
domain_cpc_group,cpc_group::C08J,"domain::Macromolecular chemistry, polymers",9,117641010; 104081456; 116285153; 105886055; 113653423; 113067654; 113653441; 114305656; 118157483
domain_cpc_group,cpc_group::H01M,domain::Chemical engineering,9,92565798; 116285153; 107739736; 107413525; 105886055; 67597001; 109306159; 72680476; 1913318
domain_cpc_group,cpc_group::H01M,"domain::Materials, metallurgy",9,103674986; 112387292; 14919739; 107739736; 66367131; 87171430; 100868293; 1913318; 110495249
domain_cpc_group,cpc_group::Y02P,"domain::Electrical machinery, apparatus, energy",9,94787837; 67597001; 66508929; 87171430; 101335911; 100868293; 110939894; 1913318; 118083135
domain_cpc_group,cpc_group::B01J,domain::Environmental technology,8,83691812; 107376902; 111220958; 112262309; 107413525; 116298732; 72680476; 101368053
domain_cpc_group,cpc_group::C07C,domain::Chemical engineering,8,79681795; 108214882; 115970616; 107739736; 96376807; 67597001; 98849845; 1913318
domain_cpc_group,cpc_group::C10G,"domain::Materials, metallurgy",8,112387292; 112262309; 107739736; 96376807; 106413273; 66508929; 67443260; 106413185
domain_cpc_group,cpc_group::C10G,domain::Organic fine chemistry,8,79681795; 113958355; 112262309; 107739736; 96376807; 106413273; 67597001; 66508929
domain_cpc_group,cpc_group::C07C,domain::Basic materials chemistry,7,79681795; 112262309; 96376807; 86310832; 67597001; 66508929; 101968427
domain_cpc_group,cpc_group::C08G,domain::Other special machines,7,104081456; 105886055; 113653423; 113067654; 113653441; 114305656; 118157483
domain_cpc_group,cpc_group::C10L,domain::Basic materials chemistry,7,105555372; 75166129; 112262309; 66508929; 106413185; 104127510; 84993693
domain_cpc_group,cpc_group::C10L,"domain::Surface technology, coating",7,105555372; 75166129; 112262309; 66508929; 106413185; 104127510; 84993693
domain_cpc_group,cpc_group::Y02C,domain::Environmental technology,7,64914748; 112262309; 106413270; 107413525; 109304100; 85758103; 67443260
domain_cpc_group,cpc_group::Y02C,"domain::Surface technology, coating",7,112262309; 106413270; 107739736; 107413525; 109304100; 85758103; 67443260
domain_cpc_group,cpc_group::Y02P,domain::Environmental technology,7,83691812; 73295054; 82565553; 112262309; 85758103; 67443260; 116298732
domain_cpc_group,cpc_group::B01J,domain::Basic materials chemistry,6,79681795; 94627563; 96729039; 112262309; 96376807; 104127510
domain_cpc_group,cpc_group::B01J,domain::Micro-structure and nano-technology,6,111220958; 96200636; 116298732; 105418286; 89672842; 91898287
domain_cpc_group,cpc_group::B22F,"domain::Materials, metallurgy",6,109766128; 103030257; 115484302; 89672842; 114532676; 105758218
domain_cpc_group,cpc_group::B22F,"domain::Surface technology, coating",6,109766128; 103030257; 115484302; 89672842; 114532676; 105758218
domain_cpc_group,cpc_group::C01P,"domain::Materials, metallurgy",6,104024514; 106991409; 105343084; 106316002; 105418286; 110495249
domain_cpc_group,cpc_group::C01P,"domain::Surface technology, coating",6,104024514; 106991409; 105343084; 106316002; 105418286; 110495249
domain_cpc_group,cpc_group::C10K,domain::Basic materials chemistry,6,94627563; 86310831; 86310832; 96314074; 67443260; 106413185
domain_cpc_group,cpc_group::G01N,"domain::Surface technology, coating",6,82565553; 107739736; 87919517; 79824105; 72680476; 1913318
domain_cpc_group,cpc_group::H01M,domain::Other special machines,6,104081456; 116285153; 105886055; 109306159; 100582928; 72680476
domain_cpc_group,cpc_group::B01D,domain::Organic fine chemistry,5,112262309; 107739736; 96376807; 79163034; 1913318
domain_cpc_group,cpc_group::B82Y,"domain::Materials, metallurgy",5,109766128; 96200636; 105418286; 115484302; 89672842
domain_cpc_group,cpc_group::C01B,"domain::Electrical machinery, apparatus, energy",5,106991409; 66508929; 114398667; 100868293; 1913318
domain_cpc_group,cpc_group::C07F,domain::Organic fine chemistry,5,73827816; 78510702; 71292352; 117486565; 95502318
domain_cpc_group,cpc_group::C07F,"domain::Surface technology, coating",5,73827816; 78510702; 71292352; 117486565; 95502318
domain_cpc_group,cpc_group::C10G,domain::Chemical engineering,5,79681795; 107739736; 96376807; 106413273; 67597001
domain_cpc_group,cpc_group::C10K,"domain::Materials, metallurgy",5,94627563; 86310831; 86310832; 67443260; 106413185
domain_cpc_group,cpc_group::C10K,"domain::Surface technology, coating",5,86310831; 86310832; 96314074; 67443260; 106413185
domain_cpc_group,cpc_group::C23C,"domain::Surface technology, coating",5,112046649; 116876860; 114532676; 105758218; 92032595
domain_cpc_group,cpc_group::Y02C,"domain::Materials, metallurgy",5,112262309; 106413270; 107739736; 85758103; 67443260
domain_cpc_group,cpc_group::Y02E,domain::Thermal processes and apparatus,5,7846740; 64914748; 107739736; 66508929; 95617533
domain_cpc_group,cpc_group::B01D,domain::Basic materials chemistry,4,112262309; 86310831; 96376807; 67443260
domain_cpc_group,cpc_group::B01D,"domain::Electrical machinery, apparatus, energy",4,107413525; 105886055; 1913318; 114628861
domain_cpc_group,cpc_group::B01D,domain::Other special machines,4,104081456; 116285153; 105886055; 109306159
domain_cpc_group,cpc_group::B01J,"domain::Electrical machinery, apparatus, energy",4,92565798; 107413525; 72680476; 1913318
domain_cpc_group,cpc_group::C01G,"domain::Materials, metallurgy",4,112046649; 105343084; 105418286; 110495249
domain_cpc_group,cpc_group::C01G,"domain::Surface technology, coating",4,112046649; 105343084; 105418286; 110495249
domain_cpc_group,cpc_group::C07F,domain::Chemical engineering,4,73827816; 78510702; 71292352; 95502318
domain_cpc_group,cpc_group::C08J,domain::Chemical engineering,4,116285153; 105886055; 109306159; 72680476
domain_cpc_group,cpc_group::C10L,"domain::Materials, metallurgy",4,112262309; 66508929; 106413185; 84993693
domain_cpc_group,cpc_group::C10L,domain::Organic fine chemistry,4,112262309; 66508929; 104127510; 84993693
domain_cpc_group,cpc_group::C25B,domain::Textile and paper machines,4,116688896; 115484302; 118274866; 114532676
domain_cpc_group,cpc_group::C25B,domain::Thermal processes and apparatus,4,101956586; 107739736; 66508929; 95617533
domain_cpc_group,cpc_group::C25C,"domain::Surface technology, coating",4,102038550; 109733203; 104933063; 114532676
domain_cpc_group,cpc_group::D01F,"domain::Surface technology, coating",4,116688896; 115484302; 118274866; 114532676
domain_cpc_group,cpc_group::D01F,domain::Textile and paper machines,4,116688896; 115484302; 118274866; 114532676
domain_cpc_group,cpc_group::H01M,"domain::Macromolecular chemistry, polymers",4,117641010; 104081456; 116285153; 105886055
domain_cpc_group,cpc_group::Y02A,"domain::Surface technology, coating",4,105555372; 82565553; 106179974; 1913318
domain_cpc_group,cpc_group::Y02E,domain::Micro-structure and nano-technology,4,117521363; 116298732; 115109027; 105418286
domain_cpc_group,cpc_group::B01D,"domain::Macromolecular chemistry, polymers",3,104081456; 116285153; 105886055
domain_cpc_group,cpc_group::B01D,domain::Thermal processes and apparatus,3,101956586; 64914748; 107739736
domain_cpc_group,cpc_group::B01J,"domain::Macromolecular chemistry, polymers",3,104081456; 116285153; 116688896
domain_cpc_group,cpc_group::B01J,domain::Other special machines,3,104081456; 116285153; 72680476
domain_cpc_group,cpc_group::C07B,domain::Organic fine chemistry,3,110666488; 107739736; 96376807
domain_cpc_group,cpc_group::C07B,"domain::Surface technology, coating",3,110666488; 107739736; 96376807
domain_cpc_group,cpc_group::C07C,"domain::Electrical machinery, apparatus, energy",3,67597001; 66508929; 1913318
domain_cpc_group,cpc_group::C07F,"domain::Materials, metallurgy",3,73827816; 78510702; 71292352
domain_cpc_group,cpc_group::C08J,"domain::Electrical machinery, apparatus, energy",3,105886055; 100582928; 72680476
domain_cpc_group,cpc_group::C10G,"domain::Electrical machinery, apparatus, energy",3,112387292; 67597001; 66508929
domain_cpc_group,cpc_group::C22C,"domain::Materials, metallurgy",3,110304393; 101368053; 114532676
domain_cpc_group,cpc_group::C22C,"domain::Surface technology, coating",3,110304393; 101368053; 114532676
domain_cpc_group,cpc_group::C23C,"domain::Materials, metallurgy",3,112046649; 114532676; 105758218
domain_cpc_group,cpc_group::C25B,domain::Analysis of biological materials,3,82565553; 87919517; 1913318
domain_cpc_group,cpc_group::C25B,domain::Biotechnology,3,106413273; 82922217; 75262842
domain_cpc_group,cpc_group::C25B,domain::Measurement,3,79824105; 72680476; 1913318
domain_cpc_group,cpc_group::C25D,"domain::Surface technology, coating",3,103030257; 115708489; 104933063
domain_cpc_group,cpc_group::F25J,"domain::Materials, metallurgy",3,112262309; 107739736; 106413273
domain_cpc_group,cpc_group::F25J,domain::Organic fine chemistry,3,112262309; 107739736; 106413273
domain_cpc_group,cpc_group::F25J,"domain::Surface technology, coating",3,112262309; 107739736; 106413273
domain_cpc_group,cpc_group::G01N,domain::Analysis of biological materials,3,82565553; 87919517; 1913318
domain_cpc_group,cpc_group::G01N,domain::Chemical engineering,3,107739736; 72680476; 1913318
domain_cpc_group,cpc_group::G01N,"domain::Electrical machinery, apparatus, energy",3,79824105; 72680476; 1913318
domain_cpc_group,cpc_group::G01N,"domain::Materials, metallurgy",3,82565553; 107739736; 1913318
domain_cpc_group,cpc_group::G01N,domain::Measurement,3,79824105; 72680476; 1913318
domain_cpc_group,cpc_group::G01N,domain::Organic fine chemistry,3,107739736; 87919517; 1913318
domain_cpc_group,cpc_group::H01M,domain::Environmental technology,3,107413525; 72680476; 114628861
domain_cpc_group,cpc_group::H01M,domain::Measurement,3,79824105; 72680476; 1913318
domain_cpc_group,cpc_group::H01M,domain::Organic fine chemistry,3,107739736; 67597001; 1913318
domain_cpc_group,cpc_group::Y02E,"domain::Engines, pumps, turbines",3,7846740; 64914748; 66508929
domain_cpc_group,cpc_group::Y02E,domain::Measurement,3,79824105; 72680476; 1913318
domain_cpc_group,cpc_group::Y02E,domain::Other special machines,3,105886055; 100582928; 72680476
domain_cpc_group,cpc_group::Y02E,domain::Textile and paper machines,3,115484302; 118274866; 114532676
domain_cpc_group,cpc_group::Y02P,domain::Micro-structure and nano-technology,3,96200636; 116298732; 82922217
domain_cpc_group,cpc_group::Y02P,domain::Thermal processes and apparatus,3,107739736; 66508929; 95617533
domain_cpc_group,cpc_group::B01D,domain::Analysis of biological materials,2,82565553; 1913318
domain_cpc_group,cpc_group::B01J,domain::Measurement,2,72680476; 1913318
domain_cpc_group,cpc_group::B01J,domain::Textile and paper machines,2,116688896; 115484302
domain_cpc_group,cpc_group::B22F,domain::Micro-structure and nano-technology,2,109766128; 89672842
domain_cpc_group,cpc_group::B22F,domain::Textile and paper machines,2,115484302; 114532676
domain_cpc_group,cpc_group::B82Y,domain::Chemical engineering,2,111220958; 96200636
domain_cpc_group,cpc_group::B82Y,domain::Environmental technology,2,111220958; 116298732
domain_cpc_group,cpc_group::C01B,domain::Analysis of biological materials,2,82565553; 1913318
domain_cpc_group,cpc_group::C01B,domain::Micro-structure and nano-technology,2,96200636; 105418286
domain_cpc_group,cpc_group::C01B,domain::Thermal processes and apparatus,2,107739736; 66508929
domain_cpc_group,cpc_group::C01C,domain::Basic materials chemistry,2,112387292; 112262309
domain_cpc_group,cpc_group::C01C,"domain::Materials, metallurgy",2,112387292; 112262309
domain_cpc_group,cpc_group::C01C,"domain::Surface technology, coating",2,112387292; 112262309
domain_cpc_group,cpc_group::C01D,"domain::Materials, metallurgy",2,106753547; 98505907
domain_cpc_group,cpc_group::C01D,"domain::Surface technology, coating",2,106753547; 98505907
domain_cpc_group,cpc_group::C01F,"domain::Materials, metallurgy",2,112262309; 86205375
domain_cpc_group,cpc_group::C01F,"domain::Surface technology, coating",2,112262309; 86205375
domain_cpc_group,cpc_group::C01P,domain::Chemical engineering,2,106991409; 106316002
domain_cpc_group,cpc_group::C01P,"domain::Electrical machinery, apparatus, energy",2,106991409; 110495249
domain_cpc_group,cpc_group::C02F,domain::Chemical engineering,2,116285153; 72680476
domain_cpc_group,cpc_group::C02F,domain::Other special machines,2,116285153; 72680476
domain_cpc_group,cpc_group::C02F,"domain::Surface technology, coating",2,116285153; 72680476
domain_cpc_group,cpc_group::C07B,domain::Chemical engineering,2,107739736; 96376807
domain_cpc_group,cpc_group::C07B,"domain::Materials, metallurgy",2,107739736; 96376807
domain_cpc_group,cpc_group::C07C,domain::Analysis of biological materials,2,87919517; 1913318
domain_cpc_group,cpc_group::C07C,domain::Environmental technology,2,112262309; 101368053
domain_cpc_group,cpc_group::C07C,domain::Thermal processes and apparatus,2,107739736; 66508929
domain_cpc_group,cpc_group::C07D,domain::Chemical engineering,2,78510702; 71292352
domain_cpc_group,cpc_group::C07D,"domain::Materials, metallurgy",2,78510702; 71292352
domain_cpc_group,cpc_group::C07D,domain::Organic fine chemistry,2,78510702; 71292352
domain_cpc_group,cpc_group::C07D,"domain::Surface technology, coating",2,78510702; 71292352
domain_cpc_group,cpc_group::C08L,"domain::Macromolecular chemistry, polymers",2,104081456; 116285153
domain_cpc_group,cpc_group::C08L,domain::Other special machines,2,104081456; 116285153
domain_cpc_group,cpc_group::C08L,"domain::Surface technology, coating",2,104081456; 116285153
domain_cpc_group,cpc_group::C10G,"domain::Engines, pumps, turbines",2,44668494; 66508929
domain_cpc_group,cpc_group::C10G,domain::Environmental technology,2,112262309; 67443260
domain_cpc_group,cpc_group::C10G,domain::Thermal processes and apparatus,2,107739736; 66508929
domain_cpc_group,cpc_group::C10K,domain::Chemical engineering,2,94627563; 86310831
domain_cpc_group,cpc_group::C10K,domain::Environmental technology,2,86310831; 67443260
domain_cpc_group,cpc_group::C10K,domain::Organic fine chemistry,2,94627563; 86310832
domain_cpc_group,cpc_group::C12M,domain::Basic materials chemistry,2,106413273; 75262842
domain_cpc_group,cpc_group::C12M,domain::Biotechnology,2,106413273; 75262842
domain_cpc_group,cpc_group::C12M,"domain::Surface technology, coating",2,106413273; 75262842
domain_cpc_group,cpc_group::C21B,"domain::Materials, metallurgy",2,105156145; 107739736
domain_cpc_group,cpc_group::C21B,"domain::Surface technology, coating",2,105156145; 107739736
domain_cpc_group,cpc_group::C22B,"domain::Materials, metallurgy",2,102038550; 107739736
domain_cpc_group,cpc_group::C22B,"domain::Surface technology, coating",2,102038550; 107739736
domain_cpc_group,cpc_group::C25B,"domain::Engines, pumps, turbines",2,44668494; 66508929
domain_cpc_group,cpc_group::C25C,"domain::Materials, metallurgy",2,102038550; 114532676
domain_cpc_group,cpc_group::D01F,"domain::Materials, metallurgy",2,115484302; 114532676
domain_cpc_group,cpc_group::E21B,"domain::Materials, metallurgy",2,112262309; 107739736
domain_cpc_group,cpc_group::E21B,domain::Organic fine chemistry,2,112262309; 107739736
domain_cpc_group,cpc_group::E21B,"domain::Surface technology, coating",2,112262309; 107739736
domain_cpc_group,cpc_group::F01K,"domain::Engines, pumps, turbines",2,7846740; 64914748
domain_cpc_group,cpc_group::F01K,domain::Environmental technology,2,64914748; 112262309
domain_cpc_group,cpc_group::F01K,domain::Thermal processes and apparatus,2,7846740; 64914748
domain_cpc_group,cpc_group::F23C,domain::Environmental technology,2,64914748; 67443260
domain_cpc_group,cpc_group::F23J,domain::Environmental technology,2,64914748; 112262309
domain_cpc_group,cpc_group::F23L,"domain::Materials, metallurgy",2,67443260; 95617533
domain_cpc_group,cpc_group::F23L,"domain::Surface technology, coating",2,67443260; 95617533
domain_cpc_group,cpc_group::F25J,domain::Basic materials chemistry,2,112262309; 106413273
domain_cpc_group,cpc_group::F25J,domain::Chemical engineering,2,107739736; 106413273
domain_cpc_group,cpc_group::F27D,"domain::Materials, metallurgy",2,101956586; 107739736
domain_cpc_group,cpc_group::F27D,"domain::Surface technology, coating",2,101956586; 107739736
domain_cpc_group,cpc_group::F27D,domain::Thermal processes and apparatus,2,101956586; 107739736
domain_cpc_group,cpc_group::G01N,domain::Environmental technology,2,82565553; 72680476
domain_cpc_group,cpc_group::H01M,domain::Basic materials chemistry,2,112387292; 67597001
domain_cpc_group,cpc_group::Y02A,domain::Analysis of biological materials,2,82565553; 1913318
domain_cpc_group,cpc_group::Y02A,domain::Environmental technology,2,82565553; 64914748
domain_cpc_group,cpc_group::Y02A,"domain::Materials, metallurgy",2,82565553; 1913318
domain_cpc_group,cpc_group::Y02C,domain::Basic materials chemistry,2,112262309; 67443260
domain_cpc_group,cpc_group::Y02C,domain::Chemical engineering,2,107739736; 107413525
domain_cpc_group,cpc_group::Y02C,domain::Organic fine chemistry,2,112262309; 107739736
domain_cpc_group,cpc_group::Y02C,domain::Thermal processes and apparatus,2,64914748; 107739736
domain_cpc_group,cpc_group::Y02E,domain::Analysis of biological materials,2,87919517; 1913318
domain_cpc_group,cpc_group::Y02E,domain::Biotechnology,2,106413273; 75262842
domain_cpc_group,cpc_group::Y02P,domain::Analysis of biological materials,2,82565553; 1913318
domain_cpc_group,cpc_group::Y02P,"domain::Engines, pumps, turbines",2,44668494; 66508929
domain_cpc_group,cpc_group::B01D,"domain::Engines, pumps, turbines",1,64914748
domain_cpc_group,cpc_group::B01D,domain::Measurement,1,1913318
domain_cpc_group,cpc_group::B01D,domain::Micro-structure and nano-technology,1,116298732
domain_cpc_group,cpc_group::B01J,domain::Analysis of biological materials,1,1913318
domain_cpc_group,cpc_group::B01J,domain::Thermal processes and apparatus,1,107739736
domain_cpc_group,cpc_group::B82Y,domain::Biotechnology,1,82922217
domain_cpc_group,cpc_group::B82Y,domain::Organic fine chemistry,1,82922217
domain_cpc_group,cpc_group::B82Y,domain::Textile and paper machines,1,115484302
domain_cpc_group,cpc_group::C01B,"domain::Engines, pumps, turbines",1,66508929
domain_cpc_group,cpc_group::C01B,"domain::Macromolecular chemistry, polymers",1,116688896
domain_cpc_group,cpc_group::C01B,domain::Measurement,1,1913318
domain_cpc_group,cpc_group::C01B,domain::Textile and paper machines,1,116688896
domain_cpc_group,cpc_group::C01C,"domain::Electrical machinery, apparatus, energy",1,112387292
domain_cpc_group,cpc_group::C01C,domain::Environmental technology,1,112262309
domain_cpc_group,cpc_group::C01C,domain::Organic fine chemistry,1,112262309
domain_cpc_group,cpc_group::C01D,domain::Chemical engineering,1,106753547
domain_cpc_group,cpc_group::C01D,domain::Environmental technology,1,106753547
domain_cpc_group,cpc_group::C01F,domain::Basic materials chemistry,1,112262309
domain_cpc_group,cpc_group::C01F,domain::Environmental technology,1,112262309
domain_cpc_group,cpc_group::C01F,domain::Organic fine chemistry,1,112262309
domain_cpc_group,cpc_group::C01G,"domain::Electrical machinery, apparatus, energy",1,110495249
domain_cpc_group,cpc_group::C01G,domain::Micro-structure and nano-technology,1,105418286
domain_cpc_group,cpc_group::C01P,domain::Micro-structure and nano-technology,1,105418286
domain_cpc_group,cpc_group::C02F,"domain::Electrical machinery, apparatus, energy",1,72680476
domain_cpc_group,cpc_group::C02F,domain::Environmental technology,1,72680476
domain_cpc_group,cpc_group::C02F,"domain::Macromolecular chemistry, polymers",1,116285153
domain_cpc_group,cpc_group::C02F,domain::Measurement,1,72680476
domain_cpc_group,cpc_group::C04B,"domain::Materials, metallurgy",1,95617533
domain_cpc_group,cpc_group::C04B,"domain::Surface technology, coating",1,95617533
domain_cpc_group,cpc_group::C04B,domain::Thermal processes and apparatus,1,95617533
domain_cpc_group,cpc_group::C07B,domain::Basic materials chemistry,1,96376807
domain_cpc_group,cpc_group::C07B,domain::Thermal processes and apparatus,1,107739736
domain_cpc_group,cpc_group::C07C,domain::Biotechnology,1,82922217
domain_cpc_group,cpc_group::C07C,"domain::Engines, pumps, turbines",1,66508929
domain_cpc_group,cpc_group::C07C,domain::Measurement,1,1913318
domain_cpc_group,cpc_group::C07C,domain::Micro-structure and nano-technology,1,82922217
domain_cpc_group,cpc_group::C07J,domain::Organic fine chemistry,1,117486565
domain_cpc_group,cpc_group::C07J,"domain::Surface technology, coating",1,117486565
domain_cpc_group,cpc_group::C08F,domain::Chemical engineering,1,116285153
domain_cpc_group,cpc_group::C08F,"domain::Macromolecular chemistry, polymers",1,116285153
domain_cpc_group,cpc_group::C08F,domain::Other special machines,1,116285153
domain_cpc_group,cpc_group::C08F,"domain::Surface technology, coating",1,116285153
domain_cpc_group,cpc_group::C08G,domain::Chemical engineering,1,105886055
domain_cpc_group,cpc_group::C08G,"domain::Electrical machinery, apparatus, energy",1,105886055
domain_cpc_group,cpc_group::C08G,domain::Textile and paper machines,1,116688896
domain_cpc_group,cpc_group::C08J,domain::Environmental technology,1,72680476
domain_cpc_group,cpc_group::C08J,domain::Measurement,1,72680476
domain_cpc_group,cpc_group::C08L,domain::Chemical engineering,1,116285153
domain_cpc_group,cpc_group::C09K,"domain::Macromolecular chemistry, polymers",1,116688896
domain_cpc_group,cpc_group::C09K,"domain::Surface technology, coating",1,116688896
domain_cpc_group,cpc_group::C09K,domain::Textile and paper machines,1,116688896
domain_cpc_group,cpc_group::C10B,domain::Basic materials chemistry,1,96729039
domain_cpc_group,cpc_group::C10B,domain::Chemical engineering,1,96729039
domain_cpc_group,cpc_group::C10B,"domain::Materials, metallurgy",1,96729039
domain_cpc_group,cpc_group::C10G,domain::Biotechnology,1,106413273
domain_cpc_group,cpc_group::C10J,domain::Basic materials chemistry,1,112262309
domain_cpc_group,cpc_group::C10J,domain::Environmental technology,1,112262309
domain_cpc_group,cpc_group::C10J,"domain::Materials, metallurgy",1,112262309
domain_cpc_group,cpc_group::C10J,domain::Organic fine chemistry,1,112262309
domain_cpc_group,cpc_group::C10J,"domain::Surface technology, coating",1,112262309
domain_cpc_group,cpc_group::C10L,domain::Chemical engineering,1,104127510
domain_cpc_group,cpc_group::C10L,"domain::Electrical machinery, apparatus, energy",1,66508929
domain_cpc_group,cpc_group::C10L,"domain::Engines, pumps, turbines",1,66508929
domain_cpc_group,cpc_group::C10L,domain::Environmental technology,1,112262309
domain_cpc_group,cpc_group::C10L,domain::Thermal processes and apparatus,1,66508929
domain_cpc_group,cpc_group::C12M,domain::Chemical engineering,1,106413273
domain_cpc_group,cpc_group::C12M,"domain::Materials, metallurgy",1,106413273
domain_cpc_group,cpc_group::C12M,domain::Organic fine chemistry,1,106413273
domain_cpc_group,cpc_group::C12P,domain::Chemical engineering,1,107739736
domain_cpc_group,cpc_group::C12P,"domain::Materials, metallurgy",1,107739736
domain_cpc_group,cpc_group::C12P,domain::Organic fine chemistry,1,107739736
domain_cpc_group,cpc_group::C12P,"domain::Surface technology, coating",1,107739736
domain_cpc_group,cpc_group::C12P,domain::Thermal processes and apparatus,1,107739736
domain_cpc_group,cpc_group::C21B,domain::Chemical engineering,1,107739736
domain_cpc_group,cpc_group::C21B,domain::Organic fine chemistry,1,107739736
domain_cpc_group,cpc_group::C21B,domain::Thermal processes and apparatus,1,107739736
domain_cpc_group,cpc_group::C21C,domain::Chemical engineering,1,107739736
domain_cpc_group,cpc_group::C21C,"domain::Materials, metallurgy",1,107739736
domain_cpc_group,cpc_group::C21C,domain::Organic fine chemistry,1,107739736
domain_cpc_group,cpc_group::C21C,"domain::Surface technology, coating",1,107739736
domain_cpc_group,cpc_group::C21C,domain::Thermal processes and apparatus,1,107739736
domain_cpc_group,cpc_group::C21D,domain::Environmental technology,1,101956586
domain_cpc_group,cpc_group::C21D,"domain::Materials, metallurgy",1,101956586
domain_cpc_group,cpc_group::C21D,"domain::Surface technology, coating",1,101956586
domain_cpc_group,cpc_group::C21D,domain::Thermal processes and apparatus,1,101956586
domain_cpc_group,cpc_group::C22B,domain::Chemical engineering,1,107739736
domain_cpc_group,cpc_group::C22B,domain::Organic fine chemistry,1,107739736
domain_cpc_group,cpc_group::C22B,domain::Thermal processes and apparatus,1,107739736
domain_cpc_group,cpc_group::C22C,domain::Environmental technology,1,101368053
domain_cpc_group,cpc_group::C22C,domain::Textile and paper machines,1,114532676
domain_cpc_group,cpc_group::C23C,domain::Chemical engineering,1,92032595
domain_cpc_group,cpc_group::C23C,domain::Micro-structure and nano-technology,1,116876860
domain_cpc_group,cpc_group::C23C,domain::Textile and paper machines,1,114532676
domain_cpc_group,cpc_group::C25C,domain::Micro-structure and nano-technology,1,109733203
domain_cpc_group,cpc_group::C25C,domain::Textile and paper machines,1,114532676
domain_cpc_group,cpc_group::C25D,"domain::Electrical machinery, apparatus, energy",1,115708489
domain_cpc_group,cpc_group::C25D,"domain::Materials, metallurgy",1,103030257
domain_cpc_group,cpc_group::C40B,"domain::Electrical machinery, apparatus, energy",1,85904334
domain_cpc_group,cpc_group::C40B,"domain::Surface technology, coating",1,85904334
domain_cpc_group,cpc_group::D01D,"domain::Surface technology, coating",1,118274866
domain_cpc_group,cpc_group::D01D,domain::Textile and paper machines,1,118274866
domain_cpc_group,cpc_group::D01F,"domain::Macromolecular chemistry, polymers",1,116688896
domain_cpc_group,cpc_group::D10B,"domain::Materials, metallurgy",1,115484302
domain_cpc_group,cpc_group::D10B,"domain::Surface technology, coating",1,115484302
domain_cpc_group,cpc_group::D10B,domain::Textile and paper machines,1,115484302
domain_cpc_group,cpc_group::E21B,domain::Basic materials chemistry,1,112262309
domain_cpc_group,cpc_group::E21B,domain::Chemical engineering,1,107739736
domain_cpc_group,cpc_group::E21B,domain::Environmental technology,1,112262309
domain_cpc_group,cpc_group::E21B,domain::Thermal processes and apparatus,1,107739736
domain_cpc_group,cpc_group::F01K,domain::Basic materials chemistry,1,112262309
domain_cpc_group,cpc_group::F01K,"domain::Electrical machinery, apparatus, energy",1,7846740
domain_cpc_group,cpc_group::F01K,"domain::Materials, metallurgy",1,112262309
domain_cpc_group,cpc_group::F01K,domain::Organic fine chemistry,1,112262309
domain_cpc_group,cpc_group::F01K,"domain::Surface technology, coating",1,112262309
domain_cpc_group,cpc_group::F02B,domain::Basic materials chemistry,1,44668494
domain_cpc_group,cpc_group::F02B,"domain::Engines, pumps, turbines",1,44668494
domain_cpc_group,cpc_group::F02B,"domain::Surface technology, coating",1,44668494
domain_cpc_group,cpc_group::F02C,"domain::Electrical machinery, apparatus, energy",1,7846740
domain_cpc_group,cpc_group::F02C,"domain::Engines, pumps, turbines",1,7846740
domain_cpc_group,cpc_group::F02C,domain::Thermal processes and apparatus,1,7846740
domain_cpc_group,cpc_group::F02D,domain::Basic materials chemistry,1,44668494
domain_cpc_group,cpc_group::F02D,"domain::Engines, pumps, turbines",1,44668494
domain_cpc_group,cpc_group::F02D,"domain::Surface technology, coating",1,44668494
domain_cpc_group,cpc_group::F02M,domain::Basic materials chemistry,1,44668494
domain_cpc_group,cpc_group::F02M,"domain::Engines, pumps, turbines",1,44668494
domain_cpc_group,cpc_group::F02M,"domain::Surface technology, coating",1,44668494
domain_cpc_group,cpc_group::F03G,domain::Basic materials chemistry,1,66508929
domain_cpc_group,cpc_group::F03G,"domain::Electrical machinery, apparatus, energy",1,66508929
domain_cpc_group,cpc_group::F03G,"domain::Engines, pumps, turbines",1,66508929
domain_cpc_group,cpc_group::F03G,"domain::Materials, metallurgy",1,66508929
domain_cpc_group,cpc_group::F03G,domain::Organic fine chemistry,1,66508929
domain_cpc_group,cpc_group::F03G,"domain::Surface technology, coating",1,66508929
domain_cpc_group,cpc_group::F03G,domain::Thermal processes and apparatus,1,66508929
domain_cpc_group,cpc_group::F04B,domain::Basic materials chemistry,1,112262309
domain_cpc_group,cpc_group::F04B,domain::Environmental technology,1,112262309
domain_cpc_group,cpc_group::F04B,"domain::Materials, metallurgy",1,112262309
domain_cpc_group,cpc_group::F04B,domain::Organic fine chemistry,1,112262309
domain_cpc_group,cpc_group::F04B,"domain::Surface technology, coating",1,112262309
domain_cpc_group,cpc_group::F23C,domain::Basic materials chemistry,1,67443260
domain_cpc_group,cpc_group::F23C,"domain::Engines, pumps, turbines",1,64914748
domain_cpc_group,cpc_group::F23C,"domain::Materials, metallurgy",1,67443260
domain_cpc_group,cpc_group::F23C,"domain::Surface technology, coating",1,67443260
domain_cpc_group,cpc_group::F23C,domain::Thermal processes and apparatus,1,64914748
domain_cpc_group,cpc_group::F23J,domain::Basic materials chemistry,1,112262309
domain_cpc_group,cpc_group::F23J,"domain::Engines, pumps, turbines",1,64914748
domain_cpc_group,cpc_group::F23J,"domain::Materials, metallurgy",1,112262309
domain_cpc_group,cpc_group::F23J,domain::Organic fine chemistry,1,112262309
domain_cpc_group,cpc_group::F23J,"domain::Surface technology, coating",1,112262309
domain_cpc_group,cpc_group::F23J,domain::Thermal processes and apparatus,1,64914748
domain_cpc_group,cpc_group::F23L,domain::Basic materials chemistry,1,67443260
domain_cpc_group,cpc_group::F23L,domain::Environmental technology,1,67443260
domain_cpc_group,cpc_group::F23L,domain::Thermal processes and apparatus,1,95617533
domain_cpc_group,cpc_group::F25J,domain::Biotechnology,1,106413273
domain_cpc_group,cpc_group::F25J,domain::Environmental technology,1,112262309
domain_cpc_group,cpc_group::F25J,domain::Thermal processes and apparatus,1,107739736
domain_cpc_group,cpc_group::F27D,domain::Chemical engineering,1,107739736
domain_cpc_group,cpc_group::F27D,domain::Environmental technology,1,101956586
domain_cpc_group,cpc_group::F27D,domain::Organic fine chemistry,1,107739736
domain_cpc_group,cpc_group::G01N,domain::Other special machines,1,72680476
domain_cpc_group,cpc_group::G01N,domain::Thermal processes and apparatus,1,107739736
domain_cpc_group,cpc_group::G05D,"domain::Materials, metallurgy",1,74496528
domain_cpc_group,cpc_group::G05D,"domain::Surface technology, coating",1,74496528
domain_cpc_group,cpc_group::H01M,domain::Analysis of biological materials,1,1913318
domain_cpc_group,cpc_group::H01M,domain::Thermal processes and apparatus,1,107739736
domain_cpc_group,cpc_group::H02J,"domain::Electrical machinery, apparatus, energy",1,94787837
domain_cpc_group,cpc_group::H02K,"domain::Electrical machinery, apparatus, energy",1,7846740
domain_cpc_group,cpc_group::H02K,"domain::Engines, pumps, turbines",1,7846740
domain_cpc_group,cpc_group::H02K,domain::Thermal processes and apparatus,1,7846740
domain_cpc_group,cpc_group::Y02A,domain::Basic materials chemistry,1,105555372
domain_cpc_group,cpc_group::Y02A,domain::Chemical engineering,1,1913318
domain_cpc_group,cpc_group::Y02A,"domain::Electrical machinery, apparatus, energy",1,1913318
domain_cpc_group,cpc_group::Y02A,"domain::Engines, pumps, turbines",1,64914748
domain_cpc_group,cpc_group::Y02A,domain::Measurement,1,1913318
domain_cpc_group,cpc_group::Y02A,domain::Organic fine chemistry,1,1913318
domain_cpc_group,cpc_group::Y02A,domain::Thermal processes and apparatus,1,64914748
domain_cpc_group,cpc_group::Y02B,domain::Basic materials chemistry,1,66508929
domain_cpc_group,cpc_group::Y02B,"domain::Electrical machinery, apparatus, energy",1,66508929
domain_cpc_group,cpc_group::Y02B,"domain::Engines, pumps, turbines",1,66508929
domain_cpc_group,cpc_group::Y02B,"domain::Materials, metallurgy",1,66508929
domain_cpc_group,cpc_group::Y02B,domain::Organic fine chemistry,1,66508929
domain_cpc_group,cpc_group::Y02B,"domain::Surface technology, coating",1,66508929
domain_cpc_group,cpc_group::Y02B,domain::Thermal processes and apparatus,1,66508929
domain_cpc_group,cpc_group::Y02C,"domain::Electrical machinery, apparatus, energy",1,107413525
domain_cpc_group,cpc_group::Y02C,"domain::Engines, pumps, turbines",1,64914748
domain_cpc_group,cpc_group::Y02E,"domain::Macromolecular chemistry, polymers",1,105886055
domain_cpc_group,cpc_group::Y02P,domain::Biotechnology,1,82922217
domain_cpc_group,cpc_group::Y02P,"domain::Macromolecular chemistry, polymers",1,116285153
domain_cpc_group,cpc_group::Y02P,domain::Measurement,1,1913318
domain_cpc_group,cpc_group::Y02P,domain::Other special machines,1,116285153
domain_cpc_group,cpc_group::Y02P,domain::Textile and paper machines,1,114532676
domain_cpc_group,cpc_group::Y02T,domain::Basic materials chemistry,1,44668494
domain_cpc_group,cpc_group::Y02T,"domain::Engines, pumps, turbines",1,44668494
domain_cpc_group,cpc_group::Y02T,"domain::Surface technology, coating",1,44668494
concept_cpc_group,concept::ELECTROLYSIS CELL,cpc_group::C25B,40,77202004; 86205375; 96376807; 86048379; 116977017; 93172689; 104039102; 83172492; 79012090; 82018818; 78242503; 116737142; 78286428; 87919716; 83051660; 82742757; 118081624; 85758103; 113653423; 112678154; 113067654; 113653441; 112678146; 114305656; 118157483; 87171430; 104121451; 109306069; 101955362; 115866554
concept_cpc_group,concept::ELECTROLYSIS,cpc_group::C25B,27,79681795; 102708989; 96823449; 110503287; 73295054; 89744192; 94934392; 86205375; 86048379; 116977017; 104816669; 93813175; 81386945; 118081624; 112678154; 112678146; 101968427; 71609954; 113753877; 108896443; 109306069; 111493424; 118081631; 114240811; 85011701; 113078510; 116397541
concept_cpc_group,concept::ELECTROLYZER,cpc_group::C25B,23,113958355; 82565553; 46248577; 112262309; 83842416; 82742757; 116181184; 112678154; 112678146; 101968427; 108109771; 118081631; 114240811; 93812412; 89416407; 116440098; 100959754; 72680476; 79163034; 91738840; 94740357; 73079791; 117920056
concept_cpc_group,concept::CARBON DIOXIDE ELECTROLYSIS,cpc_group::C25B,19,100674664; 101956586; 106574607; 93172689; 104039102; 96200627; 104037474; 101790584; 78242503; 111591386; 116737142; 78286428; 81386945; 96200636; 86130749; 106495795; 90361734; 101790589; 101790586
concept_cpc_group,concept::ELECTROLYTIC CELL,cpc_group::C25B,19,100252610; 86205375; 83842416; 86048379; 112675495; 80164805; 83172492; 85453370; 118081624; 86637940; 96314074; 95930332; 104933063; 116440098; 85758108; 113645537; 115623852; 90886203; 105758218
concept_cpc_group,concept::CARBON DIOXIDE REDUCTION,cpc_group::C25B,18,83256656; 104791873; 106991409; 116285153; 105486835; 93813175; 79012090; 100393580; 83051660; 82742757; 111953180; 116414667; 116440098; 114777530; 116709402; 107639787; 90886203; 102808473
concept_cpc_group,concept::ELECTROCATALYTIC REDUCTION,cpc_group::C25B,18,112046649; 104914800; 100427008; 116720313; 104081456; 80164805; 96701999; 98666737; 108569271; 110304393; 80803000; 112354020; 110697556; 115484302; 101555236; 115590122; 108163425; 115039917
concept_cpc_group,concept::CATALYST,cpc_group::C25B,16,73827816; 110666488; 104024514; 111220958; 87032374; 116120311; 104997454; 83172492; 79012090; 106991476; 100393580; 88193055; 110888177; 106316002; 98849845; 1913318
concept_cpc_group,concept::ELECTROLYTE,cpc_group::C25B,16,105555372; 112473553; 84680718; 115547269; 80164805; 116181184; 86637940; 101335911; 93812412; 114777530; 85758108; 94204081; 84993693; 113645537; 102808473; 105758218
concept_cpc_group,concept::METHANEDIONE,cpc_group::C25B,14,44789699; 73295054; 82565553; 94934392; 87032374; 80590207; 88204087; 83773883; 79296485; 81302402; 67334411; 92569265; 91738840; 94204081
concept_cpc_group,concept::CARBON DIOXIDE ELECTROLYSIS,cpc_group::Y02E,13,100674664; 105393249; 93172689; 104039102; 96200627; 104037474; 101790584; 81386945; 86130749; 106495795; 90361734; 101790589; 101790586
concept_cpc_group,concept::ELECTRODE,cpc_group::C25B,13,114398668; 104822026; 44441678; 104997454; 100393580; 90361734; 117920056; 115363192; 118096155; 110082631; 92032595; 118083135; 113559831
concept_cpc_group,concept::CARBON COMPOUND,cpc_group::C25B,12,96200627; 104037474; 106413273; 111591386; 86130749; 106495795; 113753877; 81386940; 108896443; 101790589; 101790586; 111493428
concept_cpc_group,concept::CARBON DIOXIDE ELECTROLYTIC DEVICE,cpc_group::C25B,12,106574607; 104039102; 104037474; 101790584; 106413273; 111591386; 87919716; 81302402; 87919517; 86130749; 106495795; 101790589
concept_cpc_group,concept::CATHODE CHAMBER,cpc_group::C25B,11,83691812; 92423180; 44672238; 14919739; 105028031; 112675495; 100554181; 112354020; 116876860; 91085959; 116397541
concept_cpc_group,concept::CO2 ELECTROLYSIS,cpc_group::C25B,11,64469752; 102708989; 100674664; 83051660; 116181184; 109306159; 115109027; 97217510; 101871167; 85011701; 115623852
concept_cpc_group,concept::ELECTROLYSIS,cpc_group::Y02E,11,79681795; 96823449; 110503287; 86048379; 104816669; 81386945; 101968427; 71609954; 108896443; 118081631; 113078510
concept_cpc_group,concept::AMENDSTATUS,cpc_group::C25B,10,94621513; 86205375; 104997454; 85758116; 108851809; 100393580; 85758103; 100582928; 74496528; 103934571
concept_cpc_group,concept::CARBON DIOXIDE ELECTROLYTIC DEVICE,cpc_group::Y02E,10,104039102; 104037474; 101790584; 106413273; 87919716; 81302402; 87919517; 86130749; 106495795; 101790589
concept_cpc_group,concept::CATHODE COMPARTMENT,cpc_group::C25B,10,78510702; 102038550; 77244658; 98314273; 83051660; 77856561; 116181184; 87171430; 67334411; 92569265
concept_cpc_group,concept::CARBON COMPOUND,cpc_group::Y02E,9,96200627; 104037474; 106413273; 86130749; 106495795; 81386940; 108896443; 101790589; 101790586
concept_cpc_group,concept::CARBON DIOXIDE ELECTROLYZER,cpc_group::C25B,9,93172689; 104037474; 101790584; 106413273; 87919716; 81386945; 98314273; 87919517; 86130749
concept_cpc_group,concept::CARBON DIOXIDE ELECTROLYZER,cpc_group::Y02E,9,93172689; 104037474; 101790584; 106413273; 87919716; 81386945; 98314273; 87919517; 86130749
concept_cpc_group,concept::CATALYST,cpc_group::B01J,9,104024514; 111220958; 87032374; 104997454; 83172492; 79012090; 100393580; 98849845; 1913318
concept_cpc_group,concept::ELECTROCHEMICAL REACTION,cpc_group::C25B,9,106413270; 111586005; 87171430; 35372708; 81386940; 93172692; 93812412; 116876860; 103934571
concept_cpc_group,concept::ELECTROLYSIS CELL,cpc_group::Y02E,9,77202004; 96376807; 86048379; 93172689; 104039102; 87919716; 87171430; 101955362; 85758108
concept_cpc_group,concept::CARBON DIOXIDE ELECTROCATALYTIC REDUCTION,cpc_group::C25B,8,83693059; 104914800; 116720313; 98666737; 108569271; 80803000; 115484302; 115590122
concept_cpc_group,concept::ELECTROCHEMICAL CONVERSION,cpc_group::C25B,8,104997454; 82742757; 85684691; 94627574; 93812412; 94204081; 94740357; 91085959
concept_cpc_group,concept::ELECTRODE,cpc_group::Y02E,8,114398668; 104822026; 44441678; 90361734; 117920056; 115363192; 118083135; 113559831
concept_cpc_group,concept::ELECTROLYSIS CELL,cpc_group::Y02P,8,96376807; 93172689; 104039102; 85758103; 87171430; 79163034; 85758108; 73079791
concept_cpc_group,concept::ELECTROLYTIC DEVICE,cpc_group::C25B,8,83773883; 87919716; 81386945; 81302402; 118081624; 87919517; 115866554; 114240811
concept_cpc_group,concept::ELECTROLYZER,cpc_group::Y02E,8,113958355; 46248577; 112262309; 83842416; 101968427; 118081631; 72680476; 117920056
concept_cpc_group,concept::ANODE FLOW PATH,cpc_group::C25B,7,104037474; 98850824; 111591386; 86130749; 108896443; 108863961; 111493428
concept_cpc_group,concept::CATALYST LAYER,cpc_group::C25B,7,110666488; 90361734; 116414667; 72680476; 115623852; 118096155; 113559831
concept_cpc_group,concept::ELECTRO CHEMICAL UTILIZATION,cpc_group::C25B,7,77016544; 79296485; 77856561; 77856556; 92569265; 79163034; 94204081
concept_cpc_group,concept::ELECTROCHEMICAL REACTOR,cpc_group::C25B,7,112883886; 110666488; 106413270; 116120311; 93172692; 103934571; 108401777
concept_cpc_group,concept::ELECTROLYTIC CELL,cpc_group::Y02E,7,100252610; 83842416; 86048379; 85453370; 96314074; 85758108; 100799928
concept_cpc_group,concept::METHANEDIONE ELECTROLYSIS,cpc_group::C25B,7,64469752; 82565553; 94934392; 80590207; 88204087; 78286428; 94204081
concept_cpc_group,concept::ANION EXCHANGE MEMBRANE,cpc_group::C25B,6,104081456; 116285153; 112675495; 105886055; 85453370; 112354020
concept_cpc_group,concept::CARBON DIOXIDE CONVERSION,cpc_group::C25B,6,84680718; 101956586; 107739736; 107413525; 104997454; 96558426
concept_cpc_group,concept::CARBON DIOXIDE ELECTROCHEMICAL UTILIZATION,cpc_group::C25B,6,77016544; 77244658; 79296485; 77856561; 77856556; 79163034
concept_cpc_group,concept::CARBON DIOXIDE ELECTROREDUCTION,cpc_group::C25B,6,116293199; 111363754; 116013304; 112719442; 108306014; 113078510
concept_cpc_group,concept::CATHODE SPACING,cpc_group::C25B,6,78242503; 75262842; 92569265; 94740357; 91085959; 116397541
concept_cpc_group,concept::CELL,cpc_group::C25B,6,83256656; 92464691; 83842416; 71609954; 85684691; 101955362
concept_cpc_group,concept::REDUCTION,cpc_group::C25B,6,105555372; 100427008; 102969825; 114887582; 114777530; 90886203
concept_cpc_group,concept::SEPARATOR,cpc_group::C25B,6,113653423; 113067654; 113653441; 114305656; 118157483; 113645537
concept_cpc_group,concept::ANODE CHAMBER,cpc_group::C25B,5,100252610; 14919739; 105028031; 112675495; 98666426
concept_cpc_group,concept::ANODE FLOW PATH,cpc_group::Y02E,5,104037474; 98850824; 86130749; 108896443; 108863961
concept_cpc_group,concept::ANODE SOLUTION,cpc_group::C25B,5,83773883; 81386945; 108863961; 101790589; 101790586
concept_cpc_group,concept::ANODE SOLUTION,cpc_group::Y02E,5,83773883; 81386945; 108863961; 101790589; 101790586
concept_cpc_group,concept::CARBON DIOXIDE ELECTROLYSIS,cpc_group::Y02P,5,93172689; 104039102; 104037474; 101790584; 96200636
concept_cpc_group,concept::CARBON DIOXIDE UTILIZATION,cpc_group::C25B,5,75262842; 87171527; 73079791; 115590122; 103934571
concept_cpc_group,concept::CATHODE FLOW PATH,cpc_group::C25B,5,87919517; 86130749; 108896443; 111493424; 111493428
concept_cpc_group,concept::CELL,cpc_group::Y02E,5,83256656; 83842416; 71609954; 85684691; 101955362
concept_cpc_group,concept::CONVERTING CARBON DIOXIDE,cpc_group::C25B,5,112473551; 112473553; 112473561; 98849845; 116397541
concept_cpc_group,concept::DIAPHRAGM,cpc_group::C25B,5,104039102; 101790584; 93172692; 111493424; 105758218
concept_cpc_group,concept::DIOXIDE MATERAL,cpc_group::C08G,5,113653423; 113067654; 113653441; 114305656; 118157483
concept_cpc_group,concept::DIOXIDE MATERAL,cpc_group::C08J,5,113653423; 113067654; 113653441; 114305656; 118157483
concept_cpc_group,concept::DIOXIDE MATERAL,cpc_group::C25B,5,113653423; 113067654; 113653441; 114305656; 118157483
concept_cpc_group,concept::ELECTROLYSIS CELL,cpc_group::C08G,5,113653423; 113067654; 113653441; 114305656; 118157483
concept_cpc_group,concept::ELECTROLYSIS CELL,cpc_group::C08J,5,113653423; 113067654; 113653441; 114305656; 118157483
concept_cpc_group,concept::ELECTROLYTE SOLUTION,cpc_group::C25B,5,68986421; 106145261; 55016601; 109306069; 102808473
concept_cpc_group,concept::ELECTROLYTIC DEVICE,cpc_group::Y02E,5,83773883; 87919716; 81386945; 81302402; 87919517
concept_cpc_group,concept::ELECTROLYTIC SOLUTION,cpc_group::C25B,5,112473551; 112473553; 112473561; 110666488; 81386945
concept_cpc_group,concept::ELECTROLYZER,cpc_group::Y02P,5,82565553; 112262309; 93812412; 79163034; 73079791
concept_cpc_group,concept::ELECTROREDUCTION,cpc_group::C25B,5,117825503; 96169624; 116298732; 112354020; 112590590
concept_cpc_group,concept::MEMBRANE ELECTRODE,cpc_group::C25B,5,112046649; 108808107; 116440098; 112590590; 115136805
concept_cpc_group,concept::METHANEDIONE ELECTROCHEMICAL REDUCTION,cpc_group::C25B,5,92423180; 72753605; 87032374; 94621513; 83842416
concept_cpc_group,concept::POLYMER,cpc_group::C08G,5,113653423; 113067654; 113653441; 114305656; 118157483
concept_cpc_group,concept::POLYMER,cpc_group::C08J,5,113653423; 113067654; 113653441; 114305656; 118157483
concept_cpc_group,concept::POLYMER,cpc_group::C25B,5,113653423; 113067654; 113653441; 114305656; 118157483
concept_cpc_group,concept::REDUCING CARBON DIOXIDE,cpc_group::C25B,5,104791873; 98505907; 79012090; 114777530; 115039917
concept_cpc_group,concept::REDUCTION ELECTRODE,cpc_group::C25B,5,84680718; 112969726; 115136805; 107639787; 103934571
concept_cpc_group,concept::SEPARATOR,cpc_group::C08G,5,113653423; 113067654; 113653441; 114305656; 118157483
concept_cpc_group,concept::SEPARATOR,cpc_group::C08J,5,113653423; 113067654; 113653441; 114305656; 118157483
concept_cpc_group,concept::SUSTAINION ANION EXCHANGE SEPARATOR,cpc_group::C08G,5,113653423; 113067654; 113653441; 114305656; 118157483
concept_cpc_group,concept::SUSTAINION ANION EXCHANGE SEPARATOR,cpc_group::C08J,5,113653423; 113067654; 113653441; 114305656; 118157483
concept_cpc_group,concept::SUSTAINION ANION EXCHANGE SEPARATOR,cpc_group::C25B,5,113653423; 113067654; 113653441; 114305656; 118157483
concept_cpc_group,concept::SYNGA,cpc_group::C25B,5,71965537; 75166129; 67443260; 114398667; 100224447
concept_cpc_group,concept::SYNTHESIS GAS,cpc_group::C25B,5,75166129; 77202004; 80803000; 100224447; 112590590
concept_cpc_group,concept::AMENDSTATUS,cpc_group::Y02E,4,94621513; 85758116; 100582928; 74496528
concept_cpc_group,concept::ANODE SIDE,cpc_group::C25B,4,106991476; 103607055; 95617533; 115623852
concept_cpc_group,concept::CARBON DIOXIDE CONVERSION,cpc_group::B01J,4,107739736; 107413525; 104997454; 96558426
concept_cpc_group,concept::CARBON DIOXIDE ELECTROLYSIS CELL,cpc_group::C25B,4,106574607; 86048379; 96200636; 90361734
concept_cpc_group,concept::CARBON DIOXIDE ELECTROLYZER,cpc_group::Y02P,4,93172689; 104037474; 101790584; 98314273
concept_cpc_group,concept::CARBON DIOXIDE REDUCTION,cpc_group::Y02E,4,83256656; 104791873; 117521363; 116414667
concept_cpc_group,concept::CATALYST,cpc_group::Y02E,4,73827816; 88193055; 106316002; 1913318
concept_cpc_group,concept::CATALYST ATOM,cpc_group::C25B,4,112323322; 116688896; 110697556; 115484302
concept_cpc_group,concept::CATALYST LAYER,cpc_group::Y02E,4,90361734; 116414667; 72680476; 113559831
concept_cpc_group,concept::CATHODE CHAMBER,cpc_group::Y02E,4,83691812; 44672238; 14919739; 91085959
concept_cpc_group,concept::CATHODE COMPARTMENT,cpc_group::Y02E,4,78510702; 77244658; 98314273; 87171430
concept_cpc_group,concept::CATHODE ELECTRODE,cpc_group::C25B,4,108739790; 116737142; 106866991; 101368053
concept_cpc_group,concept::CATHODE SIDE,cpc_group::C25B,4,106991476; 103607055; 95617533; 115623852
concept_cpc_group,concept::CATHOLYTE,cpc_group::C25B,4,116476220; 108739790; 75262842; 116397541
concept_cpc_group,concept::CO2 ELECTROCHEMICAL REDUCTION,cpc_group::C25B,4,69060627; 68986421; 71292352; 92464691
concept_cpc_group,concept::CO2 ELECTROLYSIS,cpc_group::Y02E,4,64469752; 100674664; 115109027; 97217510
concept_cpc_group,concept::CO2 ELECTROLYZER,cpc_group::C25B,4,79681795; 113958355; 96823449; 116105015
concept_cpc_group,concept::DIOXIDE MATERAL CO,cpc_group::C08G,4,113653423; 113067654; 113653441; 114305656
concept_cpc_group,concept::DIOXIDE MATERAL CO,cpc_group::C08J,4,113653423; 113067654; 113653441; 114305656
concept_cpc_group,concept::DIOXIDE MATERAL CO,cpc_group::C25B,4,113653423; 113067654; 113653441; 114305656
concept_cpc_group,concept::ELECTROCHEMICAL DEVICE,cpc_group::C25B,4,83842416; 67443260; 72680476; 1913318
concept_cpc_group,concept::ELECTROCHEMICAL DEVICE,cpc_group::Y02E,4,83842416; 67443260; 72680476; 1913318
concept_cpc_group,concept::ELECTROCHEMICAL REACTION,cpc_group::Y02E,4,87171430; 35372708; 81386940; 93172692
concept_cpc_group,concept::ELECTROLYSIS CELL,cpc_group::B01D,4,77202004; 96376807; 85758103; 79163034
concept_cpc_group,concept::ELECTROLYSIS CELL,cpc_group::C01B,4,86205375; 96376807; 92569265; 85758108
concept_cpc_group,concept::ELECTROLYTE,cpc_group::Y02P,4,101335911; 93812412; 85758108; 84993693
concept_cpc_group,concept::ELECTROLYZER,cpc_group::B01D,4,82565553; 112262309; 116181184; 79163034
concept_cpc_group,concept::ELECTROSTATIC SPINNING,cpc_group::C25B,4,98667734; 115484302; 118096155; 118274866
concept_cpc_group,concept::FORMULA PORPHYRIN,cpc_group::C25B,4,69060627; 73827816; 68986421; 78510702
concept_cpc_group,concept::GAS DIFFUSION ELECTRODE,cpc_group::C25B,4,92565798; 115708489; 112675495; 94740357
concept_cpc_group,concept::MEMBRANE ELECTRODE ASSEMBLY,cpc_group::C25B,4,103674986; 115708489; 116414667; 116440098
concept_cpc_group,concept::METHANEDIONE,cpc_group::Y02E,4,94787837; 80590207; 83773883; 81302402
concept_cpc_group,concept::METHANEDIONE,cpc_group::Y02P,4,94787837; 73295054; 82565553; 79296485
concept_cpc_group,concept::TRANSITION METAL,cpc_group::C25B,4,117641010; 104816669; 89550408; 116688896
concept_cpc_group,concept::ALKYL GROUP,cpc_group::C08G,3,113067654; 113653441; 114305656
concept_cpc_group,concept::ALKYL GROUP,cpc_group::C08J,3,113067654; 113653441; 114305656
concept_cpc_group,concept::ALKYL GROUP,cpc_group::C25B,3,113067654; 113653441; 114305656
concept_cpc_group,concept::AMENDSTATUS,cpc_group::C01B,3,86205375; 74496528; 103934571
concept_cpc_group,concept::AMENDSTATUS,cpc_group::Y02P,3,94621513; 85758116; 85758103
concept_cpc_group,concept::AMMONIA,cpc_group::C25B,3,113753877; 108896443; 108863961
concept_cpc_group,concept::ANION EXCHANGE IONOMER,cpc_group::C25B,3,83256656; 116105015; 116414667
concept_cpc_group,concept::ANION EXCHANGE MEMBRANE,cpc_group::B01D,3,104081456; 116285153; 105886055
concept_cpc_group,concept::ANION EXCHANGE MEMBRANE,cpc_group::C08J,3,104081456; 116285153; 105886055
concept_cpc_group,concept::ANION EXCHANGE MEMBRANE,cpc_group::H01M,3,104081456; 116285153; 105886055
concept_cpc_group,concept::ANODE CHAMBER,cpc_group::Y02E,3,100252610; 14919739; 98666426
concept_cpc_group,concept::ANODE COMPARTMENT,cpc_group::C25B,3,82018818; 116181184; 85684691
concept_cpc_group,concept::ANODE ELECTRODE,cpc_group::C25B,3,108739790; 116737142; 101368053
concept_cpc_group,concept::ANODE INLET,cpc_group::C25B,3,98850824; 108863961; 108163425
concept_cpc_group,concept::ANODE OUTLET,cpc_group::C25B,3,106586888; 108863961; 108163425
concept_cpc_group,concept::ANODE SPACE,cpc_group::C25B,3,92569265; 94740357; 91085959
concept_cpc_group,concept::AQUEOUS SOLUTION,cpc_group::C25B,3,73827816; 83691812; 101871166
concept_cpc_group,concept::BICARBONATE,cpc_group::C25B,3,88204087; 106991476; 111204819
concept_cpc_group,concept::BIPOLAR MEMBRANE,cpc_group::C25B,3,105028031; 83842416; 79163034
concept_cpc_group,concept::CARBON DIOXIDE CONVERSION,cpc_group::B01D,3,101956586; 107739736; 107413525
concept_cpc_group,concept::CARBON DIOXIDE DECOMPOSITION,cpc_group::C25B,3,86205375; 83172492; 79012090
concept_cpc_group,concept::CARBON DIOXIDE ELECTROCHEMICAL CONVERSION,cpc_group::C25B,3,104997454; 82742757; 93812412
concept_cpc_group,concept::CARBON DIOXIDE ELECTROLYTIC DEVICE,cpc_group::Y02P,3,104039102; 104037474; 101790584
concept_cpc_group,concept::CARBON DIOXIDE REDUCTION,cpc_group::B01J,3,116285153; 79012090; 100393580
concept_cpc_group,concept::CARBON DIOXIDE TREATMENT,cpc_group::C25B,3,106413270; 111586005; 87171527
concept_cpc_group,concept::CARBON MONOXIDE PRODUCTION,cpc_group::C25B,3,93504955; 100252610; 101368053
concept_cpc_group,concept::CARBON NANOTUBE,cpc_group::C25B,3,106991409; 79172273; 115363192
concept_cpc_group,concept::CATALYST,cpc_group::C01B,3,104024514; 106316002; 1913318
concept_cpc_group,concept::CATALYST,cpc_group::C07C,3,110666488; 98849845; 1913318
concept_cpc_group,concept::CATALYST MOLECULE,cpc_group::C25B,3,71292352; 92565798; 104791873
concept_cpc_group,concept::CATHODE CATALYST,cpc_group::C25B,3,97540394; 108808107; 108896443
concept_cpc_group,concept::CATHODE CAVITY,cpc_group::C25B,3,102358496; 108306014; 106866991
concept_cpc_group,concept::CATHODE COMPARTMENT,cpc_group::Y02P,3,102038550; 98314273; 87171430
concept_cpc_group,concept::CATHODE FLOW PATH,cpc_group::Y02E,3,87919517; 86130749; 108896443
concept_cpc_group,concept::CATHODE INLET,cpc_group::C25B,3,80164805; 101064694; 108401777
concept_cpc_group,concept::CATHODE OUTLET,cpc_group::C25B,3,106586888; 101064694; 108401777
concept_cpc_group,concept::CHEMICAL FORMULA,cpc_group::C25B,3,104997454; 113067654; 113653441
concept_cpc_group,concept::CO2 CAPTURE,cpc_group::C25B,3,100554181; 116181184; 114628861
concept_cpc_group,concept::CO2 ELECTROLYZER,cpc_group::Y02E,3,79681795; 113958355; 96823449
concept_cpc_group,concept::CONVERTING CO2,cpc_group::C25B,3,116105015; 109306159; 116397541
concept_cpc_group,concept::DIAPHRAGM,cpc_group::Y02E,3,104039102; 101790584; 93172692
concept_cpc_group,concept::DIAPHRAGM,cpc_group::Y02P,3,104039102; 101790584; 93172692
concept_cpc_group,concept::ELECTRICAL REDUCTION,cpc_group::C25B,3,109766128; 104822026; 112354020
concept_cpc_group,concept::ELECTROCATALYTIC CARBON DIOXIDE,cpc_group::C25B,3,116720313; 105493992; 116709402
concept_cpc_group,concept::ELECTROCATALYTIC REDUCTION,cpc_group::B01J,3,104081456; 80803000; 115484302
concept_cpc_group,concept::ELECTROCATALYTIC REDUCTION,cpc_group::Y02E,3,80803000; 115484302; 101555236
concept_cpc_group,concept::ELECTROCHEMICAL CONVERSION,cpc_group::Y02P,3,85684691; 93812412; 91085959
concept_cpc_group,concept::ELECTROCHEMICAL REACTION,cpc_group::C01B,3,106413270; 35372708; 103934571
concept_cpc_group,concept::ELECTROCHEMICAL REACTION,cpc_group::Y02P,3,87171430; 93172692; 93812412
concept_cpc_group,concept::ELECTRODE,cpc_group::B01J,3,104997454; 100393580; 90361734
concept_cpc_group,concept::ELECTROLYSIS,cpc_group::Y02P,3,79681795; 96823449; 73295054
concept_cpc_group,concept::ELECTROLYSIS CELL,cpc_group::B01J,3,96376807; 83172492; 79012090
concept_cpc_group,concept::ELECTROLYTE FLOW,cpc_group::C25B,3,112473551; 112473553; 112473561
concept_cpc_group,concept::ELECTROLYTE LAYER,cpc_group::Y02E,3,118081631; 100799928; 116562374
concept_cpc_group,concept::ELECTROLYTIC REDUCTION,cpc_group::C25B,3,83691812; 114240811; 91738840
concept_cpc_group,concept::ELECTROLYTIC TANK,cpc_group::C25B,3,79681795; 108808107; 100224447
concept_cpc_group,concept::FEEDING ELECTROLYTE,cpc_group::C25B,3,112473551; 112473553; 112473561
concept_cpc_group,concept::FUEL CELL,cpc_group::Y02E,3,105393249; 81302402; 114398667
concept_cpc_group,concept::GASEOUS CO2,cpc_group::C25B,3,69060627; 68986421; 107278856
concept_cpc_group,concept::HYDROGEN,cpc_group::C25B,3,114398668; 71965537; 44672238
concept_cpc_group,concept::LINKING SITE,cpc_group::C08G,3,113653423; 113653441; 114305656
concept_cpc_group,concept::LINKING SITE,cpc_group::C08J,3,113653423; 113653441; 114305656
concept_cpc_group,concept::LINKING SITE,cpc_group::C25B,3,113653423; 113653441; 114305656
concept_cpc_group,concept::MASS TRANSFER,cpc_group::C25B,3,106672290; 86637940; 116876860
concept_cpc_group,concept::MEMBRANE,cpc_group::C25B,3,114887582; 116414667; 91085959
concept_cpc_group,concept::MEMBRANE,cpc_group::Y02E,3,114887582; 116414667; 91085959
concept_cpc_group,concept::MEMBRANE ELECTRODE REACTOR,cpc_group::C25B,3,109766128; 117825503; 108808107
concept_cpc_group,concept::METHANEDIONE,cpc_group::B01D,3,73295054; 82565553; 79296485
concept_cpc_group,concept::METHANEDIONE,cpc_group::C01B,3,73295054; 82565553; 92569265
concept_cpc_group,concept::METHANEDIONE ELECTROCHEMICAL REDUCTION,cpc_group::Y02E,3,72753605; 94621513; 83842416
concept_cpc_group,concept::METHANEDIONE ELECTROCHEMICAL UTILIZATION,cpc_group::C25B,3,79296485; 92569265; 94204081
concept_cpc_group,concept::METHANEDIONE ELECTROREDUCTION,cpc_group::C25B,3,80590207; 67334411; 79181464
concept_cpc_group,concept::METHANEDIONE REDUCTION,cpc_group::C25B,3,89744192; 93812412; 89416407
concept_cpc_group,concept::ORGANIC LIGAND,cpc_group::C25B,3,104791873; 109733203; 105418286
concept_cpc_group,concept::REACTION CHAMBER,cpc_group::C25B,3,112473551; 112473553; 112473561
concept_cpc_group,concept::SOLID OXIDE ELECTROLYSIS CELL,cpc_group::C25B,3,94621513; 98666426; 114398667
concept_cpc_group,concept::SOLID OXIDE ELECTROLYSIS CELL,cpc_group::Y02E,3,94621513; 98666426; 114398667
concept_cpc_group,concept::SOLID OXIDE ELECTROLYTIC CELL,cpc_group::C25B,3,98666426; 97840083; 110495249
concept_cpc_group,concept::SYNGA,cpc_group::Y02E,3,75166129; 67443260; 114398667
concept_cpc_group,concept::SYNTHESIS GAS,cpc_group::Y02E,3,75166129; 77202004; 80803000
concept_cpc_group,concept::WORK PROCESSABILITY,cpc_group::C08G,3,113653423; 113653441; 118157483
concept_cpc_group,concept::WORK PROCESSABILITY,cpc_group::C08J,3,113653423; 113653441; 118157483
concept_cpc_group,concept::WORK PROCESSABILITY,cpc_group::C25B,3,113653423; 113653441; 118157483
concept_cpc_group,concept::ACQUISITION,cpc_group::C25B,2,44668494; 108863955
concept_cpc_group,concept::ADDED VALUE PRODUCT,cpc_group::B01D,2,107739736; 106991476
concept_cpc_group,concept::ADDED VALUE PRODUCT,cpc_group::C25B,2,107739736; 106991476
concept_cpc_group,concept::ALKALI METAL CHLORIDE,cpc_group::C25B,2,93617165; 106991476
concept_cpc_group,concept::ALKALINE ELECTROLYTE,cpc_group::C25B,2,115347016; 116013304
concept_cpc_group,concept::AMENDSTATUS,cpc_group::B01D,2,108851809; 85758103
concept_cpc_group,concept::AMENDSTATUS,cpc_group::B01J,2,104997454; 100393580
concept_cpc_group,concept::AMENDSTATUS,cpc_group::C07C,2,94621513; 103934571
concept_cpc_group,concept::AMMONIA,cpc_group::Y02E,2,108896443; 108863961
concept_cpc_group,concept::ANION EXCHANGE IONOMER,cpc_group::Y02E,2,83256656; 116414667
concept_cpc_group,concept::ANION EXCHANGE MEMBRANE,cpc_group::B01J,2,104081456; 116285153
concept_cpc_group,concept::ANION EXCHANGE MEMBRANE,cpc_group::C08G,2,104081456; 105886055
concept_cpc_group,concept::ANION EXCHANGE MEMBRANE,cpc_group::C08L,2,104081456; 116285153
concept_cpc_group,concept::ANION EXCHANGE MEMBRANE,cpc_group::Y02E,2,105886055; 85453370
concept_cpc_group,concept::ANODE FLOW,cpc_group::C25B,2,98850824; 106495795
concept_cpc_group,concept::ANODE FLOW,cpc_group::Y02E,2,98850824; 106495795
concept_cpc_group,concept::ANODE FLOW PATH,cpc_group::Y02P,2,104037474; 98850824
concept_cpc_group,concept::ANODE FLUID,cpc_group::C25B,2,108863961; 111493428
concept_cpc_group,concept::ANODE INLET,cpc_group::Y02E,2,98850824; 108863961
concept_cpc_group,concept::ANODE PASSAGE,cpc_group::C25B,2,106495795; 106586888
concept_cpc_group,concept::ANODE SECTION,cpc_group::C25B,2,86048379; 108863955
concept_cpc_group,concept::ANODE SIDE,cpc_group::Y02E,2,103607055; 95617533
concept_cpc_group,concept::ANOLYTE,cpc_group::C25B,2,108739790; 94740357
concept_cpc_group,concept::AQUEOUS ELECTROLYTE,cpc_group::C25B,2,107413525; 115039917
concept_cpc_group,concept::AQUEOUS KHCO,cpc_group::C25B,2,55016601; 44672238
concept_cpc_group,concept::AQUEOUS KHCO,cpc_group::Y02E,2,55016601; 44672238
concept_cpc_group,concept::AQUEOUS SOLUTION,cpc_group::Y02E,2,73827816; 83691812
concept_cpc_group,concept::BICARBONATE,cpc_group::B01D,2,106991476; 111204819
concept_cpc_group,concept::BIPOLAR MEMBRANE ELECTROLYSIS,cpc_group::C25B,2,98164251; 100252610
concept_cpc_group,concept::BYPRODUCT,cpc_group::C25B,2,98164251; 88204087
concept_cpc_group,concept::CARBON DIOXIDE CO2,cpc_group::C25B,2,111220958; 66367131
concept_cpc_group,concept::CARBON DIOXIDE CONVERSION,cpc_group::C01B,2,84680718; 107739736
concept_cpc_group,concept::CARBON DIOXIDE CONVERSION,cpc_group::F27D,2,101956586; 107739736
concept_cpc_group,concept::CARBON DIOXIDE CONVERSION,cpc_group::H01M,2,107739736; 107413525
concept_cpc_group,concept::CARBON DIOXIDE CONVERSION,cpc_group::Y02C,2,107739736; 107413525
concept_cpc_group,concept::CARBON DIOXIDE CONVERSION,cpc_group::Y02E,2,107739736; 107413525
concept_cpc_group,concept::CARBON DIOXIDE DECOMPOSITION,cpc_group::B01J,2,83172492; 79012090
concept_cpc_group,concept::CARBON DIOXIDE ELECTROCATALYTIC REDUCTION,cpc_group::B01J,2,80803000; 115484302
concept_cpc_group,concept::CARBON DIOXIDE ELECTROCATALYTIC REDUCTION,cpc_group::Y02E,2,80803000; 115484302
concept_cpc_group,concept::CARBON DIOXIDE ELECTROCHEMICAL UTILIZATION,cpc_group::B01D,2,79296485; 79163034
concept_cpc_group,concept::CARBON DIOXIDE ELECTROCHEMICAL UTILIZATION,cpc_group::Y02E,2,77016544; 77244658
concept_cpc_group,concept::CARBON DIOXIDE ELECTROCHEMICAL UTILIZATION,cpc_group::Y02P,2,79296485; 79163034
concept_cpc_group,concept::CARBON DIOXIDE ELECTROLYSIS,cpc_group::B01D,2,101956586; 106495795
concept_cpc_group,concept::CARBON DIOXIDE ELECTROLYSIS,cpc_group::B01J,2,96200636; 90361734
concept_cpc_group,concept::CARBON DIOXIDE ELECTROLYSIS CELL,cpc_group::B01J,2,96200636; 90361734
concept_cpc_group,concept::CARBON DIOXIDE ELECTROLYSIS CELL,cpc_group::Y02E,2,86048379; 90361734
concept_cpc_group,concept::CARBON DIOXIDE ELECTROLYTIC CELL,cpc_group::C25B,2,106574607; 106495795
concept_cpc_group,concept::CARBON DIOXIDE ELECTROLYTIC DEVICE,cpc_group::C07C,2,81302402; 87919517
concept_cpc_group,concept::CARBON DIOXIDE ELECTROLYTIC EQUIPMENT,cpc_group::C25B,2,87919716; 87919517
concept_cpc_group,concept::CARBON DIOXIDE ELECTROLYTIC EQUIPMENT,cpc_group::Y02E,2,87919716; 87919517
concept_cpc_group,concept::CARBON DIOXIDE ELECTROREDUCTION CATALYST,cpc_group::C25B,2,109733203; 112719442
concept_cpc_group,concept::CARBON DIOXIDE GAS,cpc_group::C25B,2,87991721; 113753877
concept_cpc_group,concept::CARBON DIOXIDE PROCESSING,cpc_group::B01D,2,106413270; 111586005
concept_cpc_group,concept::CARBON DIOXIDE PROCESSING,cpc_group::C25B,2,106413270; 111586005
concept_cpc_group,concept::CARBON DIOXIDE REDUCTION,cpc_group::H01M,2,83256656; 116285153
concept_cpc_group,concept::CARBON DIOXIDE REDUCTION ELECTRODE,cpc_group::C25B,2,100393580; 115136805
concept_cpc_group,concept::CARBON DIOXIDE REDUCTION REACTION,cpc_group::C25B,2,111894530; 107639787
concept_cpc_group,concept::CARBON DIOXIDE TREATMENT,cpc_group::B01D,2,106413270; 111586005
concept_cpc_group,concept::CARBON FIBER,cpc_group::C25B,2,110939894; 115484302
concept_cpc_group,concept::CARBON FIBER,cpc_group::Y02E,2,110939894; 115484302
concept_cpc_group,concept::CARBON GEL ELECTROCATALYST,cpc_group::C25B,2,89550408; 101562974
concept_cpc_group,concept::CARBON MONOOXIDE,cpc_group::Y02P,2,94627563; 85758116
concept_cpc_group,concept::CARBON MONOXIDE PRODUCTION,cpc_group::Y02E,2,93504955; 100252610
concept_cpc_group,concept::CARBON MONOXIDE SELECTIVITY,cpc_group::C25B,2,112323322; 100072108
concept_cpc_group,concept::CARBONATE,cpc_group::C25B,2,116476220; 116293199
concept_cpc_group,concept::CARRIER,cpc_group::C25B,2,110666488; 106316002
concept_cpc_group,concept::CATALYST,cpc_group::B01D,2,106991476; 1913318
concept_cpc_group,concept::CATALYST,cpc_group::C01P,2,104024514; 106316002
concept_cpc_group,concept::CATALYST,cpc_group::Y02P,2,104024514; 1913318
concept_cpc_group,concept::CATALYST ATOM,cpc_group::B01J,2,116688896; 115484302
concept_cpc_group,concept::CATALYST ATOM,cpc_group::D01F,2,116688896; 115484302
concept_cpc_group,concept::CATALYST LAYER,cpc_group::B01J,2,90361734; 72680476
concept_cpc_group,concept::CATALYST MOLECULE,cpc_group::B01J,2,71292352; 92565798
concept_cpc_group,concept::CATALYTIC PERFORMANCE,cpc_group::C25B,2,116298732; 100072108
concept_cpc_group,concept::CATHODE CATALYST,cpc_group::Y02E,2,97540394; 108896443
concept_cpc_group,concept::CATHODE CHAMBER,cpc_group::B01D,2,83691812; 114892955
concept_cpc_group,concept::CATHODE CHAMBER,cpc_group::C01B,2,83691812; 44672238
concept_cpc_group,concept::CATHODE CHAMBER,cpc_group::Y02P,2,83691812; 91085959
concept_cpc_group,concept::CATHODE COMPARTMENT,cpc_group::C01B,2,78510702; 92569265
concept_cpc_group,concept::CATHODE ELECTROLYTE,cpc_group::C25B,2,92464691; 116434365
concept_cpc_group,concept::CATHODE SIDE,cpc_group::Y02E,2,103607055; 95617533
concept_cpc_group,concept::CATHODE SPACING,cpc_group::Y02E,2,75262842; 91085959
concept_cpc_group,concept::CATHODE SUBSPACE,cpc_group::C25B,2,77244658; 92569265
concept_cpc_group,concept::CHEMICAL FORMULA,cpc_group::C08G,2,113067654; 113653441
concept_cpc_group,concept::CHEMICAL FORMULA,cpc_group::C08J,2,113067654; 113653441
concept_cpc_group,concept::CHLORINE,cpc_group::C25B,2,98164251; 98505907
concept_cpc_group,concept::CO2 CAPTURE,cpc_group::B01D,2,116181184; 114628861
concept_cpc_group,concept::CO2 CONVERSION,cpc_group::C25B,2,112473551; 116105015
concept_cpc_group,concept::CO2 ELECTROCHEMICAL REDUCTION,cpc_group::B01J,2,68986421; 71292352
concept_cpc_group,concept::CO2 ELECTROLYSIS,cpc_group::B01D,2,116181184; 109306159
concept_cpc_group,concept::CO2 ELECTROLYSIS PRODUCT,cpc_group::C25B,2,102708989; 101871167
concept_cpc_group,concept::CO2 ELECTROLYTIC DEVICE,cpc_group::C25B,2,96823449; 115866554
concept_cpc_group,concept::CO2 ELECTROLYZER,cpc_group::C10G,2,79681795; 113958355
concept_cpc_group,concept::CO2 ELECTROLYZER,cpc_group::Y02P,2,79681795; 96823449
concept_cpc_group,concept::CO2 UTILIZATION,cpc_group::C25B,2,116105015; 87171527
concept_cpc_group,concept::COELECTROLYSIS,cpc_group::C25B,2,105486835; 104127510
concept_cpc_group,concept::COELECTROLYSIS CELL,cpc_group::C25B,2,83256656; 88193055
concept_cpc_group,concept::COELECTROLYSIS CELL,cpc_group::Y02E,2,83256656; 88193055
concept_cpc_group,concept::COELECTROLYTIC,cpc_group::C25B,2,96823449; 104127510
concept_cpc_group,concept::COMPOSITE NANO CATALYST,cpc_group::C25B,2,105493992; 105437834
concept_cpc_group,concept::COUNTER ELECTRODE,cpc_group::C25B,2,105555372; 81386940
concept_cpc_group,concept::CURRENT DENSITY,cpc_group::C25B,2,113753877; 108863955
concept_cpc_group,concept::DIAPHRAGM ELECTROLYSIS,cpc_group::C25B,2,100252610; 88204087
concept_cpc_group,concept::DISPOSABLE FUEL,cpc_group::C25B,2,55016601; 44672238
concept_cpc_group,concept::DISPOSABLE FUEL,cpc_group::Y02E,2,55016601; 44672238
concept_cpc_group,concept::DISSOLVED CARBON DIOXIDE,cpc_group::C25B,2,112473553; 112473561
concept_cpc_group,concept::DISSOLVING CARBON DIOXIDE,cpc_group::C25B,2,112473551; 112473553
concept_cpc_group,concept::DOPED LANTHANUM CHROMITE,cpc_group::C25B,2,114398668; 111147448
concept_cpc_group,concept::ELECTRICAL POWER SUPPLY,cpc_group::B01J,2,96376807; 104127510
concept_cpc_group,concept::ELECTRICAL POWER SUPPLY,cpc_group::C25B,2,96376807; 104127510
concept_cpc_group,concept::ELECTRICITY,cpc_group::C25B,2,112883886; 66508929
concept_cpc_group,concept::ELECTRO CHEMICAL UTILIZATION,cpc_group::B01D,2,79296485; 79163034
concept_cpc_group,concept::ELECTRO CHEMICAL UTILIZATION,cpc_group::Y02P,2,79296485; 79163034
concept_cpc_group,concept::ELECTROCATALYSIS,cpc_group::B01J,2,104081456; 116688896
concept_cpc_group,concept::ELECTROCATALYSIS,cpc_group::C08G,2,104081456; 116688896
concept_cpc_group,concept::ELECTROCATALYSIS,cpc_group::C25B,2,104081456; 116688896
concept_cpc_group,concept::ELECTROCATALYTIC REACTION,cpc_group::C25B,2,101335911; 100072108
concept_cpc_group,concept::ELECTROCATALYTICALLY REDUCING METHANEDIONE,cpc_group::C25B,2,94934392; 83842416
concept_cpc_group,concept::ELECTROCHEMICAL CATALYST,cpc_group::C25B,2,88193055; 115484302
concept_cpc_group,concept::ELECTROCHEMICAL CATALYST,cpc_group::Y02E,2,88193055; 115484302
concept_cpc_group,concept::ELECTROCHEMICAL CONVERSION,cpc_group::Y02E,2,85684691; 91085959
concept_cpc_group,concept::ELECTROCHEMICAL DEVICE,cpc_group::B01D,2,67443260; 1913318
concept_cpc_group,concept::ELECTROCHEMICAL DEVICE,cpc_group::B01J,2,72680476; 1913318
concept_cpc_group,concept::ELECTROCHEMICAL DEVICE,cpc_group::C01B,2,67443260; 1913318
concept_cpc_group,concept::ELECTROCHEMICAL DEVICE,cpc_group::G01N,2,72680476; 1913318
concept_cpc_group,concept::ELECTROCHEMICAL DEVICE,cpc_group::H01M,2,72680476; 1913318
concept_cpc_group,concept::ELECTROCHEMICAL DEVICE,cpc_group::Y02P,2,67443260; 1913318
concept_cpc_group,concept::ELECTROCHEMICAL REACTION,cpc_group::B01D,2,106413270; 111586005
concept_cpc_group,concept::ELECTROCHEMICAL REACTOR,cpc_group::C01B,2,106413270; 103934571
concept_cpc_group,concept::ELECTROCHEMICAL REACTOR,cpc_group::C07C,2,110666488; 103934571
concept_cpc_group,concept::ELECTROCHEMICAL REDUCTION CATALYST,cpc_group::C25B,2,92423180; 87032374
concept_cpc_group,concept::ELECTROCHEMICALLY REDUCING CARBON DIOXIDE,cpc_group::C25B,2,103030257; 111586005
concept_cpc_group,concept::ELECTROCHEMICALLY REDUCING METHANEDIONE,cpc_group::C25B,2,72753605; 72680476
concept_cpc_group,concept::ELECTROCHEMICALLY REDUCING METHANEDIONE,cpc_group::Y02E,2,72753605; 72680476
concept_cpc_group,concept::ELECTRODE,cpc_group::H01M,2,117920056; 118083135
concept_cpc_group,concept::ELECTRODE,cpc_group::Y02P,2,92032595; 118083135
concept_cpc_group,concept::ELECTRODE LAYER,cpc_group::Y02E,2,96376807; 116562374
concept_cpc_group,concept::ELECTROLYSIS,cpc_group::C01B,2,73295054; 86205375
concept_cpc_group,concept::ELECTROLYSIS,cpc_group::C07C,2,79681795; 101968427
concept_cpc_group,concept::ELECTROLYSIS REACTOR,cpc_group::C25B,2,66367131; 84993693
concept_cpc_group,concept::ELECTROLYSIS REACTOR,cpc_group::Y02E,2,66367131; 84993693
concept_cpc_group,concept::ELECTROLYTE,cpc_group::B01D,2,115547269; 116181184
concept_cpc_group,concept::ELECTROLYTE,cpc_group::C01B,2,84680718; 85758108
concept_cpc_group,concept::ELECTROLYTE,cpc_group::C10L,2,105555372; 84993693
concept_cpc_group,concept::ELECTROLYTE,cpc_group::Y02E,2,85758108; 84993693
concept_cpc_group,concept::ELECTROLYTE LAYER,cpc_group::C25B,2,94934392; 118081631
concept_cpc_group,concept::ELECTROLYTE MEMBRANE,cpc_group::C25B,2,107639787; 102808473
concept_cpc_group,concept::ELECTROLYTIC CELL,cpc_group::C01B,2,86205375; 85758108
concept_cpc_group,concept::ELECTROLYTIC CELL,cpc_group::Y02P,2,95930332; 85758108
concept_cpc_group,concept::ELECTROLYTIC CELL CATHODE MATERIAL,cpc_group::C25B,2,105343084; 89672842
concept_cpc_group,concept::ELECTROLYTIC CELL STACK,cpc_group::C25B,2,117825503; 101955362
concept_cpc_group,concept::ELECTROLYTIC CELL STACK,cpc_group::Y02E,2,117825503; 101955362
concept_cpc_group,concept::ELECTROLYTIC DEVICE,cpc_group::C07C,2,81302402; 87919517
concept_cpc_group,concept::ELECTROLYTIC REACTION,cpc_group::C25B,2,104914800; 112969726
concept_cpc_group,concept::ELECTROLYTIC TANK,cpc_group::C07C,2,79681795; 100224447
concept_cpc_group,concept::ELECTROLYTIC TANK,cpc_group::Y02E,2,79681795; 100799928
concept_cpc_group,concept::ELECTROLYTIC TANK,cpc_group::Y02P,2,79681795; 100224447
concept_cpc_group,concept::ELECTROLYZER,cpc_group::B01J,2,112262309; 72680476
concept_cpc_group,concept::ELECTROLYZER,cpc_group::C01B,2,82565553; 112262309
concept_cpc_group,concept::ELECTROLYZER,cpc_group::C07C,2,112262309; 101968427
concept_cpc_group,concept::ELECTROLYZER,cpc_group::C10G,2,113958355; 112262309
concept_cpc_group,concept::ELECTROLYZER,cpc_group::G01N,2,82565553; 72680476
concept_cpc_group,concept::ELECTROLYZER,cpc_group::H01M,2,72680476; 117920056
concept_cpc_group,concept::ELECTROREDUCTION,cpc_group::Y02E,2,117825503; 116298732
concept_cpc_group,concept::ELECTROREDUCTION,cpc_group::Y02P,2,117825503; 116298732
concept_cpc_group,concept::ELECTROREDUCTION CATALYST,cpc_group::C25B,2,109733203; 112719442
concept_cpc_group,concept::ELECTROREDUCTION REACTION,cpc_group::C25B,2,116720313; 83172492
concept_cpc_group,concept::ELECTROSTATIC SPINNING,cpc_group::D01F,2,115484302; 118274866
concept_cpc_group,concept::ELECTROSTATIC SPINNING,cpc_group::Y02E,2,115484302; 118274866
concept_cpc_group,concept::ENERGY,cpc_group::Y02E,2,7846740; 66508929
concept_cpc_group,concept::FIBER ELECTRODE,cpc_group::C25B,2,101555236; 114532676
concept_cpc_group,concept::FIBER ELECTRODE,cpc_group::Y02E,2,101555236; 114532676
concept_cpc_group,concept::FIBER VITAMIN EMBRYO,cpc_group::C25B,2,101555236; 114532676
concept_cpc_group,concept::FIBER VITAMIN EMBRYO,cpc_group::Y02E,2,101555236; 114532676
concept_cpc_group,concept::FILM ELECTRODE,cpc_group::C25B,2,115363192; 118096155
concept_cpc_group,concept::FORMULA PORPHYRIN,cpc_group::B01J,2,68986421; 78510702
concept_cpc_group,concept::FORMULA PORPHYRIN,cpc_group::C07F,2,73827816; 78510702
concept_cpc_group,concept::FORMULA PORPHYRIN,cpc_group::Y02E,2,73827816; 78510702
concept_cpc_group,concept::FUEL,cpc_group::C25B,2,96314074; 101968427
concept_cpc_group,concept::FUEL,cpc_group::Y02E,2,96314074; 101968427
concept_cpc_group,concept::FUEL CELL,cpc_group::C25B,2,81302402; 114398667
concept_cpc_group,concept::GAS DIFFUSION LAYER,cpc_group::C25B,2,113645537; 102226793
concept_cpc_group,concept::GAS GENERATION,cpc_group::C25B,2,55016601; 44672238
concept_cpc_group,concept::GAS GENERATION,cpc_group::Y02E,2,55016601; 44672238
concept_cpc_group,concept::GAS MIXTURE,cpc_group::C01B,2,86310831; 86310832
concept_cpc_group,concept::GAS MIXTURE,cpc_group::C10K,2,86310831; 86310832
concept_cpc_group,concept::GAS MIXTURE,cpc_group::C25B,2,86310831; 86310832
concept_cpc_group,concept::GAS MIXTURE,cpc_group::Y02E,2,86310831; 86310832
concept_cpc_group,concept::GAS PRODUCTION,cpc_group::C25B,2,73827816; 55016601
concept_cpc_group,concept::GAS PRODUCTION,cpc_group::Y02E,2,73827816; 55016601
concept_cpc_group,concept::HOLLOW FIBER VITAMIN EMBRYO,cpc_group::C25B,2,101555236; 114532676
concept_cpc_group,concept::HOLLOW FIBER VITAMIN EMBRYO,cpc_group::Y02E,2,101555236; 114532676
concept_cpc_group,concept::HYDROGEN,cpc_group::Y02E,2,114398668; 44672238
concept_cpc_group,concept::HYPOCHLORITE,cpc_group::C25B,2,100252610; 105028031
concept_cpc_group,concept::IRON CATALYST,cpc_group::C25B,2,69060627; 68986421
concept_cpc_group,concept::LIQUID FUEL,cpc_group::C01B,2,67443260; 106413185
concept_cpc_group,concept::LIQUID FUEL,cpc_group::C10G,2,67443260; 106413185
concept_cpc_group,concept::LIQUID FUEL,cpc_group::C10K,2,67443260; 106413185
concept_cpc_group,concept::LIQUID FUEL,cpc_group::C25B,2,67443260; 106413185
concept_cpc_group,concept::LIQUID FUEL,cpc_group::Y02E,2,67443260; 106413185
concept_cpc_group,concept::LST COMPOSITE,cpc_group::C25B,2,114398668; 111147448
concept_cpc_group,concept::MEMBRANE ELECTRODE ELECTROLYZER,cpc_group::C25B,2,111204819; 112354020
concept_cpc_group,concept::METHANEDIONE ELECTROCHEMICAL REDUCTION CATALYST,cpc_group::C25B,2,92423180; 87032374
concept_cpc_group,concept::METHANEDIONE ELECTROLYSIS,cpc_group::Y02E,2,64469752; 80590207
concept_cpc_group,concept::METHANEDIONE ELECTROLYSIS CELL,cpc_group::C25B,2,77202004; 94204081
concept_cpc_group,concept::METHANEDIONE ELECTROLYZER,cpc_group::C25B,2,79681795; 92569265
concept_cpc_group,concept::METHANEDIONE RESOURCE UTILIZATION,cpc_group::C25B,2,80590207; 88204087
concept_cpc_group,concept::MIXED GAS GENERATION,cpc_group::C25B,2,55016601; 44672238
concept_cpc_group,concept::MIXED GAS GENERATION,cpc_group::Y02E,2,55016601; 44672238
concept_cpc_group,concept::NI CATALYST ATOM,cpc_group::C25B,2,108569271; 112590590
concept_cpc_group,concept::NITROGEN,cpc_group::C25B,2,108569271; 89550408
concept_cpc_group,concept::ORGANIC ELECTROLYTE COMPOSITE,cpc_group::C25B,2,88204087; 105028031
concept_cpc_group,concept::ORGANIC LIGAND,cpc_group::B82Y,2,109733203; 105418286
concept_cpc_group,concept::ORGANIC LIGAND,cpc_group::Y02E,2,104791873; 105418286
concept_cpc_group,concept::OXIDATION ELECTRODE,cpc_group::C25B,2,103934571; 102808473
concept_cpc_group,concept::OXIDATION TANK,cpc_group::C25B,2,107639787; 102808473
concept_cpc_group,concept::OXIDE,cpc_group::C25B,2,105343084; 87171430
concept_cpc_group,concept::OXIDE,cpc_group::Y02E,2,105343084; 87171430
concept_cpc_group,concept::OXIDE ELECTROLYTIC CELL,cpc_group::C25B,2,97840083; 110495249
concept_cpc_group,concept::PLATINUM ELECTRODE,cpc_group::C25B,2,92423180; 116434365
concept_cpc_group,concept::PRODUCING CARBON MONOXIDE,cpc_group::C25B,2,93504955; 114398668
concept_cpc_group,concept::PRODUCING CARBON MONOXIDE,cpc_group::Y02E,2,93504955; 114398668
concept_cpc_group,concept::REACTANT GAS,cpc_group::C25B,2,93812412; 94740357
concept_cpc_group,concept::REAGENT,cpc_group::C25B,2,106145261; 110888177
concept_cpc_group,concept::REDUCTION ELECTRODE,cpc_group::C01B,2,84680718; 103934571
concept_cpc_group,concept::REDUCTION ELECTROLYTIC CELL,cpc_group::C25B,2,102358496; 105758218
concept_cpc_group,concept::REDUCTION REACTION,cpc_group::C25B,2,115347016; 111894530
concept_cpc_group,concept::SEPARATION MEMBRANE,cpc_group::C08G,2,113653423; 113067654
concept_cpc_group,concept::SEPARATION MEMBRANE,cpc_group::C08J,2,113653423; 113067654
concept_cpc_group,concept::SEPARATION MEMBRANE,cpc_group::C25B,2,113653423; 113067654
concept_cpc_group,concept::SOLID OXIDE ELECTROLYSIS CELL,cpc_group::Y02P,2,94621513; 98666426
concept_cpc_group,concept::SOLID OXIDE ELECTROLYTIC CELL,cpc_group::Y02E,2,98666426; 110495249
concept_cpc_group,concept::SYNGA,cpc_group::C01B,2,67443260; 114398667
concept_cpc_group,concept::SYNGA,cpc_group::Y02P,2,67443260; 100224447
concept_cpc_group,concept::TIN DIOXIDE,cpc_group::C25B,2,116773798; 105437834
concept_cpc_group,concept::TRANSITION METAL,cpc_group::B01J,2,89550408; 116688896
concept_cpc_group,concept::TRANSITION METAL,cpc_group::C08G,2,117641010; 116688896
concept_cpc_group,concept::TURBULENCE,cpc_group::C25B,2,112473561; 108163425
concept_cpc_group,concept::UNREACTED REACTANT,cpc_group::C25B,2,112177579; 109306069
concept_cpc_group,concept::VENTILATION GRID,cpc_group::C25B,2,108163425; 108401777
concept_cpc_group,concept::1 METHYL 4 PIPERIDONE,cpc_group::B01D,1,105886055
concept_cpc_group,concept::1 METHYL 4 PIPERIDONE,cpc_group::C08G,1,105886055
concept_cpc_group,concept::1 METHYL 4 PIPERIDONE,cpc_group::C08J,1,105886055
concept_cpc_group,concept::1 METHYL 4 PIPERIDONE,cpc_group::C25B,1,105886055
concept_cpc_group,concept::1 METHYL 4 PIPERIDONE,cpc_group::H01M,1,105886055
concept_cpc_group,concept::1 METHYL 4 PIPERIDONE,cpc_group::Y02E,1,105886055
concept_cpc_group,concept::1 NX MOIETY,cpc_group::B01D,1,107413525
concept_cpc_group,concept::1 NX MOIETY,cpc_group::B01J,1,107413525
concept_cpc_group,concept::1 NX MOIETY,cpc_group::C25B,1,107413525
concept_cpc_group,concept::1 NX MOIETY,cpc_group::H01M,1,107413525
concept_cpc_group,concept::1 NX MOIETY,cpc_group::Y02C,1,107413525
concept_cpc_group,concept::1 NX MOIETY,cpc_group::Y02E,1,107413525
concept_cpc_group,concept::1 NX MOYETI,cpc_group::B01D,1,107413525
concept_cpc_group,concept::1 NX MOYETI,cpc_group::B01J,1,107413525
concept_cpc_group,concept::1 NX MOYETI,cpc_group::C25B,1,107413525
concept_cpc_group,concept::1 NX MOYETI,cpc_group::H01M,1,107413525
concept_cpc_group,concept::1 NX MOYETI,cpc_group::Y02C,1,107413525
concept_cpc_group,concept::1 NX MOYETI,cpc_group::Y02E,1,107413525
concept_cpc_group,concept::2 NX MOIETY,cpc_group::B01D,1,107413525
concept_cpc_group,concept::2 NX MOIETY,cpc_group::B01J,1,107413525
concept_cpc_group,concept::2 NX MOIETY,cpc_group::C25B,1,107413525
concept_cpc_group,concept::2 NX MOIETY,cpc_group::H01M,1,107413525
concept_cpc_group,concept::2 NX MOIETY,cpc_group::Y02C,1,107413525
concept_cpc_group,concept::2 NX MOIETY,cpc_group::Y02E,1,107413525
concept_cpc_group,concept::2 NX MOYETI,cpc_group::B01D,1,107413525
concept_cpc_group,concept::2 NX MOYETI,cpc_group::B01J,1,107413525
concept_cpc_group,concept::2 NX MOYETI,cpc_group::C25B,1,107413525
concept_cpc_group,concept::2 NX MOYETI,cpc_group::H01M,1,107413525
concept_cpc_group,concept::2 NX MOYETI,cpc_group::Y02C,1,107413525
concept_cpc_group,concept::2 NX MOYETI,cpc_group::Y02E,1,107413525
concept_cpc_group,concept::3D ELECTROLYSIS CELL,cpc_group::C25B,1,104121451
concept_cpc_group,concept::3D ELECTROLYTIC CELL,cpc_group::C25B,1,104121451
concept_cpc_group,concept::6 C3N4HETEROJUNCTION CATALYST,cpc_group::B01J,1,108214882
concept_cpc_group,concept::6 C3N4HETEROJUNCTION CATALYST,cpc_group::C01B,1,108214882
concept_cpc_group,concept::6 C3N4HETEROJUNCTION CATALYST,cpc_group::C07C,1,108214882
concept_cpc_group,concept::7AL2O,cpc_group::C01B,1,86205375
concept_cpc_group,concept::7AL2O,cpc_group::C01F,1,86205375
concept_cpc_group,concept::7AL2O,cpc_group::C25B,1,86205375
concept_cpc_group,concept::A CELL,cpc_group::C25B,1,111493428
concept_cpc_group,concept::A CELL LAYER,cpc_group::C25B,1,101955362
concept_cpc_group,concept::A CELL LAYER,cpc_group::Y02E,1,101955362
concept_cpc_group,concept::AASS AANN ELECTROCATALYST,cpc_group::C01B,1,106991409
concept_cpc_group,concept::AASS AANN ELECTROCATALYST,cpc_group::C01P,1,106991409
concept_cpc_group,concept::AASS AANN ELECTROCATALYST,cpc_group::C25B,1,106991409
concept_cpc_group,concept::ABANDONING WIND PHENOMENON,cpc_group::H02J,1,94787837
concept_cpc_group,concept::ABANDONING WIND PHENOMENON,cpc_group::Y02E,1,94787837
concept_cpc_group,concept::ABANDONING WIND PHENOMENON,cpc_group::Y02P,1,94787837
concept_cpc_group,concept::ABANDONMENT,cpc_group::H02J,1,94787837
concept_cpc_group,concept::ABANDONMENT,cpc_group::Y02E,1,94787837
concept_cpc_group,concept::ABANDONMENT,cpc_group::Y02P,1,94787837
concept_cpc_group,concept::ABSORBENT,cpc_group::B01D,1,79163034
concept_cpc_group,concept::ABSORBENT,cpc_group::C25B,1,79163034
concept_cpc_group,concept::ABSORBENT,cpc_group::Y02P,1,79163034
concept_cpc_group,concept::ABSORBENT REGENERATION,cpc_group::B01D,1,79163034
concept_cpc_group,concept::ABSORBENT REGENERATION,cpc_group::C25B,1,79163034
concept_cpc_group,concept::ABSORBENT REGENERATION,cpc_group::Y02P,1,79163034
concept_cpc_group,concept::ABSORPTION LIQUID,cpc_group::C10G,1,44668494
concept_cpc_group,concept::ABSORPTION LIQUID,cpc_group::C25B,1,44668494
concept_cpc_group,concept::ABSORPTION LIQUID,cpc_group::F02B,1,44668494
concept_cpc_group,concept::ABSORPTION LIQUID,cpc_group::F02D,1,44668494
concept_cpc_group,concept::ABSORPTION LIQUID,cpc_group::F02M,1,44668494
concept_cpc_group,concept::ABSORPTION LIQUID,cpc_group::Y02P,1,44668494
concept_cpc_group,concept::ABSORPTION LIQUID,cpc_group::Y02T,1,44668494
concept_cpc_group,concept::ABSORPTION LIQUID STORAGE,cpc_group::C10G,1,44668494
concept_cpc_group,concept::ABSORPTION LIQUID STORAGE,cpc_group::C25B,1,44668494
concept_cpc_group,concept::ABSORPTION LIQUID STORAGE,cpc_group::F02B,1,44668494
concept_cpc_group,concept::ABSORPTION LIQUID STORAGE,cpc_group::F02D,1,44668494
concept_cpc_group,concept::ABSORPTION LIQUID STORAGE,cpc_group::F02M,1,44668494
concept_cpc_group,concept::ABSORPTION LIQUID STORAGE,cpc_group::Y02P,1,44668494
concept_cpc_group,concept::ABSORPTION LIQUID STORAGE,cpc_group::Y02T,1,44668494
concept_cpc_group,concept::ABXB YO,cpc_group::C25B,1,97840083
concept_cpc_group,concept::ACCOMMODATION,cpc_group::C25B,1,106586888
concept_cpc_group,concept::ACCPOLYMER EXCHANGECOPOLYMER,cpc_group::C08J,1,100582928
concept_cpc_group,concept::ACCPOLYMER EXCHANGECOPOLYMER,cpc_group::C25B,1,100582928
concept_cpc_group,concept::ACCPOLYMER EXCHANGECOPOLYMER,cpc_group::H01M,1,100582928
concept_cpc_group,concept::ACCPOLYMER EXCHANGECOPOLYMER,cpc_group::Y02E,1,100582928
concept_cpc_group,concept::ACCUMULATION CHAMBER,cpc_group::C25B,1,114057507
concept_cpc_group,concept::ACETONITRILE BALANCE,cpc_group::C25B,1,108739790
concept_cpc_group,concept::ACETYLENE BLACK,cpc_group::C25B,1,116434365
concept_cpc_group,concept::ACID ELECTROLYTE,cpc_group::C25B,1,83051660
concept_cpc_group,concept::ACQUIRING EXHAUST PRESSURE,cpc_group::C10G,1,44668494
concept_cpc_group,concept::ACQUIRING EXHAUST PRESSURE,cpc_group::C25B,1,44668494
concept_cpc_group,concept::ACQUIRING EXHAUST PRESSURE,cpc_group::F02B,1,44668494
concept_cpc_group,concept::ACQUIRING EXHAUST PRESSURE,cpc_group::F02D,1,44668494
concept_cpc_group,concept::ACQUIRING EXHAUST PRESSURE,cpc_group::F02M,1,44668494
concept_cpc_group,concept::ACQUIRING EXHAUST PRESSURE,cpc_group::Y02P,1,44668494
concept_cpc_group,concept::ACQUIRING EXHAUST PRESSURE,cpc_group::Y02T,1,44668494
concept_cpc_group,concept::ACQUIRING TEMPERATURE,cpc_group::C25B,1,108863955
concept_cpc_group,concept::ACQUISITION,cpc_group::C10G,1,44668494
concept_cpc_group,concept::ACQUISITION,cpc_group::F02B,1,44668494
concept_cpc_group,concept::ACQUISITION,cpc_group::F02D,1,44668494
concept_cpc_group,concept::ACQUISITION,cpc_group::F02M,1,44668494
concept_cpc_group,concept::ACQUISITION,cpc_group::Y02P,1,44668494
concept_cpc_group,concept::ACQUISITION,cpc_group::Y02T,1,44668494
concept_cpc_group,concept::ACQUISITION SPEED,cpc_group::C10G,1,44668494
concept_cpc_group,concept::ACQUISITION SPEED,cpc_group::C25B,1,44668494
concept_cpc_group,concept::ACQUISITION SPEED,cpc_group::F02B,1,44668494
concept_cpc_group,concept::ACQUISITION SPEED,cpc_group::F02D,1,44668494
concept_cpc_group,concept::ACQUISITION SPEED,cpc_group::F02M,1,44668494
concept_cpc_group,concept::ACQUISITION SPEED,cpc_group::Y02P,1,44668494
concept_cpc_group,concept::ACQUISITION SPEED,cpc_group::Y02T,1,44668494
concept_cpc_group,concept::ACTIVATED ELECTROLYSIS CELL,cpc_group::C25B,1,115866554
concept_cpc_group,concept::ACTIVE CELL,cpc_group::C25B,1,103607055
concept_cpc_group,concept::ACTIVE CELL,cpc_group::Y02E,1,103607055
concept_cpc_group,concept::ACTIVE CELL AREA,cpc_group::C25B,1,103607055
concept_cpc_group,concept::ACTIVE CELL AREA,cpc_group::Y02E,1,103607055
concept_cpc_group,concept::ACTIVE CONSTITUENT,cpc_group::C25B,1,79824105
concept_cpc_group,concept::ACTIVE CONSTITUENT,cpc_group::G01N,1,79824105
concept_cpc_group,concept::ACTIVE CONSTITUENT,cpc_group::H01M,1,79824105
concept_cpc_group,concept::ACTIVE CONSTITUENT,cpc_group::Y02E,1,79824105
concept_cpc_group,concept::ACTIVE PARTICLE,cpc_group::C07B,1,110666488
concept_cpc_group,concept::ACTIVE PARTICLE,cpc_group::C07C,1,110666488
concept_cpc_group,concept::ACTIVE PARTICLE,cpc_group::C25B,1,110666488
concept_cpc_group,concept::ACTIVE SITE,cpc_group::B01D,1,106991476
concept_cpc_group,concept::ACTIVE SITE,cpc_group::C25B,1,106991476
concept_cpc_group,concept::ACTIVE SPECIES,cpc_group::C25B,1,85904334
concept_cpc_group,concept::ACTIVE SPECIES,cpc_group::C40B,1,85904334
concept_cpc_group,concept::ACTIVE SPECIES,cpc_group::H01M,1,85904334
concept_cpc_group,concept::ACTIVE SPECIES,cpc_group::Y02E,1,85904334
concept_cpc_group,concept::ACTIVE SPECIES REDOX REACTION,cpc_group::C25B,1,85904334
concept_cpc_group,concept::ACTIVE SPECIES REDOX REACTION,cpc_group::C40B,1,85904334
concept_cpc_group,concept::ACTIVE SPECIES REDOX REACTION,cpc_group::H01M,1,85904334
concept_cpc_group,concept::ACTIVE SPECIES REDOX REACTION,cpc_group::Y02E,1,85904334
concept_cpc_group,concept::ADDED VALUE PRODUCT,cpc_group::B01J,1,107739736
concept_cpc_group,concept::ADDED VALUE PRODUCT,cpc_group::C01B,1,107739736
concept_cpc_group,concept::ADDED VALUE PRODUCT,cpc_group::C07B,1,107739736
concept_cpc_group,concept::ADDED VALUE PRODUCT,cpc_group::C07C,1,107739736
concept_cpc_group,concept::ADDED VALUE PRODUCT,cpc_group::C10G,1,107739736
concept_cpc_group,concept::ADDED VALUE PRODUCT,cpc_group::C12P,1,107739736
concept_cpc_group,concept::ADDED VALUE PRODUCT,cpc_group::C21B,1,107739736
concept_cpc_group,concept::ADDED VALUE PRODUCT,cpc_group::C21C,1,107739736
concept_cpc_group,concept::ADDED VALUE PRODUCT,cpc_group::C22B,1,107739736
concept_cpc_group,concept::ADDED VALUE PRODUCT,cpc_group::E21B,1,107739736
concept_cpc_group,concept::ADDED VALUE PRODUCT,cpc_group::F25J,1,107739736
concept_cpc_group,concept::ADDED VALUE PRODUCT,cpc_group::F27D,1,107739736
concept_cpc_group,concept::ADDED VALUE PRODUCT,cpc_group::G01N,1,107739736
concept_cpc_group,concept::ADDED VALUE PRODUCT,cpc_group::H01M,1,107739736
concept_cpc_group,concept::ADDED VALUE PRODUCT,cpc_group::Y02C,1,107739736
concept_cpc_group,concept::ADDED VALUE PRODUCT,cpc_group::Y02E,1,107739736
concept_cpc_group,concept::ADDED VALUE PRODUCT,cpc_group::Y02P,1,107739736
concept_cpc_group,concept::ADDITIVE,cpc_group::C25B,1,112473561
concept_cpc_group,concept::ADJACENT BASIC CELL,cpc_group::C10L,1,84993693
concept_cpc_group,concept::ADJACENT BASIC CELL,cpc_group::C25B,1,84993693
concept_cpc_group,concept::ADJACENT BASIC CELL,cpc_group::Y02E,1,84993693
concept_cpc_group,concept::ADJACENT BASIC CELL,cpc_group::Y02P,1,84993693
concept_cpc_group,concept::ADJACENT LONGITUDINAL SEGMENT,cpc_group::C25B,1,101064694
concept_cpc_group,concept::ADJACENT LONGITUDINAL SEGMENT,cpc_group::Y02E,1,101064694
concept_cpc_group,concept::ADJACENT SEGMENT,cpc_group::C25B,1,101064694
concept_cpc_group,concept::ADJACENT SEGMENT,cpc_group::Y02E,1,101064694
concept_cpc_group,concept::ADJUSTER,cpc_group::B01D,1,106495795
concept_cpc_group,concept::ADJUSTER,cpc_group::C25B,1,106495795
concept_cpc_group,concept::ADJUSTER,cpc_group::Y02E,1,106495795
concept_cpc_group,concept::ADSORPTION ENERGY,cpc_group::C25B,1,104933063
concept_cpc_group,concept::ADSORPTION ENERGY,cpc_group::C25C,1,104933063
concept_cpc_group,concept::ADSORPTION ENERGY,cpc_group::C25D,1,104933063
concept_cpc_group,concept::AEM ELECTROLYZER,cpc_group::B01D,1,112262309
concept_cpc_group,concept::AEM ELECTROLYZER,cpc_group::B01J,1,112262309
concept_cpc_group,concept::AEM ELECTROLYZER,cpc_group::C01B,1,112262309
concept_cpc_group,concept::AEM ELECTROLYZER,cpc_group::C01C,1,112262309
concept_cpc_group,concept::AEM ELECTROLYZER,cpc_group::C01F,1,112262309
concept_cpc_group,concept::AEM ELECTROLYZER,cpc_group::C07C,1,112262309
concept_cpc_group,concept::AEM ELECTROLYZER,cpc_group::C10G,1,112262309
concept_cpc_group,concept::AEM ELECTROLYZER,cpc_group::C10J,1,112262309
concept_cpc_group,concept::AEM ELECTROLYZER,cpc_group::C10L,1,112262309
concept_cpc_group,concept::AEM ELECTROLYZER,cpc_group::C25B,1,112262309
concept_cpc_group,concept::AEM ELECTROLYZER,cpc_group::E21B,1,112262309
concept_cpc_group,concept::AEM ELECTROLYZER,cpc_group::F01K,1,112262309
concept_cpc_group,concept::AEM ELECTROLYZER,cpc_group::F04B,1,112262309
concept_cpc_group,concept::AEM ELECTROLYZER,cpc_group::F23J,1,112262309
concept_cpc_group,concept::AEM ELECTROLYZER,cpc_group::F25J,1,112262309
concept_cpc_group,concept::AEM ELECTROLYZER,cpc_group::Y02C,1,112262309
concept_cpc_group,concept::AEM ELECTROLYZER,cpc_group::Y02E,1,112262309
concept_cpc_group,concept::AEM ELECTROLYZER,cpc_group::Y02P,1,112262309
concept_cpc_group,concept::AEM ELECTROLYZER ANODE,cpc_group::B01D,1,112262309
concept_cpc_group,concept::AEM ELECTROLYZER ANODE,cpc_group::B01J,1,112262309
concept_cpc_group,concept::AEM ELECTROLYZER ANODE,cpc_group::C01B,1,112262309
concept_cpc_group,concept::AEM ELECTROLYZER ANODE,cpc_group::C01C,1,112262309
concept_cpc_group,concept::AEM ELECTROLYZER ANODE,cpc_group::C01F,1,112262309
concept_cpc_group,concept::AEM ELECTROLYZER ANODE,cpc_group::C07C,1,112262309
concept_cpc_group,concept::AEM ELECTROLYZER ANODE,cpc_group::C10G,1,112262309
concept_cpc_group,concept::AEM ELECTROLYZER ANODE,cpc_group::C10J,1,112262309
concept_cpc_group,concept::AEM ELECTROLYZER ANODE,cpc_group::C10L,1,112262309
concept_cpc_group,concept::AEM ELECTROLYZER ANODE,cpc_group::C25B,1,112262309
concept_cpc_group,concept::AEM ELECTROLYZER ANODE,cpc_group::E21B,1,112262309
concept_cpc_group,concept::AEM ELECTROLYZER ANODE,cpc_group::F01K,1,112262309
concept_cpc_group,concept::AEM ELECTROLYZER ANODE,cpc_group::F04B,1,112262309
concept_cpc_group,concept::AEM ELECTROLYZER ANODE,cpc_group::F23J,1,112262309
concept_cpc_group,concept::AEM ELECTROLYZER ANODE,cpc_group::F25J,1,112262309
concept_cpc_group,concept::AEM ELECTROLYZER ANODE,cpc_group::Y02C,1,112262309
concept_cpc_group,concept::AEM ELECTROLYZER ANODE,cpc_group::Y02E,1,112262309
concept_cpc_group,concept::AEM ELECTROLYZER ANODE,cpc_group::Y02P,1,112262309
concept_cpc_group,concept::AEM ELECTROLYZER CELL,cpc_group::B01D,1,112262309
concept_cpc_group,concept::AEM ELECTROLYZER CELL,cpc_group::B01J,1,112262309
concept_cpc_group,concept::AEM ELECTROLYZER CELL,cpc_group::C01B,1,112262309
concept_cpc_group,concept::AEM ELECTROLYZER CELL,cpc_group::C01C,1,112262309
concept_cpc_group,concept::AEM ELECTROLYZER CELL,cpc_group::C01F,1,112262309
concept_cpc_group,concept::AEM ELECTROLYZER CELL,cpc_group::C07C,1,112262309
concept_cpc_group,concept::AEM ELECTROLYZER CELL,cpc_group::C10G,1,112262309
concept_cpc_group,concept::AEM ELECTROLYZER CELL,cpc_group::C10J,1,112262309
concept_cpc_group,concept::AEM ELECTROLYZER CELL,cpc_group::C10L,1,112262309
concept_cpc_group,concept::AEM ELECTROLYZER CELL,cpc_group::C25B,1,112262309
concept_cpc_group,concept::AEM ELECTROLYZER CELL,cpc_group::E21B,1,112262309
concept_cpc_group,concept::AEM ELECTROLYZER CELL,cpc_group::F01K,1,112262309
concept_cpc_group,concept::AEM ELECTROLYZER CELL,cpc_group::F04B,1,112262309
concept_cpc_group,concept::AEM ELECTROLYZER CELL,cpc_group::F23J,1,112262309
concept_cpc_group,concept::AEM ELECTROLYZER CELL,cpc_group::F25J,1,112262309
concept_cpc_group,concept::AEM ELECTROLYZER CELL,cpc_group::Y02C,1,112262309
concept_cpc_group,concept::AEM ELECTROLYZER CELL,cpc_group::Y02E,1,112262309
concept_cpc_group,concept::AEM ELECTROLYZER CELL,cpc_group::Y02P,1,112262309
concept_cpc_group,concept::AEROGEL CATALYST,cpc_group::C25B,1,101562974
concept_cpc_group,concept::AEROGEL CATALYST,cpc_group::Y02E,1,101562974
concept_cpc_group,concept::AEROGEL CATALYTIC MATERIAL,cpc_group::C25B,1,96701999
concept_cpc_group,concept::AG AGCL ELECTRODE,cpc_group::B22F,1,103030257
concept_cpc_group,concept::AG AGCL ELECTRODE,cpc_group::C25B,1,103030257
concept_cpc_group,concept::AG AGCL ELECTRODE,cpc_group::C25D,1,103030257
concept_cpc_group,concept::AG ALLOY NANOPARTICLE,cpc_group::C25B,1,116105015
concept_cpc_group,concept::AG CATALYST,cpc_group::C22C,1,110304393
concept_cpc_group,concept::AG CATALYST,cpc_group::C25B,1,110304393
concept_cpc_group,concept::AG2METHOD,cpc_group::C01G,1,112046649
concept_cpc_group,concept::AG2METHOD,cpc_group::C23C,1,112046649
concept_cpc_group,concept::AG2METHOD,cpc_group::C25B,1,112046649
concept_cpc_group,concept::AIR TRAPPING,cpc_group::B01D,1,114892955
concept_cpc_group,concept::ALCOHOL PRODUCTION,cpc_group::B82Y,1,82922217
concept_cpc_group,concept::ALCOHOL PRODUCTION,cpc_group::C07C,1,82922217
concept_cpc_group,concept::ALCOHOL PRODUCTION,cpc_group::C25B,1,82922217
concept_cpc_group,concept::ALCOHOL PRODUCTION,cpc_group::Y02P,1,82922217
concept_cpc_group,concept::ALCOHOL SELECTIVE ELECTROCATALYST,cpc_group::C25B,1,115347016
concept_cpc_group,concept::ALDEHYDE PORPHYRIN PRECURSOR,cpc_group::C08G,1,117641010
concept_cpc_group,concept::ALDEHYDE PORPHYRIN PRECURSOR,cpc_group::C08J,1,117641010
concept_cpc_group,concept::ALDEHYDE PORPHYRIN PRECURSOR,cpc_group::C25B,1,117641010
concept_cpc_group,concept::ALDEHYDE PORPHYRIN PRECURSOR,cpc_group::H01M,1,117641010
concept_cpc_group,concept::ALKALI BICARBONATE,cpc_group::C25B,1,75026979
concept_cpc_group,concept::ALKALI CARBONATE,cpc_group::C25B,1,75026979
concept_cpc_group,concept::ALKALI CHLORIDE,cpc_group::C25B,1,82742757
concept_cpc_group,concept::ALKALI CHLORIDE SOLUTION,cpc_group::C25B,1,93617165
concept_cpc_group,concept::ALKALI CHLORIDE SOLUTION,cpc_group::Y02P,1,93617165
concept_cpc_group,concept::ALKALI LIQUOR ABSORPTION TOWER,cpc_group::C25B,1,113078510
concept_cpc_group,concept::ALKALI LIQUOR ABSORPTION TOWER,cpc_group::Y02E,1,113078510
concept_cpc_group,concept::ALKALI METAL,cpc_group::C25B,1,93617165
concept_cpc_group,concept::ALKALI METAL,cpc_group::Y02P,1,93617165
concept_cpc_group,concept::ALKALI METAL CARBONATE,cpc_group::C25B,1,93617165
concept_cpc_group,concept::ALKALI METAL CARBONATE,cpc_group::Y02P,1,93617165
concept_cpc_group,concept::ALKALI METAL CHLORIDE,cpc_group::B01D,1,106991476
concept_cpc_group,concept::ALKALI METAL CHLORIDE,cpc_group::Y02P,1,93617165
concept_cpc_group,concept::ALKALI METAL CHLORIDE SOLUTION,cpc_group::C25B,1,93617165
concept_cpc_group,concept::ALKALI METAL CHLORIDE SOLUTION,cpc_group::Y02P,1,93617165
concept_cpc_group,concept::ALKALI METAL HYDROGEN CARBONATE,cpc_group::C25B,1,93617165
concept_cpc_group,concept::ALKALI METAL HYDROGEN CARBONATE,cpc_group::Y02P,1,93617165
concept_cpc_group,concept::ALKALI METAL SALT,cpc_group::C25B,1,93617165
concept_cpc_group,concept::ALKALI METAL SALT,cpc_group::Y02P,1,93617165
concept_cpc_group,concept::ALKALI STATETHE ELECTROLYTE,cpc_group::B01D,1,106413270
concept_cpc_group,concept::ALKALI STATETHE ELECTROLYTE,cpc_group::C01B,1,106413270
concept_cpc_group,concept::ALKALI STATETHE ELECTROLYTE,cpc_group::C25B,1,106413270
concept_cpc_group,concept::ALKALI STATETHE ELECTROLYTE,cpc_group::Y02C,1,106413270
concept_cpc_group,concept::ALKALINE ELECTROLYTE,cpc_group::C07C,1,116013304
concept_cpc_group,concept::ALKALINE ELECTROLYTE RUNNER,cpc_group::C25B,1,115347016
concept_cpc_group,concept::ALKYL,cpc_group::B01J,1,71292352
concept_cpc_group,concept::ALKYL,cpc_group::C01B,1,71292352
concept_cpc_group,concept::ALKYL,cpc_group::C07D,1,71292352
concept_cpc_group,concept::ALKYL,cpc_group::C07F,1,71292352
concept_cpc_group,concept::ALKYL,cpc_group::C25B,1,71292352
concept_cpc_group,concept::ALKYLENE GROUP,cpc_group::C08G,1,114305656
concept_cpc_group,concept::ALKYLENE GROUP,cpc_group::C08J,1,114305656
concept_cpc_group,concept::ALKYLENE GROUP,cpc_group::C25B,1,114305656
concept_cpc_group,concept::ALL SOLID ELECTROLYTIC REACTION,cpc_group::C25B,1,104914800
concept_cpc_group,concept::ALLOY CATALYST,cpc_group::C25B,1,116773798
concept_cpc_group,concept::ALLOY CATALYST,cpc_group::H01M,1,116773798
concept_cpc_group,concept::ALLOY CATALYST,cpc_group::Y02E,1,116773798
concept_cpc_group,concept::ALLOY IN SITU DESOLVENTIZING,cpc_group::B01J,1,89672842
concept_cpc_group,concept::ALLOY IN SITU DESOLVENTIZING,cpc_group::B22F,1,89672842
concept_cpc_group,concept::ALLOY IN SITU DESOLVENTIZING,cpc_group::B82Y,1,89672842
concept_cpc_group,concept::ALLOY IN SITU DESOLVENTIZING,cpc_group::C25B,1,89672842
concept_cpc_group,concept::ALTERNATING CURRENT,cpc_group::C01G,1,112046649
concept_cpc_group,concept::ALTERNATING CURRENT,cpc_group::C23C,1,112046649
concept_cpc_group,concept::ALTERNATING CURRENT,cpc_group::C25B,1,112046649
concept_cpc_group,concept::ALTERNATING CURRENT MAGNETRON SPUTTERING,cpc_group::C01G,1,112046649
concept_cpc_group,concept::ALTERNATING CURRENT MAGNETRON SPUTTERING,cpc_group::C23C,1,112046649
concept_cpc_group,concept::ALTERNATING CURRENT MAGNETRON SPUTTERING,cpc_group::C25B,1,112046649
concept_cpc_group,concept::AMENDSTATUS,cpc_group::C01F,1,86205375
concept_cpc_group,concept::AMENDSTATUS,cpc_group::C08J,1,100582928
concept_cpc_group,concept::AMENDSTATUS,cpc_group::G05D,1,74496528
concept_cpc_group,concept::AMENDSTATUS,cpc_group::H01M,1,100582928
concept_cpc_group,concept::AMENDSTATUS,cpc_group::Y02C,1,85758103
concept_cpc_group,concept::AMINE CAPTURED CO2,cpc_group::B01D,1,116181184
concept_cpc_group,concept::AMINE CAPTURED CO2,cpc_group::C25B,1,116181184
concept_cpc_group,concept::AMINE CO2 CAPTURE,cpc_group::B01D,1,116181184
concept_cpc_group,concept::AMINE CO2 CAPTURE,cpc_group::C25B,1,116181184
concept_cpc_group,concept::AMINE PRECURSOR,cpc_group::C08G,1,117641010
concept_cpc_group,concept::AMINE PRECURSOR,cpc_group::C08J,1,117641010
concept_cpc_group,concept::AMINE PRECURSOR,cpc_group::C25B,1,117641010
concept_cpc_group,concept::AMINE PRECURSOR,cpc_group::H01M,1,117641010
concept_cpc_group,concept::AMMONIA ABSORBER,cpc_group::C01B,1,92569265
concept_cpc_group,concept::AMMONIA ABSORBER,cpc_group::C25B,1,92569265
concept_cpc_group,concept::AMMONIUM CITRATE,cpc_group::B01D,1,107413525
concept_cpc_group,concept::AMMONIUM CITRATE,cpc_group::B01J,1,107413525
concept_cpc_group,concept::AMMONIUM CITRATE,cpc_group::C25B,1,107413525
concept_cpc_group,concept::AMMONIUM CITRATE,cpc_group::H01M,1,107413525
concept_cpc_group,concept::AMMONIUM CITRATE,cpc_group::Y02C,1,107413525
concept_cpc_group,concept::AMMONIUM CITRATE,cpc_group::Y02E,1,107413525
concept_cpc_group,concept::ANDAN ELECTRODIALYSIS CELL,cpc_group::B01D,1,106495795
concept_cpc_group,concept::ANDAN ELECTRODIALYSIS CELL,cpc_group::C25B,1,106495795
concept_cpc_group,concept::ANDAN ELECTRODIALYSIS CELL,cpc_group::Y02E,1,106495795
concept_cpc_group,concept::ANDAN ELECTROLYTE MEMBRANE,cpc_group::C25B,1,113559831
concept_cpc_group,concept::ANDAN ELECTROLYTE MEMBRANE,cpc_group::Y02E,1,113559831
concept_cpc_group,concept::ANGLE,cpc_group::C25B,1,78242503
concept_cpc_group,concept::ANHYDROUS SODIUM,cpc_group::B01J,1,115970616
concept_cpc_group,concept::ANHYDROUS SODIUM,cpc_group::C01B,1,115970616
concept_cpc_group,concept::ANHYDROUS SODIUM,cpc_group::C07C,1,115970616
concept_cpc_group,concept::ANHYDROUS SODIUM,cpc_group::Y02P,1,115970616
concept_cpc_group,concept::ANION COMPOSITE MEMBRANE,cpc_group::C08J,1,100582928
concept_cpc_group,concept::ANION COMPOSITE MEMBRANE,cpc_group::C25B,1,100582928
concept_cpc_group,concept::ANION COMPOSITE MEMBRANE,cpc_group::H01M,1,100582928
concept_cpc_group,concept::ANION COMPOSITE MEMBRANE,cpc_group::Y02E,1,100582928
concept_cpc_group,concept::ANION CONDUCTING POLYMERIC MEMBRANE,cpc_group::B01J,1,72680476
concept_cpc_group,concept::ANION CONDUCTING POLYMERIC MEMBRANE,cpc_group::C02F,1,72680476
concept_cpc_group,concept::ANION CONDUCTING POLYMERIC MEMBRANE,cpc_group::C08J,1,72680476
concept_cpc_group,concept::ANION CONDUCTING POLYMERIC MEMBRANE,cpc_group::C25B,1,72680476
concept_cpc_group,concept::ANION CONDUCTING POLYMERIC MEMBRANE,cpc_group::G01N,1,72680476
concept_cpc_group,concept::ANION CONDUCTING POLYMERIC MEMBRANE,cpc_group::H01M,1,72680476
concept_cpc_group,concept::ANION CONDUCTING POLYMERIC MEMBRANE,cpc_group::Y02E,1,72680476
concept_cpc_group,concept::ANION EXCHANGE COMPOSITE MEMBRANE,cpc_group::C08J,1,100582928
concept_cpc_group,concept::ANION EXCHANGE COMPOSITE MEMBRANE,cpc_group::C25B,1,100582928
concept_cpc_group,concept::ANION EXCHANGE COMPOSITE MEMBRANE,cpc_group::H01M,1,100582928
concept_cpc_group,concept::ANION EXCHANGE COMPOSITE MEMBRANE,cpc_group::Y02E,1,100582928
concept_cpc_group,concept::ANION EXCHANGE IONOMER,cpc_group::H01M,1,83256656
concept_cpc_group,concept::ANION EXCHANGE MEMBRANE,cpc_group::C02F,1,116285153
concept_cpc_group,concept::ANION EXCHANGE MEMBRANE,cpc_group::C08F,1,116285153
concept_cpc_group,concept::ANION EXCHANGE MEMBRANE,cpc_group::Y02P,1,116285153
concept_cpc_group,concept::ANION EXCHANGE SEPARATOR,cpc_group::C08G,1,114305656
concept_cpc_group,concept::ANION EXCHANGE SEPARATOR,cpc_group::C08J,1,114305656
concept_cpc_group,concept::ANION EXCHANGE SEPARATOR,cpc_group::C25B,1,114305656
concept_cpc_group,concept::ANION EXCHANGER FILLING,cpc_group::C25B,1,85011701
concept_cpc_group,concept::ANION EXCHANGER PACKING,cpc_group::C25B,1,85011701
concept_cpc_group,concept::ANION MEMBRANE,cpc_group::C25B,1,96701999
concept_cpc_group,concept::ANION MEMBRANE ELECTROLYTIC CELL,cpc_group::C25B,1,96701999
concept_cpc_group,concept::ANION SELECTIVE POLYMER LAYER,cpc_group::C25B,1,77856561
concept_cpc_group,concept::ANODE CATALYST INK,cpc_group::B22F,1,109766128
concept_cpc_group,concept::ANODE CATALYST INK,cpc_group::B82Y,1,109766128
concept_cpc_group,concept::ANODE CATALYST INK,cpc_group::C25B,1,109766128
concept_cpc_group,concept::ANODE CATALYTIC ELECTRODE,cpc_group::C25B,1,116440098
concept_cpc_group,concept::ANODE CAVITY,cpc_group::C25B,1,98666426
concept_cpc_group,concept::ANODE CAVITY,cpc_group::Y02E,1,98666426
concept_cpc_group,concept::ANODE CAVITY,cpc_group::Y02P,1,98666426
concept_cpc_group,concept::ANODE CAVITY2OXIDATION REACTION,cpc_group::C25B,1,98666426
concept_cpc_group,concept::ANODE CAVITY2OXIDATION REACTION,cpc_group::Y02E,1,98666426
concept_cpc_group,concept::ANODE CAVITY2OXIDATION REACTION,cpc_group::Y02P,1,98666426
concept_cpc_group,concept::ANODE CAVITY2THE ABSORBENT,cpc_group::C25B,1,98666426
concept_cpc_group,concept::ANODE CAVITY2THE ABSORBENT,cpc_group::Y02E,1,98666426
concept_cpc_group,concept::ANODE CAVITY2THE ABSORBENT,cpc_group::Y02P,1,98666426
concept_cpc_group,concept::ANODE CELL,cpc_group::C25B,1,110082631
concept_cpc_group,concept::ANODE CHAMBER,cpc_group::H01M,1,14919739
concept_cpc_group,concept::ANODE CHAMBER,cpc_group::Y02P,1,98666426
concept_cpc_group,concept::ANODE CHAMBER CIRCULATION,cpc_group::C25B,1,90886203
concept_cpc_group,concept::ANODE CIRCULATION,cpc_group::C25B,1,115590122
concept_cpc_group,concept::ANODE COMPARTMENT,cpc_group::B01D,1,116181184
concept_cpc_group,concept::ANODE COMPARTMENT,cpc_group::Y02E,1,85684691
concept_cpc_group,concept::ANODE COMPARTMENT,cpc_group::Y02P,1,85684691
concept_cpc_group,concept::ANODE DISCHARGE,cpc_group::C25B,1,108863961
concept_cpc_group,concept::ANODE DISCHARGE,cpc_group::Y02E,1,108863961
concept_cpc_group,concept::ANODE ELECTROCATALYST,cpc_group::C25B,1,115347016
concept_cpc_group,concept::ANODE ELECTRODE,cpc_group::B01D,1,101368053
concept_cpc_group,concept::ANODE ELECTRODE,cpc_group::B01J,1,101368053
concept_cpc_group,concept::ANODE ELECTRODE,cpc_group::C01B,1,101368053
concept_cpc_group,concept::ANODE ELECTRODE,cpc_group::C07C,1,101368053
concept_cpc_group,concept::ANODE ELECTRODE,cpc_group::C22C,1,101368053
concept_cpc_group,concept::ANODE ELECTROLYTE,cpc_group::C25B,1,116434365
concept_cpc_group,concept::ANODE ELECTROLYTE RUNNER,cpc_group::C25B,1,115347016
concept_cpc_group,concept::ANODE ELECTROLYTIC CELL,cpc_group::C25B,1,110082631
concept_cpc_group,concept::ANODE EXHAUST,cpc_group::B01D,1,115547269
concept_cpc_group,concept::ANODE EXHAUST,cpc_group::C25B,1,115547269
concept_cpc_group,concept::ANODE FLOW,cpc_group::B01D,1,106495795
concept_cpc_group,concept::ANODE FLOW,cpc_group::Y02P,1,98850824
concept_cpc_group,concept::ANODE FLOW PATH PRESSURE,cpc_group::C25B,1,108863961
concept_cpc_group,concept::ANODE FLOW PATH PRESSURE,cpc_group::Y02E,1,108863961
concept_cpc_group,concept::ANODE FLUID,cpc_group::Y02E,1,108863961
concept_cpc_group,concept::ANODE FLUID FLOW,cpc_group::C25B,1,111493428
concept_cpc_group,concept::ANODE GAS DIFFUSION ELECTRODE,cpc_group::C25B,1,93813175
concept_cpc_group,concept::ANODE GAS DIFFUSION LAYER,cpc_group::C25B,1,102226793
concept_cpc_group,concept::ANODE GAS DIFFUSION LAYER,cpc_group::Y02E,1,102226793
concept_cpc_group,concept::ANODE HALF SHELL,cpc_group::C25B,1,87991721
concept_cpc_group,concept::ANODE HALF SHELL,cpc_group::Y02P,1,87991721
concept_cpc_group,concept::ANODE INFLOW PATH,cpc_group::C25B,1,98850824
concept_cpc_group,concept::ANODE INFLOW PATH,cpc_group::Y02E,1,98850824
concept_cpc_group,concept::ANODE INFLOW PATH,cpc_group::Y02P,1,98850824
concept_cpc_group,concept::ANODE INLET,cpc_group::Y02P,1,98850824
concept_cpc_group,concept::ANODE LAYER,cpc_group::C25B,1,94934392
concept_cpc_group,concept::ANODE LAYER,cpc_group::H01M,1,108150520
concept_cpc_group,concept::ANODE LAYER,cpc_group::Y02E,1,100799928
concept_cpc_group,concept::ANODE LIQUID INLET,cpc_group::C25B,1,87991721
concept_cpc_group,concept::ANODE LIQUID INLET,cpc_group::Y02P,1,87991721
concept_cpc_group,concept::ANODE LIQUID OUTLET,cpc_group::C25B,1,87991721
concept_cpc_group,concept::ANODE LIQUID OUTLET,cpc_group::Y02P,1,87991721
concept_cpc_group,concept::ANODE MACROPORE,cpc_group::C25B,1,104914800
concept_cpc_group,concept::ANODE MEASURED PRESSURE,cpc_group::C25B,1,108863961
concept_cpc_group,concept::ANODE MEASURED PRESSURE,cpc_group::Y02E,1,108863961
concept_cpc_group,concept::ANODE MEMBRANE ELECTRODE,cpc_group::C25B,1,115136805
concept_cpc_group,concept::ANODE OER,cpc_group::C25B,1,116773798
concept_cpc_group,concept::ANODE OER,cpc_group::H01M,1,116773798
concept_cpc_group,concept::ANODE OER,cpc_group::Y02E,1,116773798
concept_cpc_group,concept::ANODE OUTFLOW PATH,cpc_group::C25B,1,98850824
concept_cpc_group,concept::ANODE OUTFLOW PATH,cpc_group::Y02E,1,98850824
concept_cpc_group,concept::ANODE OUTFLOW PATH,cpc_group::Y02P,1,98850824
concept_cpc_group,concept::ANODE OUTLET,cpc_group::Y02E,1,108863961
concept_cpc_group,concept::ANODE PASSAGE,cpc_group::B01D,1,106495795
concept_cpc_group,concept::ANODE PASSAGE,cpc_group::Y02E,1,106495795
concept_cpc_group,concept::ANODE PLATE,cpc_group::C25B,1,108163425
concept_cpc_group,concept::ANODE PRESSURE,cpc_group::C25B,1,108863961
concept_cpc_group,concept::ANODE PRESSURE,cpc_group::Y02E,1,108863961
concept_cpc_group,concept::ANODE PRODUCTION,cpc_group::C25B,1,111493428
concept_cpc_group,concept::ANODE REACTION PRODUCT,cpc_group::C25B,1,87991721
concept_cpc_group,concept::ANODE REACTION PRODUCT,cpc_group::Y02P,1,87991721
concept_cpc_group,concept::ANODE SECTION,cpc_group::Y02E,1,86048379
concept_cpc_group,concept::ANODE SEPARATION,cpc_group::C25B,1,111591386
concept_cpc_group,concept::ANODE SHELL,cpc_group::C25B,1,106672290
concept_cpc_group,concept::ANODE SIDE,cpc_group::B01D,1,106991476
concept_cpc_group,concept::ANODE SIDE,cpc_group::C04B,1,95617533
concept_cpc_group,concept::ANODE SIDE,cpc_group::F23L,1,95617533
concept_cpc_group,concept::ANODE SIDE,cpc_group::Y02P,1,95617533
concept_cpc_group,concept::ANODE SOLUTION,cpc_group::B01D,1,114892955
concept_cpc_group,concept::ANODE SOLUTION SUPPLY,cpc_group::C25B,1,101790586
concept_cpc_group,concept::ANODE SOLUTION SUPPLY,cpc_group::Y02E,1,101790586
concept_cpc_group,concept::ANODE SPACE,cpc_group::C01B,1,92569265
concept_cpc_group,concept::ANODE SPACE,cpc_group::Y02E,1,91085959
concept_cpc_group,concept::ANODE SPACE,cpc_group::Y02P,1,91085959
concept_cpc_group,concept::ANODE SPACE SEPARATION,cpc_group::C25B,1,87991721
concept_cpc_group,concept::ANODE SPACE SEPARATION,cpc_group::Y02P,1,87991721
concept_cpc_group,concept::ANODE SULFIDE OXIDATION,cpc_group::C25B,1,105486835
concept_cpc_group,concept::ANODE VICINITY,cpc_group::C25B,1,86130749
concept_cpc_group,concept::ANODE VICINITY,cpc_group::Y02E,1,86130749
concept_cpc_group,concept::ANODIZED SILVER COMPONENT,cpc_group::C25B,1,72753605
concept_cpc_group,concept::ANODIZED SILVER COMPONENT,cpc_group::Y02E,1,72753605
concept_cpc_group,concept::ANODIZED SILVER ELECTRODE,cpc_group::C25B,1,72753605
concept_cpc_group,concept::ANODIZED SILVER ELECTRODE,cpc_group::Y02E,1,72753605
concept_cpc_group,concept::ANOLYTE CHAMBER,cpc_group::C25B,1,106672290
concept_cpc_group,concept::ANOLYTE CHAMBER,cpc_group::Y02P,1,117651217
concept_cpc_group,concept::ANOLYTE CIRCUIT,cpc_group::B01D,1,112262309
concept_cpc_group,concept::ANOLYTE CIRCUIT,cpc_group::B01J,1,112262309
concept_cpc_group,concept::ANOLYTE CIRCUIT,cpc_group::C01B,1,112262309
concept_cpc_group,concept::ANOLYTE CIRCUIT,cpc_group::C01C,1,112262309
concept_cpc_group,concept::ANOLYTE CIRCUIT,cpc_group::C01F,1,112262309
concept_cpc_group,concept::ANOLYTE CIRCUIT,cpc_group::C07C,1,112262309
concept_cpc_group,concept::ANOLYTE CIRCUIT,cpc_group::C10G,1,112262309
concept_cpc_group,concept::ANOLYTE CIRCUIT,cpc_group::C10J,1,112262309
concept_cpc_group,concept::ANOLYTE CIRCUIT,cpc_group::C10L,1,112262309
concept_cpc_group,concept::ANOLYTE CIRCUIT,cpc_group::C25B,1,112262309
concept_cpc_group,concept::ANOLYTE CIRCUIT,cpc_group::E21B,1,112262309
concept_cpc_group,concept::ANOLYTE CIRCUIT,cpc_group::F01K,1,112262309
concept_cpc_group,concept::ANOLYTE CIRCUIT,cpc_group::F04B,1,112262309
concept_cpc_group,concept::ANOLYTE CIRCUIT,cpc_group::F23J,1,112262309
concept_cpc_group,concept::ANOLYTE CIRCUIT,cpc_group::F25J,1,112262309
concept_cpc_group,concept::ANOLYTE CIRCUIT,cpc_group::Y02C,1,112262309
concept_cpc_group,concept::ANOLYTE CIRCUIT,cpc_group::Y02E,1,112262309
concept_cpc_group,concept::ANOLYTE CIRCUIT,cpc_group::Y02P,1,112262309
concept_cpc_group,concept::ANOLYTE CIRCULATION LOOP,cpc_group::C25B,1,117825503
concept_cpc_group,concept::ANOLYTE CIRCULATION LOOP,cpc_group::Y02E,1,117825503
concept_cpc_group,concept::ANOLYTE CIRCULATION LOOP,cpc_group::Y02P,1,117825503
concept_cpc_group,concept::ANOLYTE CIRCULATION SUBSYSTEM,cpc_group::Y02P,1,117651217
concept_cpc_group,concept::ANTIMONY,cpc_group::B01J,1,96558426
concept_cpc_group,concept::ANTIMONY,cpc_group::C25B,1,96558426
concept_cpc_group,concept::APOLYMERPOLYMERPOLYMER POLYMER POLYMERNONC,cpc_group::C08J,1,100582928
concept_cpc_group,concept::APOLYMERPOLYMERPOLYMER POLYMER POLYMERNONC,cpc_group::C25B,1,100582928
concept_cpc_group,concept::APOLYMERPOLYMERPOLYMER POLYMER POLYMERNONC,cpc_group::H01M,1,100582928
concept_cpc_group,concept::APOLYMERPOLYMERPOLYMER POLYMER POLYMERNONC,cpc_group::Y02E,1,100582928
concept_cpc_group,concept::AQUEOUS ELECTROLYTE,cpc_group::B01D,1,107413525
concept_cpc_group,concept::AQUEOUS ELECTROLYTE,cpc_group::B01J,1,107413525
concept_cpc_group,concept::AQUEOUS ELECTROLYTE,cpc_group::C01B,1,115039917
concept_cpc_group,concept::AQUEOUS ELECTROLYTE,cpc_group::H01M,1,107413525
concept_cpc_group,concept::AQUEOUS ELECTROLYTE,cpc_group::Y02C,1,107413525
concept_cpc_group,concept::AQUEOUS ELECTROLYTE,cpc_group::Y02E,1,107413525
concept_cpc_group,concept::AQUEOUS KHCO,cpc_group::C01B,1,44672238
concept_cpc_group,concept::AQUEOUS SOLUTION,cpc_group::B01D,1,83691812
concept_cpc_group,concept::AQUEOUS SOLUTION,cpc_group::B01J,1,83691812
concept_cpc_group,concept::AQUEOUS SOLUTION,cpc_group::C01B,1,83691812
concept_cpc_group,concept::AQUEOUS SOLUTION,cpc_group::C07F,1,73827816
concept_cpc_group,concept::AQUEOUS SOLUTION,cpc_group::Y02P,1,83691812
concept_cpc_group,concept::AQUEOUS SOLUTION PH,cpc_group::C07F,1,73827816
concept_cpc_group,concept::AQUEOUS SOLUTION PH,cpc_group::C25B,1,73827816
concept_cpc_group,concept::AQUEOUS SOLUTION PH,cpc_group::Y02E,1,73827816
concept_cpc_group,concept::ARRAY PORE,cpc_group::C25B,1,108109771
concept_cpc_group,concept::ARYL PIPERIDINIUM,cpc_group::B01D,1,105886055
concept_cpc_group,concept::ARYL PIPERIDINIUM,cpc_group::C08G,1,105886055
concept_cpc_group,concept::ARYL PIPERIDINIUM,cpc_group::C08J,1,105886055
concept_cpc_group,concept::ARYL PIPERIDINIUM,cpc_group::C25B,1,105886055
concept_cpc_group,concept::ARYL PIPERIDINIUM,cpc_group::H01M,1,105886055
concept_cpc_group,concept::ARYL PIPERIDINIUM,cpc_group::Y02E,1,105886055
concept_cpc_group,concept::ASYMMETRIC STRUCTURE ELECTROLYTIC CELL,cpc_group::C25B,1,95930332
concept_cpc_group,concept::ASYMMETRIC STRUCTURE ELECTROLYTIC CELL,cpc_group::Y02P,1,95930332
concept_cpc_group,concept::ASYMMETRICAL STRUCTURE,cpc_group::C25B,1,95930332
concept_cpc_group,concept::ASYMMETRICAL STRUCTURE,cpc_group::Y02P,1,95930332
concept_cpc_group,concept::ATMOSPHERIC AIR,cpc_group::C25B,1,14919739
concept_cpc_group,concept::ATMOSPHERIC AIR,cpc_group::H01M,1,14919739
concept_cpc_group,concept::ATMOSPHERIC AIR,cpc_group::Y02E,1,14919739
concept_cpc_group,concept::ATMOSPHERIC CARBON DIOXIDE,cpc_group::B01D,1,109304100
concept_cpc_group,concept::ATMOSPHERIC CARBON DIOXIDE,cpc_group::C25B,1,109304100
concept_cpc_group,concept::ATMOSPHERIC CARBON DIOXIDE,cpc_group::Y02C,1,109304100
concept_cpc_group,concept::ATMOSPHERIC CARBON DIOXIDE CONVERSION,cpc_group::B01D,1,109304100
concept_cpc_group,concept::ATMOSPHERIC CARBON DIOXIDE CONVERSION,cpc_group::C25B,1,109304100
concept_cpc_group,concept::ATMOSPHERIC CARBON DIOXIDE CONVERSION,cpc_group::Y02C,1,109304100
concept_cpc_group,concept::ATOM COMPOSITE CATALYST,cpc_group::C25B,1,79172273
concept_cpc_group,concept::ATOM NICKEL CATALYST,cpc_group::B01J,1,104997454
concept_cpc_group,concept::ATOM NICKEL CATALYST,cpc_group::C25B,1,104997454
concept_cpc_group,concept::ATOMIC COMPOSITE CATALYST,cpc_group::C25B,1,79172273
concept_cpc_group,concept::ATOMIC LEVEL MANGANESE METAL,cpc_group::C01B,1,100868293
concept_cpc_group,concept::ATOMIC LEVEL MANGANESE METAL,cpc_group::C25B,1,100868293
concept_cpc_group,concept::ATOMIC LEVEL MANGANESE METAL,cpc_group::H01M,1,100868293
concept_cpc_group,concept::ATOMIC LEVEL MANGANESE METAL,cpc_group::Y02P,1,100868293
concept_cpc_group,concept::ATOMIC SCALE MANGANESE METAL,cpc_group::C01B,1,100868293
concept_cpc_group,concept::ATOMIC SCALE MANGANESE METAL,cpc_group::C25B,1,100868293
concept_cpc_group,concept::ATOMIC SCALE MANGANESE METAL,cpc_group::H01M,1,100868293
concept_cpc_group,concept::ATOMIC SCALE MANGANESE METAL,cpc_group::Y02P,1,100868293
concept_cpc_group,concept::AUXILIARY EQUIPMENT,cpc_group::B01D,1,114892955
concept_cpc_group,concept::AVERAGE HOLE DIAMETER,cpc_group::C25B,1,104037474
concept_cpc_group,concept::AVERAGE HOLE DIAMETER,cpc_group::Y02E,1,104037474
concept_cpc_group,concept::AVERAGE HOLE DIAMETER,cpc_group::Y02P,1,104037474
concept_cpc_group,concept::AZA BICYCLO ALKANE,cpc_group::B01J,1,105418286
concept_cpc_group,concept::AZA BICYCLO ALKANE,cpc_group::B82Y,1,105418286
concept_cpc_group,concept::AZA BICYCLO ALKANE,cpc_group::C01B,1,105418286
concept_cpc_group,concept::AZA BICYCLO ALKANE,cpc_group::C01G,1,105418286
concept_cpc_group,concept::AZA BICYCLO ALKANE,cpc_group::C01P,1,105418286
concept_cpc_group,concept::AZA BICYCLO ALKANE,cpc_group::C25B,1,105418286
concept_cpc_group,concept::AZA BICYCLO ALKANE,cpc_group::Y02E,1,105418286
concept_cpc_group,concept::AZOBISBENZOYL PEROXIDE,cpc_group::B01D,1,116285153
concept_cpc_group,concept::AZOBISBENZOYL PEROXIDE,cpc_group::B01J,1,116285153
concept_cpc_group,concept::AZOBISBENZOYL PEROXIDE,cpc_group::C02F,1,116285153
concept_cpc_group,concept::AZOBISBENZOYL PEROXIDE,cpc_group::C08F,1,116285153
concept_cpc_group,concept::AZOBISBENZOYL PEROXIDE,cpc_group::C08J,1,116285153
concept_cpc_group,concept::AZOBISBENZOYL PEROXIDE,cpc_group::C08L,1,116285153
concept_cpc_group,concept::AZOBISBENZOYL PEROXIDE,cpc_group::C25B,1,116285153
concept_cpc_group,concept::AZOBISBENZOYL PEROXIDE,cpc_group::H01M,1,116285153
concept_cpc_group,concept::AZOBISBENZOYL PEROXIDE,cpc_group::Y02P,1,116285153
concept_cpc_group,concept::BA PRECURSOR,cpc_group::B82Y,1,115109027
concept_cpc_group,concept::BA PRECURSOR,cpc_group::C25B,1,115109027
concept_cpc_group,concept::BA PRECURSOR,cpc_group::Y02E,1,115109027
concept_cpc_group,concept::BASE MATERIAL,cpc_group::C25B,1,111591386
concept_cpc_group,concept::BASIC CATALYST,cpc_group::B01D,1,101368053
concept_cpc_group,concept::BASIC CATALYST,cpc_group::B01J,1,101368053
concept_cpc_group,concept::BASIC CATALYST,cpc_group::C01B,1,101368053
concept_cpc_group,concept::BASIC CATALYST,cpc_group::C07C,1,101368053
concept_cpc_group,concept::BASIC CATALYST,cpc_group::C22C,1,101368053
concept_cpc_group,concept::BASIC CATALYST,cpc_group::C25B,1,101368053
concept_cpc_group,concept::BASIC CELL,cpc_group::C10L,1,84993693
concept_cpc_group,concept::BASIC CELL,cpc_group::C25B,1,84993693
concept_cpc_group,concept::BASIC CELL,cpc_group::Y02E,1,84993693
concept_cpc_group,concept::BASIC CELL,cpc_group::Y02P,1,84993693
concept_cpc_group,concept::BATCH,cpc_group::C22C,1,110304393
concept_cpc_group,concept::BATCH,cpc_group::C25B,1,110304393
concept_cpc_group,concept::BATTERY OUTPUT PERFORMANCE,cpc_group::H01M,1,108150520
concept_cpc_group,concept::BED CATALYTIC REACTOR,cpc_group::C01B,1,106413185
concept_cpc_group,concept::BED CATALYTIC REACTOR,cpc_group::C10G,1,106413185
concept_cpc_group,concept::BED CATALYTIC REACTOR,cpc_group::C10K,1,106413185
concept_cpc_group,concept::BED CATALYTIC REACTOR,cpc_group::C10L,1,106413185
concept_cpc_group,concept::BED CATALYTIC REACTOR,cpc_group::C25B,1,106413185
concept_cpc_group,concept::BED CATALYTIC REACTOR,cpc_group::Y02E,1,106413185
concept_cpc_group,concept::BI2WO 6 C3N4HETEROJUNCTION CATALYST,cpc_group::B01J,1,108214882
concept_cpc_group,concept::BI2WO 6 C3N4HETEROJUNCTION CATALYST,cpc_group::C01B,1,108214882
concept_cpc_group,concept::BI2WO 6 C3N4HETEROJUNCTION CATALYST,cpc_group::C07C,1,108214882
concept_cpc_group,concept::BIAXIAL STRAIN,cpc_group::C25B,1,111894530
concept_cpc_group,concept::BICARBONATE,cpc_group::C01B,1,111204819
concept_cpc_group,concept::BICARBONATE ELECTROCATALYTIC CONVERSION,cpc_group::B01D,1,111204819
concept_cpc_group,concept::BICARBONATE ELECTROCATALYTIC CONVERSION,cpc_group::C01B,1,111204819
concept_cpc_group,concept::BICARBONATE ELECTROCATALYTIC CONVERSION,cpc_group::C25B,1,111204819
concept_cpc_group,concept::BICARBONATE ION,cpc_group::C25B,1,106866991
concept_cpc_group,concept::BIFUNCTIONAL MEMBRANE,cpc_group::B01D,1,109306159
concept_cpc_group,concept::BIFUNCTIONAL MEMBRANE,cpc_group::C08J,1,109306159
concept_cpc_group,concept::BIFUNCTIONAL MEMBRANE,cpc_group::C25B,1,109306159
concept_cpc_group,concept::BIFUNCTIONAL MEMBRANE,cpc_group::H01M,1,109306159
concept_cpc_group,concept::BIG ISSUE,cpc_group::B01D,1,111586005
concept_cpc_group,concept::BIG ISSUE,cpc_group::C25B,1,111586005
concept_cpc_group,concept::BIMETALLIC CARBON,cpc_group::B01D,1,116298732
concept_cpc_group,concept::BIMETALLIC CARBON,cpc_group::B01J,1,116298732
concept_cpc_group,concept::BIMETALLIC CARBON,cpc_group::B82Y,1,116298732
concept_cpc_group,concept::BIMETALLIC CARBON,cpc_group::C25B,1,116298732
concept_cpc_group,concept::BIMETALLIC CARBON,cpc_group::Y02E,1,116298732
concept_cpc_group,concept::BIMETALLIC CARBON,cpc_group::Y02P,1,116298732
concept_cpc_group,concept::BIMETALLIC CATALYST,cpc_group::B01D,1,116298732
concept_cpc_group,concept::BIMETALLIC CATALYST,cpc_group::B01J,1,116298732
concept_cpc_group,concept::BIMETALLIC CATALYST,cpc_group::B82Y,1,116298732
concept_cpc_group,concept::BIMETALLIC CATALYST,cpc_group::C25B,1,116298732
concept_cpc_group,concept::BIMETALLIC CATALYST,cpc_group::Y02E,1,116298732
concept_cpc_group,concept::BIMETALLIC CATALYST,cpc_group::Y02P,1,116298732
concept_cpc_group,concept::BIMETALLIC HYDROXIDE COMPOSITE CATALYST,cpc_group::C25B,1,106179974
concept_cpc_group,concept::BIMETALLIC HYDROXIDE COMPOSITE CATALYST,cpc_group::Y02A,1,106179974
concept_cpc_group,concept::BIMETALLIC MOF PRECURSOR,cpc_group::B01D,1,116298732
concept_cpc_group,concept::BIMETALLIC MOF PRECURSOR,cpc_group::B01J,1,116298732
concept_cpc_group,concept::BIMETALLIC MOF PRECURSOR,cpc_group::B82Y,1,116298732
concept_cpc_group,concept::BIMETALLIC MOF PRECURSOR,cpc_group::C25B,1,116298732
concept_cpc_group,concept::BIMETALLIC MOF PRECURSOR,cpc_group::Y02E,1,116298732
concept_cpc_group,concept::BIMETALLIC MOF PRECURSOR,cpc_group::Y02P,1,116298732
concept_cpc_group,concept::BIMETALLIC MONOATOMIC CATALYST,cpc_group::C25B,1,110697556
concept_cpc_group,concept::BIMETALLIC NANO CATALYST,cpc_group::C25B,1,112719442
concept_cpc_group,concept::BIMETALLIC NANOCATALYST,cpc_group::C25B,1,112719442
concept_cpc_group,concept::BIMETALLIC SINGLE ATOM CATALYST,cpc_group::C25B,1,110697556
concept_cpc_group,concept::BIMETALLIC THIN FILM ELECTRODE,cpc_group::C07C,1,116013304
concept_cpc_group,concept::BIMETALLIC THIN FILM ELECTRODE,cpc_group::C25B,1,116013304
concept_cpc_group,concept::BINARY ALLOY,cpc_group::C25B,1,83693059
concept_cpc_group,concept::BINARY NITRIDE CATALYST,cpc_group::B01J,1,80803000
concept_cpc_group,concept::BINARY NITRIDE CATALYST,cpc_group::C25B,1,80803000
concept_cpc_group,concept::BINARY NITRIDE CATALYST,cpc_group::Y02E,1,80803000
concept_cpc_group,concept::BINARY NITRIDE NANOPARTICLE,cpc_group::B01J,1,80803000
concept_cpc_group,concept::BINARY NITRIDE NANOPARTICLE,cpc_group::C25B,1,80803000
concept_cpc_group,concept::BINARY NITRIDE NANOPARTICLE,cpc_group::Y02E,1,80803000
concept_cpc_group,concept::BINDER RESIN,cpc_group::C25B,1,110939894
concept_cpc_group,concept::BINDER RESIN,cpc_group::H01M,1,110939894
concept_cpc_group,concept::BINDER RESIN,cpc_group::Y02E,1,110939894
concept_cpc_group,concept::BINDER RESIN,cpc_group::Y02P,1,110939894
concept_cpc_group,concept::BIOMASS,cpc_group::C01B,1,105036941
concept_cpc_group,concept::BIOMASS CHARCOAL,cpc_group::C01B,1,105036941
concept_cpc_group,concept::BIPHASE PHOTOCATALYST,cpc_group::B01J,1,108214882
concept_cpc_group,concept::BIPHASE PHOTOCATALYST,cpc_group::C01B,1,108214882
concept_cpc_group,concept::BIPHASE PHOTOCATALYST,cpc_group::C07C,1,108214882
concept_cpc_group,concept::BIPOLAR MEMBRANE,cpc_group::B01D,1,79163034
concept_cpc_group,concept::BIPOLAR MEMBRANE,cpc_group::Y02E,1,83842416
concept_cpc_group,concept::BIPOLAR MEMBRANE,cpc_group::Y02P,1,79163034
concept_cpc_group,concept::BIPOLAR MEMBRANE ELECTRODE ASSEMBLY,cpc_group::C25B,1,103674986
concept_cpc_group,concept::BIPOLAR MEMBRANE ELECTRODE ASSEMBLY,cpc_group::H01M,1,103674986
concept_cpc_group,concept::BIPOLAR MEMBRANE ELECTROLYSIS,cpc_group::Y02E,1,100252610
concept_cpc_group,concept::BIPOLAR MEMBRANE ELECTROLYZER,cpc_group::B01D,1,111204819
concept_cpc_group,concept::BIPOLAR MEMBRANE ELECTROLYZER,cpc_group::C01B,1,111204819
concept_cpc_group,concept::BIPOLAR MEMBRANE ELECTROLYZER,cpc_group::C25B,1,111204819
concept_cpc_group,concept::BIS TRIPHENYLPHOSPHINE PALLADIUM DICHLORIDE,cpc_group::B01J,1,117486565
concept_cpc_group,concept::BIS TRIPHENYLPHOSPHINE PALLADIUM DICHLORIDE,cpc_group::C01B,1,117486565
concept_cpc_group,concept::BIS TRIPHENYLPHOSPHINE PALLADIUM DICHLORIDE,cpc_group::C07C,1,117486565
concept_cpc_group,concept::BIS TRIPHENYLPHOSPHINE PALLADIUM DICHLORIDE,cpc_group::C07F,1,117486565
concept_cpc_group,concept::BIS TRIPHENYLPHOSPHINE PALLADIUM DICHLORIDE,cpc_group::C07J,1,117486565
concept_cpc_group,concept::BIS TRIPHENYLPHOSPHINE PALLADIUM DICHLORIDE,cpc_group::C25B,1,117486565
concept_cpc_group,concept::BISMUTH NITRATE PENTAHYDRATE,cpc_group::B01J,1,108214882
concept_cpc_group,concept::BISMUTH NITRATE PENTAHYDRATE,cpc_group::C01B,1,108214882
concept_cpc_group,concept::BISMUTH NITRATE PENTAHYDRATE,cpc_group::C07C,1,108214882
concept_cpc_group,concept::BIVALENT METAL ION,cpc_group::C25B,1,44441678
concept_cpc_group,concept::BIVALENT METAL ION,cpc_group::Y02E,1,44441678
concept_cpc_group,concept::BORIC ACID,cpc_group::C25B,1,101871166
concept_cpc_group,concept::BORIC ACID BUFFER SOLUTION,cpc_group::C25B,1,101871166
concept_cpc_group,concept::BOUDOUARD MARGIN,cpc_group::C25B,1,100674664
concept_cpc_group,concept::BOUDOUARD MARGIN,cpc_group::Y02E,1,100674664
concept_cpc_group,concept::BOUDOUARD REACTION REVERSE,cpc_group::C25B,1,112969726
concept_cpc_group,concept::BOUND METHANEDIONE,cpc_group::C25B,1,91738840
concept_cpc_group,concept::BREATHABLE DIAPHRAGM,cpc_group::C25B,1,110503287
concept_cpc_group,concept::BREATHABLE DIAPHRAGM,cpc_group::Y02E,1,110503287
concept_cpc_group,concept::BUFFER SOLUTION,cpc_group::C25B,1,101871166
concept_cpc_group,concept::BYPASS PATH,cpc_group::C10G,1,44668494
concept_cpc_group,concept::BYPASS PATH,cpc_group::C25B,1,44668494
concept_cpc_group,concept::BYPASS PATH,cpc_group::F02B,1,44668494
concept_cpc_group,concept::BYPASS PATH,cpc_group::F02D,1,44668494
concept_cpc_group,concept::BYPASS PATH,cpc_group::F02M,1,44668494
concept_cpc_group,concept::BYPASS PATH,cpc_group::Y02P,1,44668494
concept_cpc_group,concept::BYPASS PATH,cpc_group::Y02T,1,44668494
concept_cpc_group,concept::C CO,cpc_group::C25B,1,44441678
concept_cpc_group,concept::C CO,cpc_group::Y02E,1,44441678
concept_cpc_group,concept::CADMIUM,cpc_group::B01J,1,111220958
concept_cpc_group,concept::CADMIUM,cpc_group::B82Y,1,111220958
concept_cpc_group,concept::CADMIUM,cpc_group::C25B,1,111220958
concept_cpc_group,concept::CADMIUM CHALCOGENIDE,cpc_group::B01J,1,111220958
concept_cpc_group,concept::CADMIUM CHALCOGENIDE,cpc_group::B82Y,1,111220958
concept_cpc_group,concept::CADMIUM CHALCOGENIDE,cpc_group::C25B,1,111220958
concept_cpc_group,concept::CALCINING SEGMENTATION,cpc_group::C25B,1,118106537
concept_cpc_group,concept::CALCIUM CITRATE,cpc_group::B01D,1,107413525
concept_cpc_group,concept::CALCIUM CITRATE,cpc_group::B01J,1,107413525
concept_cpc_group,concept::CALCIUM CITRATE,cpc_group::C25B,1,107413525
concept_cpc_group,concept::CALCIUM CITRATE,cpc_group::H01M,1,107413525
concept_cpc_group,concept::CALCIUM CITRATE,cpc_group::Y02C,1,107413525
concept_cpc_group,concept::CALCIUM CITRATE,cpc_group::Y02E,1,107413525
concept_cpc_group,concept::CAPILLARY ELECTROLYZER,cpc_group::C25B,1,108109771
concept_cpc_group,concept::CAPTURING CARBON DIOXIDE,cpc_group::B01D,1,106753547
concept_cpc_group,concept::CAPTURING CARBON DIOXIDE,cpc_group::C01B,1,106753547
concept_cpc_group,concept::CAPTURING CARBON DIOXIDE,cpc_group::C01D,1,106753547
concept_cpc_group,concept::CAPTURING CARBON DIOXIDE,cpc_group::C25B,1,106753547
concept_cpc_group,concept::CAPTURING CARBON DIOXIDE,cpc_group::Y02E,1,106753547
concept_cpc_group,concept::CARBON,cpc_group::C01B,1,106316002
concept_cpc_group,concept::CARBON,cpc_group::C01P,1,106316002
concept_cpc_group,concept::CARBON,cpc_group::C25B,1,106316002
concept_cpc_group,concept::CARBON,cpc_group::Y02E,1,106316002
concept_cpc_group,concept::CARBON CAPTURE,cpc_group::B01D,1,115547269
concept_cpc_group,concept::CARBON CAPTURE,cpc_group::C25B,1,115547269
concept_cpc_group,concept::CARBON CLOTH,cpc_group::C25B,1,104933063
concept_cpc_group,concept::CARBON CLOTH,cpc_group::C25C,1,104933063
concept_cpc_group,concept::CARBON CLOTH,cpc_group::C25D,1,104933063
concept_cpc_group,concept::CARBON COMPOUND,cpc_group::B01D,1,106495795
concept_cpc_group,concept::CARBON COMPOUND,cpc_group::C10G,1,106413273
concept_cpc_group,concept::CARBON COMPOUND,cpc_group::C12M,1,106413273
concept_cpc_group,concept::CARBON COMPOUND,cpc_group::F25J,1,106413273
concept_cpc_group,concept::CARBON COMPOUND,cpc_group::Y02P,1,104037474
concept_cpc_group,concept::CARBON COMPOUND GENERATION,cpc_group::C25B,1,81386940
concept_cpc_group,concept::CARBON COMPOUND GENERATION,cpc_group::Y02E,1,81386940
concept_cpc_group,concept::CARBON CONTAINING SPECIES,cpc_group::C25B,1,85453370
concept_cpc_group,concept::CARBON CONTAINING SPECIES,cpc_group::Y02E,1,85453370
concept_cpc_group,concept::CARBON DEPOSIT RESISTANCE,cpc_group::C25B,1,118106537
concept_cpc_group,concept::CARBON DEPOSITION,cpc_group::C25B,1,112969726
concept_cpc_group,concept::CARBON DEPOSITION PHENOMENON,cpc_group::C25B,1,112969726
concept_cpc_group,concept::CARBON DIOXIDE ABSORPTION,cpc_group::C10G,1,44668494
concept_cpc_group,concept::CARBON DIOXIDE ABSORPTION,cpc_group::C25B,1,44668494
concept_cpc_group,concept::CARBON DIOXIDE ABSORPTION,cpc_group::F02B,1,44668494
concept_cpc_group,concept::CARBON DIOXIDE ABSORPTION,cpc_group::F02D,1,44668494
concept_cpc_group,concept::CARBON DIOXIDE ABSORPTION,cpc_group::F02M,1,44668494
concept_cpc_group,concept::CARBON DIOXIDE ABSORPTION,cpc_group::Y02P,1,44668494
concept_cpc_group,concept::CARBON DIOXIDE ABSORPTION,cpc_group::Y02T,1,44668494
concept_cpc_group,concept::CARBON DIOXIDE CAPTURE,cpc_group::B01D,1,106753547
concept_cpc_group,concept::CARBON DIOXIDE CAPTURE,cpc_group::C01B,1,106753547
concept_cpc_group,concept::CARBON DIOXIDE CAPTURE,cpc_group::C01D,1,106753547
concept_cpc_group,concept::CARBON DIOXIDE CAPTURE,cpc_group::C25B,1,106753547
concept_cpc_group,concept::CARBON DIOXIDE CAPTURE,cpc_group::Y02E,1,106753547
concept_cpc_group,concept::CARBON DIOXIDE CAPTURING,cpc_group::B01D,1,106753547
concept_cpc_group,concept::CARBON DIOXIDE CAPTURING,cpc_group::C01B,1,106753547
concept_cpc_group,concept::CARBON DIOXIDE CAPTURING,cpc_group::C01D,1,106753547
concept_cpc_group,concept::CARBON DIOXIDE CAPTURING,cpc_group::C25B,1,106753547
concept_cpc_group,concept::CARBON DIOXIDE CAPTURING,cpc_group::Y02E,1,106753547
concept_cpc_group,concept::CARBON DIOXIDE CO2,cpc_group::B01J,1,111220958
concept_cpc_group,concept::CARBON DIOXIDE CO2,cpc_group::B82Y,1,111220958
concept_cpc_group,concept::CARBON DIOXIDE CO2,cpc_group::H01M,1,66367131
concept_cpc_group,concept::CARBON DIOXIDE CO2,cpc_group::Y02E,1,66367131
concept_cpc_group,concept::CARBON DIOXIDE COELECTROLYSER,cpc_group::B01D,1,112262309
concept_cpc_group,concept::CARBON DIOXIDE COELECTROLYSER,cpc_group::B01J,1,112262309
concept_cpc_group,concept::CARBON DIOXIDE COELECTROLYSER,cpc_group::C01B,1,112262309
concept_cpc_group,concept::CARBON DIOXIDE COELECTROLYSER,cpc_group::C01C,1,112262309
concept_cpc_group,concept::CARBON DIOXIDE COELECTROLYSER,cpc_group::C01F,1,112262309
concept_cpc_group,concept::CARBON DIOXIDE COELECTROLYSER,cpc_group::C07C,1,112262309
concept_cpc_group,concept::CARBON DIOXIDE COELECTROLYSER,cpc_group::C10G,1,112262309
concept_cpc_group,concept::CARBON DIOXIDE COELECTROLYSER,cpc_group::C10J,1,112262309
concept_cpc_group,concept::CARBON DIOXIDE COELECTROLYSER,cpc_group::C10L,1,112262309
concept_cpc_group,concept::CARBON DIOXIDE COELECTROLYSER,cpc_group::C25B,1,112262309
concept_cpc_group,concept::CARBON DIOXIDE COELECTROLYSER,cpc_group::E21B,1,112262309
concept_cpc_group,concept::CARBON DIOXIDE COELECTROLYSER,cpc_group::F01K,1,112262309
concept_cpc_group,concept::CARBON DIOXIDE COELECTROLYSER,cpc_group::F04B,1,112262309
concept_cpc_group,concept::CARBON DIOXIDE COELECTROLYSER,cpc_group::F23J,1,112262309
concept_cpc_group,concept::CARBON DIOXIDE COELECTROLYSER,cpc_group::F25J,1,112262309
concept_cpc_group,concept::CARBON DIOXIDE COELECTROLYSER,cpc_group::Y02C,1,112262309
concept_cpc_group,concept::CARBON DIOXIDE COELECTROLYSER,cpc_group::Y02E,1,112262309
concept_cpc_group,concept::CARBON DIOXIDE COELECTROLYSER,cpc_group::Y02P,1,112262309
concept_cpc_group,concept::CARBON DIOXIDE COELECTROLYTE,cpc_group::C25B,1,14919739
concept_cpc_group,concept::CARBON DIOXIDE COELECTROLYTE,cpc_group::H01M,1,14919739
concept_cpc_group,concept::CARBON DIOXIDE COELECTROLYTE,cpc_group::Y02E,1,14919739
concept_cpc_group,concept::CARBON DIOXIDE COMPREHENSIVE UTILIZATION,cpc_group::C25B,1,112323322
concept_cpc_group,concept::CARBON DIOXIDE CONCENTRATION ACQUIRING,cpc_group::C10G,1,44668494
concept_cpc_group,concept::CARBON DIOXIDE CONCENTRATION ACQUIRING,cpc_group::C25B,1,44668494
concept_cpc_group,concept::CARBON DIOXIDE CONCENTRATION ACQUIRING,cpc_group::F02B,1,44668494
concept_cpc_group,concept::CARBON DIOXIDE CONCENTRATION ACQUIRING,cpc_group::F02D,1,44668494
concept_cpc_group,concept::CARBON DIOXIDE CONCENTRATION ACQUIRING,cpc_group::F02M,1,44668494
concept_cpc_group,concept::CARBON DIOXIDE CONCENTRATION ACQUIRING,cpc_group::Y02P,1,44668494
concept_cpc_group,concept::CARBON DIOXIDE CONCENTRATION ACQUIRING,cpc_group::Y02T,1,44668494
concept_cpc_group,concept::CARBON DIOXIDE CONVERSION,cpc_group::C07B,1,107739736
concept_cpc_group,concept::CARBON DIOXIDE CONVERSION,cpc_group::C07C,1,107739736
concept_cpc_group,concept::CARBON DIOXIDE CONVERSION,cpc_group::C10G,1,107739736
concept_cpc_group,concept::CARBON DIOXIDE CONVERSION,cpc_group::C12P,1,107739736
concept_cpc_group,concept::CARBON DIOXIDE CONVERSION,cpc_group::C21B,1,107739736
concept_cpc_group,concept::CARBON DIOXIDE CONVERSION,cpc_group::C21C,1,107739736
concept_cpc_group,concept::CARBON DIOXIDE CONVERSION,cpc_group::C21D,1,101956586
concept_cpc_group,concept::CARBON DIOXIDE CONVERSION,cpc_group::C22B,1,107739736
concept_cpc_group,concept::CARBON DIOXIDE CONVERSION,cpc_group::E21B,1,107739736
concept_cpc_group,concept::CARBON DIOXIDE CONVERSION,cpc_group::F25J,1,107739736
concept_cpc_group,concept::CARBON DIOXIDE CONVERSION,cpc_group::G01N,1,107739736
concept_cpc_group,concept::CARBON DIOXIDE CONVERSION,cpc_group::Y02P,1,107739736
concept_cpc_group,concept::CARBON DIOXIDE DECOMPOSITION,cpc_group::C01B,1,86205375
concept_cpc_group,concept::CARBON DIOXIDE DECOMPOSITION,cpc_group::C01F,1,86205375
concept_cpc_group,concept::CARBON DIOXIDE ELECTROCATALYSIS,cpc_group::B01J,1,105418286
concept_cpc_group,concept::CARBON DIOXIDE ELECTROCATALYSIS,cpc_group::B82Y,1,105418286
concept_cpc_group,concept::CARBON DIOXIDE ELECTROCATALYSIS,cpc_group::C01B,1,105418286
concept_cpc_group,concept::CARBON DIOXIDE ELECTROCATALYSIS,cpc_group::C01G,1,105418286
concept_cpc_group,concept::CARBON DIOXIDE ELECTROCATALYSIS,cpc_group::C01P,1,105418286
concept_cpc_group,concept::CARBON DIOXIDE ELECTROCATALYSIS,cpc_group::C25B,1,105418286
concept_cpc_group,concept::CARBON DIOXIDE ELECTROCATALYSIS,cpc_group::Y02E,1,105418286
concept_cpc_group,concept::CARBON DIOXIDE ELECTROCATALYTIC FILM,cpc_group::C25B,1,115363192
concept_cpc_group,concept::CARBON DIOXIDE ELECTROCATALYTIC FILM,cpc_group::Y02E,1,115363192
concept_cpc_group,concept::CARBON DIOXIDE ELECTROCATALYTIC REACTOR,cpc_group::C25B,1,106866991
concept_cpc_group,concept::CARBON DIOXIDE ELECTROCATALYTIC REDUCTION,cpc_group::B22F,1,115484302
concept_cpc_group,concept::CARBON DIOXIDE ELECTROCATALYTIC REDUCTION,cpc_group::B82Y,1,115484302
concept_cpc_group,concept::CARBON DIOXIDE ELECTROCATALYTIC REDUCTION,cpc_group::D01F,1,115484302
concept_cpc_group,concept::CARBON DIOXIDE ELECTROCATALYTIC REDUCTION,cpc_group::D10B,1,115484302
concept_cpc_group,concept::CARBON DIOXIDE ELECTROCHEMICAL CONVERSION,cpc_group::B01J,1,104997454
concept_cpc_group,concept::CARBON DIOXIDE ELECTROCHEMICAL CONVERSION,cpc_group::Y02P,1,93812412
concept_cpc_group,concept::CARBON DIOXIDE ELECTROCHEMICAL REACTION,cpc_group::C25B,1,93812412
concept_cpc_group,concept::CARBON DIOXIDE ELECTROCHEMICAL REACTION,cpc_group::Y02P,1,93812412
concept_cpc_group,concept::CARBON DIOXIDE ELECTROCHEMICAL REFORMING,cpc_group::C25B,1,116120311
concept_cpc_group,concept::CARBON DIOXIDE ELECTROLYSIS,cpc_group::B82Y,1,96200636
concept_cpc_group,concept::CARBON DIOXIDE ELECTROLYSIS,cpc_group::C01B,1,96200636
concept_cpc_group,concept::CARBON DIOXIDE ELECTROLYSIS,cpc_group::C21D,1,101956586
concept_cpc_group,concept::CARBON DIOXIDE ELECTROLYSIS,cpc_group::F27D,1,101956586
concept_cpc_group,concept::CARBON DIOXIDE ELECTROLYSIS CATALYSIS,cpc_group::C25B,1,108808107
concept_cpc_group,concept::CARBON DIOXIDE ELECTROLYSIS CELL,cpc_group::B82Y,1,96200636
concept_cpc_group,concept::CARBON DIOXIDE ELECTROLYSIS CELL,cpc_group::C01B,1,96200636
concept_cpc_group,concept::CARBON DIOXIDE ELECTROLYSIS CELL,cpc_group::Y02P,1,96200636
concept_cpc_group,concept::CARBON DIOXIDE ELECTROLYTIC CELL,cpc_group::B01D,1,106495795
concept_cpc_group,concept::CARBON DIOXIDE ELECTROLYTIC CELL,cpc_group::Y02E,1,106495795
concept_cpc_group,concept::CARBON DIOXIDE ELECTROLYTIC DEVICE,cpc_group::B01D,1,106495795
concept_cpc_group,concept::CARBON DIOXIDE ELECTROLYTIC DEVICE,cpc_group::C10G,1,106413273
concept_cpc_group,concept::CARBON DIOXIDE ELECTROLYTIC DEVICE,cpc_group::C12M,1,106413273
concept_cpc_group,concept::CARBON DIOXIDE ELECTROLYTIC DEVICE,cpc_group::F25J,1,106413273
concept_cpc_group,concept::CARBON DIOXIDE ELECTROLYTIC DEVICE,cpc_group::G01N,1,87919517
concept_cpc_group,concept::CARBON DIOXIDE ELECTROLYTIC EQUIPMENT,cpc_group::C07C,1,87919517
concept_cpc_group,concept::CARBON DIOXIDE ELECTROLYTIC EQUIPMENT,cpc_group::G01N,1,87919517
concept_cpc_group,concept::CARBON DIOXIDE ELECTROLYTIC REDUCTION,cpc_group::C25B,1,114240811
concept_cpc_group,concept::CARBON DIOXIDE ELECTROLYZER,cpc_group::C07C,1,87919517
concept_cpc_group,concept::CARBON DIOXIDE ELECTROLYZER,cpc_group::C10G,1,106413273
concept_cpc_group,concept::CARBON DIOXIDE ELECTROLYZER,cpc_group::C12M,1,106413273
concept_cpc_group,concept::CARBON DIOXIDE ELECTROLYZER,cpc_group::F25J,1,106413273
concept_cpc_group,concept::CARBON DIOXIDE ELECTROLYZER,cpc_group::G01N,1,87919517
concept_cpc_group,concept::CARBON DIOXIDE ELECTROLYZER PERFORMANCE,cpc_group::C25B,1,98314273
concept_cpc_group,concept::CARBON DIOXIDE ELECTROLYZER PERFORMANCE,cpc_group::Y02E,1,98314273
concept_cpc_group,concept::CARBON DIOXIDE ELECTROLYZER PERFORMANCE,cpc_group::Y02P,1,98314273
concept_cpc_group,concept::CARBON DIOXIDE ELECTROREDUCTION,cpc_group::C07C,1,116013304
concept_cpc_group,concept::CARBON DIOXIDE ELECTROREDUCTION,cpc_group::Y02E,1,113078510
concept_cpc_group,concept::CARBON DIOXIDE ELECTROREDUCTION CATALYST,cpc_group::B82Y,1,109733203
concept_cpc_group,concept::CARBON DIOXIDE ELECTROREDUCTION CATALYST,cpc_group::C25C,1,109733203
concept_cpc_group,concept::CARBON DIOXIDE ELECTROREDUCTION REACTION,cpc_group::B01J,1,83172492
concept_cpc_group,concept::CARBON DIOXIDE ELECTROREDUCTION REACTION,cpc_group::C25B,1,83172492
concept_cpc_group,concept::CARBON DIOXIDE ELECTROREDUCTION REACTOR,cpc_group::C25B,1,117825503
concept_cpc_group,concept::CARBON DIOXIDE ELECTROREDUCTION REACTOR,cpc_group::Y02E,1,117825503
concept_cpc_group,concept::CARBON DIOXIDE ELECTROREDUCTION REACTOR,cpc_group::Y02P,1,117825503
concept_cpc_group,concept::CARBON DIOXIDE ELETROCHEMICAL REDUCTION,cpc_group::C25B,1,100959754
concept_cpc_group,concept::CARBON DIOXIDE FILM ELECTRODE,cpc_group::C25B,1,115363192
concept_cpc_group,concept::CARBON DIOXIDE FILM ELECTRODE,cpc_group::Y02E,1,115363192
concept_cpc_group,concept::CARBON DIOXIDE GAS,cpc_group::Y02P,1,87991721
concept_cpc_group,concept::CARBON DIOXIDE GAS TURBINE,cpc_group::C25B,1,93172689
concept_cpc_group,concept::CARBON DIOXIDE GAS TURBINE,cpc_group::Y02E,1,93172689
concept_cpc_group,concept::CARBON DIOXIDE GAS TURBINE,cpc_group::Y02P,1,93172689
concept_cpc_group,concept::CARBON DIOXIDE GENERATION,cpc_group::C25B,1,93172689
concept_cpc_group,concept::CARBON DIOXIDE GENERATION,cpc_group::Y02E,1,93172689
concept_cpc_group,concept::CARBON DIOXIDE GENERATION,cpc_group::Y02P,1,93172689
concept_cpc_group,concept::CARBON DIOXIDE GENERATION SOURCE,cpc_group::C10G,1,106413273
concept_cpc_group,concept::CARBON DIOXIDE GENERATION SOURCE,cpc_group::C12M,1,106413273
concept_cpc_group,concept::CARBON DIOXIDE GENERATION SOURCE,cpc_group::C25B,1,106413273
concept_cpc_group,concept::CARBON DIOXIDE GENERATION SOURCE,cpc_group::F25J,1,106413273
concept_cpc_group,concept::CARBON DIOXIDE GENERATION SOURCE,cpc_group::Y02E,1,106413273
concept_cpc_group,concept::CARBON DIOXIDE MASS TRANSFER,cpc_group::B82Y,1,116876860
concept_cpc_group,concept::CARBON DIOXIDE MASS TRANSFER,cpc_group::C23C,1,116876860
concept_cpc_group,concept::CARBON DIOXIDE MASS TRANSFER,cpc_group::C25B,1,116876860
concept_cpc_group,concept::CARBON DIOXIDE PHOTOELECTROCATALYTIC REDUCTION,cpc_group::C25B,1,105437834
concept_cpc_group,concept::CARBON DIOXIDE PROCESSING,cpc_group::C01B,1,106413270
concept_cpc_group,concept::CARBON DIOXIDE PROCESSING,cpc_group::Y02C,1,106413270
concept_cpc_group,concept::CARBON DIOXIDE PROCESSING,cpc_group::Y02E,1,105393249
concept_cpc_group,concept::CARBON DIOXIDE PROCESSING EQUIPMENT,cpc_group::Y02E,1,105393249
concept_cpc_group,concept::CARBON DIOXIDE REACTION,cpc_group::C25B,1,96200627
concept_cpc_group,concept::CARBON DIOXIDE REACTION,cpc_group::Y02E,1,96200627
concept_cpc_group,concept::CARBON DIOXIDE REACTOR,cpc_group::C25B,1,96200627
concept_cpc_group,concept::CARBON DIOXIDE REACTOR,cpc_group::Y02E,1,96200627
concept_cpc_group,concept::CARBON DIOXIDE REACTOR CONTROL,cpc_group::C25B,1,85453370
concept_cpc_group,concept::CARBON DIOXIDE REACTOR CONTROL,cpc_group::Y02E,1,85453370
concept_cpc_group,concept::CARBON DIOXIDE RECLAMATION,cpc_group::C12M,1,75262842
concept_cpc_group,concept::CARBON DIOXIDE RECLAMATION,cpc_group::C25B,1,75262842
concept_cpc_group,concept::CARBON DIOXIDE RECLAMATION,cpc_group::Y02E,1,75262842
concept_cpc_group,concept::CARBON DIOXIDE REDUCER,cpc_group::C25B,1,102808473
concept_cpc_group,concept::CARBON DIOXIDE REDUCING SUBSTANCE,cpc_group::C25B,1,108863955
concept_cpc_group,concept::CARBON DIOXIDE REDUCTION,cpc_group::B01D,1,116285153
concept_cpc_group,concept::CARBON DIOXIDE REDUCTION,cpc_group::C01B,1,106991409
concept_cpc_group,concept::CARBON DIOXIDE REDUCTION,cpc_group::C01P,1,106991409
concept_cpc_group,concept::CARBON DIOXIDE REDUCTION,cpc_group::C02F,1,116285153
concept_cpc_group,concept::CARBON DIOXIDE REDUCTION,cpc_group::C08F,1,116285153
concept_cpc_group,concept::CARBON DIOXIDE REDUCTION,cpc_group::C08J,1,116285153
concept_cpc_group,concept::CARBON DIOXIDE REDUCTION,cpc_group::C08L,1,116285153
concept_cpc_group,concept::CARBON DIOXIDE REDUCTION,cpc_group::Y02P,1,116285153
concept_cpc_group,concept::CARBON DIOXIDE REDUCTION CATALYST,cpc_group::B01J,1,100393580
concept_cpc_group,concept::CARBON DIOXIDE REDUCTION CATALYST,cpc_group::C25B,1,100393580
concept_cpc_group,concept::CARBON DIOXIDE REDUCTION CELL,cpc_group::C25B,1,102358496
concept_cpc_group,concept::CARBON DIOXIDE REDUCTION ELECTRODE,cpc_group::B01J,1,100393580
concept_cpc_group,concept::CARBON DIOXIDE REDUCTION MATERIAL,cpc_group::C25B,1,102352265
concept_cpc_group,concept::CARBON DIOXIDE REDUCTION POTENTIAL,cpc_group::C25B,1,113753877
concept_cpc_group,concept::CARBON DIOXIDE REDUCTION SYSTEM,cpc_group::B01D,1,108851809
concept_cpc_group,concept::CARBON DIOXIDE REDUCTION SYSTEM,cpc_group::C25B,1,108851809
concept_cpc_group,concept::CARBON DIOXIDE RETRANSMISSION CHANNEL,cpc_group::C10G,1,106413273
concept_cpc_group,concept::CARBON DIOXIDE RETRANSMISSION CHANNEL,cpc_group::C12M,1,106413273
concept_cpc_group,concept::CARBON DIOXIDE RETRANSMISSION CHANNEL,cpc_group::C25B,1,106413273
concept_cpc_group,concept::CARBON DIOXIDE RETRANSMISSION CHANNEL,cpc_group::F25J,1,106413273
concept_cpc_group,concept::CARBON DIOXIDE RETRANSMISSION CHANNEL,cpc_group::Y02E,1,106413273
concept_cpc_group,concept::CARBON DIOXIDE SEPARATION,cpc_group::C10G,1,106413273
concept_cpc_group,concept::CARBON DIOXIDE SEPARATION,cpc_group::C12M,1,106413273
concept_cpc_group,concept::CARBON DIOXIDE SEPARATION,cpc_group::C25B,1,106413273
concept_cpc_group,concept::CARBON DIOXIDE SEPARATION,cpc_group::F25J,1,106413273
concept_cpc_group,concept::CARBON DIOXIDE SEPARATION,cpc_group::Y02E,1,106413273
concept_cpc_group,concept::CARBON DIOXIDE SUPPLY,cpc_group::C25B,1,93172689
concept_cpc_group,concept::CARBON DIOXIDE SUPPLY,cpc_group::Y02E,1,93172689
concept_cpc_group,concept::CARBON DIOXIDE SUPPLY,cpc_group::Y02P,1,93172689
concept_cpc_group,concept::CARBON DIOXIDE SUPPLY PATH,cpc_group::B01J,1,104127510
concept_cpc_group,concept::CARBON DIOXIDE SUPPLY PATH,cpc_group::C10L,1,104127510
concept_cpc_group,concept::CARBON DIOXIDE SUPPLY PATH,cpc_group::C25B,1,104127510
concept_cpc_group,concept::CARBON DIOXIDE TRAPPING,cpc_group::B01D,1,106753547
concept_cpc_group,concept::CARBON DIOXIDE TRAPPING,cpc_group::C01B,1,106753547
concept_cpc_group,concept::CARBON DIOXIDE TRAPPING,cpc_group::C01D,1,106753547
concept_cpc_group,concept::CARBON DIOXIDE TRAPPING,cpc_group::C25B,1,106753547
concept_cpc_group,concept::CARBON DIOXIDE TRAPPING,cpc_group::Y02E,1,106753547
concept_cpc_group,concept::CARBON DIOXIDE TREATMENT,cpc_group::C01B,1,106413270
concept_cpc_group,concept::CARBON DIOXIDE TREATMENT,cpc_group::Y02C,1,106413270
concept_cpc_group,concept::CARBON DIOXIDE TREATMENT,cpc_group::Y02E,1,105393249
concept_cpc_group,concept::CARBON DIOXIDE TREATMENT APPRATUS,cpc_group::B01D,1,106413270
concept_cpc_group,concept::CARBON DIOXIDE TREATMENT APPRATUS,cpc_group::C01B,1,106413270
concept_cpc_group,concept::CARBON DIOXIDE TREATMENT APPRATUS,cpc_group::C25B,1,106413270
concept_cpc_group,concept::CARBON DIOXIDE TREATMENT APPRATUS,cpc_group::Y02C,1,106413270
concept_cpc_group,concept::CARBON DIOXIDE UTILIZATION,cpc_group::C01B,1,103934571
concept_cpc_group,concept::CARBON DIOXIDE UTILIZATION,cpc_group::C07C,1,103934571
concept_cpc_group,concept::CARBON DIOXIDE UTILIZATION,cpc_group::C12M,1,75262842
concept_cpc_group,concept::CARBON DIOXIDE UTILIZATION,cpc_group::Y02E,1,75262842
concept_cpc_group,concept::CARBON DIOXIDE UTILIZATION,cpc_group::Y02P,1,73079791
concept_cpc_group,concept::CARBON ELECTRODE,cpc_group::C25B,1,108739790
concept_cpc_group,concept::CARBON FEEDSTOCK HYDROGENATION,cpc_group::B82Y,1,82922217
concept_cpc_group,concept::CARBON FEEDSTOCK HYDROGENATION,cpc_group::C07C,1,82922217
concept_cpc_group,concept::CARBON FEEDSTOCK HYDROGENATION,cpc_group::C25B,1,82922217
concept_cpc_group,concept::CARBON FEEDSTOCK HYDROGENATION,cpc_group::Y02P,1,82922217
concept_cpc_group,concept::CARBON FIBER,cpc_group::B01J,1,115484302
concept_cpc_group,concept::CARBON FIBER,cpc_group::B22F,1,115484302
concept_cpc_group,concept::CARBON FIBER,cpc_group::B82Y,1,115484302
concept_cpc_group,concept::CARBON FIBER,cpc_group::D01F,1,115484302
concept_cpc_group,concept::CARBON FIBER,cpc_group::D10B,1,115484302
concept_cpc_group,concept::CARBON FIBER,cpc_group::H01M,1,110939894
concept_cpc_group,concept::CARBON FIBER,cpc_group::Y02P,1,110939894
concept_cpc_group,concept::CARBON FIBER LAYER,cpc_group::C25B,1,110939894
concept_cpc_group,concept::CARBON FIBER LAYER,cpc_group::H01M,1,110939894
concept_cpc_group,concept::CARBON FIBER LAYER,cpc_group::Y02E,1,110939894
concept_cpc_group,concept::CARBON FIBER LAYER,cpc_group::Y02P,1,110939894
concept_cpc_group,concept::CARBON GEL ELECTROCATALYST,cpc_group::B01J,1,89550408
concept_cpc_group,concept::CARBON GEL ELECTROCATALYST,cpc_group::Y02E,1,101562974
concept_cpc_group,concept::CARBON HYDROPHOBIC CATALYTIC ELECTRODE,cpc_group::B01J,1,105418286
concept_cpc_group,concept::CARBON HYDROPHOBIC CATALYTIC ELECTRODE,cpc_group::B82Y,1,105418286
concept_cpc_group,concept::CARBON HYDROPHOBIC CATALYTIC ELECTRODE,cpc_group::C01B,1,105418286
concept_cpc_group,concept::CARBON HYDROPHOBIC CATALYTIC ELECTRODE,cpc_group::C01G,1,105418286
concept_cpc_group,concept::CARBON HYDROPHOBIC CATALYTIC ELECTRODE,cpc_group::C01P,1,105418286
concept_cpc_group,concept::CARBON HYDROPHOBIC CATALYTIC ELECTRODE,cpc_group::C25B,1,105418286
concept_cpc_group,concept::CARBON HYDROPHOBIC CATALYTIC ELECTRODE,cpc_group::Y02E,1,105418286
concept_cpc_group,concept::CARBON MONOOXIDE,cpc_group::B01J,1,94627563
concept_cpc_group,concept::CARBON MONOOXIDE,cpc_group::C01B,1,94627563
concept_cpc_group,concept::CARBON MONOOXIDE,cpc_group::C10K,1,94627563
concept_cpc_group,concept::CARBON MONOOXIDE,cpc_group::C25B,1,85758116
concept_cpc_group,concept::CARBON MONOOXIDE,cpc_group::Y02E,1,85758116
concept_cpc_group,concept::CARBON MONOOXIDE REACTOR,cpc_group::B01J,1,94627563
concept_cpc_group,concept::CARBON MONOOXIDE REACTOR,cpc_group::C01B,1,94627563
concept_cpc_group,concept::CARBON MONOOXIDE REACTOR,cpc_group::C10K,1,94627563
concept_cpc_group,concept::CARBON MONOOXIDE REACTOR,cpc_group::Y02P,1,94627563
concept_cpc_group,concept::CARBON MONOXIDE CATALYSIS,cpc_group::Y02E,1,100799928
concept_cpc_group,concept::CARBON MONOXIDE ELECTROCHEMICAL GENERATION,cpc_group::C25B,1,85758116
concept_cpc_group,concept::CARBON MONOXIDE ELECTROCHEMICAL GENERATION,cpc_group::Y02E,1,85758116
concept_cpc_group,concept::CARBON MONOXIDE ELECTROCHEMICAL GENERATION,cpc_group::Y02P,1,85758116
concept_cpc_group,concept::CARBON MONOXIDE ELECTROCHEMICAL PRODUCTION,cpc_group::C25B,1,85758116
concept_cpc_group,concept::CARBON MONOXIDE ELECTROCHEMICAL PRODUCTION,cpc_group::Y02E,1,85758116
concept_cpc_group,concept::CARBON MONOXIDE ELECTROCHEMICAL PRODUCTION,cpc_group::Y02P,1,85758116
concept_cpc_group,concept::CARBON MONOXIDE ELECTROLYTIC CELL,cpc_group::B01D,1,107739736
concept_cpc_group,concept::CARBON MONOXIDE ELECTROLYTIC CELL,cpc_group::B01J,1,107739736
concept_cpc_group,concept::CARBON MONOXIDE ELECTROLYTIC CELL,cpc_group::C01B,1,107739736
concept_cpc_group,concept::CARBON MONOXIDE ELECTROLYTIC CELL,cpc_group::C07B,1,107739736
concept_cpc_group,concept::CARBON MONOXIDE ELECTROLYTIC CELL,cpc_group::C07C,1,107739736
concept_cpc_group,concept::CARBON MONOXIDE ELECTROLYTIC CELL,cpc_group::C10G,1,107739736
concept_cpc_group,concept::CARBON MONOXIDE ELECTROLYTIC CELL,cpc_group::C12P,1,107739736
concept_cpc_group,concept::CARBON MONOXIDE ELECTROLYTIC CELL,cpc_group::C21B,1,107739736
concept_cpc_group,concept::CARBON MONOXIDE ELECTROLYTIC CELL,cpc_group::C21C,1,107739736
concept_cpc_group,concept::CARBON MONOXIDE ELECTROLYTIC CELL,cpc_group::C22B,1,107739736
concept_cpc_group,concept::CARBON MONOXIDE ELECTROLYTIC CELL,cpc_group::C25B,1,107739736
concept_cpc_group,concept::CARBON MONOXIDE ELECTROLYTIC CELL,cpc_group::E21B,1,107739736
concept_cpc_group,concept::CARBON MONOXIDE ELECTROLYTIC CELL,cpc_group::F25J,1,107739736
concept_cpc_group,concept::CARBON MONOXIDE ELECTROLYTIC CELL,cpc_group::F27D,1,107739736
concept_cpc_group,concept::CARBON MONOXIDE ELECTROLYTIC CELL,cpc_group::G01N,1,107739736
concept_cpc_group,concept::CARBON MONOXIDE ELECTROLYTIC CELL,cpc_group::H01M,1,107739736
concept_cpc_group,concept::CARBON MONOXIDE ELECTROLYTIC CELL,cpc_group::Y02C,1,107739736
concept_cpc_group,concept::CARBON MONOXIDE ELECTROLYTIC CELL,cpc_group::Y02E,1,107739736
concept_cpc_group,concept::CARBON MONOXIDE ELECTROLYTIC CELL,cpc_group::Y02P,1,107739736
concept_cpc_group,concept::CARBON MONOXIDE ELECTROLYZER,cpc_group::B01D,1,107739736
concept_cpc_group,concept::CARBON MONOXIDE ELECTROLYZER,cpc_group::B01J,1,107739736
concept_cpc_group,concept::CARBON MONOXIDE ELECTROLYZER,cpc_group::C01B,1,107739736
concept_cpc_group,concept::CARBON MONOXIDE ELECTROLYZER,cpc_group::C07B,1,107739736
concept_cpc_group,concept::CARBON MONOXIDE ELECTROLYZER,cpc_group::C07C,1,107739736
concept_cpc_group,concept::CARBON MONOXIDE ELECTROLYZER,cpc_group::C10G,1,107739736
concept_cpc_group,concept::CARBON MONOXIDE ELECTROLYZER,cpc_group::C12P,1,107739736
concept_cpc_group,concept::CARBON MONOXIDE ELECTROLYZER,cpc_group::C21B,1,107739736
concept_cpc_group,concept::CARBON MONOXIDE ELECTROLYZER,cpc_group::C21C,1,107739736
concept_cpc_group,concept::CARBON MONOXIDE ELECTROLYZER,cpc_group::C22B,1,107739736
concept_cpc_group,concept::CARBON MONOXIDE ELECTROLYZER,cpc_group::C25B,1,107739736
concept_cpc_group,concept::CARBON MONOXIDE ELECTROLYZER,cpc_group::E21B,1,107739736
concept_cpc_group,concept::CARBON MONOXIDE ELECTROLYZER,cpc_group::F25J,1,107739736
concept_cpc_group,concept::CARBON MONOXIDE ELECTROLYZER,cpc_group::F27D,1,107739736
concept_cpc_group,concept::CARBON MONOXIDE ELECTROLYZER,cpc_group::G01N,1,107739736
concept_cpc_group,concept::CARBON MONOXIDE ELECTROLYZER,cpc_group::H01M,1,107739736
concept_cpc_group,concept::CARBON MONOXIDE ELECTROLYZER,cpc_group::Y02C,1,107739736
concept_cpc_group,concept::CARBON MONOXIDE ELECTROLYZER,cpc_group::Y02E,1,107739736
concept_cpc_group,concept::CARBON MONOXIDE ELECTROLYZER,cpc_group::Y02P,1,107739736
concept_cpc_group,concept::CARBON MONOXIDE ELECTROREDUCTION,cpc_group::C25B,1,112177579
concept_cpc_group,concept::CARBON MONOXIDE GAS,cpc_group::B01J,1,83172492
concept_cpc_group,concept::CARBON MONOXIDE GAS,cpc_group::C25B,1,83172492
concept_cpc_group,concept::CARBON MONOXIDE GENERATOR,cpc_group::C25B,1,44789699
concept_cpc_group,concept::CARBON MONOXIDE PRODUCTION,cpc_group::B01D,1,101368053
concept_cpc_group,concept::CARBON MONOXIDE PRODUCTION,cpc_group::B01J,1,101368053
concept_cpc_group,concept::CARBON MONOXIDE PRODUCTION,cpc_group::C01B,1,101368053
concept_cpc_group,concept::CARBON MONOXIDE PRODUCTION,cpc_group::C07C,1,101368053
concept_cpc_group,concept::CARBON MONOXIDE PRODUCTION,cpc_group::C22C,1,101368053
concept_cpc_group,concept::CARBON MONOXIDE PRODUCTION,cpc_group::Y02P,1,93504955
concept_cpc_group,concept::CARBON MONOXIDE REACTOR,cpc_group::B01J,1,94627563
concept_cpc_group,concept::CARBON MONOXIDE REACTOR,cpc_group::C01B,1,94627563
concept_cpc_group,concept::CARBON MONOXIDE REACTOR,cpc_group::C10K,1,94627563
concept_cpc_group,concept::CARBON MONOXIDE REACTOR,cpc_group::Y02P,1,94627563
concept_cpc_group,concept::CARBON MONOXIDE SUPPLY PATH,cpc_group::B01D,1,106413270
concept_cpc_group,concept::CARBON MONOXIDE SUPPLY PATH,cpc_group::C01B,1,106413270
concept_cpc_group,concept::CARBON MONOXIDE SUPPLY PATH,cpc_group::C25B,1,106413270
concept_cpc_group,concept::CARBON MONOXIDE SUPPLY PATH,cpc_group::Y02C,1,106413270
concept_cpc_group,concept::CARBON NANO MICROSPHERE,cpc_group::C01B,1,100868293
concept_cpc_group,concept::CARBON NANO MICROSPHERE,cpc_group::C25B,1,100868293
concept_cpc_group,concept::CARBON NANO MICROSPHERE,cpc_group::H01M,1,100868293
concept_cpc_group,concept::CARBON NANO MICROSPHERE,cpc_group::Y02P,1,100868293
concept_cpc_group,concept::CARBON NANOSPHERE,cpc_group::C01B,1,100868293
concept_cpc_group,concept::CARBON NANOSPHERE,cpc_group::C25B,1,100868293
concept_cpc_group,concept::CARBON NANOSPHERE,cpc_group::H01M,1,100868293
concept_cpc_group,concept::CARBON NANOSPHERE,cpc_group::Y02P,1,100868293
concept_cpc_group,concept::CARBON NANOTUBE,cpc_group::C01B,1,106991409
concept_cpc_group,concept::CARBON NANOTUBE,cpc_group::C01P,1,106991409
concept_cpc_group,concept::CARBON NANOTUBE,cpc_group::Y02E,1,115363192
concept_cpc_group,concept::CARBON NANOTUBE LOADED MONODISPERSE,cpc_group::C25B,1,79172273
concept_cpc_group,concept::CARBON NI MGAL,cpc_group::C25B,1,106729837
concept_cpc_group,concept::CARBON OXIDE,cpc_group::C21B,1,105156145
concept_cpc_group,concept::CARBON OXIDE,cpc_group::C25B,1,105156145
concept_cpc_group,concept::CARBON OXIDE,cpc_group::Y02E,1,105156145
concept_cpc_group,concept::CARBON OXIDE,cpc_group::Y02P,1,105156145
concept_cpc_group,concept::CARBON OXIDE ELECTROLYSIS,cpc_group::C21B,1,105156145
concept_cpc_group,concept::CARBON OXIDE ELECTROLYSIS,cpc_group::C25B,1,105156145
concept_cpc_group,concept::CARBON OXIDE ELECTROLYSIS,cpc_group::Y02E,1,105156145
concept_cpc_group,concept::CARBON OXIDE ELECTROLYSIS,cpc_group::Y02P,1,105156145
concept_cpc_group,concept::CARBON PAPER,cpc_group::C25B,1,104822026
concept_cpc_group,concept::CARBON PAPER,cpc_group::Y02E,1,104822026
concept_cpc_group,concept::CARBON PRODUCTION,cpc_group::C10G,1,113958355
concept_cpc_group,concept::CARBON PRODUCTION,cpc_group::C25B,1,113958355
concept_cpc_group,concept::CARBON PRODUCTION,cpc_group::Y02E,1,113958355
concept_cpc_group,concept::CARBON REGENERATION LAYER,cpc_group::C25B,1,116105015
concept_cpc_group,concept::CARBON SHELL,cpc_group::B01D,1,116298732
concept_cpc_group,concept::CARBON SHELL,cpc_group::B01J,1,116298732
concept_cpc_group,concept::CARBON SHELL,cpc_group::B82Y,1,116298732
concept_cpc_group,concept::CARBON SHELL,cpc_group::C25B,1,116298732
concept_cpc_group,concept::CARBON SHELL,cpc_group::Y02E,1,116298732
concept_cpc_group,concept::CARBON SHELL,cpc_group::Y02P,1,116298732
concept_cpc_group,concept::CARBONACEOUS CATALYST CARRIER,cpc_group::B01J,1,90361734
concept_cpc_group,concept::CARBONACEOUS CATALYST CARRIER,cpc_group::C25B,1,90361734
concept_cpc_group,concept::CARBONACEOUS CATALYST CARRIER,cpc_group::Y02E,1,90361734
concept_cpc_group,concept::CARBONACEOUS GAS,cpc_group::B01D,1,115547269
concept_cpc_group,concept::CARBONACEOUS GAS,cpc_group::C25B,1,115547269
concept_cpc_group,concept::CARBONATE,cpc_group::C01B,1,116476220
concept_cpc_group,concept::CARBONATE FUEL CELL,cpc_group::C01B,1,114398667
concept_cpc_group,concept::CARBONATE FUEL CELL,cpc_group::C25B,1,114398667
concept_cpc_group,concept::CARBONATE FUEL CELL,cpc_group::H01M,1,114398667
concept_cpc_group,concept::CARBONATE FUEL CELL,cpc_group::Y02E,1,114398667
concept_cpc_group,concept::CARBONATE PRECIPITATION,cpc_group::B22F,1,105758218
concept_cpc_group,concept::CARBONATE PRECIPITATION,cpc_group::C23C,1,105758218
concept_cpc_group,concept::CARBONATE PRECIPITATION,cpc_group::C25B,1,105758218
concept_cpc_group,concept::CARBONIZING CU,cpc_group::B01J,1,87032374
concept_cpc_group,concept::CARBONIZING CU,cpc_group::C25B,1,87032374
concept_cpc_group,concept::CARBONYL COMPOUND,cpc_group::C25B,1,106145261
concept_cpc_group,concept::CARBONYL COMPOUND PRODUCTION,cpc_group::C25B,1,106145261
concept_cpc_group,concept::CARBONYL COMPOUND PRODUCTION METHOD,cpc_group::C25B,1,106145261
concept_cpc_group,concept::CARBONYL DICHLORIDE,cpc_group::C01B,1,84413562
concept_cpc_group,concept::CARBONYL DICHLORIDE,cpc_group::C25B,1,84413562
concept_cpc_group,concept::CARBONYL DICHLORIDE,cpc_group::Y02E,1,84413562
concept_cpc_group,concept::CARBONYL DICHLORIDE SEPARATION,cpc_group::C01B,1,84413562
concept_cpc_group,concept::CARBONYL DICHLORIDE SEPARATION,cpc_group::C25B,1,84413562
concept_cpc_group,concept::CARBONYL DICHLORIDE SEPARATION,cpc_group::Y02E,1,84413562
concept_cpc_group,concept::CARBONYL SOURCE,cpc_group::B01J,1,117486565
concept_cpc_group,concept::CARBONYL SOURCE,cpc_group::C01B,1,117486565
concept_cpc_group,concept::CARBONYL SOURCE,cpc_group::C07C,1,117486565
concept_cpc_group,concept::CARBONYL SOURCE,cpc_group::C07F,1,117486565
concept_cpc_group,concept::CARBONYL SOURCE,cpc_group::C07J,1,117486565
concept_cpc_group,concept::CARBONYL SOURCE,cpc_group::C25B,1,117486565
concept_cpc_group,concept::CARBONYLATION PLANT,cpc_group::B01D,1,86310831
concept_cpc_group,concept::CARBONYLATION PLANT,cpc_group::C01B,1,86310831
concept_cpc_group,concept::CARBONYLATION PLANT,cpc_group::C10K,1,86310831
concept_cpc_group,concept::CARBONYLATION PLANT,cpc_group::C25B,1,86310831
concept_cpc_group,concept::CARBONYLATION PLANT,cpc_group::Y02E,1,86310831
concept_cpc_group,concept::CARBURIZATION FURNACE,cpc_group::B01D,1,101956586
concept_cpc_group,concept::CARBURIZATION FURNACE,cpc_group::C21D,1,101956586
concept_cpc_group,concept::CARBURIZATION FURNACE,cpc_group::C25B,1,101956586
concept_cpc_group,concept::CARBURIZATION FURNACE,cpc_group::F27D,1,101956586
concept_cpc_group,concept::CARBURIZATION GAS,cpc_group::B01D,1,101956586
concept_cpc_group,concept::CARBURIZATION GAS,cpc_group::C21D,1,101956586
concept_cpc_group,concept::CARBURIZATION GAS,cpc_group::C25B,1,101956586
concept_cpc_group,concept::CARBURIZATION GAS,cpc_group::F27D,1,101956586
concept_cpc_group,concept::CARBURIZATION GAS SUPPLY,cpc_group::B01D,1,101956586
concept_cpc_group,concept::CARBURIZATION GAS SUPPLY,cpc_group::C21D,1,101956586
concept_cpc_group,concept::CARBURIZATION GAS SUPPLY,cpc_group::C25B,1,101956586
concept_cpc_group,concept::CARBURIZATION GAS SUPPLY,cpc_group::F27D,1,101956586
concept_cpc_group,concept::CARBURIZATION TREATMENT,cpc_group::B01D,1,101956586
concept_cpc_group,concept::CARBURIZATION TREATMENT,cpc_group::C21D,1,101956586
concept_cpc_group,concept::CARBURIZATION TREATMENT,cpc_group::C25B,1,101956586
concept_cpc_group,concept::CARBURIZATION TREATMENT,cpc_group::F27D,1,101956586
concept_cpc_group,concept::CARRIER,cpc_group::C01B,1,106316002
concept_cpc_group,concept::CARRIER,cpc_group::C01P,1,106316002
concept_cpc_group,concept::CARRIER,cpc_group::C07B,1,110666488
concept_cpc_group,concept::CARRIER,cpc_group::C07C,1,110666488
concept_cpc_group,concept::CARRIER,cpc_group::Y02E,1,106316002
concept_cpc_group,concept::CARRIER COUPLED IRON,cpc_group::C25B,1,98667734
concept_cpc_group,concept::CARRIER GAS,cpc_group::H01M,1,108150520
concept_cpc_group,concept::CARRIER MASS,cpc_group::C07B,1,110666488
concept_cpc_group,concept::CARRIER MASS,cpc_group::C07C,1,110666488
concept_cpc_group,concept::CARRIER MASS,cpc_group::C25B,1,110666488
concept_cpc_group,concept::CARRIER MEDIUM,cpc_group::B01D,1,114628861
concept_cpc_group,concept::CARRIER MEDIUM,cpc_group::C25B,1,114628861
concept_cpc_group,concept::CARRIER MEDIUM,cpc_group::H01M,1,114628861
concept_cpc_group,concept::CARRYING OUT REDUCTION,cpc_group::C25B,1,98749181
concept_cpc_group,concept::CATALYSIS,cpc_group::C25B,1,85904334
concept_cpc_group,concept::CATALYSIS,cpc_group::C40B,1,85904334
concept_cpc_group,concept::CATALYSIS,cpc_group::H01M,1,85904334
concept_cpc_group,concept::CATALYSIS,cpc_group::Y02E,1,85904334
concept_cpc_group,concept::CATALYSIS LAYER,cpc_group::Y02E,1,100799928
concept_cpc_group,concept::CATALYST,cpc_group::B82Y,1,111220958
concept_cpc_group,concept::CATALYST,cpc_group::C07B,1,110666488
concept_cpc_group,concept::CATALYST,cpc_group::C07F,1,73827816
concept_cpc_group,concept::CATALYST,cpc_group::G01N,1,1913318
concept_cpc_group,concept::CATALYST,cpc_group::H01M,1,1913318
concept_cpc_group,concept::CATALYST,cpc_group::Y02A,1,1913318
concept_cpc_group,concept::CATALYST ATOM,cpc_group::B22F,1,115484302
concept_cpc_group,concept::CATALYST ATOM,cpc_group::B82Y,1,115484302
concept_cpc_group,concept::CATALYST ATOM,cpc_group::C01B,1,116688896
concept_cpc_group,concept::CATALYST ATOM,cpc_group::C08G,1,116688896
concept_cpc_group,concept::CATALYST ATOM,cpc_group::C09K,1,116688896
concept_cpc_group,concept::CATALYST ATOM,cpc_group::D10B,1,115484302
concept_cpc_group,concept::CATALYST ATOM,cpc_group::Y02E,1,115484302
concept_cpc_group,concept::CATALYST ATOM UTILIZATION,cpc_group::C25B,1,116709402
concept_cpc_group,concept::CATALYST CO2THE,cpc_group::C25B,1,96169624
concept_cpc_group,concept::CATALYST DEACTIVATION,cpc_group::C25B,1,116773798
concept_cpc_group,concept::CATALYST DEACTIVATION,cpc_group::H01M,1,116773798
concept_cpc_group,concept::CATALYST DEACTIVATION,cpc_group::Y02E,1,116773798
concept_cpc_group,concept::CATALYST DEVELOPMENT,cpc_group::C25B,1,112323322
concept_cpc_group,concept::CATALYST DISPERSION,cpc_group::C25B,1,113078510
concept_cpc_group,concept::CATALYST DISPERSION,cpc_group::Y02E,1,113078510
concept_cpc_group,concept::CATALYST DISPERSION LIQUID,cpc_group::C25B,1,113078510
concept_cpc_group,concept::CATALYST DISPERSION LIQUID,cpc_group::Y02E,1,113078510
concept_cpc_group,concept::CATALYST ELECTROCHEMICAL REDUCTION,cpc_group::C07F,1,73827816
concept_cpc_group,concept::CATALYST ELECTROCHEMICAL REDUCTION,cpc_group::C25B,1,73827816
concept_cpc_group,concept::CATALYST ELECTROCHEMICAL REDUCTION,cpc_group::Y02E,1,73827816
concept_cpc_group,concept::CATALYST ELECTRODE,cpc_group::C10G,1,96314074
concept_cpc_group,concept::CATALYST ELECTRODE,cpc_group::C10K,1,96314074
concept_cpc_group,concept::CATALYST ELECTRODE,cpc_group::C25B,1,96314074
concept_cpc_group,concept::CATALYST ELECTRODE,cpc_group::Y02E,1,96314074
concept_cpc_group,concept::CATALYST ELECTRODE STRUCTURE,cpc_group::C01B,1,103934571
concept_cpc_group,concept::CATALYST ELECTRODE STRUCTURE,cpc_group::C07C,1,103934571
concept_cpc_group,concept::CATALYST ELECTRODE STRUCTURE,cpc_group::C25B,1,103934571
concept_cpc_group,concept::CATALYST LAYER,cpc_group::C02F,1,72680476
concept_cpc_group,concept::CATALYST LAYER,cpc_group::C07B,1,110666488
concept_cpc_group,concept::CATALYST LAYER,cpc_group::C07C,1,110666488
concept_cpc_group,concept::CATALYST LAYER,cpc_group::C08J,1,72680476
concept_cpc_group,concept::CATALYST LAYER,cpc_group::G01N,1,72680476
concept_cpc_group,concept::CATALYST LAYER,cpc_group::H01M,1,72680476
concept_cpc_group,concept::CATALYST LAYER SURFACE,cpc_group::C25B,1,113559831
concept_cpc_group,concept::CATALYST LAYER SURFACE,cpc_group::Y02E,1,113559831
concept_cpc_group,concept::CATALYST LAYER UNIT AREA,cpc_group::B01J,1,90361734
concept_cpc_group,concept::CATALYST LAYER UNIT AREA,cpc_group::C25B,1,90361734
concept_cpc_group,concept::CATALYST LAYER UNIT AREA,cpc_group::Y02E,1,90361734
concept_cpc_group,concept::CATALYST MATERIAL,cpc_group::B01J,1,111220958
concept_cpc_group,concept::CATALYST MATERIAL,cpc_group::B82Y,1,111220958
concept_cpc_group,concept::CATALYST MATERIAL,cpc_group::C25B,1,111220958
concept_cpc_group,concept::CATALYST MICROPORE,cpc_group::C25B,1,106866991
concept_cpc_group,concept::CATALYST MOLECULE,cpc_group::C01B,1,71292352
concept_cpc_group,concept::CATALYST MOLECULE,cpc_group::C07D,1,71292352
concept_cpc_group,concept::CATALYST MOLECULE,cpc_group::C07F,1,71292352
concept_cpc_group,concept::CATALYST MOLECULE,cpc_group::H01M,1,92565798
concept_cpc_group,concept::CATALYST MOLECULE,cpc_group::Y02E,1,104791873
concept_cpc_group,concept::CATALYST PARTICLE,cpc_group::C23C,1,92032595
concept_cpc_group,concept::CATALYST PARTICLE,cpc_group::C25B,1,92032595
concept_cpc_group,concept::CATALYST PARTICLE,cpc_group::Y02P,1,92032595
concept_cpc_group,concept::CATALYST PARTICLE SIZE,cpc_group::C01B,1,106316002
concept_cpc_group,concept::CATALYST PARTICLE SIZE,cpc_group::C01P,1,106316002
concept_cpc_group,concept::CATALYST PARTICLE SIZE,cpc_group::C25B,1,106316002
concept_cpc_group,concept::CATALYST PARTICLE SIZE,cpc_group::Y02E,1,106316002
concept_cpc_group,concept::CATALYST POPULARIZATION,cpc_group::C25B,1,116709402
concept_cpc_group,concept::CATALYST PRECURSOR,cpc_group::C25B,1,112323322
concept_cpc_group,concept::CATALYST PREPARATION STRATEGY,cpc_group::B01D,1,116298732
concept_cpc_group,concept::CATALYST PREPARATION STRATEGY,cpc_group::B01J,1,116298732
concept_cpc_group,concept::CATALYST PREPARATION STRATEGY,cpc_group::B82Y,1,116298732
concept_cpc_group,concept::CATALYST PREPARATION STRATEGY,cpc_group::C25B,1,116298732
concept_cpc_group,concept::CATALYST PREPARATION STRATEGY,cpc_group::Y02E,1,116298732
concept_cpc_group,concept::CATALYST PREPARATION STRATEGY,cpc_group::Y02P,1,116298732
concept_cpc_group,concept::CATALYST PRODUCTION,cpc_group::B01D,1,86310831
concept_cpc_group,concept::CATALYST PRODUCTION,cpc_group::C01B,1,86310831
concept_cpc_group,concept::CATALYST PRODUCTION,cpc_group::C10K,1,86310831
concept_cpc_group,concept::CATALYST PRODUCTION,cpc_group::C25B,1,86310831
concept_cpc_group,concept::CATALYST PRODUCTION,cpc_group::Y02E,1,86310831
concept_cpc_group,concept::CATALYST PRODUCTIVITY,cpc_group::C25B,1,110888177
concept_cpc_group,concept::CATALYST REACTOR,cpc_group::C07C,1,107089672
concept_cpc_group,concept::CATALYST REACTOR,cpc_group::C25B,1,107089672
concept_cpc_group,concept::CATALYST SUPPORT,cpc_group::B01J,1,90361734
concept_cpc_group,concept::CATALYST SUPPORT,cpc_group::C25B,1,90361734
concept_cpc_group,concept::CATALYST SUPPORT,cpc_group::Y02E,1,90361734
concept_cpc_group,concept::CATALYTIC BATTERY,cpc_group::C25B,1,114887582
concept_cpc_group,concept::CATALYTIC BATTERY,cpc_group::Y02E,1,114887582
concept_cpc_group,concept::CATALYTIC CONVERSION SELECTIVITY,cpc_group::C25B,1,108739790
concept_cpc_group,concept::CATALYTIC ELECTRODE,cpc_group::C25B,1,116434365
concept_cpc_group,concept::CATALYTIC LAYER,cpc_group::C25B,1,116720313
concept_cpc_group,concept::CATALYTIC MATERIAL,cpc_group::C08G,1,117641010
concept_cpc_group,concept::CATALYTIC MATERIAL,cpc_group::C08J,1,117641010
concept_cpc_group,concept::CATALYTIC MATERIAL,cpc_group::C25B,1,117641010
concept_cpc_group,concept::CATALYTIC MATERIAL,cpc_group::H01M,1,117641010
concept_cpc_group,concept::CATALYTIC METAL,cpc_group::B01J,1,98849845
concept_cpc_group,concept::CATALYTIC METAL,cpc_group::C07C,1,98849845
concept_cpc_group,concept::CATALYTIC METAL,cpc_group::C25B,1,98849845
concept_cpc_group,concept::CATALYTIC PERFORMANCE,cpc_group::B01D,1,116298732
concept_cpc_group,concept::CATALYTIC PERFORMANCE,cpc_group::B01J,1,116298732
concept_cpc_group,concept::CATALYTIC PERFORMANCE,cpc_group::B82Y,1,116298732
concept_cpc_group,concept::CATALYTIC PERFORMANCE,cpc_group::Y02E,1,116298732
concept_cpc_group,concept::CATALYTIC PERFORMANCE,cpc_group::Y02P,1,116298732
concept_cpc_group,concept::CATALYTIC PHOTOCATALYTIC,cpc_group::B01D,1,102493599
concept_cpc_group,concept::CATALYTIC REACTOR,cpc_group::C07C,1,67597001
concept_cpc_group,concept::CATALYTIC REACTOR,cpc_group::C10G,1,67597001
concept_cpc_group,concept::CATALYTIC REACTOR,cpc_group::C25B,1,67597001
concept_cpc_group,concept::CATALYTIC REACTOR,cpc_group::H01M,1,67597001
concept_cpc_group,concept::CATALYTIC REACTOR,cpc_group::Y02E,1,67597001
concept_cpc_group,concept::CATALYTIC REACTOR,cpc_group::Y02P,1,67597001
concept_cpc_group,concept::CATALYTIC REDUCTION,cpc_group::C25B,1,110082631
concept_cpc_group,concept::CATALYZING ELECTROCHEMICAL REDOX REACTION,cpc_group::C25B,1,85904334
concept_cpc_group,concept::CATALYZING ELECTROCHEMICAL REDOX REACTION,cpc_group::C40B,1,85904334
concept_cpc_group,concept::CATALYZING ELECTROCHEMICAL REDOX REACTION,cpc_group::H01M,1,85904334
concept_cpc_group,concept::CATALYZING ELECTROCHEMICAL REDOX REACTION,cpc_group::Y02E,1,85904334
concept_cpc_group,concept::CATALYZING ELECTROCHEMICAL REDUCTION,cpc_group::C25B,1,108739790
concept_cpc_group,concept::CATHODE ANODE CIRCULATING TANK,cpc_group::C25B,1,115590122
concept_cpc_group,concept::CATHODE ANODE COMPOSITE PLATE,cpc_group::C25B,1,116440098
concept_cpc_group,concept::CATHODE CATALYST INK,cpc_group::B22F,1,109766128
concept_cpc_group,concept::CATHODE CATALYST INK,cpc_group::B82Y,1,109766128
concept_cpc_group,concept::CATHODE CATALYST INK,cpc_group::C25B,1,109766128
concept_cpc_group,concept::CATHODE CATALYST LAYER,cpc_group::C25B,1,108896443
concept_cpc_group,concept::CATHODE CATALYST LAYER,cpc_group::Y02E,1,108896443
concept_cpc_group,concept::CATHODE CELL,cpc_group::C25B,1,110082631
concept_cpc_group,concept::CATHODE CHAMBER,cpc_group::B01J,1,83691812
concept_cpc_group,concept::CATHODE CHAMBER,cpc_group::B82Y,1,116876860
concept_cpc_group,concept::CATHODE CHAMBER,cpc_group::C23C,1,116876860
concept_cpc_group,concept::CATHODE CHAMBER,cpc_group::H01M,1,14919739
concept_cpc_group,concept::CATHODE CHANNEL,cpc_group::C25B,1,101064694
concept_cpc_group,concept::CATHODE CHANNEL,cpc_group::Y02E,1,101064694
concept_cpc_group,concept::CATHODE COEXISTENCE CHAMBER,cpc_group::C25B,1,110503287
concept_cpc_group,concept::CATHODE COEXISTENCE CHAMBER,cpc_group::Y02E,1,110503287
concept_cpc_group,concept::CATHODE COMPARTMENT,cpc_group::B01D,1,116181184
concept_cpc_group,concept::CATHODE COMPARTMENT,cpc_group::B01J,1,78510702
concept_cpc_group,concept::CATHODE COMPARTMENT,cpc_group::C07D,1,78510702
concept_cpc_group,concept::CATHODE COMPARTMENT,cpc_group::C07F,1,78510702
concept_cpc_group,concept::CATHODE COMPARTMENT,cpc_group::C22B,1,102038550
concept_cpc_group,concept::CATHODE COMPARTMENT,cpc_group::C25C,1,102038550
concept_cpc_group,concept::CATHODE COMPARTMENT,cpc_group::H01M,1,87171430
concept_cpc_group,concept::CATHODE ELECTRODE,cpc_group::B01D,1,101368053
concept_cpc_group,concept::CATHODE ELECTRODE,cpc_group::B01J,1,101368053
concept_cpc_group,concept::CATHODE ELECTRODE,cpc_group::C01B,1,101368053
concept_cpc_group,concept::CATHODE ELECTRODE,cpc_group::C07C,1,101368053
concept_cpc_group,concept::CATHODE ELECTRODE,cpc_group::C22C,1,101368053
concept_cpc_group,concept::CATHODE ELECTRODE TAB,cpc_group::C25B,1,108401777
concept_cpc_group,concept::CATHODE ELECTROLYTE FLOWING,cpc_group::C25B,1,108401777
concept_cpc_group,concept::CATHODE ELECTROLYTE SOLUTION,cpc_group::C25B,1,92464691
concept_cpc_group,concept::CATHODE ELECTROLYTIC CELL,cpc_group::C25B,1,110082631
concept_cpc_group,concept::CATHODE ELECTRON CONDUCTOR,cpc_group::C25B,1,114777530
concept_cpc_group,concept::CATHODE FLOW,cpc_group::C25B,1,101064694
concept_cpc_group,concept::CATHODE FLOW,cpc_group::Y02E,1,101064694
concept_cpc_group,concept::CATHODE FLOW FIELD,cpc_group::C25B,1,101064694
concept_cpc_group,concept::CATHODE FLOW FIELD,cpc_group::Y02E,1,101064694
concept_cpc_group,concept::CATHODE FLOW PATH,cpc_group::C07C,1,87919517
concept_cpc_group,concept::CATHODE FLOW PATH,cpc_group::G01N,1,87919517
concept_cpc_group,concept::CATHODE FLUID,cpc_group::C25B,1,111493428
concept_cpc_group,concept::CATHODE GAS CHAMBER,cpc_group::C25B,1,93813175
concept_cpc_group,concept::CATHODE GAS DIFFUSION ELECTRODE,cpc_group::C25B,1,93813175
concept_cpc_group,concept::CATHODE HALF SHELL,cpc_group::C25B,1,87991721
concept_cpc_group,concept::CATHODE HALF SHELL,cpc_group::Y02P,1,87991721
concept_cpc_group,concept::CATHODE INLET,cpc_group::Y02E,1,101064694
concept_cpc_group,concept::CATHODE LAYER,cpc_group::H01M,1,108150520
concept_cpc_group,concept::CATHODE LAYER,cpc_group::Y02E,1,100799928
concept_cpc_group,concept::CATHODE LIQUID,cpc_group::C25B,1,87991721
concept_cpc_group,concept::CATHODE LIQUID,cpc_group::Y02P,1,87991721
concept_cpc_group,concept::CATHODE LIQUID INLET,cpc_group::C25B,1,87991721
concept_cpc_group,concept::CATHODE LIQUID INLET,cpc_group::Y02P,1,87991721
concept_cpc_group,concept::CATHODE LIQUID PASSAGE,cpc_group::C25B,1,87991721
concept_cpc_group,concept::CATHODE LIQUID PASSAGE,cpc_group::Y02P,1,87991721
concept_cpc_group,concept::CATHODE MANUFACTURE,cpc_group::C25B,1,114240811
concept_cpc_group,concept::CATHODE MEMBRANE ELECTRODE,cpc_group::C25B,1,115136805
concept_cpc_group,concept::CATHODE OUTLET,cpc_group::Y02E,1,101064694
concept_cpc_group,concept::CATHODE PASSAGE,cpc_group::C25B,1,106586888
concept_cpc_group,concept::CATHODE PLATE,cpc_group::C25B,1,108401777
concept_cpc_group,concept::CATHODE PRODUCTION,cpc_group::C25B,1,114240811
concept_cpc_group,concept::CATHODE RUNNER,cpc_group::C25B,1,108401777
concept_cpc_group,concept::CATHODE SECTION,cpc_group::C25B,1,108863955
concept_cpc_group,concept::CATHODE SHELL,cpc_group::C25B,1,106672290
concept_cpc_group,concept::CATHODE SIDE,cpc_group::B01D,1,106991476
concept_cpc_group,concept::CATHODE SIDE,cpc_group::C04B,1,95617533
concept_cpc_group,concept::CATHODE SIDE,cpc_group::F23L,1,95617533
concept_cpc_group,concept::CATHODE SIDE,cpc_group::Y02P,1,95617533
concept_cpc_group,concept::CATHODE SOLUTION,cpc_group::C07C,1,81302402
concept_cpc_group,concept::CATHODE SOLUTION,cpc_group::C25B,1,81302402
concept_cpc_group,concept::CATHODE SOLUTION,cpc_group::Y02E,1,81302402
concept_cpc_group,concept::CATHODE SPACING,cpc_group::C01B,1,92569265
concept_cpc_group,concept::CATHODE SPACING,cpc_group::C12M,1,75262842
concept_cpc_group,concept::CATHODE SPACING,cpc_group::Y02P,1,91085959
concept_cpc_group,concept::CATHODE SUBSPACE,cpc_group::C01B,1,92569265
concept_cpc_group,concept::CATHODE SUBSPACE,cpc_group::Y02E,1,77244658
concept_cpc_group,concept::CATHODE TURNTABLE,cpc_group::C25B,1,114777530
concept_cpc_group,concept::CATHODE VICINITY,cpc_group::C25B,1,86130749
concept_cpc_group,concept::CATHODE VICINITY,cpc_group::Y02E,1,86130749
concept_cpc_group,concept::CATHODIC HYDROGEN EVOLUTION,cpc_group::C25B,1,115136805
concept_cpc_group,concept::CATHOLYTE,cpc_group::C01B,1,116476220
concept_cpc_group,concept::CATHOLYTE,cpc_group::C12M,1,75262842
concept_cpc_group,concept::CATHOLYTE,cpc_group::Y02E,1,75262842
concept_cpc_group,concept::CATHOLYTE CAVITY,cpc_group::C25B,1,105486835
concept_cpc_group,concept::CATHOLYTE CHAMBER,cpc_group::Y02P,1,117651217
concept_cpc_group,concept::CATHOLYTE CIRCUIT,cpc_group::C12M,1,75262842
concept_cpc_group,concept::CATHOLYTE CIRCUIT,cpc_group::C25B,1,75262842
concept_cpc_group,concept::CATHOLYTE CIRCUIT,cpc_group::Y02E,1,75262842
concept_cpc_group,concept::CATHOLYTE CIRCULATION SUBSYSTEM,cpc_group::Y02P,1,117651217
concept_cpc_group,concept::CATHOLYTE PH,cpc_group::C25B,1,104933063
concept_cpc_group,concept::CATHOLYTE PH,cpc_group::C25C,1,104933063
concept_cpc_group,concept::CATHOLYTE PH,cpc_group::C25D,1,104933063
concept_cpc_group,concept::CATION,cpc_group::C25B,1,101871166
concept_cpc_group,concept::CATION PERMEABLE MEMBRANE,cpc_group::C25B,1,77856556
concept_cpc_group,concept::CATION PERMEATION LAYER,cpc_group::C25B,1,105028031
concept_cpc_group,concept::CATION SEPARATION MEMBRANE,cpc_group::C25B,1,112678154
concept_cpc_group,concept::CATIONIC MEMBRANE,cpc_group::C25B,1,113078510
concept_cpc_group,concept::CATIONIC MEMBRANE,cpc_group::Y02E,1,113078510
concept_cpc_group,concept::CCH AMINE COMPLEX,cpc_group::B01D,1,116181184
concept_cpc_group,concept::CCH AMINE COMPLEX,cpc_group::C25B,1,116181184
concept_cpc_group,concept::CCH ELECTROLYSIS STACK,cpc_group::C25B,1,97217510
concept_cpc_group,concept::CCH ELECTROLYSIS STACK,cpc_group::Y02E,1,97217510
concept_cpc_group,concept::CELL,cpc_group::H01M,1,83256656
concept_cpc_group,concept::CELL,cpc_group::Y02P,1,85684691
concept_cpc_group,concept::CELL STACK,cpc_group::C25B,1,101955362
concept_cpc_group,concept::CELL STACK,cpc_group::Y02E,1,101955362
concept_cpc_group,concept::CERAMIC CHAMBER,cpc_group::C25B,1,111147448
concept_cpc_group,concept::CERAMIC COMPONENT,cpc_group::C25B,1,79824105
concept_cpc_group,concept::CERAMIC COMPONENT,cpc_group::G01N,1,79824105
concept_cpc_group,concept::CERAMIC COMPONENT,cpc_group::H01M,1,79824105
concept_cpc_group,concept::CERAMIC COMPONENT,cpc_group::Y02E,1,79824105
concept_cpc_group,concept::CERIUM OXIDE,cpc_group::C25B,1,79824105
concept_cpc_group,concept::CERIUM OXIDE,cpc_group::G01N,1,79824105
concept_cpc_group,concept::CERIUM OXIDE,cpc_group::H01M,1,79824105
concept_cpc_group,concept::CERIUM OXIDE,cpc_group::Y02E,1,79824105
concept_cpc_group,concept::CERMET LAYER,cpc_group::C25B,1,118083135
concept_cpc_group,concept::CERMET LAYER,cpc_group::H01M,1,118083135
concept_cpc_group,concept::CERMET LAYER,cpc_group::Y02E,1,118083135
concept_cpc_group,concept::CERMET LAYER,cpc_group::Y02P,1,118083135
concept_cpc_group,concept::CESIUM HYDROGEN CARBONATE,cpc_group::C25B,1,93172692
concept_cpc_group,concept::CESIUM HYDROGEN CARBONATE,cpc_group::Y02E,1,93172692
concept_cpc_group,concept::CESIUM HYDROGEN CARBONATE,cpc_group::Y02P,1,93172692
concept_cpc_group,concept::CHAMBER,cpc_group::C07C,1,67597001
concept_cpc_group,concept::CHAMBER,cpc_group::C10G,1,67597001
concept_cpc_group,concept::CHAMBER,cpc_group::C25B,1,67597001
concept_cpc_group,concept::CHAMBER,cpc_group::H01M,1,67597001
concept_cpc_group,concept::CHAMBER,cpc_group::Y02E,1,67597001
concept_cpc_group,concept::CHAMBER,cpc_group::Y02P,1,67597001
concept_cpc_group,concept::CHAMBER DIAPHRAGM ELECTROLYSIS,cpc_group::C25B,1,88204087
concept_cpc_group,concept::CHAMBER ELECTROLYTIC CELL,cpc_group::C25B,1,114887582
concept_cpc_group,concept::CHAMBER ELECTROLYTIC CELL,cpc_group::Y02E,1,114887582
concept_cpc_group,concept::CHAMBER SEPARATION,cpc_group::C25B,1,112473553
concept_cpc_group,concept::CHEAP PRICE,cpc_group::B22F,1,109766128
concept_cpc_group,concept::CHEAP PRICE,cpc_group::B82Y,1,109766128
concept_cpc_group,concept::CHEAP PRICE,cpc_group::C25B,1,109766128
concept_cpc_group,concept::CHEMICAL CELL,cpc_group::C23C,1,92032595
concept_cpc_group,concept::CHEMICAL CELL,cpc_group::C25B,1,92032595
concept_cpc_group,concept::CHEMICAL CELL,cpc_group::Y02P,1,92032595
concept_cpc_group,concept::CHEMICAL CELL ELECTRODE,cpc_group::C23C,1,92032595
concept_cpc_group,concept::CHEMICAL CELL ELECTRODE,cpc_group::C25B,1,92032595
concept_cpc_group,concept::CHEMICAL CELL ELECTRODE,cpc_group::Y02P,1,92032595
concept_cpc_group,concept::CHEMICAL FORMULA,cpc_group::B01J,1,104997454
concept_cpc_group,concept::CHEMICAL LABORATORY,cpc_group::C25B,1,44789699
concept_cpc_group,concept::CHEMICAL REACTION PRODUCT,cpc_group::B01D,1,1913318
concept_cpc_group,concept::CHEMICAL REACTION PRODUCT,cpc_group::B01J,1,1913318
concept_cpc_group,concept::CHEMICAL REACTION PRODUCT,cpc_group::C01B,1,1913318
concept_cpc_group,concept::CHEMICAL REACTION PRODUCT,cpc_group::C07C,1,1913318
concept_cpc_group,concept::CHEMICAL REACTION PRODUCT,cpc_group::C25B,1,1913318
concept_cpc_group,concept::CHEMICAL REACTION PRODUCT,cpc_group::G01N,1,1913318
concept_cpc_group,concept::CHEMICAL REACTION PRODUCT,cpc_group::H01M,1,1913318
concept_cpc_group,concept::CHEMICAL REACTION PRODUCT,cpc_group::Y02A,1,1913318
concept_cpc_group,concept::CHEMICAL REACTION PRODUCT,cpc_group::Y02E,1,1913318
concept_cpc_group,concept::CHEMICAL REACTION PRODUCT,cpc_group::Y02P,1,1913318
concept_cpc_group,concept::CHLORIDE CO2COMBINED ELECTROLYSIS,cpc_group::C01B,1,84413562
concept_cpc_group,concept::CHLORIDE CO2COMBINED ELECTROLYSIS,cpc_group::C25B,1,84413562
concept_cpc_group,concept::CHLORIDE CO2COMBINED ELECTROLYSIS,cpc_group::Y02E,1,84413562
concept_cpc_group,concept::CHLORIDE COELECTROLYSIS,cpc_group::C25B,1,98749181
concept_cpc_group,concept::CHLORIDE ELECTROLYSIS,cpc_group::C01B,1,84413562
concept_cpc_group,concept::CHLORIDE ELECTROLYSIS,cpc_group::C25B,1,84413562
concept_cpc_group,concept::CHLORIDE ELECTROLYSIS,cpc_group::Y02E,1,84413562
concept_cpc_group,concept::CHLORIDE ELECTROOXIDATION COUPLING,cpc_group::C25B,1,111363754
concept_cpc_group,concept::CHLORIDE REDUCTION COELECTROLYSIS,cpc_group::C25B,1,98749181
concept_cpc_group,concept::CHLORINE,cpc_group::C01D,1,98505907
concept_cpc_group,concept::CHLORINE PRODUCTION,cpc_group::C25B,1,98164251
concept_cpc_group,concept::CHLORO ALKALINE ELECTROLYSIS,cpc_group::C25B,1,82742757
concept_cpc_group,concept::CI CS ALKENYL GROUP,cpc_group::B01J,1,92565798
concept_cpc_group,concept::CI CS ALKENYL GROUP,cpc_group::C25B,1,92565798
concept_cpc_group,concept::CI CS ALKENYL GROUP,cpc_group::H01M,1,92565798
concept_cpc_group,concept::CIRCULAR PROTRUSION,cpc_group::C25B,1,108163425
concept_cpc_group,concept::CIRCULATION FLOW PATH,cpc_group::C25B,1,87919716
concept_cpc_group,concept::CIRCULATION FLOW PATH,cpc_group::Y02E,1,87919716
concept_cpc_group,concept::CLEANING MEDIUM,cpc_group::C25B,1,71609954
concept_cpc_group,concept::CLEANING MEDIUM,cpc_group::Y02E,1,71609954
concept_cpc_group,concept::CLOSED BEND,cpc_group::C25B,1,111147448
concept_cpc_group,concept::CLOUD,cpc_group::C25B,1,108863955
concept_cpc_group,concept::CO ELECTROLYZER,cpc_group::C25B,1,96823449
concept_cpc_group,concept::CO ELECTROLYZER,cpc_group::Y02E,1,96823449
concept_cpc_group,concept::CO ELECTROLYZER,cpc_group::Y02P,1,96823449
concept_cpc_group,concept::CO H,cpc_group::C07F,1,73827816
concept_cpc_group,concept::CO H,cpc_group::C25B,1,73827816
concept_cpc_group,concept::CO H,cpc_group::Y02E,1,73827816
concept_cpc_group,concept::CO2 ABSORBER,cpc_group::C25B,1,98666426
concept_cpc_group,concept::CO2 ABSORBER,cpc_group::Y02E,1,98666426
concept_cpc_group,concept::CO2 ABSORBER,cpc_group::Y02P,1,98666426
concept_cpc_group,concept::CO2 CAPTURE,cpc_group::H01M,1,114628861
concept_cpc_group,concept::CO2 CAPTURE SUBSYSTEM,cpc_group::C25B,1,100554181
concept_cpc_group,concept::CO2 DECOMPOSITION,cpc_group::C25B,1,44441678
concept_cpc_group,concept::CO2 DECOMPOSITION,cpc_group::Y02E,1,44441678
concept_cpc_group,concept::CO2 ELECTRIC REDUCTION,cpc_group::B22F,1,109766128
concept_cpc_group,concept::CO2 ELECTRIC REDUCTION,cpc_group::B82Y,1,109766128
concept_cpc_group,concept::CO2 ELECTRIC REDUCTION,cpc_group::C25B,1,109766128
concept_cpc_group,concept::CO2 ELECTROCATALYTIC REDUCTION,cpc_group::C01B,1,115039917
concept_cpc_group,concept::CO2 ELECTROCATALYTIC REDUCTION,cpc_group::C25B,1,115039917
concept_cpc_group,concept::CO2 ELECTROCHEMCIAL REDUCTION,cpc_group::B01J,1,68986421
concept_cpc_group,concept::CO2 ELECTROCHEMCIAL REDUCTION,cpc_group::C25B,1,68986421
concept_cpc_group,concept::CO2 ELECTROCHEMICAL REDUCTION,cpc_group::C01B,1,71292352
concept_cpc_group,concept::CO2 ELECTROCHEMICAL REDUCTION,cpc_group::C07D,1,71292352
concept_cpc_group,concept::CO2 ELECTROCHEMICAL REDUCTION,cpc_group::C07F,1,71292352
concept_cpc_group,concept::CO2 ELECTROLYSIS,cpc_group::B82Y,1,115109027
concept_cpc_group,concept::CO2 ELECTROLYSIS,cpc_group::C07C,1,64469752
concept_cpc_group,concept::CO2 ELECTROLYSIS,cpc_group::C08J,1,109306159
concept_cpc_group,concept::CO2 ELECTROLYSIS,cpc_group::H01M,1,109306159
concept_cpc_group,concept::CO2 ELECTROLYSIS STACK,cpc_group::C25B,1,97217510
concept_cpc_group,concept::CO2 ELECTROLYSIS STACK,cpc_group::Y02E,1,97217510
concept_cpc_group,concept::CO2 ELECTROLYTIC DEVICE,cpc_group::Y02E,1,96823449
concept_cpc_group,concept::CO2 ELECTROLYTIC DEVICE,cpc_group::Y02P,1,96823449
concept_cpc_group,concept::CO2 ELECTROLYTIC TANK,cpc_group::B01J,1,79681795
concept_cpc_group,concept::CO2 ELECTROLYTIC TANK,cpc_group::C07C,1,79681795
concept_cpc_group,concept::CO2 ELECTROLYTIC TANK,cpc_group::C10G,1,79681795
concept_cpc_group,concept::CO2 ELECTROLYTIC TANK,cpc_group::C25B,1,79681795
concept_cpc_group,concept::CO2 ELECTROLYTIC TANK,cpc_group::Y02E,1,79681795
concept_cpc_group,concept::CO2 ELECTROLYTIC TANK,cpc_group::Y02P,1,79681795
concept_cpc_group,concept::CO2 ELECTROLYZER,cpc_group::B01J,1,79681795
concept_cpc_group,concept::CO2 ELECTROLYZER,cpc_group::C07C,1,79681795
concept_cpc_group,concept::CO2 EMISSION,cpc_group::C25B,1,111953180
concept_cpc_group,concept::CO2 MITIGATION,cpc_group::B01D,1,115547269
concept_cpc_group,concept::CO2 MITIGATION,cpc_group::C25B,1,115547269
concept_cpc_group,concept::CO2 NEUTRAL,cpc_group::C25B,1,44441678
concept_cpc_group,concept::CO2 NEUTRAL,cpc_group::Y02E,1,44441678
concept_cpc_group,concept::CO2 OUTLET GAS,cpc_group::F01K,1,7846740
concept_cpc_group,concept::CO2 OUTLET GAS,cpc_group::F02C,1,7846740
concept_cpc_group,concept::CO2 OUTLET GAS,cpc_group::H02K,1,7846740
concept_cpc_group,concept::CO2 OUTLET GAS,cpc_group::Y02E,1,7846740
concept_cpc_group,concept::CO2 REACTION,cpc_group::C25B,1,96701999
concept_cpc_group,concept::CO2 REACTION ELECTROCATALYTIC REDUCTION,cpc_group::C25B,1,96701999
concept_cpc_group,concept::CO2 SYNCHRONOUS CONVERSION,cpc_group::C25B,1,100554181
concept_cpc_group,concept::CO2 TARGETED ELECTROCHEMICAL UTILIZATION,cpc_group::C25B,1,87171527
concept_cpc_group,concept::CO2 TRAPPING,cpc_group::C25B,1,100554181
concept_cpc_group,concept::CO2A,cpc_group::C25B,1,98314273
concept_cpc_group,concept::CO2A,cpc_group::Y02E,1,98314273
concept_cpc_group,concept::CO2A,cpc_group::Y02P,1,98314273
concept_cpc_group,concept::CO2AN,cpc_group::C01B,1,85758108
concept_cpc_group,concept::CO2AN,cpc_group::C25B,1,85758108
concept_cpc_group,concept::CO2AN,cpc_group::Y02E,1,85758108
concept_cpc_group,concept::CO2AN,cpc_group::Y02P,1,85758108
concept_cpc_group,concept::CO2AN ELECTROLYTE CHAMBER,cpc_group::C25B,1,86637940
concept_cpc_group,concept::CO2AND ELECTROREDUCTION,cpc_group::C25B,1,96169624
concept_cpc_group,concept::CO2CATALYTIC REDUCTION,cpc_group::C25B,1,110082631
concept_cpc_group,concept::CO2CU AG NANO CATALYST,cpc_group::C22C,1,110304393
concept_cpc_group,concept::CO2CU AG NANO CATALYST,cpc_group::C25B,1,110304393
concept_cpc_group,concept::CO2ELECTROLYTIC SOLID OXIDE,cpc_group::B01J,1,89672842
concept_cpc_group,concept::CO2ELECTROLYTIC SOLID OXIDE,cpc_group::B22F,1,89672842
concept_cpc_group,concept::CO2ELECTROLYTIC SOLID OXIDE,cpc_group::B82Y,1,89672842
concept_cpc_group,concept::CO2ELECTROLYTIC SOLID OXIDE,cpc_group::C25B,1,89672842
concept_cpc_group,concept::CO2ELECTROREDUCTION REACTION,cpc_group::Y02P,1,117651217
concept_cpc_group,concept::CO2FLOWABLE ANION EXCHANGER PACKING,cpc_group::C25B,1,85011701
concept_cpc_group,concept::CO2INTEGRATED PURIFICATION CATALYSIS,cpc_group::B01D,1,111204819
concept_cpc_group,concept::CO2INTEGRATED PURIFICATION CATALYSIS,cpc_group::C01B,1,111204819
concept_cpc_group,concept::CO2INTEGRATED PURIFICATION CATALYSIS,cpc_group::C25B,1,111204819
concept_cpc_group,concept::CO2LAYS ELECTROREDUCTION,cpc_group::C25B,1,96169624
concept_cpc_group,concept::CO2RR,cpc_group::C25B,1,107278856
concept_cpc_group,concept::CO2RR ELECTROCATALYSIS,cpc_group::C25B,1,111953180
concept_cpc_group,concept::CO2RR ELECTROCHEMICAL CELL,cpc_group::C25B,1,107278856
concept_cpc_group,concept::CO2THE ABSORBENT,cpc_group::C25B,1,98666426
concept_cpc_group,concept::CO2THE ABSORBENT,cpc_group::Y02E,1,98666426
concept_cpc_group,concept::CO2THE ABSORBENT,cpc_group::Y02P,1,98666426
concept_cpc_group,concept::CO2THE CATALYST,cpc_group::C25B,1,96169624
concept_cpc_group,concept::CO2THE CATALYST ELECTROREDUCTION,cpc_group::C25B,1,96169624
concept_cpc_group,concept::CO2THE CONVERSION ELECTROREDUCTION,cpc_group::B01J,1,89550408
concept_cpc_group,concept::CO2THE CONVERSION ELECTROREDUCTION,cpc_group::C25B,1,89550408
concept_cpc_group,concept::CO2THE ELECTROLYTE CAVITY,cpc_group::C25B,1,86637940
concept_cpc_group,concept::CO2THE REDUCTION,cpc_group::C25B,1,100427008
concept_cpc_group,concept::COAL,cpc_group::B01J,1,96729039
concept_cpc_group,concept::COAL,cpc_group::C01B,1,96729039
concept_cpc_group,concept::COAL,cpc_group::C10B,1,96729039
concept_cpc_group,concept::COAL,cpc_group::C12M,1,75262842
concept_cpc_group,concept::COAL,cpc_group::C25B,1,75262842
concept_cpc_group,concept::COAL,cpc_group::Y02E,1,75262842
concept_cpc_group,concept::COAL FIRED FLUE GAS,cpc_group::B01D,1,111204819
concept_cpc_group,concept::COAL FIRED FLUE GAS,cpc_group::C01B,1,111204819
concept_cpc_group,concept::COAL FIRED FLUE GAS,cpc_group::C25B,1,111204819
concept_cpc_group,concept::COAL GASIFICATION,cpc_group::C07C,1,100224447
concept_cpc_group,concept::COAL GASIFICATION,cpc_group::C25B,1,100224447
concept_cpc_group,concept::COAL GASIFICATION,cpc_group::Y02P,1,100224447
concept_cpc_group,concept::COATING,cpc_group::C25B,1,113645537
concept_cpc_group,concept::COATING LAYER,cpc_group::C25B,1,113645537
concept_cpc_group,concept::COBALT MOLECULAR COMPLEX,cpc_group::C25B,1,92464691
concept_cpc_group,concept::COBALT PEROVSKITE,cpc_group::B82Y,1,115109027
concept_cpc_group,concept::COBALT PEROVSKITE,cpc_group::C25B,1,115109027
concept_cpc_group,concept::COBALT PEROVSKITE,cpc_group::Y02E,1,115109027
concept_cpc_group,concept::COBALT PHTHALOCYANINE,cpc_group::C10L,1,105555372
concept_cpc_group,concept::COBALT PHTHALOCYANINE,cpc_group::C25B,1,105555372
concept_cpc_group,concept::COBALT PHTHALOCYANINE,cpc_group::Y02A,1,105555372
concept_cpc_group,concept::COBALT PHTHALOCYANINE CATALYST,cpc_group::C01B,1,116476220
concept_cpc_group,concept::COBALT PHTHALOCYANINE CATALYST,cpc_group::C25B,1,116476220
concept_cpc_group,concept::COBALT PHTHALOCYANINE CATALYST INK,cpc_group::C10L,1,105555372
concept_cpc_group,concept::COBALT PHTHALOCYANINE CATALYST INK,cpc_group::C25B,1,105555372
concept_cpc_group,concept::COBALT PHTHALOCYANINE CATALYST INK,cpc_group::Y02A,1,105555372
concept_cpc_group,concept::COBALTITE PEROVSKITE,cpc_group::B82Y,1,115109027
concept_cpc_group,concept::COBALTITE PEROVSKITE,cpc_group::C25B,1,115109027
concept_cpc_group,concept::COBALTITE PEROVSKITE,cpc_group::Y02E,1,115109027
concept_cpc_group,concept::COCONTAINING ELECTRODE,cpc_group::C25B,1,114398668
concept_cpc_group,concept::COCONTAINING ELECTRODE,cpc_group::Y02E,1,114398668
concept_cpc_group,concept::CODOPED CARBON CATALYST,cpc_group::C25B,1,101562974
concept_cpc_group,concept::CODOPED CARBON CATALYST,cpc_group::Y02E,1,101562974
concept_cpc_group,concept::CODOPED NI MONOATOMIC CATALYST,cpc_group::C25B,1,108569271
concept_cpc_group,concept::COELECTROLYSIS,cpc_group::B01J,1,104127510
concept_cpc_group,concept::COELECTROLYSIS,cpc_group::C10L,1,104127510
concept_cpc_group,concept::COELECTROLYSIS,cpc_group::H02J,1,94787837
concept_cpc_group,concept::COELECTROLYSIS,cpc_group::Y02E,1,94787837
concept_cpc_group,concept::COELECTROLYSIS,cpc_group::Y02P,1,94787837
concept_cpc_group,concept::COELECTROLYSIS CATHODE,cpc_group::C25B,1,105486835
concept_cpc_group,concept::COELECTROLYSIS CELL,cpc_group::H01M,1,83256656
concept_cpc_group,concept::COELECTROLYSIS MODULE,cpc_group::C01B,1,74496528
concept_cpc_group,concept::COELECTROLYSIS MODULE,cpc_group::C25B,1,74496528
concept_cpc_group,concept::COELECTROLYSIS MODULE,cpc_group::G05D,1,74496528
concept_cpc_group,concept::COELECTROLYSIS MODULE,cpc_group::Y02E,1,74496528
concept_cpc_group,concept::COELECTROLYSIS REACTOR,cpc_group::C10L,1,84993693
concept_cpc_group,concept::COELECTROLYSIS REACTOR,cpc_group::C25B,1,84993693
concept_cpc_group,concept::COELECTROLYSIS REACTOR,cpc_group::Y02E,1,84993693
concept_cpc_group,concept::COELECTROLYSIS REACTOR,cpc_group::Y02P,1,84993693
concept_cpc_group,concept::COELECTROLYSIS STACK,cpc_group::C25B,1,97217510
concept_cpc_group,concept::COELECTROLYSIS STACK,cpc_group::Y02E,1,97217510
concept_cpc_group,concept::COELECTROLYSIS TANK,cpc_group::C25B,1,88193055
concept_cpc_group,concept::COELECTROLYSIS TANK,cpc_group::Y02E,1,88193055
concept_cpc_group,concept::COELECTROLYTIC,cpc_group::B01J,1,104127510
concept_cpc_group,concept::COELECTROLYTIC,cpc_group::C10L,1,104127510
concept_cpc_group,concept::COELECTROLYTIC,cpc_group::Y02E,1,96823449
concept_cpc_group,concept::COELECTROLYTIC,cpc_group::Y02P,1,96823449
concept_cpc_group,concept::COELECTROLYTIC CELL,cpc_group::C25B,1,88193055
concept_cpc_group,concept::COELECTROLYTIC CELL,cpc_group::Y02E,1,88193055
concept_cpc_group,concept::COELECTROLYTIC REACTOR,cpc_group::C10L,1,84993693
concept_cpc_group,concept::COELECTROLYTIC REACTOR,cpc_group::C25B,1,84993693
concept_cpc_group,concept::COELECTROLYTIC REACTOR,cpc_group::Y02E,1,84993693
concept_cpc_group,concept::COELECTROLYTIC REACTOR,cpc_group::Y02P,1,84993693
concept_cpc_group,concept::COELECTROLYZING,cpc_group::C25B,1,96823449
concept_cpc_group,concept::COELECTROLYZING,cpc_group::Y02E,1,96823449
concept_cpc_group,concept::COELECTROLYZING,cpc_group::Y02P,1,96823449
concept_cpc_group,concept::COELECTROLYZING WATER,cpc_group::C25B,1,96823449
concept_cpc_group,concept::COELECTROLYZING WATER,cpc_group::Y02E,1,96823449
concept_cpc_group,concept::COELECTROLYZING WATER,cpc_group::Y02P,1,96823449
concept_cpc_group,concept::COEXISTENCE CHAMBER,cpc_group::C25B,1,110503287
concept_cpc_group,concept::COEXISTENCE CHAMBER,cpc_group::Y02E,1,110503287
concept_cpc_group,concept::COF MATERIAL,cpc_group::C08G,1,117641010
concept_cpc_group,concept::COF MATERIAL,cpc_group::C08J,1,117641010
concept_cpc_group,concept::COF MATERIAL,cpc_group::C25B,1,117641010
concept_cpc_group,concept::COF MATERIAL,cpc_group::H01M,1,117641010
concept_cpc_group,concept::COF NARROW APERTURE,cpc_group::C08G,1,117641010
concept_cpc_group,concept::COF NARROW APERTURE,cpc_group::C08J,1,117641010
concept_cpc_group,concept::COF NARROW APERTURE,cpc_group::C25B,1,117641010
concept_cpc_group,concept::COF NARROW APERTURE,cpc_group::H01M,1,117641010
concept_cpc_group,concept::COGENERATION,cpc_group::H01M,1,108150520
concept_cpc_group,concept::COGENERATION COORDINATION,cpc_group::C25B,1,115347016
concept_cpc_group,concept::COLLABORATIVE OPTIMIZATION,cpc_group::C25B,1,115136805
concept_cpc_group,concept::COLLECTION CONTAINER,cpc_group::C25B,1,116977017
concept_cpc_group,concept::COLLECTION VESSEL,cpc_group::C25B,1,116977017
concept_cpc_group,concept::COLLOID BALL,cpc_group::C25B,1,116720313
concept_cpc_group,concept::COMBINED OXYGEN GENERATION REACTOR,cpc_group::C25B,1,108306014
concept_cpc_group,concept::COMBUSTION,cpc_group::C25B,1,96200627
concept_cpc_group,concept::COMBUSTION,cpc_group::Y02E,1,96200627
concept_cpc_group,concept::COMBUSTOR,cpc_group::F01K,1,7846740
concept_cpc_group,concept::COMBUSTOR,cpc_group::F02C,1,7846740
concept_cpc_group,concept::COMBUSTOR,cpc_group::H02K,1,7846740
concept_cpc_group,concept::COMBUSTOR,cpc_group::Y02E,1,7846740
concept_cpc_group,concept::COMBUSTOR EXHAUST,cpc_group::F01K,1,7846740
concept_cpc_group,concept::COMBUSTOR EXHAUST,cpc_group::F02C,1,7846740
concept_cpc_group,concept::COMBUSTOR EXHAUST,cpc_group::H02K,1,7846740
concept_cpc_group,concept::COMBUSTOR EXHAUST,cpc_group::Y02E,1,7846740
concept_cpc_group,concept::COMMUNICATION,cpc_group::C01B,1,66508929
concept_cpc_group,concept::COMMUNICATION,cpc_group::C07C,1,66508929
concept_cpc_group,concept::COMMUNICATION,cpc_group::C10G,1,66508929
concept_cpc_group,concept::COMMUNICATION,cpc_group::C10L,1,66508929
concept_cpc_group,concept::COMMUNICATION,cpc_group::C25B,1,66508929
concept_cpc_group,concept::COMMUNICATION,cpc_group::F03G,1,66508929
concept_cpc_group,concept::COMMUNICATION,cpc_group::Y02B,1,66508929
concept_cpc_group,concept::COMMUNICATION,cpc_group::Y02E,1,66508929
concept_cpc_group,concept::COMMUNICATION,cpc_group::Y02P,1,66508929
concept_cpc_group,concept::COMMUNICATION HOLE,cpc_group::Y02E,1,116562374
concept_cpc_group,concept::COMPETITION,cpc_group::C25B,1,116773798
concept_cpc_group,concept::COMPETITION,cpc_group::H01M,1,116773798
concept_cpc_group,concept::COMPETITION,cpc_group::Y02E,1,116773798
concept_cpc_group,concept::COMPOSITE,cpc_group::C25B,1,79824105
concept_cpc_group,concept::COMPOSITE,cpc_group::G01N,1,79824105
concept_cpc_group,concept::COMPOSITE,cpc_group::H01M,1,79824105
concept_cpc_group,concept::COMPOSITE,cpc_group::Y02E,1,79824105
concept_cpc_group,concept::COMPOSITE CATALYST,cpc_group::C25B,1,106179974
concept_cpc_group,concept::COMPOSITE CATALYST,cpc_group::Y02A,1,106179974
concept_cpc_group,concept::COMPOSITE CATALYTIC ELECTRODE,cpc_group::B82Y,1,105493992
concept_cpc_group,concept::COMPOSITE CATALYTIC ELECTRODE,cpc_group::C25B,1,105493992
concept_cpc_group,concept::COMPOSITE ELECTRODE MATERIAL,cpc_group::C25B,1,118106537
concept_cpc_group,concept::COMPOSITE MATERIAL,cpc_group::C25B,1,111953180
concept_cpc_group,concept::COMPOSITE MEMBRANE,cpc_group::C25B,1,116293199
concept_cpc_group,concept::COMPOSITE NANO CATALYST,cpc_group::B82Y,1,105493992
concept_cpc_group,concept::COMPOUNDING PROBABILITY,cpc_group::C25B,1,114777530
concept_cpc_group,concept::COMPREHENSIVE ENERGY,cpc_group::C25B,1,108808107
concept_cpc_group,concept::CONCAVE OCTAHEDRAL CU,cpc_group::C25B,1,105437834
concept_cpc_group,concept::CONCAVE OCTAHEDRALBULK CU,cpc_group::C25B,1,105437834
concept_cpc_group,concept::CONCENTRATION ACQUIRING,cpc_group::C10G,1,44668494
concept_cpc_group,concept::CONCENTRATION ACQUIRING,cpc_group::C25B,1,44668494
concept_cpc_group,concept::CONCENTRATION ACQUIRING,cpc_group::F02B,1,44668494
concept_cpc_group,concept::CONCENTRATION ACQUIRING,cpc_group::F02D,1,44668494
concept_cpc_group,concept::CONCENTRATION ACQUIRING,cpc_group::F02M,1,44668494
concept_cpc_group,concept::CONCENTRATION ACQUIRING,cpc_group::Y02P,1,44668494
concept_cpc_group,concept::CONCENTRATION ACQUIRING,cpc_group::Y02T,1,44668494
concept_cpc_group,concept::CONDUCTIVE CARBON SUBSTRATE,cpc_group::B01J,1,104024514
concept_cpc_group,concept::CONDUCTIVE CARBON SUBSTRATE,cpc_group::C01B,1,104024514
concept_cpc_group,concept::CONDUCTIVE CARBON SUBSTRATE,cpc_group::C01P,1,104024514
concept_cpc_group,concept::CONDUCTIVE CARBON SUBSTRATE,cpc_group::C25B,1,104024514
concept_cpc_group,concept::CONDUCTIVE CARBON SUBSTRATE,cpc_group::Y02P,1,104024514
concept_cpc_group,concept::CONDUCTIVE FILM,cpc_group::C25B,1,102708989
concept_cpc_group,concept::CONDUCTIVE SOLID OXIDE ELECTROLYSIS,cpc_group::C25B,1,101955362
concept_cpc_group,concept::CONDUCTIVE SOLID OXIDE ELECTROLYSIS,cpc_group::Y02E,1,101955362
concept_cpc_group,concept::CONDUCTIVE SUBSTANCE,cpc_group::C25B,1,110939894
concept_cpc_group,concept::CONDUCTIVE SUBSTANCE,cpc_group::H01M,1,110939894
concept_cpc_group,concept::CONDUCTIVE SUBSTANCE,cpc_group::Y02E,1,110939894
concept_cpc_group,concept::CONDUCTIVE SUBSTANCE,cpc_group::Y02P,1,110939894
concept_cpc_group,concept::CONDUIT,cpc_group::C07C,1,94621513
concept_cpc_group,concept::CONDUIT,cpc_group::C25B,1,94621513
concept_cpc_group,concept::CONDUIT,cpc_group::Y02E,1,94621513
concept_cpc_group,concept::CONDUIT,cpc_group::Y02P,1,94621513
concept_cpc_group,concept::CONNECTION PATH,cpc_group::B01J,1,104127510
concept_cpc_group,concept::CONNECTION PATH,cpc_group::C10L,1,104127510
concept_cpc_group,concept::CONNECTION PATH,cpc_group::C25B,1,104127510
concept_cpc_group,concept::CONTROL SECTION,cpc_group::C25B,1,93172692
concept_cpc_group,concept::CONTROL SECTION,cpc_group::Y02E,1,93172692
concept_cpc_group,concept::CONTROL SECTION,cpc_group::Y02P,1,93172692
concept_cpc_group,concept::CONTROL VALVE,cpc_group::C07C,1,94621513
concept_cpc_group,concept::CONTROL VALVE,cpc_group::C25B,1,94621513
concept_cpc_group,concept::CONTROL VALVE,cpc_group::Y02E,1,94621513
concept_cpc_group,concept::CONTROL VALVE,cpc_group::Y02P,1,94621513
concept_cpc_group,concept::CONVERSION,cpc_group::B01J,1,107376902
concept_cpc_group,concept::CONVERSION,cpc_group::C01B,1,107376902
concept_cpc_group,concept::CONVERSION EFFICIENCY,cpc_group::C25B,1,103674986
concept_cpc_group,concept::CONVERSION EFFICIENCY,cpc_group::H01M,1,103674986
concept_cpc_group,concept::CONVERSION RATE,cpc_group::C25B,1,107513925
concept_cpc_group,concept::CONVERT METHANEDIONE,cpc_group::C25B,1,44789699
concept_cpc_group,concept::CONVERTING,cpc_group::B01J,1,107376902
concept_cpc_group,concept::CONVERTING,cpc_group::C01B,1,107376902
concept_cpc_group,concept::CONVERTING,cpc_group::C25B,1,115590122
concept_cpc_group,concept::CONVERTING AMINE CAPTURED CO2,cpc_group::B01D,1,116181184
concept_cpc_group,concept::CONVERTING AMINE CAPTURED CO2,cpc_group::C25B,1,116181184
concept_cpc_group,concept::CONVERTING CARBON DIOXIDE,cpc_group::B01J,1,98849845
concept_cpc_group,concept::CONVERTING CARBON DIOXIDE,cpc_group::C07C,1,98849845
concept_cpc_group,concept::CONVERTING CO2,cpc_group::B01D,1,109306159
concept_cpc_group,concept::CONVERTING CO2,cpc_group::B01J,1,107376902
concept_cpc_group,concept::CONVERTING CO2,cpc_group::C01B,1,107376902
concept_cpc_group,concept::CONVERTING CO2,cpc_group::C08J,1,109306159
concept_cpc_group,concept::CONVERTING CO2,cpc_group::H01M,1,109306159
concept_cpc_group,concept::COOPERATIVE CONSTRUCTION STRATEGY,cpc_group::C07C,1,116013304
concept_cpc_group,concept::COOPERATIVE CONSTRUCTION STRATEGY,cpc_group::C25B,1,116013304
concept_cpc_group,concept::COOPERATIVE OPTIMIZATION,cpc_group::B82Y,1,116876860
concept_cpc_group,concept::COOPERATIVE OPTIMIZATION,cpc_group::C23C,1,116876860
concept_cpc_group,concept::COOPERATIVE OPTIMIZATION,cpc_group::C25B,1,116876860
concept_cpc_group,concept::COORDINATED CARBON GEL ELECTROCATALYST,cpc_group::B01J,1,89550408
concept_cpc_group,concept::COORDINATED CARBON GEL ELECTROCATALYST,cpc_group::C25B,1,89550408
concept_cpc_group,concept::COORDINATION COMPLEX,cpc_group::B01J,1,95502318
concept_cpc_group,concept::COORDINATION COMPLEX,cpc_group::C07F,1,95502318
concept_cpc_group,concept::COORDINATION COMPLEX,cpc_group::C25B,1,95502318
concept_cpc_group,concept::COORDINATION COMPLEX CATALYST,cpc_group::B01J,1,95502318
concept_cpc_group,concept::COORDINATION COMPLEX CATALYST,cpc_group::C07F,1,95502318
concept_cpc_group,concept::COORDINATION COMPLEX CATALYST,cpc_group::C25B,1,95502318
concept_cpc_group,concept::COPPER,cpc_group::B01J,1,96558426
concept_cpc_group,concept::COPPER,cpc_group::C25B,1,96558426
concept_cpc_group,concept::COPPER ELECTROCATALYST,cpc_group::C25B,1,104933063
concept_cpc_group,concept::COPPER ELECTROCATALYST,cpc_group::C25C,1,104933063
concept_cpc_group,concept::COPPER ELECTROCATALYST,cpc_group::C25D,1,104933063
concept_cpc_group,concept::COPPER GOLD NANOWIRE,cpc_group::C25B,1,100072108
concept_cpc_group,concept::COPPER METAL PARTICLE,cpc_group::C25B,1,112719442
concept_cpc_group,concept::COPPER NANOPARTICLE CATALYST,cpc_group::B82Y,1,109733203
concept_cpc_group,concept::COPPER NANOPARTICLE CATALYST,cpc_group::C25B,1,109733203
concept_cpc_group,concept::COPPER NANOPARTICLE CATALYST,cpc_group::C25C,1,109733203
concept_cpc_group,concept::COPPER NANOWIRE,cpc_group::C25B,1,100072108
concept_cpc_group,concept::COPPER NANOWIRE SOLUTION,cpc_group::C25B,1,100072108
concept_cpc_group,concept::COPPER OXIDE,cpc_group::B01J,1,91898287
concept_cpc_group,concept::COPPER OXIDE,cpc_group::C25B,1,91898287
concept_cpc_group,concept::COPPER OXIDE NANOWIRE,cpc_group::B01J,1,91898287
concept_cpc_group,concept::COPPER OXIDE NANOWIRE,cpc_group::C25B,1,91898287
concept_cpc_group,concept::COPPER OXIDE ZINC,cpc_group::C07C,1,116013304
concept_cpc_group,concept::COPPER OXIDE ZINC,cpc_group::C25B,1,116013304
concept_cpc_group,concept::COPPER PRECURSOR,cpc_group::B82Y,1,109733203
concept_cpc_group,concept::COPPER PRECURSOR,cpc_group::C25B,1,109733203
concept_cpc_group,concept::COPPER PRECURSOR,cpc_group::C25C,1,109733203
concept_cpc_group,concept::COPPER TARTRATE SOLUTION,cpc_group::C25B,1,104933063
concept_cpc_group,concept::COPPER TARTRATE SOLUTION,cpc_group::C25C,1,104933063
concept_cpc_group,concept::COPPER TARTRATE SOLUTION,cpc_group::C25D,1,104933063
concept_cpc_group,concept::COPRODUCING CHLORINE,cpc_group::C25B,1,116293199
concept_cpc_group,concept::COPRODUCING OXYGEN,cpc_group::C01D,1,98505907
concept_cpc_group,concept::COPRODUCING OXYGEN,cpc_group::C25B,1,98505907
concept_cpc_group,concept::CORE,cpc_group::C25B,1,108109771
concept_cpc_group,concept::CORE MULTIELEMENT ALLOY,cpc_group::C25B,1,118106537
concept_cpc_group,concept::CORE STRUCTURE,cpc_group::C25B,1,108109771
concept_cpc_group,concept::CORRESPONDING SIDE,cpc_group::C25B,1,101064694
concept_cpc_group,concept::CORRESPONDING SIDE,cpc_group::Y02E,1,101064694
concept_cpc_group,concept::CORROSION,cpc_group::C25B,1,97217510
concept_cpc_group,concept::CORROSION,cpc_group::Y02E,1,97217510
concept_cpc_group,concept::CORROSION PROTECTION,cpc_group::C25B,1,97217510
concept_cpc_group,concept::CORROSION PROTECTION,cpc_group::Y02E,1,97217510
concept_cpc_group,concept::COUNTER ELECTRODE,cpc_group::C10L,1,105555372
concept_cpc_group,concept::COUNTER ELECTRODE,cpc_group::Y02A,1,105555372
concept_cpc_group,concept::COUNTER ELECTRODE,cpc_group::Y02E,1,81386940
concept_cpc_group,concept::COUNTER ELECTRODE LAYER,cpc_group::B01D,1,96376807
concept_cpc_group,concept::COUNTER ELECTRODE LAYER,cpc_group::B01J,1,96376807
concept_cpc_group,concept::COUNTER ELECTRODE LAYER,cpc_group::C01B,1,96376807
concept_cpc_group,concept::COUNTER ELECTRODE LAYER,cpc_group::C07B,1,96376807
concept_cpc_group,concept::COUNTER ELECTRODE LAYER,cpc_group::C07C,1,96376807
concept_cpc_group,concept::COUNTER ELECTRODE LAYER,cpc_group::C10G,1,96376807
concept_cpc_group,concept::COUNTER ELECTRODE LAYER,cpc_group::C25B,1,96376807
concept_cpc_group,concept::COUNTER ELECTRODE LAYER,cpc_group::Y02E,1,96376807
concept_cpc_group,concept::COUNTER ELECTRODE LAYER,cpc_group::Y02P,1,96376807
concept_cpc_group,concept::COUPLED COAL,cpc_group::B01J,1,96729039
concept_cpc_group,concept::COUPLED COAL,cpc_group::C01B,1,96729039
concept_cpc_group,concept::COUPLED COAL,cpc_group::C10B,1,96729039
concept_cpc_group,concept::COUPLING,cpc_group::B01J,1,96729039
concept_cpc_group,concept::COUPLING,cpc_group::C01B,1,96729039
concept_cpc_group,concept::COUPLING,cpc_group::C10B,1,96729039
concept_cpc_group,concept::COUPLING FORMULA BUGGY PYROLYSIS,cpc_group::B01J,1,96729039
concept_cpc_group,concept::COUPLING FORMULA BUGGY PYROLYSIS,cpc_group::C01B,1,96729039
concept_cpc_group,concept::COUPLING FORMULA BUGGY PYROLYSIS,cpc_group::C10B,1,96729039
concept_cpc_group,concept::COX ELECTROLYTIC CELL,cpc_group::C25B,1,101064694
concept_cpc_group,concept::COX ELECTROLYTIC CELL,cpc_group::Y02E,1,101064694
concept_cpc_group,concept::CR MONOATOM,cpc_group::C25B,1,111894530
concept_cpc_group,concept::CROSSLINKING TYPE QUATERNIZED POLYBENZIMIDAZOLE,cpc_group::B01D,1,104081456
concept_cpc_group,concept::CROSSLINKING TYPE QUATERNIZED POLYBENZIMIDAZOLE,cpc_group::B01J,1,104081456
concept_cpc_group,concept::CROSSLINKING TYPE QUATERNIZED POLYBENZIMIDAZOLE,cpc_group::C08G,1,104081456
concept_cpc_group,concept::CROSSLINKING TYPE QUATERNIZED POLYBENZIMIDAZOLE,cpc_group::C08J,1,104081456
concept_cpc_group,concept::CROSSLINKING TYPE QUATERNIZED POLYBENZIMIDAZOLE,cpc_group::C08L,1,104081456
concept_cpc_group,concept::CROSSLINKING TYPE QUATERNIZED POLYBENZIMIDAZOLE,cpc_group::C25B,1,104081456
concept_cpc_group,concept::CROSSLINKING TYPE QUATERNIZED POLYBENZIMIDAZOLE,cpc_group::H01M,1,104081456
concept_cpc_group,concept::CROSSOVER PHENOMENON,cpc_group::B01D,1,108851809
concept_cpc_group,concept::CROSSOVER PHENOMENON,cpc_group::C25B,1,108851809
concept_cpc_group,concept::CRYOGENIC SEPARATION,cpc_group::C25B,1,116977017
concept_cpc_group,concept::CU AG CATALYST,cpc_group::C22C,1,110304393
concept_cpc_group,concept::CU AG CATALYST,cpc_group::C25B,1,110304393
concept_cpc_group,concept::CU AG COMPOSITE,cpc_group::B82Y,1,105493992
concept_cpc_group,concept::CU AG COMPOSITE,cpc_group::C25B,1,105493992
concept_cpc_group,concept::CU AG NANO CATALYST,cpc_group::C22C,1,110304393
concept_cpc_group,concept::CU AG NANO CATALYST,cpc_group::C25B,1,110304393
concept_cpc_group,concept::CU AG NANOCATALYST BATCH,cpc_group::C22C,1,110304393
concept_cpc_group,concept::CU AG NANOCATALYST BATCH,cpc_group::C25B,1,110304393
concept_cpc_group,concept::CU AU NANOWIRE,cpc_group::C25B,1,100072108
concept_cpc_group,concept::CU BIMETALLIC CATALYST,cpc_group::B01D,1,116298732
concept_cpc_group,concept::CU BIMETALLIC CATALYST,cpc_group::B01J,1,116298732
concept_cpc_group,concept::CU BIMETALLIC CATALYST,cpc_group::B82Y,1,116298732
concept_cpc_group,concept::CU BIMETALLIC CATALYST,cpc_group::C25B,1,116298732
concept_cpc_group,concept::CU BIMETALLIC CATALYST,cpc_group::Y02E,1,116298732
concept_cpc_group,concept::CU BIMETALLIC CATALYST,cpc_group::Y02P,1,116298732
concept_cpc_group,concept::CU CATALYST,cpc_group::B01D,1,116285153
concept_cpc_group,concept::CU CATALYST,cpc_group::B01J,1,116285153
concept_cpc_group,concept::CU CATALYST,cpc_group::C02F,1,116285153
concept_cpc_group,concept::CU CATALYST,cpc_group::C08F,1,116285153
concept_cpc_group,concept::CU CATALYST,cpc_group::C08J,1,116285153
concept_cpc_group,concept::CU CATALYST,cpc_group::C08L,1,116285153
concept_cpc_group,concept::CU CATALYST,cpc_group::C25B,1,116285153
concept_cpc_group,concept::CU CATALYST,cpc_group::H01M,1,116285153
concept_cpc_group,concept::CU CATALYST,cpc_group::Y02P,1,116285153
concept_cpc_group,concept::CU CATALYST ETHYLENE,cpc_group::B82Y,1,109733203
concept_cpc_group,concept::CU CATALYST ETHYLENE,cpc_group::C25B,1,109733203
concept_cpc_group,concept::CU CATALYST ETHYLENE,cpc_group::C25C,1,109733203
concept_cpc_group,concept::CU NANO PARTICLE,cpc_group::C25B,1,105438541
concept_cpc_group,concept::CU NANOPARTICLE,cpc_group::C25B,1,105438541
concept_cpc_group,concept::CUO NANOWIRE ELECTRODE,cpc_group::B01J,1,91898287
concept_cpc_group,concept::CUO NANOWIRE ELECTRODE,cpc_group::C25B,1,91898287
concept_cpc_group,concept::CUPROUS OXIDE,cpc_group::C25B,1,105437834
concept_cpc_group,concept::CURIE WEISS THEOREMBELONG,cpc_group::C25B,1,100427008
concept_cpc_group,concept::CYCLICAL AMINE GROUP,cpc_group::B01J,1,79681795
concept_cpc_group,concept::CYCLICAL AMINE GROUP,cpc_group::C07C,1,79681795
concept_cpc_group,concept::CYCLICAL AMINE GROUP,cpc_group::C10G,1,79681795
concept_cpc_group,concept::CYCLICAL AMINE GROUP,cpc_group::C25B,1,79681795
concept_cpc_group,concept::CYCLICAL AMINE GROUP,cpc_group::Y02E,1,79681795
concept_cpc_group,concept::CYCLICAL AMINE GROUP,cpc_group::Y02P,1,79681795
concept_cpc_group,concept::DATA PROCESSING UNIT,cpc_group::C25B,1,108863955
concept_cpc_group,concept::DECISIVE BREAKTHROUGH,cpc_group::C25B,1,116397541
concept_cpc_group,concept::DECOMPOSE CO2,cpc_group::C25B,1,44441678
concept_cpc_group,concept::DECOMPOSE CO2,cpc_group::Y02E,1,44441678
concept_cpc_group,concept::DEEP SEA FLOOR,cpc_group::C01B,1,84680718
concept_cpc_group,concept::DEEP SEA FLOOR,cpc_group::C25B,1,84680718
concept_cpc_group,concept::DEFECT NANOFIBER CARBON,cpc_group::C25B,1,98667734
concept_cpc_group,concept::DEGRADATION DETECTION,cpc_group::C25B,1,108863955
concept_cpc_group,concept::DEHUMIDIFYING,cpc_group::C25B,1,106866991
concept_cpc_group,concept::DEHYDRATED SYNGA,cpc_group::B01D,1,67443260
concept_cpc_group,concept::DEHYDRATED SYNGA,cpc_group::C01B,1,67443260
concept_cpc_group,concept::DEHYDRATED SYNGA,cpc_group::C10G,1,67443260
concept_cpc_group,concept::DEHYDRATED SYNGA,cpc_group::C10K,1,67443260
concept_cpc_group,concept::DEHYDRATED SYNGA,cpc_group::C25B,1,67443260
concept_cpc_group,concept::DEHYDRATED SYNGA,cpc_group::F23C,1,67443260
concept_cpc_group,concept::DEHYDRATED SYNGA,cpc_group::F23L,1,67443260
concept_cpc_group,concept::DEHYDRATED SYNGA,cpc_group::Y02C,1,67443260
concept_cpc_group,concept::DEHYDRATED SYNGA,cpc_group::Y02E,1,67443260
concept_cpc_group,concept::DEHYDRATED SYNGA,cpc_group::Y02P,1,67443260
concept_cpc_group,concept::DESIGN METHOD,cpc_group::C25B,1,111894530
concept_cpc_group,concept::DESIRED HCR,cpc_group::C25B,1,85453370
concept_cpc_group,concept::DESIRED HCR,cpc_group::Y02E,1,85453370
concept_cpc_group,concept::DETERIORATION DEGREE,cpc_group::C25B,1,108863955
concept_cpc_group,concept::DIAPHRAGM,cpc_group::B22F,1,105758218
concept_cpc_group,concept::DIAPHRAGM,cpc_group::C23C,1,105758218
concept_cpc_group,concept::DIAPHRAGM ELECTROLYSIS,cpc_group::Y02E,1,100252610
concept_cpc_group,concept::DIAPHRAGM SURFACE,cpc_group::C25B,1,111493424
concept_cpc_group,concept::DIAPHRAGM SYNERGISTIC ELECTROLYSIS,cpc_group::C25B,1,111363754
concept_cpc_group,concept::DICYANDIAMIDE ASSISTANCE,cpc_group::C25B,1,98667734
concept_cpc_group,concept::DILEMMA,cpc_group::C25B,1,118106537
concept_cpc_group,concept::DILUTION SOURCE,cpc_group::B01D,1,106991476
concept_cpc_group,concept::DILUTION SOURCE,cpc_group::C25B,1,106991476
concept_cpc_group,concept::DIMETHYL SULFOXIDE,cpc_group::C22B,1,102038550
concept_cpc_group,concept::DIMETHYL SULFOXIDE,cpc_group::C25B,1,102038550
concept_cpc_group,concept::DIMETHYL SULFOXIDE,cpc_group::C25C,1,102038550
concept_cpc_group,concept::DIMETHYL SULFOXIDE,cpc_group::Y02P,1,102038550
concept_cpc_group,concept::DIMETHYLFORMAMIDE,cpc_group::C22B,1,102038550
concept_cpc_group,concept::DIMETHYLFORMAMIDE,cpc_group::C25B,1,102038550
concept_cpc_group,concept::DIMETHYLFORMAMIDE,cpc_group::C25C,1,102038550
concept_cpc_group,concept::DIMETHYLFORMAMIDE,cpc_group::Y02P,1,102038550
concept_cpc_group,concept::DISCHARGE PASSAGE,cpc_group::B01D,1,96376807
concept_cpc_group,concept::DISCHARGE PASSAGE,cpc_group::B01J,1,96376807
concept_cpc_group,concept::DISCHARGE PASSAGE,cpc_group::C01B,1,96376807
concept_cpc_group,concept::DISCHARGE PASSAGE,cpc_group::C07B,1,96376807
concept_cpc_group,concept::DISCHARGE PASSAGE,cpc_group::C07C,1,96376807
concept_cpc_group,concept::DISCHARGE PASSAGE,cpc_group::C10G,1,96376807
concept_cpc_group,concept::DISCHARGE PASSAGE,cpc_group::C25B,1,96376807
concept_cpc_group,concept::DISCHARGE PASSAGE,cpc_group::Y02E,1,96376807
concept_cpc_group,concept::DISCHARGE PASSAGE,cpc_group::Y02P,1,96376807
concept_cpc_group,concept::DISCHARGE PATH,cpc_group::B01D,1,96376807
concept_cpc_group,concept::DISCHARGE PATH,cpc_group::B01J,1,96376807
concept_cpc_group,concept::DISCHARGE PATH,cpc_group::C01B,1,96376807
concept_cpc_group,concept::DISCHARGE PATH,cpc_group::C07B,1,96376807
concept_cpc_group,concept::DISCHARGE PATH,cpc_group::C07C,1,96376807
concept_cpc_group,concept::DISCHARGE PATH,cpc_group::C10G,1,96376807
concept_cpc_group,concept::DISCHARGE PATH,cpc_group::C25B,1,96376807
concept_cpc_group,concept::DISCHARGE PATH,cpc_group::Y02E,1,96376807
concept_cpc_group,concept::DISCHARGE PATH,cpc_group::Y02P,1,96376807
concept_cpc_group,concept::DISCHARGE PATH INNER SURFACE,cpc_group::B01D,1,96376807
concept_cpc_group,concept::DISCHARGE PATH INNER SURFACE,cpc_group::B01J,1,96376807
concept_cpc_group,concept::DISCHARGE PATH INNER SURFACE,cpc_group::C01B,1,96376807
concept_cpc_group,concept::DISCHARGE PATH INNER SURFACE,cpc_group::C07B,1,96376807
concept_cpc_group,concept::DISCHARGE PATH INNER SURFACE,cpc_group::C07C,1,96376807
concept_cpc_group,concept::DISCHARGE PATH INNER SURFACE,cpc_group::C10G,1,96376807
concept_cpc_group,concept::DISCHARGE PATH INNER SURFACE,cpc_group::C25B,1,96376807
concept_cpc_group,concept::DISCHARGE PATH INNER SURFACE,cpc_group::Y02E,1,96376807
concept_cpc_group,concept::DISCHARGE PATH INNER SURFACE,cpc_group::Y02P,1,96376807
concept_cpc_group,concept::DISCHARGING CARBON MONOXIDE,cpc_group::C07C,1,94621513
concept_cpc_group,concept::DISCHARGING CARBON MONOXIDE,cpc_group::C25B,1,94621513
concept_cpc_group,concept::DISCHARGING CARBON MONOXIDE,cpc_group::Y02E,1,94621513
concept_cpc_group,concept::DISCHARGING CARBON MONOXIDE,cpc_group::Y02P,1,94621513
concept_cpc_group,concept::DISCHARGING GROOVE,cpc_group::C25B,1,86637940
concept_cpc_group,concept::DISPERSING MELAMINE,cpc_group::C25B,1,104822026
concept_cpc_group,concept::DISPERSING MELAMINE,cpc_group::Y02E,1,104822026
concept_cpc_group,concept::DISPERSING SILVER NANO PARTICLE,cpc_group::B22F,1,109766128
concept_cpc_group,concept::DISPERSING SILVER NANO PARTICLE,cpc_group::B82Y,1,109766128
concept_cpc_group,concept::DISPERSING SILVER NANO PARTICLE,cpc_group::C25B,1,109766128
concept_cpc_group,concept::DISPERSION METAL,cpc_group::C25B,1,79172273
concept_cpc_group,concept::DISPOSABLE FUEL,cpc_group::C01B,1,44672238
concept_cpc_group,concept::DISSOCIATION CAPACITY,cpc_group::C01G,1,110495249
concept_cpc_group,concept::DISSOCIATION CAPACITY,cpc_group::C01P,1,110495249
concept_cpc_group,concept::DISSOCIATION CAPACITY,cpc_group::C25B,1,110495249
concept_cpc_group,concept::DISSOCIATION CAPACITY,cpc_group::H01M,1,110495249
concept_cpc_group,concept::DISSOCIATION CAPACITY,cpc_group::Y02E,1,110495249
concept_cpc_group,concept::DISSOLVED GAS,cpc_group::C25B,1,93812412
concept_cpc_group,concept::DISSOLVED GAS,cpc_group::Y02P,1,93812412
concept_cpc_group,concept::DISSOLVING TANK,cpc_group::C25B,1,112473551
concept_cpc_group,concept::DISTRIBUTED MEMBRANE ELECTRODE,cpc_group::C25B,1,113078510
concept_cpc_group,concept::DISTRIBUTED MEMBRANE ELECTRODE,cpc_group::Y02E,1,113078510
concept_cpc_group,concept::DMSO,cpc_group::C22B,1,102038550
concept_cpc_group,concept::DMSO,cpc_group::C25B,1,102038550
concept_cpc_group,concept::DMSO,cpc_group::C25C,1,102038550
concept_cpc_group,concept::DMSO,cpc_group::Y02P,1,102038550
concept_cpc_group,concept::DOPED CEO,cpc_group::C01B,1,106413185
concept_cpc_group,concept::DOPED CEO,cpc_group::C10G,1,106413185
concept_cpc_group,concept::DOPED CEO,cpc_group::C10K,1,106413185
concept_cpc_group,concept::DOPED CEO,cpc_group::C10L,1,106413185
concept_cpc_group,concept::DOPED CEO,cpc_group::C25B,1,106413185
concept_cpc_group,concept::DOPED CEO,cpc_group::Y02E,1,106413185
concept_cpc_group,concept::DOPED CERIUM OXIDE,cpc_group::C25B,1,79824105
concept_cpc_group,concept::DOPED CERIUM OXIDE,cpc_group::G01N,1,79824105
concept_cpc_group,concept::DOPED CERIUM OXIDE,cpc_group::H01M,1,79824105
concept_cpc_group,concept::DOPED CERIUM OXIDE,cpc_group::Y02E,1,79824105
concept_cpc_group,concept::DOPED LANTHANUM CHROMITE,cpc_group::Y02E,1,114398668
concept_cpc_group,concept::DOPED ZINC LANTHANUM,cpc_group::C25B,1,106179974
concept_cpc_group,concept::DOPED ZINC LANTHANUM,cpc_group::Y02A,1,106179974
concept_cpc_group,concept::DOPED ZINC RARE EARTH,cpc_group::C25B,1,106179974
concept_cpc_group,concept::DOPED ZINC RARE EARTH,cpc_group::Y02A,1,106179974
concept_cpc_group,concept::DOUBLE DESOLVENTIZING STRATEGY,cpc_group::C01G,1,110495249
concept_cpc_group,concept::DOUBLE DESOLVENTIZING STRATEGY,cpc_group::C01P,1,110495249
concept_cpc_group,concept::DOUBLE DESOLVENTIZING STRATEGY,cpc_group::C25B,1,110495249
concept_cpc_group,concept::DOUBLE DESOLVENTIZING STRATEGY,cpc_group::H01M,1,110495249
concept_cpc_group,concept::DOUBLE DESOLVENTIZING STRATEGY,cpc_group::Y02E,1,110495249
concept_cpc_group,concept::DOUBLE LAYER STRUCTURE,cpc_group::C25B,1,116414667
concept_cpc_group,concept::DOUBLE LAYER STRUCTURE,cpc_group::Y02E,1,116414667
concept_cpc_group,concept::DRIVING ELECTROLYTIC DEVICE,cpc_group::C25B,1,106586888
concept_cpc_group,concept::DUAL FUNCTIONAL COMPOSITE MEMBRANE,cpc_group::C25B,1,116293199
concept_cpc_group,concept::EDUCT GAS,cpc_group::C25B,1,93812412
concept_cpc_group,concept::EDUCT GAS,cpc_group::Y02P,1,93812412
concept_cpc_group,concept::EDUCT STREAM,cpc_group::B01D,1,85758103
concept_cpc_group,concept::EDUCT STREAM,cpc_group::C25B,1,85758103
concept_cpc_group,concept::EDUCT STREAM,cpc_group::Y02C,1,85758103
concept_cpc_group,concept::EDUCT STREAM,cpc_group::Y02P,1,85758103
concept_cpc_group,concept::EEO COELECTROLYSER,cpc_group::B01D,1,112262309
concept_cpc_group,concept::EEO COELECTROLYSER,cpc_group::B01J,1,112262309
concept_cpc_group,concept::EEO COELECTROLYSER,cpc_group::C01B,1,112262309
concept_cpc_group,concept::EEO COELECTROLYSER,cpc_group::C01C,1,112262309
concept_cpc_group,concept::EEO COELECTROLYSER,cpc_group::C01F,1,112262309
concept_cpc_group,concept::EEO COELECTROLYSER,cpc_group::C07C,1,112262309
concept_cpc_group,concept::EEO COELECTROLYSER,cpc_group::C10G,1,112262309
concept_cpc_group,concept::EEO COELECTROLYSER,cpc_group::C10J,1,112262309
concept_cpc_group,concept::EEO COELECTROLYSER,cpc_group::C10L,1,112262309
concept_cpc_group,concept::EEO COELECTROLYSER,cpc_group::C25B,1,112262309
concept_cpc_group,concept::EEO COELECTROLYSER,cpc_group::E21B,1,112262309
concept_cpc_group,concept::EEO COELECTROLYSER,cpc_group::F01K,1,112262309
concept_cpc_group,concept::EEO COELECTROLYSER,cpc_group::F04B,1,112262309
concept_cpc_group,concept::EEO COELECTROLYSER,cpc_group::F23J,1,112262309
concept_cpc_group,concept::EEO COELECTROLYSER,cpc_group::F25J,1,112262309
concept_cpc_group,concept::EEO COELECTROLYSER,cpc_group::Y02C,1,112262309
concept_cpc_group,concept::EEO COELECTROLYSER,cpc_group::Y02E,1,112262309
concept_cpc_group,concept::EEO COELECTROLYSER,cpc_group::Y02P,1,112262309
concept_cpc_group,concept::ELECTRIC REGENERATION SYNCHRONOUS CONVERSION,cpc_group::C25B,1,100554181
concept_cpc_group,concept::ELECTRICAL CONDUCTIVITY,cpc_group::C25B,1,93172689
concept_cpc_group,concept::ELECTRICAL CONDUCTIVITY,cpc_group::Y02E,1,93172689
concept_cpc_group,concept::ELECTRICAL CONDUCTIVITY,cpc_group::Y02P,1,93172689
concept_cpc_group,concept::ELECTRICAL CONDUCTIVITY METER,cpc_group::C25B,1,93172689
concept_cpc_group,concept::ELECTRICAL CONDUCTIVITY METER,cpc_group::Y02E,1,93172689
concept_cpc_group,concept::ELECTRICAL CONDUCTIVITY METER,cpc_group::Y02P,1,93172689
concept_cpc_group,concept::ELECTRICAL CONTACT,cpc_group::C10L,1,84993693
concept_cpc_group,concept::ELECTRICAL CONTACT,cpc_group::C25B,1,84993693
concept_cpc_group,concept::ELECTRICAL CONTACT,cpc_group::Y02E,1,84993693
concept_cpc_group,concept::ELECTRICAL CONTACT,cpc_group::Y02P,1,84993693
concept_cpc_group,concept::ELECTRICAL ENERGY,cpc_group::C25B,1,91085959
concept_cpc_group,concept::ELECTRICAL ENERGY,cpc_group::Y02E,1,91085959
concept_cpc_group,concept::ELECTRICAL ENERGY,cpc_group::Y02P,1,91085959
concept_cpc_group,concept::ELECTRICAL INTERCONNECTOR,cpc_group::C25B,1,66367131
concept_cpc_group,concept::ELECTRICAL INTERCONNECTOR,cpc_group::H01M,1,66367131
concept_cpc_group,concept::ELECTRICAL INTERCONNECTOR,cpc_group::Y02E,1,66367131
concept_cpc_group,concept::ELECTRICAL POWER SUPPLY,cpc_group::B01D,1,96376807
concept_cpc_group,concept::ELECTRICAL POWER SUPPLY,cpc_group::C01B,1,96376807
concept_cpc_group,concept::ELECTRICAL POWER SUPPLY,cpc_group::C07B,1,96376807
concept_cpc_group,concept::ELECTRICAL POWER SUPPLY,cpc_group::C07C,1,96376807
concept_cpc_group,concept::ELECTRICAL POWER SUPPLY,cpc_group::C10G,1,96376807
concept_cpc_group,concept::ELECTRICAL POWER SUPPLY,cpc_group::C10L,1,104127510
concept_cpc_group,concept::ELECTRICAL POWER SUPPLY,cpc_group::Y02E,1,96376807
concept_cpc_group,concept::ELECTRICAL POWER SUPPLY,cpc_group::Y02P,1,96376807
concept_cpc_group,concept::ELECTRICAL POWER SUPPLY PATH,cpc_group::B01J,1,104127510
concept_cpc_group,concept::ELECTRICAL POWER SUPPLY PATH,cpc_group::C10L,1,104127510
concept_cpc_group,concept::ELECTRICAL POWER SUPPLY PATH,cpc_group::C25B,1,104127510
concept_cpc_group,concept::ELECTRICAL REDUCTION,cpc_group::B22F,1,109766128
concept_cpc_group,concept::ELECTRICAL REDUCTION,cpc_group::B82Y,1,109766128
concept_cpc_group,concept::ELECTRICAL REDUCTION,cpc_group::Y02E,1,104822026
concept_cpc_group,concept::ELECTRICAL REGENERATION,cpc_group::C25B,1,100554181
concept_cpc_group,concept::ELECTRICALLY REDUCED ZNFE,cpc_group::C25B,1,105438541
concept_cpc_group,concept::ELECTRICALLY REDUCED ZNFE CO2PREPARATION,cpc_group::C25B,1,105438541
concept_cpc_group,concept::ELECTRICITY,cpc_group::C01B,1,66508929
concept_cpc_group,concept::ELECTRICITY,cpc_group::C07C,1,66508929
concept_cpc_group,concept::ELECTRICITY,cpc_group::C10G,1,66508929
concept_cpc_group,concept::ELECTRICITY,cpc_group::C10L,1,66508929
concept_cpc_group,concept::ELECTRICITY,cpc_group::F03G,1,66508929
concept_cpc_group,concept::ELECTRICITY,cpc_group::Y02B,1,66508929
concept_cpc_group,concept::ELECTRICITY,cpc_group::Y02E,1,66508929
concept_cpc_group,concept::ELECTRICITY,cpc_group::Y02P,1,66508929
concept_cpc_group,concept::ELECTRICITY GENERATION,cpc_group::F01K,1,7846740
concept_cpc_group,concept::ELECTRICITY GENERATION,cpc_group::F02C,1,7846740
concept_cpc_group,concept::ELECTRICITY GENERATION,cpc_group::H02K,1,7846740
concept_cpc_group,concept::ELECTRICITY GENERATION,cpc_group::Y02E,1,7846740
concept_cpc_group,concept::ELECTRO CHEMICAL UTILIZATION,cpc_group::C01B,1,92569265
concept_cpc_group,concept::ELECTRO CHEMICAL UTILIZATION,cpc_group::Y02E,1,77016544
concept_cpc_group,concept::ELECTROBATH ANOLYTE CHAMBER,cpc_group::Y02P,1,117651217
concept_cpc_group,concept::ELECTROBATH CATHOLYTE CHAMBER,cpc_group::Y02P,1,117651217
concept_cpc_group,concept::ELECTROCATALYSIS,cpc_group::B01D,1,104081456
concept_cpc_group,concept::ELECTROCATALYSIS,cpc_group::C01B,1,116688896
concept_cpc_group,concept::ELECTROCATALYSIS,cpc_group::C08J,1,104081456
concept_cpc_group,concept::ELECTROCATALYSIS,cpc_group::C08L,1,104081456
concept_cpc_group,concept::ELECTROCATALYSIS,cpc_group::C09K,1,116688896
concept_cpc_group,concept::ELECTROCATALYSIS,cpc_group::D01F,1,116688896
concept_cpc_group,concept::ELECTROCATALYSIS,cpc_group::H01M,1,104081456
concept_cpc_group,concept::ELECTROCATALYSIS CARBON DIOXIDE,cpc_group::C25B,1,90886203
concept_cpc_group,concept::ELECTROCATALYSIS ELECTROLYTIC CELL,cpc_group::C25B,1,101335911
concept_cpc_group,concept::ELECTROCATALYSIS ELECTROLYTIC CELL,cpc_group::H01M,1,101335911
concept_cpc_group,concept::ELECTROCATALYSIS ELECTROLYTIC CELL,cpc_group::Y02P,1,101335911
concept_cpc_group,concept::ELECTROCATALYSIS MODE,cpc_group::C25B,1,101335911
concept_cpc_group,concept::ELECTROCATALYSIS MODE,cpc_group::H01M,1,101335911
concept_cpc_group,concept::ELECTROCATALYSIS MODE,cpc_group::Y02P,1,101335911
concept_cpc_group,concept::ELECTROCATALYST,cpc_group::B01J,1,98849845
concept_cpc_group,concept::ELECTROCATALYST,cpc_group::C07C,1,98849845
concept_cpc_group,concept::ELECTROCATALYST,cpc_group::C25B,1,98849845
concept_cpc_group,concept::ELECTROCATALYST REDUCING AGENT,cpc_group::C25B,1,104933063
concept_cpc_group,concept::ELECTROCATALYST REDUCING AGENT,cpc_group::C25C,1,104933063
concept_cpc_group,concept::ELECTROCATALYST REDUCING AGENT,cpc_group::C25D,1,104933063
concept_cpc_group,concept::ELECTROCATALYTIC CARBON DIOXIDE,cpc_group::B82Y,1,105493992
concept_cpc_group,concept::ELECTROCATALYTIC CARBON DIOXIDE REDUCTION,cpc_group::C25B,1,116709402
concept_cpc_group,concept::ELECTROCATALYTIC CARBON DIOXIDE REDUCTION,cpc_group::Y02E,1,117521363
concept_cpc_group,concept::ELECTROCATALYTIC CATALYST,cpc_group::C25B,1,110888177
concept_cpc_group,concept::ELECTROCATALYTIC CATALYST POOR,cpc_group::C25B,1,110888177
concept_cpc_group,concept::ELECTROCATALYTIC CO2REACTION,cpc_group::C25B,1,106672290
concept_cpc_group,concept::ELECTROCATALYTIC CO2RR,cpc_group::C25B,1,111953180
concept_cpc_group,concept::ELECTROCATALYTIC CONVERSION,cpc_group::C25B,1,101555236
concept_cpc_group,concept::ELECTROCATALYTIC CONVERSION,cpc_group::Y02E,1,101555236
concept_cpc_group,concept::ELECTROCATALYTIC ELECTROLYSIS CELL HYBRID,cpc_group::C25B,1,101335911
concept_cpc_group,concept::ELECTROCATALYTIC ELECTROLYSIS CELL HYBRID,cpc_group::H01M,1,101335911
concept_cpc_group,concept::ELECTROCATALYTIC ELECTROLYSIS CELL HYBRID,cpc_group::Y02P,1,101335911
concept_cpc_group,concept::ELECTROCATALYTIC ELECTROLYSISTHE CELL,cpc_group::C25B,1,101335911
concept_cpc_group,concept::ELECTROCATALYTIC ELECTROLYSISTHE CELL,cpc_group::H01M,1,101335911
concept_cpc_group,concept::ELECTROCATALYTIC ELECTROLYSISTHE CELL,cpc_group::Y02P,1,101335911
concept_cpc_group,concept::ELECTROCATALYTIC FILM,cpc_group::C25B,1,115363192
concept_cpc_group,concept::ELECTROCATALYTIC FILM,cpc_group::Y02E,1,115363192
concept_cpc_group,concept::ELECTROCATALYTIC OXIDATION,cpc_group::C25B,1,110888177
concept_cpc_group,concept::ELECTROCATALYTIC REACTION,cpc_group::H01M,1,101335911
concept_cpc_group,concept::ELECTROCATALYTIC REACTION,cpc_group::Y02P,1,101335911
concept_cpc_group,concept::ELECTROCATALYTIC REACTION TANK,cpc_group::C25B,1,101335911
concept_cpc_group,concept::ELECTROCATALYTIC REACTION TANK,cpc_group::H01M,1,101335911
concept_cpc_group,concept::ELECTROCATALYTIC REACTION TANK,cpc_group::Y02P,1,101335911
concept_cpc_group,concept::ELECTROCATALYTIC REACTION TANK ANODE,cpc_group::C25B,1,101335911
concept_cpc_group,concept::ELECTROCATALYTIC REACTION TANK ANODE,cpc_group::H01M,1,101335911
concept_cpc_group,concept::ELECTROCATALYTIC REACTION TANK ANODE,cpc_group::Y02P,1,101335911
concept_cpc_group,concept::ELECTROCATALYTIC REACTION TANK CATHODE,cpc_group::C25B,1,101335911
concept_cpc_group,concept::ELECTROCATALYTIC REACTION TANK CATHODE,cpc_group::H01M,1,101335911
concept_cpc_group,concept::ELECTROCATALYTIC REACTION TANK CATHODE,cpc_group::Y02P,1,101335911
concept_cpc_group,concept::ELECTROCATALYTIC REACTOR,cpc_group::C25B,1,106866991
concept_cpc_group,concept::ELECTROCATALYTIC REDUCTION,cpc_group::B01D,1,104081456
concept_cpc_group,concept::ELECTROCATALYTIC REDUCTION,cpc_group::B22F,1,115484302
concept_cpc_group,concept::ELECTROCATALYTIC REDUCTION,cpc_group::B82Y,1,115484302
concept_cpc_group,concept::ELECTROCATALYTIC REDUCTION,cpc_group::C01B,1,115039917
concept_cpc_group,concept::ELECTROCATALYTIC REDUCTION,cpc_group::C01G,1,112046649
concept_cpc_group,concept::ELECTROCATALYTIC REDUCTION,cpc_group::C08G,1,104081456
concept_cpc_group,concept::ELECTROCATALYTIC REDUCTION,cpc_group::C08J,1,104081456
concept_cpc_group,concept::ELECTROCATALYTIC REDUCTION,cpc_group::C08L,1,104081456
concept_cpc_group,concept::ELECTROCATALYTIC REDUCTION,cpc_group::C22C,1,110304393
concept_cpc_group,concept::ELECTROCATALYTIC REDUCTION,cpc_group::C23C,1,112046649
concept_cpc_group,concept::ELECTROCATALYTIC REDUCTION,cpc_group::D01F,1,115484302
concept_cpc_group,concept::ELECTROCATALYTIC REDUCTION,cpc_group::D10B,1,115484302
concept_cpc_group,concept::ELECTROCATALYTIC REDUCTION,cpc_group::H01M,1,104081456
concept_cpc_group,concept::ELECTROCATALYTIC REDUCTION EQUIPMENT,cpc_group::C25B,1,110082631
concept_cpc_group,concept::ELECTROCATALYTIC REDUCTION REACTION,cpc_group::C25B,1,115347016
concept_cpc_group,concept::ELECTROCATALYTIC SELECTIVITY,cpc_group::C25B,1,108569271
concept_cpc_group,concept::ELECTROCATALYTICALLY REDUCING CARBON DIOXIDE,cpc_group::C25B,1,108569271
concept_cpc_group,concept::ELECTROCATALYTICALLY REDUCING METHANEDIONE,cpc_group::Y02E,1,83842416
concept_cpc_group,concept::ELECTROCHEMCIAL CELL,cpc_group::C25B,1,117920056
concept_cpc_group,concept::ELECTROCHEMCIAL CELL,cpc_group::H01M,1,117920056
concept_cpc_group,concept::ELECTROCHEMCIAL CELL,cpc_group::Y02E,1,117920056
concept_cpc_group,concept::ELECTROCHEMCIAL REDUCTION,cpc_group::B01J,1,68986421
concept_cpc_group,concept::ELECTROCHEMCIAL REDUCTION,cpc_group::C25B,1,68986421
concept_cpc_group,concept::ELECTROCHEMICAL CAPTURE,cpc_group::B01D,1,106991476
concept_cpc_group,concept::ELECTROCHEMICAL CAPTURE,cpc_group::C25B,1,106991476
concept_cpc_group,concept::ELECTROCHEMICAL CATALYSIS,cpc_group::C25B,1,116434365
concept_cpc_group,concept::ELECTROCHEMICAL CATALYST,cpc_group::B01J,1,115484302
concept_cpc_group,concept::ELECTROCHEMICAL CATALYST,cpc_group::B22F,1,115484302
concept_cpc_group,concept::ELECTROCHEMICAL CATALYST,cpc_group::B82Y,1,115484302
concept_cpc_group,concept::ELECTROCHEMICAL CATALYST,cpc_group::D01F,1,115484302
concept_cpc_group,concept::ELECTROCHEMICAL CATALYST,cpc_group::D10B,1,115484302
concept_cpc_group,concept::ELECTROCHEMICAL CELL ELECTROLYTIC COMPARTMENT,cpc_group::C25B,1,106145261
concept_cpc_group,concept::ELECTROCHEMICAL CO2 CONVERSION,cpc_group::C25B,1,116105015
concept_cpc_group,concept::ELECTROCHEMICAL CO2RR,cpc_group::B01J,1,95502318
concept_cpc_group,concept::ELECTROCHEMICAL CO2RR,cpc_group::C07F,1,95502318
concept_cpc_group,concept::ELECTROCHEMICAL CO2RR,cpc_group::C25B,1,95502318
concept_cpc_group,concept::ELECTROCHEMICAL CO2RR PROMOTION,cpc_group::B01J,1,95502318
concept_cpc_group,concept::ELECTROCHEMICAL CO2RR PROMOTION,cpc_group::C07F,1,95502318
concept_cpc_group,concept::ELECTROCHEMICAL CO2RR PROMOTION,cpc_group::C25B,1,95502318
concept_cpc_group,concept::ELECTROCHEMICAL CONVERSION,cpc_group::B01J,1,104997454
concept_cpc_group,concept::ELECTROCHEMICAL CONVERSION EQUIPMENT,cpc_group::C25B,1,118274866
concept_cpc_group,concept::ELECTROCHEMICAL CONVERSION EQUIPMENT,cpc_group::D01D,1,118274866
concept_cpc_group,concept::ELECTROCHEMICAL CONVERSION EQUIPMENT,cpc_group::D01F,1,118274866
concept_cpc_group,concept::ELECTROCHEMICAL CONVERSION EQUIPMENT,cpc_group::Y02E,1,118274866
concept_cpc_group,concept::ELECTROCHEMICAL CONVERSION PRODUCT,cpc_group::C25B,1,112473561
concept_cpc_group,concept::ELECTROCHEMICAL COX REDUCTION,cpc_group::C10G,1,113958355
concept_cpc_group,concept::ELECTROCHEMICAL COX REDUCTION,cpc_group::C25B,1,113958355
concept_cpc_group,concept::ELECTROCHEMICAL COX REDUCTION,cpc_group::Y02E,1,113958355
concept_cpc_group,concept::ELECTROCHEMICAL DEVICE,cpc_group::C02F,1,72680476
concept_cpc_group,concept::ELECTROCHEMICAL DEVICE,cpc_group::C07C,1,1913318
concept_cpc_group,concept::ELECTROCHEMICAL DEVICE,cpc_group::C08J,1,72680476
concept_cpc_group,concept::ELECTROCHEMICAL DEVICE,cpc_group::C10G,1,67443260
concept_cpc_group,concept::ELECTROCHEMICAL DEVICE,cpc_group::C10K,1,67443260
concept_cpc_group,concept::ELECTROCHEMICAL DEVICE,cpc_group::F23C,1,67443260
concept_cpc_group,concept::ELECTROCHEMICAL DEVICE,cpc_group::F23L,1,67443260
concept_cpc_group,concept::ELECTROCHEMICAL DEVICE,cpc_group::Y02A,1,1913318
concept_cpc_group,concept::ELECTROCHEMICAL DEVICE,cpc_group::Y02C,1,67443260
concept_cpc_group,concept::ELECTROCHEMICAL DIOXIDETHE FARADAY EFFICIENCY,cpc_group::C25B,1,104822026
concept_cpc_group,concept::ELECTROCHEMICAL DIOXIDETHE FARADAY EFFICIENCY,cpc_group::Y02E,1,104822026
concept_cpc_group,concept::ELECTROCHEMICAL GENERATION,cpc_group::B01D,1,85758103
concept_cpc_group,concept::ELECTROCHEMICAL GENERATION,cpc_group::C25B,1,85758103
concept_cpc_group,concept::ELECTROCHEMICAL GENERATION,cpc_group::Y02C,1,85758103
concept_cpc_group,concept::ELECTROCHEMICAL GENERATION,cpc_group::Y02P,1,85758103
concept_cpc_group,concept::ELECTROCHEMICAL HYDROGEN PUMP,cpc_group::C25B,1,114057507
concept_cpc_group,concept::ELECTROCHEMICAL POOL REACTOR,cpc_group::C25B,1,92423180
concept_cpc_group,concept::ELECTROCHEMICAL REACTION,cpc_group::B82Y,1,116876860
concept_cpc_group,concept::ELECTROCHEMICAL REACTION,cpc_group::C07C,1,103934571
concept_cpc_group,concept::ELECTROCHEMICAL REACTION,cpc_group::C23C,1,116876860
concept_cpc_group,concept::ELECTROCHEMICAL REACTION,cpc_group::H01M,1,87171430
concept_cpc_group,concept::ELECTROCHEMICAL REACTION,cpc_group::Y02C,1,106413270
concept_cpc_group,concept::ELECTROCHEMICAL REACTOR,cpc_group::B01D,1,106413270
concept_cpc_group,concept::ELECTROCHEMICAL REACTOR,cpc_group::C07B,1,110666488
concept_cpc_group,concept::ELECTROCHEMICAL REACTOR,cpc_group::Y02C,1,106413270
concept_cpc_group,concept::ELECTROCHEMICAL REACTOR,cpc_group::Y02E,1,93172692
concept_cpc_group,concept::ELECTROCHEMICAL REACTOR,cpc_group::Y02P,1,93172692
concept_cpc_group,concept::ELECTROCHEMICAL REDUCTION CATALYST,cpc_group::B01J,1,87032374
concept_cpc_group,concept::ELECTROCHEMICAL REFORMING,cpc_group::C25B,1,116120311
concept_cpc_group,concept::ELECTROCHEMICAL UTILIZATION,cpc_group::B01D,1,79163034
concept_cpc_group,concept::ELECTROCHEMICAL UTILIZATION,cpc_group::C25B,1,79163034
concept_cpc_group,concept::ELECTROCHEMICAL UTILIZATION,cpc_group::Y02P,1,79163034
concept_cpc_group,concept::ELECTROCHEMICAL WORKSTATION,cpc_group::B01J,1,117486565
concept_cpc_group,concept::ELECTROCHEMICAL WORKSTATION,cpc_group::C01B,1,117486565
concept_cpc_group,concept::ELECTROCHEMICAL WORKSTATION,cpc_group::C07C,1,117486565
concept_cpc_group,concept::ELECTROCHEMICAL WORKSTATION,cpc_group::C07F,1,117486565
concept_cpc_group,concept::ELECTROCHEMICAL WORKSTATION,cpc_group::C07J,1,117486565
concept_cpc_group,concept::ELECTROCHEMICAL WORKSTATION,cpc_group::C25B,1,117486565
concept_cpc_group,concept::ELECTROCHEMICALLY PRODUCING SYNTHESIS GAS,cpc_group::B01D,1,77202004
concept_cpc_group,concept::ELECTROCHEMICALLY PRODUCING SYNTHESIS GAS,cpc_group::C25B,1,77202004
concept_cpc_group,concept::ELECTROCHEMICALLY PRODUCING SYNTHESIS GAS,cpc_group::Y02E,1,77202004
concept_cpc_group,concept::ELECTROCHEMICALLY REDUCING CARBON DIOXIDE,cpc_group::B01D,1,111586005
concept_cpc_group,concept::ELECTROCHEMICALLY REDUCING CARBON DIOXIDE,cpc_group::B22F,1,103030257
concept_cpc_group,concept::ELECTROCHEMICALLY REDUCING CARBON DIOXIDE,cpc_group::C25D,1,103030257
concept_cpc_group,concept::ELECTROCHEMICALLY REDUCING CO2,cpc_group::C25B,1,82018818
concept_cpc_group,concept::ELECTROCHEMICALLY REDUCING METHANEDIONE,cpc_group::B01J,1,72680476
concept_cpc_group,concept::ELECTROCHEMICALLY REDUCING METHANEDIONE,cpc_group::C02F,1,72680476
concept_cpc_group,concept::ELECTROCHEMICALLY REDUCING METHANEDIONE,cpc_group::C08J,1,72680476
concept_cpc_group,concept::ELECTROCHEMICALLY REDUCING METHANEDIONE,cpc_group::G01N,1,72680476
concept_cpc_group,concept::ELECTROCHEMICALLY REDUCING METHANEDIONE,cpc_group::H01M,1,72680476
concept_cpc_group,concept::ELECTROCHEMISTRY,cpc_group::C25B,1,100072108
concept_cpc_group,concept::ELECTRODE,cpc_group::C23C,1,92032595
concept_cpc_group,concept::ELECTRODE CARBON DEPOSITION RESISTANCE,cpc_group::C25B,1,118106537
concept_cpc_group,concept::ELECTRODE ELECTROLYTE,cpc_group::C01B,1,84680718
concept_cpc_group,concept::ELECTRODE ELECTROLYTE,cpc_group::C25B,1,84680718
concept_cpc_group,concept::ELECTRODE HYDROPHOBIC MODIFICATION TREATMENT,cpc_group::C25B,1,106672290
concept_cpc_group,concept::ELECTRODE LAYER,cpc_group::B01D,1,96376807
concept_cpc_group,concept::ELECTRODE LAYER,cpc_group::B01J,1,96376807
concept_cpc_group,concept::ELECTRODE LAYER,cpc_group::C01B,1,96376807
concept_cpc_group,concept::ELECTRODE LAYER,cpc_group::C07B,1,96376807
concept_cpc_group,concept::ELECTRODE LAYER,cpc_group::C07C,1,96376807
concept_cpc_group,concept::ELECTRODE LAYER,cpc_group::C10G,1,96376807
concept_cpc_group,concept::ELECTRODE LAYER,cpc_group::C25B,1,96376807
concept_cpc_group,concept::ELECTRODE LAYER,cpc_group::Y02P,1,96376807
concept_cpc_group,concept::ELECTRODE MATERIAL,cpc_group::B01J,1,105418286
concept_cpc_group,concept::ELECTRODE MATERIAL,cpc_group::B82Y,1,105418286
concept_cpc_group,concept::ELECTRODE MATERIAL,cpc_group::C01B,1,105418286
concept_cpc_group,concept::ELECTRODE MATERIAL,cpc_group::C01G,1,105418286
concept_cpc_group,concept::ELECTRODE MATERIAL,cpc_group::C01P,1,105418286
concept_cpc_group,concept::ELECTRODE MATERIAL,cpc_group::C25B,1,105418286
concept_cpc_group,concept::ELECTRODE MATERIAL,cpc_group::Y02E,1,105418286
concept_cpc_group,concept::ELECTRODE SLURRY DISPERSANT,cpc_group::C25B,1,112590590
concept_cpc_group,concept::ELECTRODE SLURRY DISPERSING AGENT,cpc_group::C25B,1,112590590
concept_cpc_group,concept::ELECTRODE SOLID OXIDE,cpc_group::C25B,1,95930332
concept_cpc_group,concept::ELECTRODE SOLID OXIDE,cpc_group::Y02P,1,95930332
concept_cpc_group,concept::ELECTRODEPOSITING INTERMETALLIC CUZN,cpc_group::C25B,1,115708489
concept_cpc_group,concept::ELECTRODEPOSITING INTERMETALLIC CUZN,cpc_group::C25D,1,115708489
concept_cpc_group,concept::ELECTRODIALYSIS CELL,cpc_group::B01D,1,79163034
concept_cpc_group,concept::ELECTRODIALYSIS CELL,cpc_group::C25B,1,79163034
concept_cpc_group,concept::ELECTRODIALYSIS CELL,cpc_group::Y02P,1,79163034
concept_cpc_group,concept::ELECTROLYSIS,cpc_group::B01D,1,73295054
concept_cpc_group,concept::ELECTROLYSIS,cpc_group::B01J,1,79681795
concept_cpc_group,concept::ELECTROLYSIS,cpc_group::C01F,1,86205375
concept_cpc_group,concept::ELECTROLYSIS,cpc_group::C10G,1,79681795
concept_cpc_group,concept::ELECTROLYSIS CATALYSIS,cpc_group::C25B,1,108808107
concept_cpc_group,concept::ELECTROLYSIS CATALYST,cpc_group::B01J,1,104024514
concept_cpc_group,concept::ELECTROLYSIS CATALYST,cpc_group::C01B,1,104024514
concept_cpc_group,concept::ELECTROLYSIS CATALYST,cpc_group::C01P,1,104024514
concept_cpc_group,concept::ELECTROLYSIS CATALYST,cpc_group::C25B,1,104024514
concept_cpc_group,concept::ELECTROLYSIS CATALYST,cpc_group::Y02P,1,104024514
concept_cpc_group,concept::ELECTROLYSIS CELL,cpc_group::C01F,1,86205375
concept_cpc_group,concept::ELECTROLYSIS CELL,cpc_group::C07B,1,96376807
concept_cpc_group,concept::ELECTROLYSIS CELL,cpc_group::C07C,1,96376807
concept_cpc_group,concept::ELECTROLYSIS CELL,cpc_group::C10G,1,96376807
concept_cpc_group,concept::ELECTROLYSIS CELL,cpc_group::H01M,1,87171430
concept_cpc_group,concept::ELECTROLYSIS CELL,cpc_group::Y02C,1,85758103
concept_cpc_group,concept::ELECTROLYSIS CELL ACTIVATION,cpc_group::C25B,1,115866554
concept_cpc_group,concept::ELECTROLYSIS CELL MANUFACTURE,cpc_group::C25B,1,118081624
concept_cpc_group,concept::ELECTROLYSIS CHI,cpc_group::C25B,1,117825503
concept_cpc_group,concept::ELECTROLYSIS CHI,cpc_group::Y02E,1,117825503
concept_cpc_group,concept::ELECTROLYSIS CHI,cpc_group::Y02P,1,117825503
concept_cpc_group,concept::ELECTROLYSIS CONVERSION,cpc_group::C25B,1,98314273
concept_cpc_group,concept::ELECTROLYSIS CONVERSION,cpc_group::Y02E,1,98314273
concept_cpc_group,concept::ELECTROLYSIS CONVERSION,cpc_group::Y02P,1,98314273
concept_cpc_group,concept::ELECTROLYSIS EDUCT,cpc_group::C25B,1,73079791
concept_cpc_group,concept::ELECTROLYSIS EDUCT,cpc_group::Y02P,1,73079791
concept_cpc_group,concept::ELECTROLYSIS FEED,cpc_group::C01B,1,106413185
concept_cpc_group,concept::ELECTROLYSIS FEED,cpc_group::C10G,1,106413185
concept_cpc_group,concept::ELECTROLYSIS FEED,cpc_group::C10K,1,106413185
concept_cpc_group,concept::ELECTROLYSIS FEED,cpc_group::C10L,1,106413185
concept_cpc_group,concept::ELECTROLYSIS FEED,cpc_group::C25B,1,106413185
concept_cpc_group,concept::ELECTROLYSIS FEED,cpc_group::Y02E,1,106413185
concept_cpc_group,concept::ELECTROLYSIS MODULE,cpc_group::C01B,1,74496528
concept_cpc_group,concept::ELECTROLYSIS MODULE,cpc_group::C25B,1,74496528
concept_cpc_group,concept::ELECTROLYSIS MODULE,cpc_group::G05D,1,74496528
concept_cpc_group,concept::ELECTROLYSIS MODULE,cpc_group::Y02E,1,74496528
concept_cpc_group,concept::ELECTROLYSIS OPERATION MODE,cpc_group::C25B,1,107278856
concept_cpc_group,concept::ELECTROLYSIS PLANT,cpc_group::C25B,1,91738840
concept_cpc_group,concept::ELECTROLYSIS PRODUCT,cpc_group::C25B,1,89744192
concept_cpc_group,concept::ELECTROLYSIS REACTOR,cpc_group::C10L,1,84993693
concept_cpc_group,concept::ELECTROLYSIS REACTOR,cpc_group::H01M,1,66367131
concept_cpc_group,concept::ELECTROLYSIS REACTOR,cpc_group::Y02P,1,84993693
concept_cpc_group,concept::ELECTROLYSIS SECTION,cpc_group::C07C,1,101968427
concept_cpc_group,concept::ELECTROLYSIS SECTION,cpc_group::C25B,1,101968427
concept_cpc_group,concept::ELECTROLYSIS SECTION,cpc_group::Y02E,1,101968427
concept_cpc_group,concept::ELECTROLYSIS STACK,cpc_group::C25B,1,109306069
concept_cpc_group,concept::ELECTROLYSIS SYSTEM,cpc_group::C25B,1,82018818
concept_cpc_group,concept::ELECTROLYSIS TWO STEP,cpc_group::C25B,1,110503287
concept_cpc_group,concept::ELECTROLYSIS TWO STEP,cpc_group::Y02E,1,110503287
concept_cpc_group,concept::ELECTROLYTE,cpc_group::B22F,1,105758218
concept_cpc_group,concept::ELECTROLYTE,cpc_group::C23C,1,105758218
concept_cpc_group,concept::ELECTROLYTE,cpc_group::H01M,1,101335911
concept_cpc_group,concept::ELECTROLYTE,cpc_group::Y02A,1,105555372
concept_cpc_group,concept::ELECTROLYTE AQUEOUS SOLUTION,cpc_group::C01B,1,44672238
concept_cpc_group,concept::ELECTROLYTE AQUEOUS SOLUTION,cpc_group::C25B,1,44672238
concept_cpc_group,concept::ELECTROLYTE AQUEOUS SOLUTION,cpc_group::Y02E,1,44672238
concept_cpc_group,concept::ELECTROLYTE CAVITY,cpc_group::C25B,1,86637940
concept_cpc_group,concept::ELECTROLYTE CIRCULATION CIRCUIT,cpc_group::C25B,1,78286428
concept_cpc_group,concept::ELECTROLYTE CONDUCT,cpc_group::B01D,1,115547269
concept_cpc_group,concept::ELECTROLYTE CONDUCT,cpc_group::C25B,1,115547269
concept_cpc_group,concept::ELECTROLYTE CONDUCT OXIDE ION,cpc_group::B01D,1,115547269
concept_cpc_group,concept::ELECTROLYTE CONDUCT OXIDE ION,cpc_group::C25B,1,115547269
concept_cpc_group,concept::ELECTROLYTE FREE CO2PREPARATION,cpc_group::C25B,1,112590590
concept_cpc_group,concept::ELECTROLYTE INTERMEDIATE COOLING,cpc_group::C01B,1,85758108
concept_cpc_group,concept::ELECTROLYTE INTERMEDIATE COOLING,cpc_group::C25B,1,85758108
concept_cpc_group,concept::ELECTROLYTE INTERMEDIATE COOLING,cpc_group::Y02E,1,85758108
concept_cpc_group,concept::ELECTROLYTE INTERMEDIATE COOLING,cpc_group::Y02P,1,85758108
concept_cpc_group,concept::ELECTROLYTE PARTICLE,cpc_group::C25B,1,118083135
concept_cpc_group,concept::ELECTROLYTE PARTICLE,cpc_group::H01M,1,118083135
concept_cpc_group,concept::ELECTROLYTE PARTICLE,cpc_group::Y02E,1,118083135
concept_cpc_group,concept::ELECTROLYTE PARTICLE,cpc_group::Y02P,1,118083135
concept_cpc_group,concept::ELECTROLYTE PELLET,cpc_group::B82Y,1,115109027
concept_cpc_group,concept::ELECTROLYTE PELLET,cpc_group::C25B,1,115109027
concept_cpc_group,concept::ELECTROLYTE PELLET,cpc_group::Y02E,1,115109027
concept_cpc_group,concept::ELECTROLYTE RESERVOIR,cpc_group::C25B,1,89416407
concept_cpc_group,concept::ELECTROLYTE SATURATION,cpc_group::C25B,1,115347016
concept_cpc_group,concept::ELECTROLYTE SOLUTION,cpc_group::B01J,1,68986421
concept_cpc_group,concept::ELECTROLYTE SOLUTION,cpc_group::Y02E,1,55016601
concept_cpc_group,concept::ELECTROLYTE SOLUTION TANK,cpc_group::C25B,1,55016601
concept_cpc_group,concept::ELECTROLYTE SOLUTION TANK,cpc_group::Y02E,1,55016601
concept_cpc_group,concept::ELECTROLYTE SUPPLY,cpc_group::C25B,1,101790584
concept_cpc_group,concept::ELECTROLYTE SUPPLY,cpc_group::Y02E,1,101790584
concept_cpc_group,concept::ELECTROLYTE SUPPLY,cpc_group::Y02P,1,101790584
concept_cpc_group,concept::ELECTROLYTIC BATH TEMPERATURE,cpc_group::C25B,1,85453370
concept_cpc_group,concept::ELECTROLYTIC BATH TEMPERATURE,cpc_group::Y02E,1,85453370
concept_cpc_group,concept::ELECTROLYTIC CELL,cpc_group::B01J,1,83172492
concept_cpc_group,concept::ELECTROLYTIC CELL,cpc_group::B22F,1,105758218
concept_cpc_group,concept::ELECTROLYTIC CELL,cpc_group::C01F,1,86205375
concept_cpc_group,concept::ELECTROLYTIC CELL,cpc_group::C10G,1,96314074
concept_cpc_group,concept::ELECTROLYTIC CELL,cpc_group::C10K,1,96314074
concept_cpc_group,concept::ELECTROLYTIC CELL,cpc_group::C23C,1,105758218
concept_cpc_group,concept::ELECTROLYTIC CELL,cpc_group::C25C,1,104933063
concept_cpc_group,concept::ELECTROLYTIC CELL,cpc_group::C25D,1,104933063
concept_cpc_group,concept::ELECTROLYTIC CELL CATHODE MATERIAL,cpc_group::B01J,1,89672842
concept_cpc_group,concept::ELECTROLYTIC CELL CATHODE MATERIAL,cpc_group::B22F,1,89672842
concept_cpc_group,concept::ELECTROLYTIC CELL CATHODE MATERIAL,cpc_group::B82Y,1,89672842
concept_cpc_group,concept::ELECTROLYTIC CELL CATHODE MATERIAL,cpc_group::C01G,1,105343084
concept_cpc_group,concept::ELECTROLYTIC CELL CATHODE MATERIAL,cpc_group::C01P,1,105343084
concept_cpc_group,concept::ELECTROLYTIC CELL CATHODE MATERIAL,cpc_group::Y02E,1,105343084
concept_cpc_group,concept::ELECTROLYTIC CELL DIAPHRAGM,cpc_group::C25B,1,80590207
concept_cpc_group,concept::ELECTROLYTIC CELL DIAPHRAGM,cpc_group::Y02E,1,80590207
concept_cpc_group,concept::ELECTROLYTIC CELL OUTPUT,cpc_group::C25B,1,97540394
concept_cpc_group,concept::ELECTROLYTIC CELL OUTPUT,cpc_group::Y02E,1,97540394
concept_cpc_group,concept::ELECTROLYTIC CELL SIDE MATERIAL,cpc_group::C01G,1,105343084
concept_cpc_group,concept::ELECTROLYTIC CELL SIDE MATERIAL,cpc_group::C01P,1,105343084
concept_cpc_group,concept::ELECTROLYTIC CELL SIDE MATERIAL,cpc_group::C25B,1,105343084
concept_cpc_group,concept::ELECTROLYTIC CELL SIDE MATERIAL,cpc_group::Y02E,1,105343084
concept_cpc_group,concept::ELECTROLYTIC CELL STACK,cpc_group::Y02P,1,117825503
concept_cpc_group,concept::ELECTROLYTIC CELL2THE,cpc_group::C25B,1,96701999
concept_cpc_group,concept::ELECTROLYTIC CONVERSION,cpc_group::C25B,1,91738840
concept_cpc_group,concept::ELECTROLYTIC DEVICE,cpc_group::G01N,1,87919517
concept_cpc_group,concept::ELECTROLYTIC IRON NICKEL,cpc_group::B01J,1,89672842
concept_cpc_group,concept::ELECTROLYTIC IRON NICKEL,cpc_group::B22F,1,89672842
concept_cpc_group,concept::ELECTROLYTIC IRON NICKEL,cpc_group::B82Y,1,89672842
concept_cpc_group,concept::ELECTROLYTIC IRON NICKEL,cpc_group::C25B,1,89672842
concept_cpc_group,concept::ELECTROLYTIC PRODUCT PRODUCTION,cpc_group::C25B,1,102708989
concept_cpc_group,concept::ELECTROLYTIC REACTION,cpc_group::Y02E,1,100799928
concept_cpc_group,concept::ELECTROLYTIC REDUCTION,cpc_group::B01D,1,83691812
concept_cpc_group,concept::ELECTROLYTIC REDUCTION,cpc_group::B01J,1,83691812
concept_cpc_group,concept::ELECTROLYTIC REDUCTION,cpc_group::C01B,1,83691812
concept_cpc_group,concept::ELECTROLYTIC REDUCTION,cpc_group::Y02E,1,83691812
concept_cpc_group,concept::ELECTROLYTIC REDUCTION,cpc_group::Y02P,1,83691812
concept_cpc_group,concept::ELECTROLYTIC SOLUTION,cpc_group::C07B,1,110666488
concept_cpc_group,concept::ELECTROLYTIC SOLUTION,cpc_group::C07C,1,110666488
concept_cpc_group,concept::ELECTROLYTIC SOLUTION,cpc_group::Y02E,1,81386945
concept_cpc_group,concept::ELECTROLYTIC TANK,cpc_group::B01J,1,79681795
concept_cpc_group,concept::ELECTROLYTIC TANK,cpc_group::C10G,1,79681795
concept_cpc_group,concept::ELECTROLYZER,cpc_group::C01C,1,112262309
concept_cpc_group,concept::ELECTROLYZER,cpc_group::C01F,1,112262309
concept_cpc_group,concept::ELECTROLYZER,cpc_group::C02F,1,72680476
concept_cpc_group,concept::ELECTROLYZER,cpc_group::C08J,1,72680476
concept_cpc_group,concept::ELECTROLYZER,cpc_group::C10J,1,112262309
concept_cpc_group,concept::ELECTROLYZER,cpc_group::C10L,1,112262309
concept_cpc_group,concept::ELECTROLYZER,cpc_group::E21B,1,112262309
concept_cpc_group,concept::ELECTROLYZER,cpc_group::F01K,1,112262309
concept_cpc_group,concept::ELECTROLYZER,cpc_group::F04B,1,112262309
concept_cpc_group,concept::ELECTROLYZER,cpc_group::F23J,1,112262309
concept_cpc_group,concept::ELECTROLYZER,cpc_group::F25J,1,112262309
concept_cpc_group,concept::ELECTROLYZER,cpc_group::Y02A,1,82565553
concept_cpc_group,concept::ELECTROLYZER,cpc_group::Y02C,1,112262309
concept_cpc_group,concept::ELECTROLYZER ANODE ELECTROLYTE,cpc_group::B01D,1,111204819
concept_cpc_group,concept::ELECTROLYZER ANODE ELECTROLYTE,cpc_group::C01B,1,111204819
concept_cpc_group,concept::ELECTROLYZER ANODE ELECTROLYTE,cpc_group::C25B,1,111204819
concept_cpc_group,concept::ELECTROLYZER CATHOLYTE,cpc_group::C01B,1,116476220
concept_cpc_group,concept::ELECTROLYZER CATHOLYTE,cpc_group::C25B,1,116476220
concept_cpc_group,concept::ELECTROLYZER EFFLUENT,cpc_group::C07C,1,64469752
concept_cpc_group,concept::ELECTROLYZER EFFLUENT,cpc_group::C25B,1,64469752
concept_cpc_group,concept::ELECTROLYZER EFFLUENT,cpc_group::Y02E,1,64469752
concept_cpc_group,concept::ELECTROLYZER ELECTROLYTE,cpc_group::C25B,1,46248577
concept_cpc_group,concept::ELECTROLYZER ELECTROLYTE,cpc_group::Y02E,1,46248577
concept_cpc_group,concept::ELECTROLYZER OUTPUT,cpc_group::C25B,1,97540394
concept_cpc_group,concept::ELECTROLYZER OUTPUT,cpc_group::Y02E,1,97540394
concept_cpc_group,concept::ELECTROLYZER PERFORMANCE,cpc_group::C25B,1,114057507
concept_cpc_group,concept::ELECTROLYZER STACK,cpc_group::C25B,1,107513925
concept_cpc_group,concept::ELECTROLYZER2INTO FUEL,cpc_group::B01J,1,79681795
concept_cpc_group,concept::ELECTROLYZER2INTO FUEL,cpc_group::C07C,1,79681795
concept_cpc_group,concept::ELECTROLYZER2INTO FUEL,cpc_group::C10G,1,79681795
concept_cpc_group,concept::ELECTROLYZER2INTO FUEL,cpc_group::C25B,1,79681795
concept_cpc_group,concept::ELECTROLYZER2INTO FUEL,cpc_group::Y02E,1,79681795
concept_cpc_group,concept::ELECTROLYZER2INTO FUEL,cpc_group::Y02P,1,79681795
concept_cpc_group,concept::ELECTROLYZING CARBON DIOXIDE,cpc_group::C25B,1,116737142
concept_cpc_group,concept::ELECTROOSMOSIS SUPPRESSION,cpc_group::C25B,1,87171527
concept_cpc_group,concept::ELECTROOSMOTIC FLUX,cpc_group::B01D,1,109306159
concept_cpc_group,concept::ELECTROOSMOTIC FLUX,cpc_group::C08J,1,109306159
concept_cpc_group,concept::ELECTROOSMOTIC FLUX,cpc_group::C25B,1,109306159
concept_cpc_group,concept::ELECTROOSMOTIC FLUX,cpc_group::H01M,1,109306159
concept_cpc_group,concept::ELECTROREDUCTION,cpc_group::B01D,1,116298732
concept_cpc_group,concept::ELECTROREDUCTION,cpc_group::B01J,1,116298732
concept_cpc_group,concept::ELECTROREDUCTION,cpc_group::B82Y,1,116298732
concept_cpc_group,concept::ELECTROREDUCTION CARBON SHELL,cpc_group::B01D,1,116298732
concept_cpc_group,concept::ELECTROREDUCTION CARBON SHELL,cpc_group::B01J,1,116298732
concept_cpc_group,concept::ELECTROREDUCTION CARBON SHELL,cpc_group::B82Y,1,116298732
concept_cpc_group,concept::ELECTROREDUCTION CARBON SHELL,cpc_group::C25B,1,116298732
concept_cpc_group,concept::ELECTROREDUCTION CARBON SHELL,cpc_group::Y02E,1,116298732
concept_cpc_group,concept::ELECTROREDUCTION CARBON SHELL,cpc_group::Y02P,1,116298732
concept_cpc_group,concept::ELECTROREDUCTION CATALYST,cpc_group::B82Y,1,109733203
concept_cpc_group,concept::ELECTROREDUCTION CATALYST,cpc_group::C25C,1,109733203
concept_cpc_group,concept::ELECTROREDUCTION CATHODE,cpc_group::C25B,1,79181464
concept_cpc_group,concept::ELECTROREDUCTION CELL,cpc_group::C25B,1,86637940
concept_cpc_group,concept::ELECTROREDUCTION NEGATIVE ELECTRODE,cpc_group::C25B,1,79181464
concept_cpc_group,concept::ELECTROREDUCTION REACTION,cpc_group::B01J,1,83172492
concept_cpc_group,concept::ELECTROREDUCTION REACTION,cpc_group::Y02P,1,117651217
concept_cpc_group,concept::ELECTROSTATIC SPINNING,cpc_group::B01J,1,115484302
concept_cpc_group,concept::ELECTROSTATIC SPINNING,cpc_group::B22F,1,115484302
concept_cpc_group,concept::ELECTROSTATIC SPINNING,cpc_group::B82Y,1,115484302
concept_cpc_group,concept::ELECTROSTATIC SPINNING,cpc_group::D01D,1,118274866
concept_cpc_group,concept::ELECTROSTATIC SPINNING,cpc_group::D10B,1,115484302
concept_cpc_group,concept::ELECTROSTATIC SPINNING SOLUTION,cpc_group::C25B,1,118096155
concept_cpc_group,concept::ELETROCHEMICAL REDUCTION,cpc_group::C25B,1,100959754
concept_cpc_group,concept::ENERGY,cpc_group::C01B,1,66508929
concept_cpc_group,concept::ENERGY,cpc_group::C07C,1,66508929
concept_cpc_group,concept::ENERGY,cpc_group::C10G,1,66508929
concept_cpc_group,concept::ENERGY,cpc_group::C10L,1,66508929
concept_cpc_group,concept::ENERGY,cpc_group::C25B,1,66508929
concept_cpc_group,concept::ENERGY,cpc_group::F01K,1,7846740
concept_cpc_group,concept::ENERGY,cpc_group::F02C,1,7846740
concept_cpc_group,concept::ENERGY,cpc_group::F03G,1,66508929
concept_cpc_group,concept::ENERGY,cpc_group::H02K,1,7846740
concept_cpc_group,concept::ENERGY,cpc_group::Y02B,1,66508929
concept_cpc_group,concept::ENERGY,cpc_group::Y02P,1,66508929
concept_cpc_group,concept::ENERGY GENERATION,cpc_group::F01K,1,7846740
concept_cpc_group,concept::ENERGY GENERATION,cpc_group::F02C,1,7846740
concept_cpc_group,concept::ENERGY GENERATION,cpc_group::H02K,1,7846740
concept_cpc_group,concept::ENERGY GENERATION,cpc_group::Y02E,1,7846740
concept_cpc_group,concept::ENERGY REGULATION,cpc_group::H02J,1,94787837
concept_cpc_group,concept::ENERGY REGULATION,cpc_group::Y02E,1,94787837
concept_cpc_group,concept::ENERGY REGULATION,cpc_group::Y02P,1,94787837
concept_cpc_group,concept::ENERGY SUPPLY,cpc_group::C07C,1,107089672
concept_cpc_group,concept::ENERGY SUPPLY,cpc_group::C25B,1,107089672
concept_cpc_group,concept::ENHANCED CO2AN ELECTROREDUCTION CELL,cpc_group::C25B,1,86637940
concept_cpc_group,concept::ENTRAPPING AIR,cpc_group::B01D,1,114892955
concept_cpc_group,concept::EQUIPMENT,cpc_group::B01J,1,96729039
concept_cpc_group,concept::EQUIPMENT,cpc_group::C01B,1,96729039
concept_cpc_group,concept::EQUIPMENT,cpc_group::C10B,1,96729039
concept_cpc_group,concept::ESTERIFICATION REACTION,cpc_group::B01J,1,117486565
concept_cpc_group,concept::ESTERIFICATION REACTION,cpc_group::C01B,1,117486565
concept_cpc_group,concept::ESTERIFICATION REACTION,cpc_group::C07C,1,117486565
concept_cpc_group,concept::ESTERIFICATION REACTION,cpc_group::C07F,1,117486565
concept_cpc_group,concept::ESTERIFICATION REACTION,cpc_group::C07J,1,117486565
concept_cpc_group,concept::ESTERIFICATION REACTION,cpc_group::C25B,1,117486565
concept_cpc_group,concept::ETHANOL,cpc_group::C01B,1,115039917
concept_cpc_group,concept::ETHANOL,cpc_group::C25B,1,115039917
concept_cpc_group,concept::ETHENYLBENZENE,cpc_group::B01J,1,79681795
concept_cpc_group,concept::ETHENYLBENZENE,cpc_group::C07C,1,79681795
concept_cpc_group,concept::ETHENYLBENZENE,cpc_group::C10G,1,79681795
concept_cpc_group,concept::ETHENYLBENZENE,cpc_group::C25B,1,79681795
concept_cpc_group,concept::ETHENYLBENZENE,cpc_group::Y02E,1,79681795
concept_cpc_group,concept::ETHENYLBENZENE,cpc_group::Y02P,1,79681795
concept_cpc_group,concept::ETHYLENE,cpc_group::C25B,1,116120311
concept_cpc_group,concept::ETHYLENE PRODUCTION,cpc_group::C25B,1,116120311
concept_cpc_group,concept::EVAPORATOR,cpc_group::C07C,1,107089672
concept_cpc_group,concept::EVAPORATOR,cpc_group::C25B,1,107089672
concept_cpc_group,concept::EXOTIC CATALYTIC SOLUTION,cpc_group::B01D,1,114628861
concept_cpc_group,concept::EXOTIC CATALYTIC SOLUTION,cpc_group::C25B,1,114628861
concept_cpc_group,concept::EXOTIC CATALYTIC SOLUTION,cpc_group::H01M,1,114628861
concept_cpc_group,concept::EXTENSIVE UTILIZATION,cpc_group::C25B,1,112323322
concept_cpc_group,concept::EXTRACTED PRODUCT GAS,cpc_group::B01J,1,107376902
concept_cpc_group,concept::EXTRACTED PRODUCT GAS,cpc_group::C01B,1,107376902
concept_cpc_group,concept::EXTRACTING GAS PRODUCTION,cpc_group::C25B,1,112473553
concept_cpc_group,concept::FACILITY,cpc_group::B01D,1,85758103
concept_cpc_group,concept::FACILITY,cpc_group::C25B,1,85758103
concept_cpc_group,concept::FACILITY,cpc_group::Y02C,1,85758103
concept_cpc_group,concept::FACILITY,cpc_group::Y02P,1,85758103
concept_cpc_group,concept::FARAD IC,cpc_group::C25B,1,110697556
concept_cpc_group,concept::FARADAY SELECTIVITY,cpc_group::C25B,1,101555236
concept_cpc_group,concept::FARADAY SELECTIVITY,cpc_group::Y02E,1,101555236
concept_cpc_group,concept::FE MONATOMIC CATALYST,cpc_group::C25B,1,98667734
concept_cpc_group,concept::FE PRECURSOR,cpc_group::B82Y,1,115109027
concept_cpc_group,concept::FE PRECURSOR,cpc_group::C25B,1,115109027
concept_cpc_group,concept::FE PRECURSOR,cpc_group::Y02E,1,115109027
concept_cpc_group,concept::FEATURE SUBCOMBINATION,cpc_group::C25B,1,83842416
concept_cpc_group,concept::FEATURE SUBCOMBINATION,cpc_group::Y02E,1,83842416
concept_cpc_group,concept::FEED,cpc_group::C22B,1,102038550
concept_cpc_group,concept::FEED,cpc_group::C25B,1,102038550
concept_cpc_group,concept::FEED,cpc_group::C25C,1,102038550
concept_cpc_group,concept::FEED,cpc_group::Y02P,1,102038550
concept_cpc_group,concept::FEED GROOVE,cpc_group::C25B,1,86637940
concept_cpc_group,concept::FEEDSTOCK,cpc_group::B01J,1,94627563
concept_cpc_group,concept::FEEDSTOCK,cpc_group::C01B,1,94627563
concept_cpc_group,concept::FEEDSTOCK,cpc_group::C10K,1,94627563
concept_cpc_group,concept::FEEDSTOCK,cpc_group::Y02P,1,94627563
concept_cpc_group,concept::FEOOH PANI PRECURSOR,cpc_group::C25B,1,101562974
concept_cpc_group,concept::FEOOH PANI PRECURSOR,cpc_group::Y02E,1,101562974
concept_cpc_group,concept::FERRIERITE TYPE STRUCTURE,cpc_group::C01G,1,105343084
concept_cpc_group,concept::FERRIERITE TYPE STRUCTURE,cpc_group::C01P,1,105343084
concept_cpc_group,concept::FERRIERITE TYPE STRUCTURE,cpc_group::C25B,1,105343084
concept_cpc_group,concept::FERRIERITE TYPE STRUCTURE,cpc_group::Y02E,1,105343084
concept_cpc_group,concept::FERRIERITE TYPE STRUCTURE OXIDE,cpc_group::C01G,1,105343084
concept_cpc_group,concept::FERRIERITE TYPE STRUCTURE OXIDE,cpc_group::C01P,1,105343084
concept_cpc_group,concept::FERRIERITE TYPE STRUCTURE OXIDE,cpc_group::C25B,1,105343084
concept_cpc_group,concept::FERRIERITE TYPE STRUCTURE OXIDE,cpc_group::Y02E,1,105343084
concept_cpc_group,concept::FERRITIC STAINLESS ALLOY,cpc_group::C25B,1,111147448
concept_cpc_group,concept::FIBER ELECTRODE,cpc_group::B22F,1,114532676
concept_cpc_group,concept::FIBER ELECTRODE,cpc_group::C22C,1,114532676
concept_cpc_group,concept::FIBER ELECTRODE,cpc_group::C23C,1,114532676
concept_cpc_group,concept::FIBER ELECTRODE,cpc_group::C25C,1,114532676
concept_cpc_group,concept::FIBER ELECTRODE,cpc_group::D01F,1,114532676
concept_cpc_group,concept::FIBER ELECTRODE,cpc_group::Y02P,1,114532676
concept_cpc_group,concept::FIBER MEMBRANE,cpc_group::C25B,1,118274866
concept_cpc_group,concept::FIBER MEMBRANE,cpc_group::D01D,1,118274866
concept_cpc_group,concept::FIBER MEMBRANE,cpc_group::D01F,1,118274866
concept_cpc_group,concept::FIBER MEMBRANE,cpc_group::Y02E,1,118274866
concept_cpc_group,concept::FIBER VITAMIN EMBRYO,cpc_group::B22F,1,114532676
concept_cpc_group,concept::FIBER VITAMIN EMBRYO,cpc_group::C22C,1,114532676
concept_cpc_group,concept::FIBER VITAMIN EMBRYO,cpc_group::C23C,1,114532676
concept_cpc_group,concept::FIBER VITAMIN EMBRYO,cpc_group::C25C,1,114532676
concept_cpc_group,concept::FIBER VITAMIN EMBRYO,cpc_group::D01F,1,114532676
concept_cpc_group,concept::FIBER VITAMIN EMBRYO,cpc_group::Y02P,1,114532676
concept_cpc_group,concept::FILM ELECTRODE,cpc_group::Y02E,1,115363192
concept_cpc_group,concept::FISCHER TROPSCH REACTOR,cpc_group::C01C,1,112387292
concept_cpc_group,concept::FISCHER TROPSCH REACTOR,cpc_group::C10G,1,112387292
concept_cpc_group,concept::FISCHER TROPSCH REACTOR,cpc_group::C25B,1,112387292
concept_cpc_group,concept::FISCHER TROPSCH REACTOR,cpc_group::H01M,1,112387292
concept_cpc_group,concept::FISCHER TROPSCH REACTOR,cpc_group::Y02E,1,112387292
concept_cpc_group,concept::FISCHER TROPSCH SYNTHESIS REACTOR,cpc_group::C25B,1,71965537
concept_cpc_group,concept::FISCHERTROPSCH REACTOR,cpc_group::C01C,1,112387292
concept_cpc_group,concept::FISCHERTROPSCH REACTOR,cpc_group::C10G,1,112387292
concept_cpc_group,concept::FISCHERTROPSCH REACTOR,cpc_group::C25B,1,112387292
concept_cpc_group,concept::FISCHERTROPSCH REACTOR,cpc_group::H01M,1,112387292
concept_cpc_group,concept::FISCHERTROPSCH REACTOR,cpc_group::Y02E,1,112387292
concept_cpc_group,concept::FIX RATIO PRODUCTION SYSTEM,cpc_group::C07C,1,100224447
concept_cpc_group,concept::FIX RATIO PRODUCTION SYSTEM,cpc_group::C25B,1,100224447
concept_cpc_group,concept::FIX RATIO PRODUCTION SYSTEM,cpc_group::Y02P,1,100224447
concept_cpc_group,concept::FIXED RATIO PRODUCTION,cpc_group::C07C,1,100224447
concept_cpc_group,concept::FIXED RATIO PRODUCTION,cpc_group::C25B,1,100224447
concept_cpc_group,concept::FIXED RATIO PRODUCTION,cpc_group::Y02P,1,100224447
concept_cpc_group,concept::FLOW CELL ELECTROLYZER,cpc_group::C25B,1,92464691
concept_cpc_group,concept::FLOW RATE,cpc_group::C07C,1,107089672
concept_cpc_group,concept::FLOW RATE,cpc_group::C25B,1,107089672
concept_cpc_group,concept::FLOWABLE LIQUID ELECTROCHEMICAL MEMBRANE,cpc_group::C25B,1,111363754
concept_cpc_group,concept::FLUE GAS,cpc_group::B01D,1,111204819
concept_cpc_group,concept::FLUE GAS,cpc_group::C01B,1,111204819
concept_cpc_group,concept::FLUE GAS,cpc_group::C25B,1,111204819
concept_cpc_group,concept::FLUORINE,cpc_group::C25B,1,106179974
concept_cpc_group,concept::FLUORINE,cpc_group::Y02A,1,106179974
concept_cpc_group,concept::FLUORORESIN IONOMER,cpc_group::Y02E,1,117521363
concept_cpc_group,concept::FOOD GRADE,cpc_group::B01D,1,73295054
concept_cpc_group,concept::FOOD GRADE,cpc_group::C01B,1,73295054
concept_cpc_group,concept::FOOD GRADE,cpc_group::C25B,1,73295054
concept_cpc_group,concept::FOOD GRADE,cpc_group::Y02P,1,73295054
concept_cpc_group,concept::FOOD GRADE METHANEDIONE,cpc_group::B01D,1,73295054
concept_cpc_group,concept::FOOD GRADE METHANEDIONE,cpc_group::C01B,1,73295054
concept_cpc_group,concept::FOOD GRADE METHANEDIONE,cpc_group::C25B,1,73295054
concept_cpc_group,concept::FOOD GRADE METHANEDIONE,cpc_group::Y02P,1,73295054
concept_cpc_group,concept::FORMULA PORPHYRIN,cpc_group::C01B,1,78510702
concept_cpc_group,concept::FORMULA PORPHYRIN,cpc_group::C07D,1,78510702
concept_cpc_group,concept::FORMULA RPHYRIN,cpc_group::B01J,1,78510702
concept_cpc_group,concept::FORMULA RPHYRIN,cpc_group::C01B,1,78510702
concept_cpc_group,concept::FORMULA RPHYRIN,cpc_group::C07D,1,78510702
concept_cpc_group,concept::FORMULA RPHYRIN,cpc_group::C07F,1,78510702
concept_cpc_group,concept::FORMULA RPHYRIN,cpc_group::C25B,1,78510702
concept_cpc_group,concept::FORMULA RPHYRIN,cpc_group::Y02E,1,78510702
concept_cpc_group,concept::FOSSIL FUEL OVERUSE,cpc_group::C25B,1,110503287
concept_cpc_group,concept::FOSSIL FUEL OVERUSE,cpc_group::Y02E,1,110503287
concept_cpc_group,concept::FTO TABLET,cpc_group::C25B,1,105437834
concept_cpc_group,concept::FUEL,cpc_group::C07C,1,101968427
concept_cpc_group,concept::FUEL,cpc_group::C10G,1,96314074
concept_cpc_group,concept::FUEL,cpc_group::C10K,1,96314074
concept_cpc_group,concept::FUEL CELL,cpc_group::C01B,1,114398667
concept_cpc_group,concept::FUEL CELL,cpc_group::C07C,1,81302402
concept_cpc_group,concept::FUEL CELL,cpc_group::H01M,1,114398667
concept_cpc_group,concept::FUEL FLOW,cpc_group::C25B,1,101955362
concept_cpc_group,concept::FUEL FLOW,cpc_group::Y02E,1,101955362
concept_cpc_group,concept::FUEL MANUFACTURE,cpc_group::C25B,1,46248577
concept_cpc_group,concept::FUEL MANUFACTURE,cpc_group::Y02E,1,46248577
concept_cpc_group,concept::FUEL MANUFACTURING SYSTEM,cpc_group::C07C,1,101968427
concept_cpc_group,concept::FUEL MANUFACTURING SYSTEM,cpc_group::C25B,1,101968427
concept_cpc_group,concept::FUEL MANUFACTURING SYSTEM,cpc_group::Y02E,1,101968427
concept_cpc_group,concept::FUEL PRODUCTION,cpc_group::C10G,1,96314074
concept_cpc_group,concept::FUEL PRODUCTION,cpc_group::C10K,1,96314074
concept_cpc_group,concept::FUEL PRODUCTION,cpc_group::C25B,1,96314074
concept_cpc_group,concept::FUEL PRODUCTION,cpc_group::Y02E,1,96314074
concept_cpc_group,concept::FUEL PRODUCTION METHOD,cpc_group::C25B,1,46248577
concept_cpc_group,concept::FUEL PRODUCTION METHOD,cpc_group::Y02E,1,46248577
concept_cpc_group,concept::FUEL SYNTHESIS CATALYST,cpc_group::C10G,1,96314074
concept_cpc_group,concept::FUEL SYNTHESIS CATALYST,cpc_group::C10K,1,96314074
concept_cpc_group,concept::FUEL SYNTHESIS CATALYST,cpc_group::C25B,1,96314074
concept_cpc_group,concept::FUEL SYNTHESIS CATALYST,cpc_group::Y02E,1,96314074
concept_cpc_group,concept::FUNCTIONAL COMPOSITE MEMBRANE,cpc_group::C25B,1,116293199
concept_cpc_group,concept::GA ELECTRODE,cpc_group::C25B,1,116434365
concept_cpc_group,concept::GAOOH,cpc_group::C25B,1,116434365
concept_cpc_group,concept::GAP CO2 ELECTROLYZER,cpc_group::C25B,1,115866554
concept_cpc_group,concept::GAP LAYER,cpc_group::C25B,1,117920056
concept_cpc_group,concept::GAP LAYER,cpc_group::H01M,1,117920056
concept_cpc_group,concept::GAP LAYER,cpc_group::Y02E,1,117920056
concept_cpc_group,concept::GAS CONDITIONING,cpc_group::C07C,1,100224447
concept_cpc_group,concept::GAS CONDITIONING,cpc_group::C25B,1,100224447
concept_cpc_group,concept::GAS CONDITIONING,cpc_group::Y02P,1,100224447
concept_cpc_group,concept::GAS CONVERSION,cpc_group::C25B,1,87171430
concept_cpc_group,concept::GAS CONVERSION,cpc_group::H01M,1,87171430
concept_cpc_group,concept::GAS CONVERSION,cpc_group::Y02E,1,87171430
concept_cpc_group,concept::GAS CONVERSION,cpc_group::Y02P,1,87171430
concept_cpc_group,concept::GAS DIFFUSION CATHODE,cpc_group::C25B,1,89744192
concept_cpc_group,concept::GAS DIFFUSION ELECTROCHEMICAL REACTOR,cpc_group::C10L,1,105555372
concept_cpc_group,concept::GAS DIFFUSION ELECTROCHEMICAL REACTOR,cpc_group::C25B,1,105555372
concept_cpc_group,concept::GAS DIFFUSION ELECTROCHEMICAL REACTOR,cpc_group::Y02A,1,105555372
concept_cpc_group,concept::GAS DIFFUSION ELECTRODE,cpc_group::B01J,1,92565798
concept_cpc_group,concept::GAS DIFFUSION ELECTRODE,cpc_group::C25D,1,115708489
concept_cpc_group,concept::GAS DIFFUSION ELECTRODE,cpc_group::H01M,1,92565798
concept_cpc_group,concept::GAS DIFFUSION ELECTRODE,cpc_group::Y02E,1,117521363
concept_cpc_group,concept::GAS DIFFUSION LAYER,cpc_group::Y02E,1,102226793
concept_cpc_group,concept::GAS DIFFUSIVITY,cpc_group::Y02E,1,116562374
concept_cpc_group,concept::GAS ELECTROCHEMICAL PRODUCTION,cpc_group::C01B,1,85758108
concept_cpc_group,concept::GAS ELECTROCHEMICAL PRODUCTION,cpc_group::C25B,1,85758108
concept_cpc_group,concept::GAS ELECTROCHEMICAL PRODUCTION,cpc_group::Y02E,1,85758108
concept_cpc_group,concept::GAS ELECTROCHEMICAL PRODUCTION,cpc_group::Y02P,1,85758108
concept_cpc_group,concept::GAS GENERATION,cpc_group::C01B,1,44672238
concept_cpc_group,concept::GAS INLET,cpc_group::C25B,1,112473551
concept_cpc_group,concept::GAS LIQUID RECIRCULATION,cpc_group::C25B,1,112177579
concept_cpc_group,concept::GAS MANUFACTURE,cpc_group::C25B,1,46248577
concept_cpc_group,concept::GAS MANUFACTURE,cpc_group::Y02E,1,46248577
concept_cpc_group,concept::GAS MIXTURE,cpc_group::B01D,1,86310831
concept_cpc_group,concept::GAS MIXTURE,cpc_group::C07C,1,86310832
concept_cpc_group,concept::GAS MIXTURE,cpc_group::Y02P,1,86310832
concept_cpc_group,concept::GAS OUTLET,cpc_group::C25B,1,89416407
concept_cpc_group,concept::GAS PHASE MULTIELECTRON PRODUCT,cpc_group::C25B,1,97540394
concept_cpc_group,concept::GAS PHASE MULTIELECTRON PRODUCT,cpc_group::Y02E,1,97540394
concept_cpc_group,concept::GAS PHASE PRODUCTION,cpc_group::C25B,1,107513925
concept_cpc_group,concept::GAS PRETREATMENT,cpc_group::C25B,1,117825503
concept_cpc_group,concept::GAS PRETREATMENT,cpc_group::Y02E,1,117825503
concept_cpc_group,concept::GAS PRETREATMENT,cpc_group::Y02P,1,117825503
concept_cpc_group,concept::GAS PRODUCER,cpc_group::C25B,1,111147448
concept_cpc_group,concept::GAS PRODUCT PRODUCTION,cpc_group::B01D,1,85758103
concept_cpc_group,concept::GAS PRODUCT PRODUCTION,cpc_group::C25B,1,85758103
concept_cpc_group,concept::GAS PRODUCT PRODUCTION,cpc_group::Y02C,1,85758103
concept_cpc_group,concept::GAS PRODUCT PRODUCTION,cpc_group::Y02P,1,85758103
concept_cpc_group,concept::GAS PRODUCTION,cpc_group::C07F,1,73827816
concept_cpc_group,concept::GAS REDUCTION,cpc_group::C25B,1,114057507
concept_cpc_group,concept::GAS REDUCTION INLET,cpc_group::C25B,1,114057507
concept_cpc_group,concept::GAS REDUCTION OUTLET,cpc_group::C25B,1,114057507
concept_cpc_group,concept::GAS REGENERATION,cpc_group::C25B,1,112177579
concept_cpc_group,concept::GAS SCRUBBING,cpc_group::B01D,1,79163034
concept_cpc_group,concept::GAS SCRUBBING,cpc_group::C25B,1,79163034
concept_cpc_group,concept::GAS SCRUBBING,cpc_group::Y02P,1,79163034
concept_cpc_group,concept::GAS SEPARATION,cpc_group::C07C,1,64469752
concept_cpc_group,concept::GAS SEPARATION,cpc_group::C25B,1,64469752
concept_cpc_group,concept::GAS SEPARATION,cpc_group::Y02E,1,64469752
concept_cpc_group,concept::GAS SPACE,cpc_group::C25B,1,94740357
concept_cpc_group,concept::GAS STREAM,cpc_group::C04B,1,95617533
concept_cpc_group,concept::GAS STREAM,cpc_group::C25B,1,95617533
concept_cpc_group,concept::GAS STREAM,cpc_group::F23L,1,95617533
concept_cpc_group,concept::GAS STREAM,cpc_group::Y02E,1,95617533
concept_cpc_group,concept::GAS STREAM,cpc_group::Y02P,1,95617533
concept_cpc_group,concept::GASEOUS CARBON DIOXIDE,cpc_group::C25B,1,107513925
concept_cpc_group,concept::GASEOUS CO2,cpc_group::B01J,1,68986421
concept_cpc_group,concept::GASEOUS CO2 SOURCE,cpc_group::B01J,1,68986421
concept_cpc_group,concept::GASEOUS CO2 SOURCE,cpc_group::C25B,1,68986421
concept_cpc_group,concept::GASEOUS COMPOUND,cpc_group::C25B,1,94627574
concept_cpc_group,concept::GASEOUS COMPOUND CONVERSION,cpc_group::C25B,1,94627574
concept_cpc_group,concept::GASEOUS METHANEDIONE,cpc_group::C25B,1,83842416
concept_cpc_group,concept::GASEOUS METHANEDIONE,cpc_group::Y02E,1,83842416
concept_cpc_group,concept::GASEOUS PRODUCT,cpc_group::C25B,1,107513925
concept_cpc_group,concept::GASIFICATION REACTION TUBE,cpc_group::H01M,1,108150520
concept_cpc_group,concept::GEL PRECURSOR,cpc_group::C25B,1,118274866
concept_cpc_group,concept::GEL PRECURSOR,cpc_group::D01D,1,118274866
concept_cpc_group,concept::GEL PRECURSOR,cpc_group::D01F,1,118274866
concept_cpc_group,concept::GEL PRECURSOR,cpc_group::Y02E,1,118274866
concept_cpc_group,concept::GENERATION CELL,cpc_group::C01B,1,66508929
concept_cpc_group,concept::GENERATION CELL,cpc_group::C07C,1,66508929
concept_cpc_group,concept::GENERATION CELL,cpc_group::C10G,1,66508929
concept_cpc_group,concept::GENERATION CELL,cpc_group::C10L,1,66508929
concept_cpc_group,concept::GENERATION CELL,cpc_group::C25B,1,66508929
concept_cpc_group,concept::GENERATION CELL,cpc_group::F03G,1,66508929
concept_cpc_group,concept::GENERATION CELL,cpc_group::Y02B,1,66508929
concept_cpc_group,concept::GENERATION CELL,cpc_group::Y02E,1,66508929
concept_cpc_group,concept::GENERATION CELL,cpc_group::Y02P,1,66508929
concept_cpc_group,concept::GEOMETRIC CONSTRUCT,cpc_group::B01D,1,114628861
concept_cpc_group,concept::GEOMETRIC CONSTRUCT,cpc_group::C25B,1,114628861
concept_cpc_group,concept::GEOMETRIC CONSTRUCT,cpc_group::H01M,1,114628861
concept_cpc_group,concept::GOLD BIMETAL,cpc_group::C25B,1,92423180
concept_cpc_group,concept::GOLD SOURCE,cpc_group::C25B,1,100072108
concept_cpc_group,concept::GRADIENT DEFECT,cpc_group::C25B,1,111953180
concept_cpc_group,concept::GRANULAR STACKING GROWTH,cpc_group::C25B,1,106179974
concept_cpc_group,concept::GRANULAR STACKING GROWTH,cpc_group::Y02A,1,106179974
concept_cpc_group,concept::GRAPHENE HYDROGEL,cpc_group::B82Y,1,116876860
concept_cpc_group,concept::GRAPHENE HYDROGEL,cpc_group::C23C,1,116876860
concept_cpc_group,concept::GRAPHENE HYDROGEL,cpc_group::C25B,1,116876860
concept_cpc_group,concept::GREEN AMMONIA,cpc_group::C01C,1,112387292
concept_cpc_group,concept::GREEN AMMONIA,cpc_group::C10G,1,112387292
concept_cpc_group,concept::GREEN AMMONIA,cpc_group::C25B,1,112387292
concept_cpc_group,concept::GREEN AMMONIA,cpc_group::H01M,1,112387292
concept_cpc_group,concept::GREEN AMMONIA,cpc_group::Y02E,1,112387292
concept_cpc_group,concept::GREEN PRODUCTION,cpc_group::C01C,1,112387292
concept_cpc_group,concept::GREEN PRODUCTION,cpc_group::C10G,1,112387292
concept_cpc_group,concept::GREEN PRODUCTION,cpc_group::C25B,1,112387292
concept_cpc_group,concept::GREEN PRODUCTION,cpc_group::H01M,1,112387292
concept_cpc_group,concept::GREEN PRODUCTION,cpc_group::Y02E,1,112387292
concept_cpc_group,concept::GREEN SYNTHETIC,cpc_group::C01C,1,112387292
concept_cpc_group,concept::GREEN SYNTHETIC,cpc_group::C10G,1,112387292
concept_cpc_group,concept::GREEN SYNTHETIC,cpc_group::C25B,1,112387292
concept_cpc_group,concept::GREEN SYNTHETIC,cpc_group::H01M,1,112387292
concept_cpc_group,concept::GREEN SYNTHETIC,cpc_group::Y02E,1,112387292
concept_cpc_group,concept::GREEN SYNTHETIC PRODUCTION,cpc_group::C01C,1,112387292
concept_cpc_group,concept::GREEN SYNTHETIC PRODUCTION,cpc_group::C10G,1,112387292
concept_cpc_group,concept::GREEN SYNTHETIC PRODUCTION,cpc_group::C25B,1,112387292
concept_cpc_group,concept::GREEN SYNTHETIC PRODUCTION,cpc_group::H01M,1,112387292
concept_cpc_group,concept::GREEN SYNTHETIC PRODUCTION,cpc_group::Y02E,1,112387292
concept_cpc_group,concept::GUIDE PIPE,cpc_group::C25B,1,114777530
concept_cpc_group,concept::H ELECTROLYTIC CELL,cpc_group::C25B,1,104933063
concept_cpc_group,concept::H ELECTROLYTIC CELL,cpc_group::C25C,1,104933063
concept_cpc_group,concept::H ELECTROLYTIC CELL,cpc_group::C25D,1,104933063
concept_cpc_group,concept::H REACTOR,cpc_group::C25B,1,108401777
concept_cpc_group,concept::H2O COELECTROLYSER,cpc_group::B01D,1,112262309
concept_cpc_group,concept::H2O COELECTROLYSER,cpc_group::B01J,1,112262309
concept_cpc_group,concept::H2O COELECTROLYSER,cpc_group::C01B,1,112262309
concept_cpc_group,concept::H2O COELECTROLYSER,cpc_group::C01C,1,112262309
concept_cpc_group,concept::H2O COELECTROLYSER,cpc_group::C01F,1,112262309
concept_cpc_group,concept::H2O COELECTROLYSER,cpc_group::C07C,1,112262309
concept_cpc_group,concept::H2O COELECTROLYSER,cpc_group::C10G,1,112262309
concept_cpc_group,concept::H2O COELECTROLYSER,cpc_group::C10J,1,112262309
concept_cpc_group,concept::H2O COELECTROLYSER,cpc_group::C10L,1,112262309
concept_cpc_group,concept::H2O COELECTROLYSER,cpc_group::C25B,1,112262309
concept_cpc_group,concept::H2O COELECTROLYSER,cpc_group::E21B,1,112262309
concept_cpc_group,concept::H2O COELECTROLYSER,cpc_group::F01K,1,112262309
concept_cpc_group,concept::H2O COELECTROLYSER,cpc_group::F04B,1,112262309
concept_cpc_group,concept::H2O COELECTROLYSER,cpc_group::F23J,1,112262309
concept_cpc_group,concept::H2O COELECTROLYSER,cpc_group::F25J,1,112262309
concept_cpc_group,concept::H2O COELECTROLYSER,cpc_group::Y02C,1,112262309
concept_cpc_group,concept::H2O COELECTROLYSER,cpc_group::Y02E,1,112262309
concept_cpc_group,concept::H2O COELECTROLYSER,cpc_group::Y02P,1,112262309
concept_cpc_group,concept::H2O COELECTROLYSIS,cpc_group::B01D,1,112262309
concept_cpc_group,concept::H2O COELECTROLYSIS,cpc_group::B01J,1,112262309
concept_cpc_group,concept::H2O COELECTROLYSIS,cpc_group::C01B,1,112262309
concept_cpc_group,concept::H2O COELECTROLYSIS,cpc_group::C01C,1,112262309
concept_cpc_group,concept::H2O COELECTROLYSIS,cpc_group::C01F,1,112262309
concept_cpc_group,concept::H2O COELECTROLYSIS,cpc_group::C07C,1,112262309
concept_cpc_group,concept::H2O COELECTROLYSIS,cpc_group::C10G,1,112262309
concept_cpc_group,concept::H2O COELECTROLYSIS,cpc_group::C10J,1,112262309
concept_cpc_group,concept::H2O COELECTROLYSIS,cpc_group::C10L,1,112262309
concept_cpc_group,concept::H2O COELECTROLYSIS,cpc_group::C25B,1,112262309
concept_cpc_group,concept::H2O COELECTROLYSIS,cpc_group::E21B,1,112262309
concept_cpc_group,concept::H2O COELECTROLYSIS,cpc_group::F01K,1,112262309
concept_cpc_group,concept::H2O COELECTROLYSIS,cpc_group::F04B,1,112262309
concept_cpc_group,concept::H2O COELECTROLYSIS,cpc_group::F23J,1,112262309
concept_cpc_group,concept::H2O COELECTROLYSIS,cpc_group::F25J,1,112262309
concept_cpc_group,concept::H2O COELECTROLYSIS,cpc_group::Y02C,1,112262309
concept_cpc_group,concept::H2O COELECTROLYSIS,cpc_group::Y02E,1,112262309
concept_cpc_group,concept::H2O COELECTROLYSIS,cpc_group::Y02P,1,112262309
concept_cpc_group,concept::HABERBOSCH REACTOR,cpc_group::C01C,1,112387292
concept_cpc_group,concept::HABERBOSCH REACTOR,cpc_group::C10G,1,112387292
concept_cpc_group,concept::HABERBOSCH REACTOR,cpc_group::C25B,1,112387292
concept_cpc_group,concept::HABERBOSCH REACTOR,cpc_group::H01M,1,112387292
concept_cpc_group,concept::HABERBOSCH REACTOR,cpc_group::Y02E,1,112387292
concept_cpc_group,concept::HALOGEN ANION IMIDAZOLE,cpc_group::C25B,1,108739790
concept_cpc_group,concept::HEAT,cpc_group::C07C,1,107089672
concept_cpc_group,concept::HEAT,cpc_group::C25B,1,107089672
concept_cpc_group,concept::HEAT ENERGY,cpc_group::C07C,1,107089672
concept_cpc_group,concept::HEAT ENERGY,cpc_group::C25B,1,107089672
concept_cpc_group,concept::HEAT ENERGY SUPPLY,cpc_group::C07C,1,107089672
concept_cpc_group,concept::HEAT ENERGY SUPPLY,cpc_group::C25B,1,107089672
concept_cpc_group,concept::HEAT INTEGRATION,cpc_group::C01B,1,106413185
concept_cpc_group,concept::HEAT INTEGRATION,cpc_group::C10G,1,106413185
concept_cpc_group,concept::HEAT INTEGRATION,cpc_group::C10K,1,106413185
concept_cpc_group,concept::HEAT INTEGRATION,cpc_group::C10L,1,106413185
concept_cpc_group,concept::HEAT INTEGRATION,cpc_group::C25B,1,106413185
concept_cpc_group,concept::HEAT INTEGRATION,cpc_group::Y02E,1,106413185
concept_cpc_group,concept::HEATING MEDIUM,cpc_group::C07C,1,107089672
concept_cpc_group,concept::HEATING MEDIUM,cpc_group::C25B,1,107089672
concept_cpc_group,concept::HEATING MEDIUM HEAT ENERGY,cpc_group::C07C,1,107089672
concept_cpc_group,concept::HEATING MEDIUM HEAT ENERGY,cpc_group::C25B,1,107089672
concept_cpc_group,concept::HELPER CATALYST,cpc_group::C25B,1,44789699
concept_cpc_group,concept::HETEROATOM DOPED NANO CARBON,cpc_group::C25B,1,79181464
concept_cpc_group,concept::HETEROJUNCTION CATALYST,cpc_group::B01J,1,108214882
concept_cpc_group,concept::HETEROJUNCTION CATALYST,cpc_group::C01B,1,108214882
concept_cpc_group,concept::HETEROJUNCTION CATALYST,cpc_group::C07C,1,108214882
concept_cpc_group,concept::HETEROJUNCTION ELECTROCATALYST,cpc_group::C25B,1,106729837
concept_cpc_group,concept::HETEROJUNCTION ELECTROCATALYST CARBON PAPER,cpc_group::C25B,1,106729837
concept_cpc_group,concept::HETEROPOLY ACID,cpc_group::C25B,1,102352265
concept_cpc_group,concept::HEXAGONAL METAL ZINC NANOSHEET,cpc_group::B22F,1,103030257
concept_cpc_group,concept::HEXAGONAL METAL ZINC NANOSHEET,cpc_group::C25B,1,103030257
concept_cpc_group,concept::HEXAGONAL METAL ZINC NANOSHEET,cpc_group::C25D,1,103030257
concept_cpc_group,concept::HIGH EFFICIENCY CONVERSION,cpc_group::C25B,1,115590122
concept_cpc_group,concept::HIGH EFFICIENCY MAGNETIC FIELD,cpc_group::C25B,1,100427008
concept_cpc_group,concept::HIGH TEMPERATURE ELECTROLYTIC TANK,cpc_group::C25B,1,108808107
concept_cpc_group,concept::HOLLOW FIBER VITAMIN EMBRYO,cpc_group::B22F,1,114532676
concept_cpc_group,concept::HOLLOW FIBER VITAMIN EMBRYO,cpc_group::C22C,1,114532676
concept_cpc_group,concept::HOLLOW FIBER VITAMIN EMBRYO,cpc_group::C23C,1,114532676
concept_cpc_group,concept::HOLLOW FIBER VITAMIN EMBRYO,cpc_group::C25C,1,114532676
concept_cpc_group,concept::HOLLOW FIBER VITAMIN EMBRYO,cpc_group::D01F,1,114532676
concept_cpc_group,concept::HOLLOW FIBER VITAMIN EMBRYO,cpc_group::Y02P,1,114532676
concept_cpc_group,concept::HOLLOW STRUCTURE CATALYST,cpc_group::B01J,1,87032374
concept_cpc_group,concept::HOLLOW STRUCTURE CATALYST,cpc_group::C25B,1,87032374
concept_cpc_group,concept::HOMOGENEOUS ELECTROCATALYST,cpc_group::C25B,1,105028031
concept_cpc_group,concept::HUMIDIFIED EDUCT GAS,cpc_group::C25B,1,93504955
concept_cpc_group,concept::HUMIDIFIED EDUCT GAS,cpc_group::Y02E,1,93504955
concept_cpc_group,concept::HUMIDIFIED EDUCT GAS,cpc_group::Y02P,1,93504955
concept_cpc_group,concept::HUMIDIFIED REACTANT GAS,cpc_group::C25B,1,93504955
concept_cpc_group,concept::HUMIDIFIED REACTANT GAS,cpc_group::Y02E,1,93504955
concept_cpc_group,concept::HUMIDIFIED REACTANT GAS,cpc_group::Y02P,1,93504955
concept_cpc_group,concept::HYBRID SYSTEM,cpc_group::C01C,1,112387292
concept_cpc_group,concept::HYBRID SYSTEM,cpc_group::C10G,1,112387292
concept_cpc_group,concept::HYBRID SYSTEM,cpc_group::C25B,1,112387292
concept_cpc_group,concept::HYBRID SYSTEM,cpc_group::H01M,1,112387292
concept_cpc_group,concept::HYBRID SYSTEM,cpc_group::Y02E,1,112387292
concept_cpc_group,concept::HYDROCARBON FUEL,cpc_group::C01B,1,66508929
concept_cpc_group,concept::HYDROCARBON FUEL,cpc_group::C07C,1,66508929
concept_cpc_group,concept::HYDROCARBON FUEL,cpc_group::C10G,1,66508929
concept_cpc_group,concept::HYDROCARBON FUEL,cpc_group::C10L,1,66508929
concept_cpc_group,concept::HYDROCARBON FUEL,cpc_group::C25B,1,66508929
concept_cpc_group,concept::HYDROCARBON FUEL,cpc_group::F03G,1,66508929
concept_cpc_group,concept::HYDROCARBON FUEL,cpc_group::Y02B,1,66508929
concept_cpc_group,concept::HYDROCARBON FUEL,cpc_group::Y02E,1,66508929
concept_cpc_group,concept::HYDROCARBON FUEL,cpc_group::Y02P,1,66508929
concept_cpc_group,concept::HYDROCARBON PRECURSOR,cpc_group::B01D,1,114628861
concept_cpc_group,concept::HYDROCARBON PRECURSOR,cpc_group::C25B,1,114628861
concept_cpc_group,concept::HYDROCARBON PRECURSOR,cpc_group::H01M,1,114628861
concept_cpc_group,concept::HYDROCARBON SELECTIVITY,cpc_group::B82Y,1,109733203
concept_cpc_group,concept::HYDROCARBON SELECTIVITY,cpc_group::C25B,1,109733203
concept_cpc_group,concept::HYDROCARBON SELECTIVITY,cpc_group::C25C,1,109733203
concept_cpc_group,concept::HYDROGEN,cpc_group::C01B,1,44672238
concept_cpc_group,concept::HYDROGEN COMBUSTION,cpc_group::H02J,1,94787837
concept_cpc_group,concept::HYDROGEN COMBUSTION,cpc_group::Y02E,1,94787837
concept_cpc_group,concept::HYDROGEN COMBUSTION,cpc_group::Y02P,1,94787837
concept_cpc_group,concept::HYDROGEN ELECTRODE LAYER,cpc_group::Y02E,1,116562374
concept_cpc_group,concept::HYDROGEN ESTERIFICATION REACTION,cpc_group::B01J,1,117486565
concept_cpc_group,concept::HYDROGEN ESTERIFICATION REACTION,cpc_group::C01B,1,117486565
concept_cpc_group,concept::HYDROGEN ESTERIFICATION REACTION,cpc_group::C07C,1,117486565
concept_cpc_group,concept::HYDROGEN ESTERIFICATION REACTION,cpc_group::C07F,1,117486565
concept_cpc_group,concept::HYDROGEN ESTERIFICATION REACTION,cpc_group::C07J,1,117486565
concept_cpc_group,concept::HYDROGEN ESTERIFICATION REACTION,cpc_group::C25B,1,117486565
concept_cpc_group,concept::HYDROGEN OXIDATION REACTOR,cpc_group::C10G,1,113958355
concept_cpc_group,concept::HYDROGEN OXIDATION REACTOR,cpc_group::C25B,1,113958355
concept_cpc_group,concept::HYDROGEN OXIDATION REACTOR,cpc_group::Y02E,1,113958355
concept_cpc_group,concept::HYDROGEN POLAR,cpc_group::Y02E,1,116562374
concept_cpc_group,concept::HYDROGEN REMOVAL INLET,cpc_group::C25B,1,114057507
concept_cpc_group,concept::HYDROGEN SUPPRESSOR,cpc_group::C25B,1,44789699
concept_cpc_group,concept::HYDROPHILIC HYDROPHOBIC BI,cpc_group::B01J,1,108214882
concept_cpc_group,concept::HYDROPHILIC HYDROPHOBIC BI,cpc_group::C01B,1,108214882
concept_cpc_group,concept::HYDROPHILIC HYDROPHOBIC BI,cpc_group::C07C,1,108214882
concept_cpc_group,concept::HYDROPHILIC HYDROPHOBIC BIPHASE BI,cpc_group::B01J,1,108214882
concept_cpc_group,concept::HYDROPHILIC HYDROPHOBIC BIPHASE BI,cpc_group::C01B,1,108214882
concept_cpc_group,concept::HYDROPHILIC HYDROPHOBIC BIPHASE BI,cpc_group::C07C,1,108214882
concept_cpc_group,concept::HYDROPHILIC IONOMER LAYER,cpc_group::B01D,1,108851809
concept_cpc_group,concept::HYDROPHILIC IONOMER LAYER,cpc_group::C25B,1,108851809
concept_cpc_group,concept::HYDROPHILICITY ADJUSTMENT,cpc_group::B01D,1,108851809
concept_cpc_group,concept::HYDROPHILICITY ADJUSTMENT,cpc_group::C25B,1,108851809
concept_cpc_group,concept::HYDROPHOBIC CATALYST LAYER,cpc_group::C25B,1,112675495
concept_cpc_group,concept::HYDROPHOBIC DIAPHRAGM,cpc_group::C25B,1,110503287
concept_cpc_group,concept::HYDROPHOBIC DIAPHRAGM,cpc_group::Y02E,1,110503287
concept_cpc_group,concept::HYDROPHOBIC FLUORINE,cpc_group::C25B,1,110503287
concept_cpc_group,concept::HYDROPHOBIC FLUORINE,cpc_group::Y02E,1,110503287
concept_cpc_group,concept::HYDROPHOBIC GAS DIFFUSION ELECTRODE,cpc_group::Y02E,1,117521363
concept_cpc_group,concept::HYDROPHOBIC MODIFICATION TREATMENT,cpc_group::C25B,1,106672290
concept_cpc_group,concept::HYDROPHOBIC POROUS LAYER,cpc_group::C25B,1,116293199
concept_cpc_group,concept::HYDROPHOBIZATION TREATMENT,cpc_group::C25B,1,118096155
concept_cpc_group,concept::HYDROXIDE COMPOSITE CATALYST,cpc_group::C25B,1,106179974
concept_cpc_group,concept::HYDROXIDE COMPOSITE CATALYST,cpc_group::Y02A,1,106179974
concept_cpc_group,concept::HYPOCHLORITE,cpc_group::Y02E,1,100252610
concept_cpc_group,concept::ICEBERG MELTING,cpc_group::C25B,1,111953180
concept_cpc_group,concept::IMIDAZOLE,cpc_group::B01D,1,116285153
concept_cpc_group,concept::IMIDAZOLE,cpc_group::B01J,1,116285153
concept_cpc_group,concept::IMIDAZOLE,cpc_group::C02F,1,116285153
concept_cpc_group,concept::IMIDAZOLE,cpc_group::C08F,1,116285153
concept_cpc_group,concept::IMIDAZOLE,cpc_group::C08J,1,116285153
concept_cpc_group,concept::IMIDAZOLE,cpc_group::C08L,1,116285153
concept_cpc_group,concept::IMIDAZOLE,cpc_group::C25B,1,116285153
concept_cpc_group,concept::IMIDAZOLE,cpc_group::H01M,1,116285153
concept_cpc_group,concept::IMIDAZOLE,cpc_group::Y02P,1,116285153
concept_cpc_group,concept::IMIDAZOLE ANION EXCHANGE MEMBRANE,cpc_group::B01D,1,116285153
concept_cpc_group,concept::IMIDAZOLE ANION EXCHANGE MEMBRANE,cpc_group::B01J,1,116285153
concept_cpc_group,concept::IMIDAZOLE ANION EXCHANGE MEMBRANE,cpc_group::C02F,1,116285153
concept_cpc_group,concept::IMIDAZOLE ANION EXCHANGE MEMBRANE,cpc_group::C08F,1,116285153
concept_cpc_group,concept::IMIDAZOLE ANION EXCHANGE MEMBRANE,cpc_group::C08J,1,116285153
concept_cpc_group,concept::IMIDAZOLE ANION EXCHANGE MEMBRANE,cpc_group::C08L,1,116285153
concept_cpc_group,concept::IMIDAZOLE ANION EXCHANGE MEMBRANE,cpc_group::C25B,1,116285153
concept_cpc_group,concept::IMIDAZOLE ANION EXCHANGE MEMBRANE,cpc_group::H01M,1,116285153
concept_cpc_group,concept::IMIDAZOLE ANION EXCHANGE MEMBRANE,cpc_group::Y02P,1,116285153
concept_cpc_group,concept::IMIDAZOLE COMPOUND,cpc_group::B01D,1,116285153
concept_cpc_group,concept::IMIDAZOLE COMPOUND,cpc_group::B01J,1,116285153
concept_cpc_group,concept::IMIDAZOLE COMPOUND,cpc_group::C02F,1,116285153
concept_cpc_group,concept::IMIDAZOLE COMPOUND,cpc_group::C08F,1,116285153
concept_cpc_group,concept::IMIDAZOLE COMPOUND,cpc_group::C08J,1,116285153
concept_cpc_group,concept::IMIDAZOLE COMPOUND,cpc_group::C08L,1,116285153
concept_cpc_group,concept::IMIDAZOLE COMPOUND,cpc_group::C25B,1,116285153
concept_cpc_group,concept::IMIDAZOLE COMPOUND,cpc_group::H01M,1,116285153
concept_cpc_group,concept::IMIDAZOLE COMPOUND,cpc_group::Y02P,1,116285153
concept_cpc_group,concept::IMIDAZOLE HEXAFLUOROPHOSPHATE,cpc_group::B01J,1,117486565
concept_cpc_group,concept::IMIDAZOLE HEXAFLUOROPHOSPHATE,cpc_group::C01B,1,117486565
concept_cpc_group,concept::IMIDAZOLE HEXAFLUOROPHOSPHATE,cpc_group::C07C,1,117486565
concept_cpc_group,concept::IMIDAZOLE HEXAFLUOROPHOSPHATE,cpc_group::C07F,1,117486565
concept_cpc_group,concept::IMIDAZOLE HEXAFLUOROPHOSPHATE,cpc_group::C07J,1,117486565
concept_cpc_group,concept::IMIDAZOLE HEXAFLUOROPHOSPHATE,cpc_group::C25B,1,117486565
concept_cpc_group,concept::IMMERSED MONOLITHIC CARBON ELECTROCATALYST,cpc_group::B82Y,1,116876860
concept_cpc_group,concept::IMMERSED MONOLITHIC CARBON ELECTROCATALYST,cpc_group::C23C,1,116876860
concept_cpc_group,concept::IMMERSED MONOLITHIC CARBON ELECTROCATALYST,cpc_group::C25B,1,116876860
concept_cpc_group,concept::IMPREGNATING PORE,cpc_group::C01B,1,35372708
concept_cpc_group,concept::IMPREGNATING PORE,cpc_group::C25B,1,35372708
concept_cpc_group,concept::IMPREGNATING PORE,cpc_group::Y02E,1,35372708
concept_cpc_group,concept::IN FRAME,cpc_group::C25B,1,101562974
concept_cpc_group,concept::IN FRAME,cpc_group::Y02E,1,101562974
concept_cpc_group,concept::INCLINED DIAGONAL APERTURE,cpc_group::C25B,1,116440098
concept_cpc_group,concept::INDIRECT ELECTROLYSIS,cpc_group::C25B,1,110503287
concept_cpc_group,concept::INDIRECT ELECTROLYSIS,cpc_group::Y02E,1,110503287
concept_cpc_group,concept::INDUSTRIALIZATION RAPID DEVELOPMENT,cpc_group::B01D,1,116285153
concept_cpc_group,concept::INDUSTRIALIZATION RAPID DEVELOPMENT,cpc_group::B01J,1,116285153
concept_cpc_group,concept::INDUSTRIALIZATION RAPID DEVELOPMENT,cpc_group::C02F,1,116285153
concept_cpc_group,concept::INDUSTRIALIZATION RAPID DEVELOPMENT,cpc_group::C08F,1,116285153
concept_cpc_group,concept::INDUSTRIALIZATION RAPID DEVELOPMENT,cpc_group::C08J,1,116285153
concept_cpc_group,concept::INDUSTRIALIZATION RAPID DEVELOPMENT,cpc_group::C08L,1,116285153
concept_cpc_group,concept::INDUSTRIALIZATION RAPID DEVELOPMENT,cpc_group::C25B,1,116285153
concept_cpc_group,concept::INDUSTRIALIZATION RAPID DEVELOPMENT,cpc_group::H01M,1,116285153
concept_cpc_group,concept::INDUSTRIALIZATION RAPID DEVELOPMENT,cpc_group::Y02P,1,116285153
concept_cpc_group,concept::INGREDIENT CATALYST,cpc_group::C25B,1,116720313
concept_cpc_group,concept::INLET,cpc_group::C25B,1,117825503
concept_cpc_group,concept::INLET,cpc_group::Y02E,1,117825503
concept_cpc_group,concept::INLET,cpc_group::Y02P,1,117825503
concept_cpc_group,concept::INNER DISC,cpc_group::C25B,1,114777530
concept_cpc_group,concept::INORGANIC CATALYST,cpc_group::C01B,1,84680718
concept_cpc_group,concept::INORGANIC CATALYST,cpc_group::C25B,1,84680718
concept_cpc_group,concept::INORGANIC CATALYST CARBONATION,cpc_group::C01B,1,84680718
concept_cpc_group,concept::INORGANIC CATALYST CARBONATION,cpc_group::C25B,1,84680718
concept_cpc_group,concept::INSOLUBLE REDUCTION CATALYST,cpc_group::C01B,1,44672238
concept_cpc_group,concept::INSOLUBLE REDUCTION CATALYST,cpc_group::C25B,1,44672238
concept_cpc_group,concept::INSOLUBLE REDUCTION CATALYST,cpc_group::Y02E,1,44672238
concept_cpc_group,concept::INSOLUBLE SUBSTANCE,cpc_group::C25B,1,112323322
concept_cpc_group,concept::INSUFFICIENT CATALYTIC SELECTIVITY,cpc_group::C25B,1,116709402
concept_cpc_group,concept::INSUFFICIENT METHANEDIONE ELECTROLYSIS,cpc_group::C25B,1,94934392
concept_cpc_group,concept::INSULATING GASKET,cpc_group::C25B,1,116440098
concept_cpc_group,concept::INTEGRAL CARBON ELECTROCATALYST,cpc_group::B82Y,1,116876860
concept_cpc_group,concept::INTEGRAL CARBON ELECTROCATALYST,cpc_group::C23C,1,116876860
concept_cpc_group,concept::INTEGRAL CARBON ELECTROCATALYST,cpc_group::C25B,1,116876860
concept_cpc_group,concept::INTEGRATION,cpc_group::C01B,1,106413185
concept_cpc_group,concept::INTEGRATION,cpc_group::C10G,1,106413185
concept_cpc_group,concept::INTEGRATION,cpc_group::C10K,1,106413185
concept_cpc_group,concept::INTEGRATION,cpc_group::C10L,1,106413185
concept_cpc_group,concept::INTEGRATION,cpc_group::C25B,1,106413185
concept_cpc_group,concept::INTEGRATION,cpc_group::Y02E,1,106413185
concept_cpc_group,concept::INTERLAYER INTERACTION,cpc_group::C08G,1,117641010
concept_cpc_group,concept::INTERLAYER INTERACTION,cpc_group::C08J,1,117641010
concept_cpc_group,concept::INTERLAYER INTERACTION,cpc_group::C25B,1,117641010
concept_cpc_group,concept::INTERLAYER INTERACTION,cpc_group::H01M,1,117641010
concept_cpc_group,concept::INTERMEDIATE PRODUCT,cpc_group::C25B,1,91738840
concept_cpc_group,concept::INTERMETALLIC CUZIU CATALYST,cpc_group::C25B,1,115708489
concept_cpc_group,concept::INTERMETALLIC CUZIU CATALYST,cpc_group::C25D,1,115708489
concept_cpc_group,concept::INTERMETALLIC CUZRU CATALYST,cpc_group::C25B,1,115708489
concept_cpc_group,concept::INTERMETALLIC CUZRU CATALYST,cpc_group::C25D,1,115708489
concept_cpc_group,concept::INTRODUCING CO2THEN,cpc_group::C25B,1,100427008
concept_cpc_group,concept::ION EXCHANGE,cpc_group::C01B,1,106316002
concept_cpc_group,concept::ION EXCHANGE,cpc_group::C01P,1,106316002
concept_cpc_group,concept::ION EXCHANGE,cpc_group::C25B,1,106316002
concept_cpc_group,concept::ION EXCHANGE,cpc_group::Y02E,1,106316002
concept_cpc_group,concept::ION EXCHANGE MEMBRANE,cpc_group::C25B,1,104791873
concept_cpc_group,concept::ION EXCHANGE MEMBRANE,cpc_group::Y02E,1,104791873
concept_cpc_group,concept::IONIC LIQUID,cpc_group::C25B,1,98666737
concept_cpc_group,concept::IONIC LIQUID MEDIUM,cpc_group::C25B,1,98666737
concept_cpc_group,concept::IONOMER,cpc_group::Y02E,1,117521363
concept_cpc_group,concept::IRO NANOPARTICLE,cpc_group::C25B,1,116105015
concept_cpc_group,concept::IRON,cpc_group::B01J,1,78510702
concept_cpc_group,concept::IRON,cpc_group::C01B,1,78510702
concept_cpc_group,concept::IRON,cpc_group::C07D,1,78510702
concept_cpc_group,concept::IRON,cpc_group::C07F,1,78510702
concept_cpc_group,concept::IRON,cpc_group::C25B,1,78510702
concept_cpc_group,concept::IRON,cpc_group::Y02E,1,78510702
concept_cpc_group,concept::IRON CATALYST,cpc_group::B01J,1,68986421
concept_cpc_group,concept::IRON PORPHYRIN,cpc_group::B01J,1,68986421
concept_cpc_group,concept::IRON PORPHYRIN,cpc_group::C25B,1,68986421
concept_cpc_group,concept::IRON PORPHYRIN CATALYST,cpc_group::B01J,1,68986421
concept_cpc_group,concept::IRON PORPHYRIN CATALYST,cpc_group::C25B,1,68986421
concept_cpc_group,concept::IRON PRODUCTION,cpc_group::C21B,1,105156145
concept_cpc_group,concept::IRON PRODUCTION,cpc_group::C25B,1,105156145
concept_cpc_group,concept::IRON PRODUCTION,cpc_group::Y02E,1,105156145
concept_cpc_group,concept::IRON PRODUCTION,cpc_group::Y02P,1,105156145
concept_cpc_group,concept::ISLAND,cpc_group::Y02E,1,116562374
concept_cpc_group,concept::ISLAND AVERAGE THICKNESS,cpc_group::Y02E,1,116562374
concept_cpc_group,concept::ISLAND COVERAGE,cpc_group::Y02E,1,116562374
concept_cpc_group,concept::ISOCALORIC GASESTHE EMISSION,cpc_group::C25B,1,98667734
concept_cpc_group,concept::ISOTHERMAL METHANATION REACTOR,cpc_group::C10L,1,75166129
concept_cpc_group,concept::ISOTHERMAL METHANATION REACTOR,cpc_group::C25B,1,75166129
concept_cpc_group,concept::ISOTHERMAL METHANATION REACTOR,cpc_group::Y02E,1,75166129
concept_cpc_group,concept::KEGGIN,cpc_group::C25B,1,102352265
concept_cpc_group,concept::LANTHANUM STRONTIUM,cpc_group::C01B,1,106413185
concept_cpc_group,concept::LANTHANUM STRONTIUM,cpc_group::C10G,1,106413185
concept_cpc_group,concept::LANTHANUM STRONTIUM,cpc_group::C10K,1,106413185
concept_cpc_group,concept::LANTHANUM STRONTIUM,cpc_group::C10L,1,106413185
concept_cpc_group,concept::LANTHANUM STRONTIUM,cpc_group::C25B,1,106413185
concept_cpc_group,concept::LANTHANUM STRONTIUM,cpc_group::Y02E,1,106413185
concept_cpc_group,concept::LANTHANUM STRONTIUM MANGANATE,cpc_group::C01B,1,106413185
concept_cpc_group,concept::LANTHANUM STRONTIUM MANGANATE,cpc_group::C10G,1,106413185
concept_cpc_group,concept::LANTHANUM STRONTIUM MANGANATE,cpc_group::C10K,1,106413185
concept_cpc_group,concept::LANTHANUM STRONTIUM MANGANATE,cpc_group::C10L,1,106413185
concept_cpc_group,concept::LANTHANUM STRONTIUM MANGANATE,cpc_group::C25B,1,106413185
concept_cpc_group,concept::LANTHANUM STRONTIUM MANGANATE,cpc_group::Y02E,1,106413185
concept_cpc_group,concept::LANTHANUM STRONTIUM MANGANITE,cpc_group::C01B,1,106413185
concept_cpc_group,concept::LANTHANUM STRONTIUM MANGANITE,cpc_group::C10G,1,106413185
concept_cpc_group,concept::LANTHANUM STRONTIUM MANGANITE,cpc_group::C10K,1,106413185
concept_cpc_group,concept::LANTHANUM STRONTIUM MANGANITE,cpc_group::C10L,1,106413185
concept_cpc_group,concept::LANTHANUM STRONTIUM MANGANITE,cpc_group::C25B,1,106413185
concept_cpc_group,concept::LANTHANUM STRONTIUM MANGANITE,cpc_group::Y02E,1,106413185
concept_cpc_group,concept::LAO 4SRO 6TIO 4MNO,cpc_group::B01D,1,115547269
concept_cpc_group,concept::LAO 4SRO 6TIO 4MNO,cpc_group::C25B,1,115547269
concept_cpc_group,concept::LAO 75SRO 25CRO 5MNO,cpc_group::B01D,1,115547269
concept_cpc_group,concept::LAO 75SRO 25CRO 5MNO,cpc_group::C25B,1,115547269
concept_cpc_group,concept::LAYER ELECTROCHEMICAL DIAPHRAGM,cpc_group::C25B,1,111363754
concept_cpc_group,concept::LAYER STRUCTURE REDUCTION,cpc_group::C25B,1,116414667
concept_cpc_group,concept::LAYER STRUCTURE REDUCTION,cpc_group::Y02E,1,116414667
concept_cpc_group,concept::LAYERED PEROVSKITE CATHODE MATERIAL,cpc_group::B01J,1,89672842
concept_cpc_group,concept::LAYERED PEROVSKITE CATHODE MATERIAL,cpc_group::B22F,1,89672842
concept_cpc_group,concept::LAYERED PEROVSKITE CATHODE MATERIAL,cpc_group::B82Y,1,89672842
concept_cpc_group,concept::LAYERED PEROVSKITE CATHODE MATERIAL,cpc_group::C25B,1,89672842
concept_cpc_group,concept::LAYERED STACK,cpc_group::B22F,1,103030257
concept_cpc_group,concept::LAYERED STACK,cpc_group::C25B,1,103030257
concept_cpc_group,concept::LAYERED STACK,cpc_group::C25D,1,103030257
concept_cpc_group,concept::LEFT CHAMBER ELECTROLYTIC CELL,cpc_group::C25B,1,114887582
concept_cpc_group,concept::LEFT CHAMBER ELECTROLYTIC CELL,cpc_group::Y02E,1,114887582
concept_cpc_group,concept::LIGAND POLYMER,cpc_group::B82Y,1,109733203
concept_cpc_group,concept::LIGAND POLYMER,cpc_group::C25B,1,109733203
concept_cpc_group,concept::LIGAND POLYMER,cpc_group::C25C,1,109733203
concept_cpc_group,concept::LIQUEFACTION EXTENT,cpc_group::C25B,1,112883886
concept_cpc_group,concept::LIQUID ADHERING,cpc_group::C25B,1,107639787
concept_cpc_group,concept::LIQUID FUEL,cpc_group::B01D,1,67443260
concept_cpc_group,concept::LIQUID FUEL,cpc_group::C10L,1,106413185
concept_cpc_group,concept::LIQUID FUEL,cpc_group::F23C,1,67443260
concept_cpc_group,concept::LIQUID FUEL,cpc_group::F23L,1,67443260
concept_cpc_group,concept::LIQUID FUEL,cpc_group::Y02C,1,67443260
concept_cpc_group,concept::LIQUID FUEL,cpc_group::Y02P,1,67443260
concept_cpc_group,concept::LIQUID FUEL PRODUCTION,cpc_group::B01D,1,67443260
concept_cpc_group,concept::LIQUID FUEL PRODUCTION,cpc_group::C01B,1,67443260
concept_cpc_group,concept::LIQUID FUEL PRODUCTION,cpc_group::C10G,1,67443260
concept_cpc_group,concept::LIQUID FUEL PRODUCTION,cpc_group::C10K,1,67443260
concept_cpc_group,concept::LIQUID FUEL PRODUCTION,cpc_group::C25B,1,67443260
concept_cpc_group,concept::LIQUID FUEL PRODUCTION,cpc_group::F23C,1,67443260
concept_cpc_group,concept::LIQUID FUEL PRODUCTION,cpc_group::F23L,1,67443260
concept_cpc_group,concept::LIQUID FUEL PRODUCTION,cpc_group::Y02C,1,67443260
concept_cpc_group,concept::LIQUID FUEL PRODUCTION,cpc_group::Y02E,1,67443260
concept_cpc_group,concept::LIQUID FUEL PRODUCTION,cpc_group::Y02P,1,67443260
concept_cpc_group,concept::LIQUID HYDROCARBON PRODUCTION,cpc_group::C10G,1,113958355
concept_cpc_group,concept::LIQUID HYDROCARBON PRODUCTION,cpc_group::C25B,1,113958355
concept_cpc_group,concept::LIQUID HYDROCARBON PRODUCTION,cpc_group::Y02E,1,113958355
concept_cpc_group,concept::LIQUID INLET PUMP,cpc_group::C25B,1,115590122
concept_cpc_group,concept::LIQUID METAL,cpc_group::C25B,1,116434365
concept_cpc_group,concept::LIQUID METAL CATALYTIC ELECTRODE,cpc_group::C25B,1,116434365
concept_cpc_group,concept::LIQUID OUTLET,cpc_group::Y02P,1,117651217
concept_cpc_group,concept::LIQUID PHASE,cpc_group::C25B,1,100959754
concept_cpc_group,concept::LIQUID RECIRCULATION,cpc_group::C25B,1,112177579
concept_cpc_group,concept::LOAD SUBSTRATE,cpc_group::C01G,1,112046649
concept_cpc_group,concept::LOAD SUBSTRATE,cpc_group::C23C,1,112046649
concept_cpc_group,concept::LOAD SUBSTRATE,cpc_group::C25B,1,112046649
concept_cpc_group,concept::LST COMPOSITE,cpc_group::Y02E,1,114398668
concept_cpc_group,concept::LYE ABSORPTION TOWER,cpc_group::C25B,1,113078510
concept_cpc_group,concept::LYE ABSORPTION TOWER,cpc_group::Y02E,1,113078510
concept_cpc_group,concept::M N C,cpc_group::C25B,1,111953180
concept_cpc_group,concept::MACROPORE,cpc_group::B01J,1,116688896
concept_cpc_group,concept::MACROPORE,cpc_group::C01B,1,116688896
concept_cpc_group,concept::MACROPORE,cpc_group::C08G,1,116688896
concept_cpc_group,concept::MACROPORE,cpc_group::C09K,1,116688896
concept_cpc_group,concept::MACROPORE,cpc_group::C25B,1,116688896
concept_cpc_group,concept::MACROPORE,cpc_group::D01F,1,116688896
concept_cpc_group,concept::MAGNETIC CATHODE ELECTROCATALYST,cpc_group::C25B,1,100427008
concept_cpc_group,concept::MAGNETIC FIELD,cpc_group::C25B,1,100427008
concept_cpc_group,concept::MAGNETIC STIRRING,cpc_group::B01J,1,108214882
concept_cpc_group,concept::MAGNETIC STIRRING,cpc_group::C01B,1,108214882
concept_cpc_group,concept::MAGNETIC STIRRING,cpc_group::C07C,1,108214882
concept_cpc_group,concept::MAGNETRON SPUTTERING,cpc_group::C01G,1,112046649
concept_cpc_group,concept::MAGNETRON SPUTTERING,cpc_group::C23C,1,112046649
concept_cpc_group,concept::MAGNETRON SPUTTERING,cpc_group::C25B,1,112046649
concept_cpc_group,concept::MAINSTREAM ELECTROCATALYTIC MATERIAL,cpc_group::C08G,1,117641010
concept_cpc_group,concept::MAINSTREAM ELECTROCATALYTIC MATERIAL,cpc_group::C08J,1,117641010
concept_cpc_group,concept::MAINSTREAM ELECTROCATALYTIC MATERIAL,cpc_group::C25B,1,117641010
concept_cpc_group,concept::MAINSTREAM ELECTROCATALYTIC MATERIAL,cpc_group::H01M,1,117641010
concept_cpc_group,concept::MANGANESE CATALYST MOLECULE,cpc_group::B01J,1,92565798
concept_cpc_group,concept::MANGANESE CATALYST MOLECULE,cpc_group::C25B,1,92565798
concept_cpc_group,concept::MANGANESE CATALYST MOLECULE,cpc_group::H01M,1,92565798
concept_cpc_group,concept::MANGANESE METAL,cpc_group::C01B,1,100868293
concept_cpc_group,concept::MANGANESE METAL,cpc_group::C25B,1,100868293
concept_cpc_group,concept::MANGANESE METAL,cpc_group::H01M,1,100868293
concept_cpc_group,concept::MANGANESE METAL,cpc_group::Y02P,1,100868293
concept_cpc_group,concept::MANUFACTURING CARBON MONOXIDE,cpc_group::B01D,1,82565553
concept_cpc_group,concept::MANUFACTURING CARBON MONOXIDE,cpc_group::C01B,1,82565553
concept_cpc_group,concept::MANUFACTURING CARBON MONOXIDE,cpc_group::C25B,1,82565553
concept_cpc_group,concept::MANUFACTURING CARBON MONOXIDE,cpc_group::G01N,1,82565553
concept_cpc_group,concept::MANUFACTURING CARBON MONOXIDE,cpc_group::Y02A,1,82565553
concept_cpc_group,concept::MANUFACTURING CARBON MONOXIDE,cpc_group::Y02P,1,82565553
concept_cpc_group,concept::MANUFACTURING CATHODE,cpc_group::C25B,1,114240811
concept_cpc_group,concept::MANUFACTURING CO2 ELECTROLYSIS PRODUCT,cpc_group::C25B,1,102708989
concept_cpc_group,concept::MANUFACTURING SYSTEM,cpc_group::C07C,1,101968427
concept_cpc_group,concept::MANUFACTURING SYSTEM,cpc_group::C25B,1,101968427
concept_cpc_group,concept::MANUFACTURING SYSTEM,cpc_group::Y02E,1,101968427
concept_cpc_group,concept::MASS TRANSFER,cpc_group::B82Y,1,116876860
concept_cpc_group,concept::MASS TRANSFER,cpc_group::C23C,1,116876860
concept_cpc_group,concept::MATCHED ELECTROCHEMICAL REACTION,cpc_group::B82Y,1,116876860
concept_cpc_group,concept::MATCHED ELECTROCHEMICAL REACTION,cpc_group::C23C,1,116876860
concept_cpc_group,concept::MATCHED ELECTROCHEMICAL REACTION,cpc_group::C25B,1,116876860
concept_cpc_group,concept::MATERIAL ATOM,cpc_group::C25B,1,104816669
concept_cpc_group,concept::MATERIAL ATOM,cpc_group::Y02E,1,104816669
concept_cpc_group,concept::MATERIAL2CATALYTIC REDUCTION PERFORMANCE MORPHOLOGY,cpc_group::B01J,1,87032374
concept_cpc_group,concept::MATERIAL2CATALYTIC REDUCTION PERFORMANCE MORPHOLOGY,cpc_group::C25B,1,87032374
concept_cpc_group,concept::MAXIMIZED ATOMIC UTILIZATION,cpc_group::C25B,1,106729837
concept_cpc_group,concept::MEA ELECTROLYZER,cpc_group::Y02E,1,117521363
concept_cpc_group,concept::MEA SOLUTION,cpc_group::B01D,1,114892955
concept_cpc_group,concept::MEA SOLUTION VOLATILITY,cpc_group::B01D,1,114892955
concept_cpc_group,concept::MEAGER SELECTIVITY,cpc_group::C25B,1,100959754
concept_cpc_group,concept::MELAMINE,cpc_group::C01B,1,115039917
concept_cpc_group,concept::MELAMINE,cpc_group::C25B,1,115039917
concept_cpc_group,concept::MELAMINE DISPERSION,cpc_group::C25B,1,104822026
concept_cpc_group,concept::MELAMINE DISPERSION,cpc_group::Y02E,1,104822026
concept_cpc_group,concept::MEMBRANE,cpc_group::Y02P,1,91085959
concept_cpc_group,concept::MEMBRANE COMPOSITE,cpc_group::C25B,1,94204081
concept_cpc_group,concept::MEMBRANE ELECTRODE,cpc_group::C01G,1,112046649
concept_cpc_group,concept::MEMBRANE ELECTRODE,cpc_group::C23C,1,112046649
concept_cpc_group,concept::MEMBRANE ELECTRODE ASSEMBLY,cpc_group::C25D,1,115708489
concept_cpc_group,concept::MEMBRANE ELECTRODE ASSEMBLY,cpc_group::H01M,1,103674986
concept_cpc_group,concept::MEMBRANE ELECTRODE ASSEMBLY,cpc_group::Y02E,1,116414667
concept_cpc_group,concept::MEMBRANE ELECTRODE CONFIGURATION,cpc_group::C25B,1,80164805
concept_cpc_group,concept::MEMBRANE ELECTRODE ELECTROLYSIS TROUGH,cpc_group::C25B,1,112354020
concept_cpc_group,concept::MEMBRANE ELECTRODE ELECTROLYZER,cpc_group::B01D,1,111204819
concept_cpc_group,concept::MEMBRANE ELECTRODE ELECTROLYZER,cpc_group::C01B,1,111204819
concept_cpc_group,concept::MEMBRANE ELECTRODE ELECTROLYZER ANOLYTE,cpc_group::B01D,1,111204819
concept_cpc_group,concept::MEMBRANE ELECTRODE ELECTROLYZER ANOLYTE,cpc_group::C01B,1,111204819
concept_cpc_group,concept::MEMBRANE ELECTRODE ELECTROLYZER ANOLYTE,cpc_group::C25B,1,111204819
concept_cpc_group,concept::MEMBRANE ELECTRODE REACTOR,cpc_group::B22F,1,109766128
concept_cpc_group,concept::MEMBRANE ELECTRODE REACTOR,cpc_group::B82Y,1,109766128
concept_cpc_group,concept::MEMBRANE ELECTRODE REACTOR,cpc_group::Y02E,1,117825503
concept_cpc_group,concept::MEMBRANE ELECTRODE REACTOR,cpc_group::Y02P,1,117825503
concept_cpc_group,concept::MEMBRANE ELECTRODE REDUCTION,cpc_group::C01G,1,112046649
concept_cpc_group,concept::MEMBRANE ELECTRODE REDUCTION,cpc_group::C23C,1,112046649
concept_cpc_group,concept::MEMBRANE ELECTRODE REDUCTION,cpc_group::C25B,1,112046649
concept_cpc_group,concept::MEMBRANE ELECTROLYSIS,cpc_group::C25B,1,98164251
concept_cpc_group,concept::MEMBRANE FREE ELECTROCATALYTIC CO2REDUCTION,cpc_group::C25B,1,114887582
concept_cpc_group,concept::MEMBRANE FREE ELECTROCATALYTIC CO2REDUCTION,cpc_group::Y02E,1,114887582
concept_cpc_group,concept::MEMBRANE SYNERGISTIC ELECTROLYSIS,cpc_group::C25B,1,111363754
concept_cpc_group,concept::MESOPORE PORE VOLUME,cpc_group::B01J,1,116688896
concept_cpc_group,concept::MESOPORE PORE VOLUME,cpc_group::C01B,1,116688896
concept_cpc_group,concept::MESOPORE PORE VOLUME,cpc_group::C08G,1,116688896
concept_cpc_group,concept::MESOPORE PORE VOLUME,cpc_group::C09K,1,116688896
concept_cpc_group,concept::MESOPORE PORE VOLUME,cpc_group::C25B,1,116688896
concept_cpc_group,concept::MESOPORE PORE VOLUME,cpc_group::D01F,1,116688896
concept_cpc_group,concept::MESOPOROUS CARBON NANOMICROSPHERE,cpc_group::C01B,1,100868293
concept_cpc_group,concept::MESOPOROUS CARBON NANOMICROSPHERE,cpc_group::C25B,1,100868293
concept_cpc_group,concept::MESOPOROUS CARBON NANOMICROSPHERE,cpc_group::H01M,1,100868293
concept_cpc_group,concept::MESOPOROUS CARBON NANOMICROSPHERE,cpc_group::Y02P,1,100868293
concept_cpc_group,concept::MESOPOROUS CATALYST,cpc_group::C25B,1,98749181
concept_cpc_group,concept::MESOPOROUS MACROPOROUS HIERARCHIC PORE,cpc_group::C25B,1,106729837
concept_cpc_group,concept::METAL,cpc_group::C25B,1,87171430
concept_cpc_group,concept::METAL,cpc_group::H01M,1,87171430
concept_cpc_group,concept::METAL,cpc_group::Y02E,1,87171430
concept_cpc_group,concept::METAL,cpc_group::Y02P,1,87171430
concept_cpc_group,concept::METAL ACTIVE INGREDIENT CATALYST,cpc_group::C25B,1,116720313
concept_cpc_group,concept::METAL AEROGEL CATALYTIC MATERIAL,cpc_group::C25B,1,96701999
concept_cpc_group,concept::METAL BONDED THIENYL ORGANIC,cpc_group::C08G,1,102969825
concept_cpc_group,concept::METAL BONDED THIENYL ORGANIC,cpc_group::C25B,1,102969825
concept_cpc_group,concept::METAL BOUND THIENYL ORGANIC,cpc_group::C08G,1,102969825
concept_cpc_group,concept::METAL BOUND THIENYL ORGANIC,cpc_group::C25B,1,102969825
concept_cpc_group,concept::METAL CATALYST ATOM,cpc_group::B01J,1,114750156
concept_cpc_group,concept::METAL CATALYST ATOM,cpc_group::C25B,1,114750156
concept_cpc_group,concept::METAL CHLORIDE,cpc_group::C25B,1,105028031
concept_cpc_group,concept::METAL CHLORIDE ELECTROOXIDATION,cpc_group::C25B,1,111363754
concept_cpc_group,concept::METAL CHLORIDE ELECTROOXIDATION COUPLING,cpc_group::C25B,1,111363754
concept_cpc_group,concept::METAL COMBINED THIENYL ORGANIC,cpc_group::C08G,1,102969825
concept_cpc_group,concept::METAL COMBINED THIENYL ORGANIC,cpc_group::C25B,1,102969825
concept_cpc_group,concept::METAL FOAM,cpc_group::C01B,1,35372708
concept_cpc_group,concept::METAL FOAM,cpc_group::C25B,1,35372708
concept_cpc_group,concept::METAL FOAM,cpc_group::Y02E,1,35372708
concept_cpc_group,concept::METAL FOAM SUPPORT,cpc_group::C01B,1,35372708
concept_cpc_group,concept::METAL FOAM SUPPORT,cpc_group::C25B,1,35372708
concept_cpc_group,concept::METAL FOAM SUPPORT,cpc_group::Y02E,1,35372708
concept_cpc_group,concept::METAL HYDROXIDE,cpc_group::C25B,1,98164251
concept_cpc_group,concept::METAL HYDROXIDE COMPOSITE CATALYST,cpc_group::C25B,1,106179974
concept_cpc_group,concept::METAL HYDROXIDE COMPOSITE CATALYST,cpc_group::Y02A,1,106179974
concept_cpc_group,concept::METAL LIGAND CATALYST,cpc_group::B01J,1,95502318
concept_cpc_group,concept::METAL LIGAND CATALYST,cpc_group::C07F,1,95502318
concept_cpc_group,concept::METAL LIGAND CATALYST,cpc_group::C25B,1,95502318
concept_cpc_group,concept::METAL MONOATOMIC ELECTROCATALYST,cpc_group::C25B,1,111894530
concept_cpc_group,concept::METAL PHTHALOCYANINE,cpc_group::C25B,1,115363192
concept_cpc_group,concept::METAL PHTHALOCYANINE,cpc_group::Y02E,1,115363192
concept_cpc_group,concept::METAL PHTHALOCYANINE CATALYST,cpc_group::C01B,1,116476220
concept_cpc_group,concept::METAL PHTHALOCYANINE CATALYST,cpc_group::C25B,1,116476220
concept_cpc_group,concept::METAL SALT PRECURSOR,cpc_group::C25B,1,118106537
concept_cpc_group,concept::METAL SURFACE,cpc_group::C25B,1,98666737
concept_cpc_group,concept::METALLIC AEROGEL CATALYTIC MATERIAL,cpc_group::C25B,1,96701999
concept_cpc_group,concept::METALLIC TIN,cpc_group::C25B,1,116773798
concept_cpc_group,concept::METALLIC TIN,cpc_group::H01M,1,116773798
concept_cpc_group,concept::METALLIC TIN,cpc_group::Y02E,1,116773798
concept_cpc_group,concept::METHANE,cpc_group::C25B,1,116120311
concept_cpc_group,concept::METHANEDIONE,cpc_group::B01J,1,87032374
concept_cpc_group,concept::METHANEDIONE,cpc_group::C07C,1,81302402
concept_cpc_group,concept::METHANEDIONE,cpc_group::G01N,1,82565553
concept_cpc_group,concept::METHANEDIONE,cpc_group::H02J,1,94787837
concept_cpc_group,concept::METHANEDIONE,cpc_group::Y02A,1,82565553
concept_cpc_group,concept::METHANEDIONE CO2IN,cpc_group::C07C,1,64469752
concept_cpc_group,concept::METHANEDIONE CO2IN,cpc_group::C25B,1,64469752
concept_cpc_group,concept::METHANEDIONE CO2IN,cpc_group::Y02E,1,64469752
concept_cpc_group,concept::METHANEDIONE COELECTROLYSIS,cpc_group::C25B,1,94934392
concept_cpc_group,concept::METHANEDIONE CONTENT,cpc_group::C25B,1,91738840
concept_cpc_group,concept::METHANEDIONE EFFICIENCY ELECTROCATALYTIC REDUCTION,cpc_group::C25B,1,94934392
concept_cpc_group,concept::METHANEDIONE ELECTROCATALYTIC REDUCTION,cpc_group::C25B,1,80164805
concept_cpc_group,concept::METHANEDIONE ELECTROCHEMICAL CONVERSION,cpc_group::C25B,1,94204081
concept_cpc_group,concept::METHANEDIONE ELECTROCHEMICAL REDUCTION,cpc_group::B01J,1,87032374
concept_cpc_group,concept::METHANEDIONE ELECTROCHEMICAL REDUCTION,cpc_group::C07C,1,94621513
concept_cpc_group,concept::METHANEDIONE ELECTROCHEMICAL REDUCTION,cpc_group::Y02P,1,94621513
concept_cpc_group,concept::METHANEDIONE ELECTROCHEMICAL REDUCTION CATALYST,cpc_group::B01J,1,87032374
concept_cpc_group,concept::METHANEDIONE ELECTROCHEMICAL UTILIZATION,cpc_group::B01D,1,79296485
concept_cpc_group,concept::METHANEDIONE ELECTROCHEMICAL UTILIZATION,cpc_group::C01B,1,92569265
concept_cpc_group,concept::METHANEDIONE ELECTROCHEMICAL UTILIZATION,cpc_group::Y02P,1,79296485
concept_cpc_group,concept::METHANEDIONE ELECTROLYSIS,cpc_group::B01D,1,82565553
concept_cpc_group,concept::METHANEDIONE ELECTROLYSIS,cpc_group::C01B,1,82565553
concept_cpc_group,concept::METHANEDIONE ELECTROLYSIS,cpc_group::C07C,1,64469752
concept_cpc_group,concept::METHANEDIONE ELECTROLYSIS,cpc_group::G01N,1,82565553
concept_cpc_group,concept::METHANEDIONE ELECTROLYSIS,cpc_group::Y02A,1,82565553
concept_cpc_group,concept::METHANEDIONE ELECTROLYSIS,cpc_group::Y02P,1,82565553
concept_cpc_group,concept::METHANEDIONE ELECTROLYSIS CELL,cpc_group::B01D,1,77202004
concept_cpc_group,concept::METHANEDIONE ELECTROLYSIS CELL,cpc_group::Y02E,1,77202004
concept_cpc_group,concept::METHANEDIONE ELECTROLYTIC CONVERSION,cpc_group::C25B,1,94934392
concept_cpc_group,concept::METHANEDIONE ELECTROLYTIC REDUCTION,cpc_group::C25B,1,91738840
concept_cpc_group,concept::METHANEDIONE ELECTROLYZER,cpc_group::B01J,1,79681795
concept_cpc_group,concept::METHANEDIONE ELECTROLYZER,cpc_group::C01B,1,92569265
concept_cpc_group,concept::METHANEDIONE ELECTROLYZER,cpc_group::C07C,1,79681795
concept_cpc_group,concept::METHANEDIONE ELECTROLYZER,cpc_group::C10G,1,79681795
concept_cpc_group,concept::METHANEDIONE ELECTROLYZER,cpc_group::Y02E,1,79681795
concept_cpc_group,concept::METHANEDIONE ELECTROLYZER,cpc_group::Y02P,1,79681795
concept_cpc_group,concept::METHANEDIONE ELECTROREDUCTION,cpc_group::Y02E,1,80590207
concept_cpc_group,concept::METHANEDIONE ELECTROREDUCTION CATHODE,cpc_group::C25B,1,79181464
concept_cpc_group,concept::METHANEDIONE ELECTROREDUCTION NEGATIVE ELECTRODE,cpc_group::C25B,1,79181464
concept_cpc_group,concept::METHANEDIONE EMISSION,cpc_group::H02J,1,94787837
concept_cpc_group,concept::METHANEDIONE EMISSION,cpc_group::Y02E,1,94787837
concept_cpc_group,concept::METHANEDIONE EMISSION,cpc_group::Y02P,1,94787837
concept_cpc_group,concept::METHANEDIONE GAS,cpc_group::B01D,1,82565553
concept_cpc_group,concept::METHANEDIONE GAS,cpc_group::C01B,1,82565553
concept_cpc_group,concept::METHANEDIONE GAS,cpc_group::C25B,1,82565553
concept_cpc_group,concept::METHANEDIONE GAS,cpc_group::G01N,1,82565553
concept_cpc_group,concept::METHANEDIONE GAS,cpc_group::Y02A,1,82565553
concept_cpc_group,concept::METHANEDIONE GAS,cpc_group::Y02P,1,82565553
concept_cpc_group,concept::METHANEDIONE RECYCLING,cpc_group::B01J,1,87032374
concept_cpc_group,concept::METHANEDIONE RECYCLING,cpc_group::C25B,1,87032374
concept_cpc_group,concept::METHANEDIONE REDUCTION,cpc_group::Y02P,1,93812412
concept_cpc_group,concept::METHANEDIONE RESOURCE UTILIZATION,cpc_group::Y02E,1,80590207
concept_cpc_group,concept::METHANEDIONE SOURCE,cpc_group::C25B,1,44789699
concept_cpc_group,concept::METHODXB YO,cpc_group::C25B,1,97840083
concept_cpc_group,concept::MICROGAP CELL,cpc_group::C25B,1,100252610
concept_cpc_group,concept::MICROGAP CELL,cpc_group::Y02E,1,100252610
concept_cpc_group,concept::MICROGAP ELECTROLYSIS CELL,cpc_group::C25B,1,100252610
concept_cpc_group,concept::MICROGAP ELECTROLYSIS CELL,cpc_group::Y02E,1,100252610
concept_cpc_group,concept::MICROGAP ELECTROLYTIC CELL,cpc_group::C25B,1,100252610
concept_cpc_group,concept::MICROGAP ELECTROLYTIC CELL,cpc_group::Y02E,1,100252610
concept_cpc_group,concept::MICROGRID,cpc_group::H02J,1,94787837
concept_cpc_group,concept::MICROGRID,cpc_group::Y02E,1,94787837
concept_cpc_group,concept::MICROGRID,cpc_group::Y02P,1,94787837
concept_cpc_group,concept::MICROGRID ENERGY REGULATION,cpc_group::H02J,1,94787837
concept_cpc_group,concept::MICROGRID ENERGY REGULATION,cpc_group::Y02E,1,94787837
concept_cpc_group,concept::MICROGRID ENERGY REGULATION,cpc_group::Y02P,1,94787837
concept_cpc_group,concept::MICROPORE PORE VOLUME,cpc_group::B01J,1,116688896
concept_cpc_group,concept::MICROPORE PORE VOLUME,cpc_group::C01B,1,116688896
concept_cpc_group,concept::MICROPORE PORE VOLUME,cpc_group::C08G,1,116688896
concept_cpc_group,concept::MICROPORE PORE VOLUME,cpc_group::C09K,1,116688896
concept_cpc_group,concept::MICROPORE PORE VOLUME,cpc_group::C25B,1,116688896
concept_cpc_group,concept::MICROPORE PORE VOLUME,cpc_group::D01F,1,116688896
concept_cpc_group,concept::MICROWAVE FREQUENCY,cpc_group::C01B,1,105036941
concept_cpc_group,concept::MIDDLE CATHODE CHAMBER,cpc_group::C01D,1,98505907
concept_cpc_group,concept::MIDDLE CATHODE CHAMBER,cpc_group::C25B,1,98505907
concept_cpc_group,concept::MIDDLE FILM ELECTRODE,cpc_group::B01D,1,104081456
concept_cpc_group,concept::MIDDLE FILM ELECTRODE,cpc_group::B01J,1,104081456
concept_cpc_group,concept::MIDDLE FILM ELECTRODE,cpc_group::C08G,1,104081456
concept_cpc_group,concept::MIDDLE FILM ELECTRODE,cpc_group::C08J,1,104081456
concept_cpc_group,concept::MIDDLE FILM ELECTRODE,cpc_group::C08L,1,104081456
concept_cpc_group,concept::MIDDLE FILM ELECTRODE,cpc_group::C25B,1,104081456
concept_cpc_group,concept::MIDDLE FILM ELECTRODE,cpc_group::H01M,1,104081456
concept_cpc_group,concept::MIDDLE FILM ELECTRODE SEPARATOR,cpc_group::B01D,1,104081456
concept_cpc_group,concept::MIDDLE FILM ELECTRODE SEPARATOR,cpc_group::B01J,1,104081456
concept_cpc_group,concept::MIDDLE FILM ELECTRODE SEPARATOR,cpc_group::C08G,1,104081456
concept_cpc_group,concept::MIDDLE FILM ELECTRODE SEPARATOR,cpc_group::C08J,1,104081456
concept_cpc_group,concept::MIDDLE FILM ELECTRODE SEPARATOR,cpc_group::C08L,1,104081456
concept_cpc_group,concept::MIDDLE FILM ELECTRODE SEPARATOR,cpc_group::C25B,1,104081456
concept_cpc_group,concept::MIDDLE FILM ELECTRODE SEPARATOR,cpc_group::H01M,1,104081456
concept_cpc_group,concept::MILKY NANO MICROEMULSION,cpc_group::C01B,1,100868293
concept_cpc_group,concept::MILKY NANO MICROEMULSION,cpc_group::C25B,1,100868293
concept_cpc_group,concept::MILKY NANO MICROEMULSION,cpc_group::H01M,1,100868293
concept_cpc_group,concept::MILKY NANO MICROEMULSION,cpc_group::Y02P,1,100868293
concept_cpc_group,concept::MILKY NANOMETER MICROEMULSION,cpc_group::C01B,1,100868293
concept_cpc_group,concept::MILKY NANOMETER MICROEMULSION,cpc_group::C25B,1,100868293
concept_cpc_group,concept::MILKY NANOMETER MICROEMULSION,cpc_group::H01M,1,100868293
concept_cpc_group,concept::MILKY NANOMETER MICROEMULSION,cpc_group::Y02P,1,100868293
concept_cpc_group,concept::MINERALIZATION,cpc_group::B01D,1,112262309
concept_cpc_group,concept::MINERALIZATION,cpc_group::B01J,1,112262309
concept_cpc_group,concept::MINERALIZATION,cpc_group::C01B,1,112262309
concept_cpc_group,concept::MINERALIZATION,cpc_group::C01C,1,112262309
concept_cpc_group,concept::MINERALIZATION,cpc_group::C01F,1,112262309
concept_cpc_group,concept::MINERALIZATION,cpc_group::C07C,1,112262309
concept_cpc_group,concept::MINERALIZATION,cpc_group::C10G,1,112262309
concept_cpc_group,concept::MINERALIZATION,cpc_group::C10J,1,112262309
concept_cpc_group,concept::MINERALIZATION,cpc_group::C10L,1,112262309
concept_cpc_group,concept::MINERALIZATION,cpc_group::C25B,1,112262309
concept_cpc_group,concept::MINERALIZATION,cpc_group::E21B,1,112262309
concept_cpc_group,concept::MINERALIZATION,cpc_group::F01K,1,112262309
concept_cpc_group,concept::MINERALIZATION,cpc_group::F04B,1,112262309
concept_cpc_group,concept::MINERALIZATION,cpc_group::F23J,1,112262309
concept_cpc_group,concept::MINERALIZATION,cpc_group::F25J,1,112262309
concept_cpc_group,concept::MINERALIZATION,cpc_group::Y02C,1,112262309
concept_cpc_group,concept::MINERALIZATION,cpc_group::Y02E,1,112262309
concept_cpc_group,concept::MINERALIZATION,cpc_group::Y02P,1,112262309
concept_cpc_group,concept::MIXED GAS,cpc_group::C01B,1,44672238
concept_cpc_group,concept::MIXED GAS,cpc_group::C25B,1,44672238
concept_cpc_group,concept::MIXED GAS,cpc_group::Y02E,1,44672238
concept_cpc_group,concept::MIXED GAS GENERATING,cpc_group::C01B,1,44672238
concept_cpc_group,concept::MIXED GAS GENERATING,cpc_group::C25B,1,44672238
concept_cpc_group,concept::MIXED GAS GENERATING,cpc_group::Y02E,1,44672238
concept_cpc_group,concept::MIXED GAS GENERATION,cpc_group::C01B,1,44672238
concept_cpc_group,concept::MIXED GAS PRODUCTION,cpc_group::C25B,1,55016601
concept_cpc_group,concept::MIXED GAS PRODUCTION,cpc_group::Y02E,1,55016601
concept_cpc_group,concept::MIXED SLURRY,cpc_group::C25B,1,112590590
concept_cpc_group,concept::MIXING CHAMBER,cpc_group::C25B,1,112473551
concept_cpc_group,concept::MODIFIED PEROVSKITE CATHODE,cpc_group::C01G,1,110495249
concept_cpc_group,concept::MODIFIED PEROVSKITE CATHODE,cpc_group::C01P,1,110495249
concept_cpc_group,concept::MODIFIED PEROVSKITE CATHODE,cpc_group::C25B,1,110495249
concept_cpc_group,concept::MODIFIED PEROVSKITE CATHODE,cpc_group::H01M,1,110495249
concept_cpc_group,concept::MODIFIED PEROVSKITE CATHODE,cpc_group::Y02E,1,110495249
concept_cpc_group,concept::MODIFIED PEROVSKITE OXIDE CATHODE,cpc_group::C01G,1,110495249
concept_cpc_group,concept::MODIFIED PEROVSKITE OXIDE CATHODE,cpc_group::C01P,1,110495249
concept_cpc_group,concept::MODIFIED PEROVSKITE OXIDE CATHODE,cpc_group::C25B,1,110495249
concept_cpc_group,concept::MODIFIED PEROVSKITE OXIDE CATHODE,cpc_group::H01M,1,110495249
concept_cpc_group,concept::MODIFIED PEROVSKITE OXIDE CATHODE,cpc_group::Y02E,1,110495249
concept_cpc_group,concept::MOF PRECURSOR,cpc_group::C25B,1,110697556
concept_cpc_group,concept::MOFS DERIVED CATALYST,cpc_group::C25B,1,110697556
concept_cpc_group,concept::MOFS SUSPENSION,cpc_group::C25B,1,96169624
concept_cpc_group,concept::MOLAR RATIO,cpc_group::C08G,1,113653423
concept_cpc_group,concept::MOLAR RATIO,cpc_group::C08J,1,113653423
concept_cpc_group,concept::MOLAR RATIO,cpc_group::C25B,1,113653423
concept_cpc_group,concept::MOLTEN CARBONATE FUEL CELL,cpc_group::C01B,1,114398667
concept_cpc_group,concept::MOLTEN CARBONATE FUEL CELL,cpc_group::C25B,1,114398667
concept_cpc_group,concept::MOLTEN CARBONATE FUEL CELL,cpc_group::H01M,1,114398667
concept_cpc_group,concept::MOLTEN CARBONATE FUEL CELL,cpc_group::Y02E,1,114398667
concept_cpc_group,concept::MOLYBDENUM SALT,cpc_group::C25B,1,118274866
concept_cpc_group,concept::MOLYBDENUM SALT,cpc_group::D01D,1,118274866
concept_cpc_group,concept::MOLYBDENUM SALT,cpc_group::D01F,1,118274866
concept_cpc_group,concept::MOLYBDENUM SALT,cpc_group::Y02E,1,118274866
concept_cpc_group,concept::MONATOMIC CATALYST,cpc_group::C25B,1,98667734
concept_cpc_group,concept::MONO LAYER TRANSITION GROUP,cpc_group::C25B,1,111894530
concept_cpc_group,concept::MONOATOMIC AG CATALYST,cpc_group::C01G,1,112046649
concept_cpc_group,concept::MONOATOMIC AG CATALYST,cpc_group::C23C,1,112046649
concept_cpc_group,concept::MONOATOMIC AG CATALYST,cpc_group::C25B,1,112046649
concept_cpc_group,concept::MONOATOMIC ANCHORED FLUORINE,cpc_group::C25B,1,104816669
concept_cpc_group,concept::MONOATOMIC ANCHORED FLUORINE,cpc_group::Y02E,1,104816669
concept_cpc_group,concept::MONOATOMIC ANCHORING FLUORINE,cpc_group::C25B,1,104816669
concept_cpc_group,concept::MONOATOMIC ANCHORING FLUORINE,cpc_group::Y02E,1,104816669
concept_cpc_group,concept::MONOATOMIC CATALYST PRECURSOR,cpc_group::C25B,1,112323322
concept_cpc_group,concept::MONOATOMIC CATALYST SELECTIVITY,cpc_group::C25B,1,110697556
concept_cpc_group,concept::MONOATOMIC ELECTROCATALYST,cpc_group::B01J,1,116688896
concept_cpc_group,concept::MONOATOMIC ELECTROCATALYST,cpc_group::C01B,1,116688896
concept_cpc_group,concept::MONOATOMIC ELECTROCATALYST,cpc_group::C08G,1,116688896
concept_cpc_group,concept::MONOATOMIC ELECTROCATALYST,cpc_group::C09K,1,116688896
concept_cpc_group,concept::MONOATOMIC ELECTROCATALYST,cpc_group::C25B,1,116688896
concept_cpc_group,concept::MONOATOMIC ELECTROCATALYST,cpc_group::D01F,1,116688896
concept_cpc_group,concept::MONOATOMIC IRON CATALYST,cpc_group::C25B,1,110697556
concept_cpc_group,concept::MONOATOMIC NICKEL CATALYST,cpc_group::C25B,1,116709402
concept_cpc_group,concept::MONOLITHIC CARBON ELECTROCATALYST,cpc_group::B82Y,1,116876860
concept_cpc_group,concept::MONOLITHIC CARBON ELECTROCATALYST,cpc_group::C23C,1,116876860
concept_cpc_group,concept::MONOLITHIC CARBON ELECTROCATALYST,cpc_group::C25B,1,116876860
concept_cpc_group,concept::MULTICARBON,cpc_group::C25B,1,108808107
concept_cpc_group,concept::MULTICARBON PRODUCT,cpc_group::C25B,1,103674986
concept_cpc_group,concept::MULTICARBON PRODUCT,cpc_group::H01M,1,103674986
concept_cpc_group,concept::MULTIELEMENT ALLOY,cpc_group::C25B,1,118106537
concept_cpc_group,concept::MULTIFUNCTIONAL CATALYST,cpc_group::B01J,1,115970616
concept_cpc_group,concept::MULTIFUNCTIONAL CATALYST,cpc_group::C01B,1,115970616
concept_cpc_group,concept::MULTIFUNCTIONAL CATALYST,cpc_group::C07C,1,115970616
concept_cpc_group,concept::MULTIFUNCTIONAL CATALYST,cpc_group::Y02P,1,115970616
concept_cpc_group,concept::MULTIFUNCTIONAL CATALYST HEHS MG,cpc_group::B01J,1,115970616
concept_cpc_group,concept::MULTIFUNCTIONAL CATALYST HEHS MG,cpc_group::C01B,1,115970616
concept_cpc_group,concept::MULTIFUNCTIONAL CATALYST HEHS MG,cpc_group::C07C,1,115970616
concept_cpc_group,concept::MULTIFUNCTIONAL CATALYST HEHS MG,cpc_group::Y02P,1,115970616
concept_cpc_group,concept::MULTIFUNCTIONAL ELECTROCATALYSIS CARBON DIOXIDE,cpc_group::C25B,1,90886203
concept_cpc_group,concept::MULTIFUNCTIONAL ELECTROCATALYTIC CARBON DIOXIDE,cpc_group::C25B,1,90886203
concept_cpc_group,concept::MULTIFUNCTIONAL ELECTROLYTIC CELL,cpc_group::C25B,1,90886203
concept_cpc_group,concept::MULTIFUNCTIONAL PROTON,cpc_group::C25B,1,115136805
concept_cpc_group,concept::MULTIFUNCTIONAL PROTON BUFFER LAYER,cpc_group::C25B,1,115136805
concept_cpc_group,concept::MULTILAYER CATHODE,cpc_group::C25B,1,103674986
concept_cpc_group,concept::MULTILAYER CATHODE,cpc_group::H01M,1,103674986
concept_cpc_group,concept::MULTIWALLED CARBON NANOTUBE,cpc_group::C25B,1,92423180
concept_cpc_group,concept::MXFE,cpc_group::C25B,1,44441678
concept_cpc_group,concept::MXFE,cpc_group::Y02E,1,44441678
concept_cpc_group,concept::NAFION PROTON EXCHANGE MEMBRANE,cpc_group::C25B,1,110082631
concept_cpc_group,concept::NANO CARBON LAYER,cpc_group::C25B,1,79181464
concept_cpc_group,concept::NANO CATALYST,cpc_group::C22C,1,110304393
concept_cpc_group,concept::NANO CATALYST,cpc_group::C25B,1,110304393
concept_cpc_group,concept::NANO PARTICLE COMPOSITE,cpc_group::C25B,1,105437834
concept_cpc_group,concept::NANO SILVER,cpc_group::B22F,1,105758218
concept_cpc_group,concept::NANO SILVER,cpc_group::C23C,1,105758218
concept_cpc_group,concept::NANO SILVER,cpc_group::C25B,1,105758218
concept_cpc_group,concept::NANO SILVER LAYER,cpc_group::B22F,1,105758218
concept_cpc_group,concept::NANO SILVER LAYER,cpc_group::C23C,1,105758218
concept_cpc_group,concept::NANO SILVER LAYER,cpc_group::C25B,1,105758218
concept_cpc_group,concept::NANOFIBER CATHODE MATERIAL,cpc_group::C25B,1,118274866
concept_cpc_group,concept::NANOFIBER CATHODE MATERIAL,cpc_group::D01D,1,118274866
concept_cpc_group,concept::NANOFIBER CATHODE MATERIAL,cpc_group::D01F,1,118274866
concept_cpc_group,concept::NANOFIBER CATHODE MATERIAL,cpc_group::Y02E,1,118274866
concept_cpc_group,concept::NANOFIBER COMPOSITE MEMBRANE,cpc_group::B01J,1,115484302
concept_cpc_group,concept::NANOFIBER COMPOSITE MEMBRANE,cpc_group::B22F,1,115484302
concept_cpc_group,concept::NANOFIBER COMPOSITE MEMBRANE,cpc_group::B82Y,1,115484302
concept_cpc_group,concept::NANOFIBER COMPOSITE MEMBRANE,cpc_group::C25B,1,115484302
concept_cpc_group,concept::NANOFIBER COMPOSITE MEMBRANE,cpc_group::D01F,1,115484302
concept_cpc_group,concept::NANOFIBER COMPOSITE MEMBRANE,cpc_group::D10B,1,115484302
concept_cpc_group,concept::NANOFIBER COMPOSITE MEMBRANE,cpc_group::Y02E,1,115484302
concept_cpc_group,concept::NANOFIBER MEMBRANE,cpc_group::C25B,1,118096155
concept_cpc_group,concept::NANOFIBER PRECURSOR FIBER MEMBRANE,cpc_group::C25B,1,118274866
concept_cpc_group,concept::NANOFIBER PRECURSOR FIBER MEMBRANE,cpc_group::D01D,1,118274866
concept_cpc_group,concept::NANOFIBER PRECURSOR FIBER MEMBRANE,cpc_group::D01F,1,118274866
concept_cpc_group,concept::NANOFIBER PRECURSOR FIBER MEMBRANE,cpc_group::Y02E,1,118274866
concept_cpc_group,concept::NANOMICRON MULTILEVEL,cpc_group::C25B,1,97840083
concept_cpc_group,concept::NANOPARTICLE CATALYST,cpc_group::B01D,1,114892955
concept_cpc_group,concept::NANOSTRUCTURE MORPHOLOGY,cpc_group::C25B,1,100959754
concept_cpc_group,concept::NANOWIRE LOADED SILVER,cpc_group::B01J,1,91898287
concept_cpc_group,concept::NANOWIRE LOADED SILVER,cpc_group::C25B,1,91898287
concept_cpc_group,concept::NASICON CELL,cpc_group::C25B,1,67334411
concept_cpc_group,concept::NATURAL GAS,cpc_group::C10L,1,105555372
concept_cpc_group,concept::NATURAL GAS,cpc_group::C25B,1,105555372
concept_cpc_group,concept::NATURAL GAS,cpc_group::Y02A,1,105555372
concept_cpc_group,concept::NB COMPOUND,cpc_group::C25B,1,118083135
concept_cpc_group,concept::NB COMPOUND,cpc_group::H01M,1,118083135
concept_cpc_group,concept::NB COMPOUND,cpc_group::Y02E,1,118083135
concept_cpc_group,concept::NB COMPOUND,cpc_group::Y02P,1,118083135
concept_cpc_group,concept::NEGATIVE POLE CAVITY,cpc_group::C25B,1,112354020
concept_cpc_group,concept::NI ADSORPTION,cpc_group::B01J,1,115484302
concept_cpc_group,concept::NI ADSORPTION,cpc_group::B22F,1,115484302
concept_cpc_group,concept::NI ADSORPTION,cpc_group::B82Y,1,115484302
concept_cpc_group,concept::NI ADSORPTION,cpc_group::C25B,1,115484302
concept_cpc_group,concept::NI ADSORPTION,cpc_group::D01F,1,115484302
concept_cpc_group,concept::NI ADSORPTION,cpc_group::D10B,1,115484302
concept_cpc_group,concept::NI ADSORPTION,cpc_group::Y02E,1,115484302
concept_cpc_group,concept::NI ATOM,cpc_group::C25B,1,108569271
concept_cpc_group,concept::NI FE HYDROTALCITE,cpc_group::B01J,1,105418286
concept_cpc_group,concept::NI FE HYDROTALCITE,cpc_group::B82Y,1,105418286
concept_cpc_group,concept::NI FE HYDROTALCITE,cpc_group::C01B,1,105418286
concept_cpc_group,concept::NI FE HYDROTALCITE,cpc_group::C01G,1,105418286
concept_cpc_group,concept::NI FE HYDROTALCITE,cpc_group::C01P,1,105418286
concept_cpc_group,concept::NI FE HYDROTALCITE,cpc_group::C25B,1,105418286
concept_cpc_group,concept::NI FE HYDROTALCITE,cpc_group::Y02E,1,105418286
concept_cpc_group,concept::NI MGAL,cpc_group::C25B,1,106729837
concept_cpc_group,concept::NI MONOATOM,cpc_group::C25B,1,106729837
concept_cpc_group,concept::NI MONOATOM AGGREGATION,cpc_group::C25B,1,106729837
concept_cpc_group,concept::NI MONOATOMIC ANCHORING,cpc_group::C25B,1,116709402
concept_cpc_group,concept::NI MONOATOMIC CATALYST,cpc_group::C25B,1,116709402
concept_cpc_group,concept::NI NX COORDINATION,cpc_group::C25B,1,106729837
concept_cpc_group,concept::NI ZN BIMETAL,cpc_group::B01J,1,115484302
concept_cpc_group,concept::NI ZN BIMETAL,cpc_group::B22F,1,115484302
concept_cpc_group,concept::NI ZN BIMETAL,cpc_group::B82Y,1,115484302
concept_cpc_group,concept::NI ZN BIMETAL,cpc_group::C25B,1,115484302
concept_cpc_group,concept::NI ZN BIMETAL,cpc_group::D01F,1,115484302
concept_cpc_group,concept::NI ZN BIMETAL,cpc_group::D10B,1,115484302
concept_cpc_group,concept::NI ZN BIMETAL,cpc_group::Y02E,1,115484302
concept_cpc_group,concept::NICKEL ATOM,cpc_group::C25B,1,110888177
concept_cpc_group,concept::NICKEL CATALYST MOLECULE,cpc_group::B01J,1,92565798
concept_cpc_group,concept::NICKEL CATALYST MOLECULE,cpc_group::C25B,1,92565798
concept_cpc_group,concept::NICKEL CATALYST MOLECULE,cpc_group::H01M,1,92565798
concept_cpc_group,concept::NICKEL COPPER BIMETALLIC NANO CATALYST,cpc_group::C25B,1,112719442
concept_cpc_group,concept::NICKEL COPPER BIMETALLIC NANOCATALYST,cpc_group::C25B,1,112719442
concept_cpc_group,concept::NICKEL COPPER BINARY NITRIDE CATALYST,cpc_group::B01J,1,80803000
concept_cpc_group,concept::NICKEL COPPER BINARY NITRIDE CATALYST,cpc_group::C25B,1,80803000
concept_cpc_group,concept::NICKEL COPPER BINARY NITRIDE CATALYST,cpc_group::Y02E,1,80803000
concept_cpc_group,concept::NICKEL COPPER BINARY NITRIDE NANOPARTICLE,cpc_group::B01J,1,80803000
concept_cpc_group,concept::NICKEL COPPER BINARY NITRIDE NANOPARTICLE,cpc_group::C25B,1,80803000
concept_cpc_group,concept::NICKEL COPPER BINARY NITRIDE NANOPARTICLE,cpc_group::Y02E,1,80803000
concept_cpc_group,concept::NITROGEN,cpc_group::B01J,1,89550408
concept_cpc_group,concept::NITROGEN ATMOSPHERE,cpc_group::B01J,1,114750156
concept_cpc_group,concept::NITROGEN ATMOSPHERE,cpc_group::C25B,1,114750156
concept_cpc_group,concept::NITROGEN COORDINATION CARBON ELECTROCATALYST,cpc_group::B01J,1,89550408
concept_cpc_group,concept::NITROGEN COORDINATION CARBON ELECTROCATALYST,cpc_group::C25B,1,89550408
concept_cpc_group,concept::NITROGEN DOPED GRAPHENE,cpc_group::C25B,1,112719442
concept_cpc_group,concept::NITROGEN DOPED GRAPHENE LAYER,cpc_group::C25B,1,112719442
concept_cpc_group,concept::NITROGEN DOPING CARBON,cpc_group::B01J,1,116688896
concept_cpc_group,concept::NITROGEN DOPING CARBON,cpc_group::C01B,1,116688896
concept_cpc_group,concept::NITROGEN DOPING CARBON,cpc_group::C08G,1,116688896
concept_cpc_group,concept::NITROGEN DOPING CARBON,cpc_group::C09K,1,116688896
concept_cpc_group,concept::NITROGEN DOPING CARBON,cpc_group::C25B,1,116688896
concept_cpc_group,concept::NITROGEN DOPING CARBON,cpc_group::D01F,1,116688896
concept_cpc_group,concept::NITROGEN PRECURSOR,cpc_group::C25B,1,101562974
concept_cpc_group,concept::NITROGEN PRECURSOR,cpc_group::Y02E,1,101562974
concept_cpc_group,concept::NODE PARAMETER,cpc_group::C25B,1,117825503
concept_cpc_group,concept::NODE PARAMETER,cpc_group::Y02E,1,117825503
concept_cpc_group,concept::NODE PARAMETER,cpc_group::Y02P,1,117825503
concept_cpc_group,concept::NONMETAL COMPOSITE ELECTRODE,cpc_group::C25B,1,104822026
concept_cpc_group,concept::NONMETAL COMPOSITE ELECTRODE,cpc_group::Y02E,1,104822026
concept_cpc_group,concept::NONNOBLE METAL MONOATOM,cpc_group::C25B,1,111894530
concept_cpc_group,concept::NONNOBLE METAL MONOATOMIC ELECTROCATALYST,cpc_group::C25B,1,111894530
concept_cpc_group,concept::NONTOXIC CARBONACEOUS FUEL,cpc_group::Y02E,1,100799928
concept_cpc_group,concept::NP SA CATALYST,cpc_group::C25B,1,114887582
concept_cpc_group,concept::NP SA CATALYST,cpc_group::Y02E,1,114887582
concept_cpc_group,concept::OCEAN ACIDIFICATION,cpc_group::B01D,1,116285153
concept_cpc_group,concept::OCEAN ACIDIFICATION,cpc_group::B01J,1,116285153
concept_cpc_group,concept::OCEAN ACIDIFICATION,cpc_group::C02F,1,116285153
concept_cpc_group,concept::OCEAN ACIDIFICATION,cpc_group::C08F,1,116285153
concept_cpc_group,concept::OCEAN ACIDIFICATION,cpc_group::C08J,1,116285153
concept_cpc_group,concept::OCEAN ACIDIFICATION,cpc_group::C08L,1,116285153
concept_cpc_group,concept::OCEAN ACIDIFICATION,cpc_group::C25B,1,116285153
concept_cpc_group,concept::OCEAN ACIDIFICATION,cpc_group::H01M,1,116285153
concept_cpc_group,concept::OCEAN ACIDIFICATION,cpc_group::Y02P,1,116285153
concept_cpc_group,concept::OLEFIN,cpc_group::C07C,1,94621513
concept_cpc_group,concept::OLEFIN,cpc_group::C25B,1,94621513
concept_cpc_group,concept::OLEFIN,cpc_group::Y02E,1,94621513
concept_cpc_group,concept::OLEFIN,cpc_group::Y02P,1,94621513
concept_cpc_group,concept::OLEFIN OXIDE,cpc_group::C07C,1,94621513
concept_cpc_group,concept::OLEFIN OXIDE,cpc_group::C25B,1,94621513
concept_cpc_group,concept::OLEFIN OXIDE,cpc_group::Y02E,1,94621513
concept_cpc_group,concept::OLEFIN OXIDE,cpc_group::Y02P,1,94621513
concept_cpc_group,concept::ON SITE MODIFICATION,cpc_group::B22F,1,109766128
concept_cpc_group,concept::ON SITE MODIFICATION,cpc_group::B82Y,1,109766128
concept_cpc_group,concept::ON SITE MODIFICATION,cpc_group::C25B,1,109766128
concept_cpc_group,concept::OPALESCENT NANO MICROEMULSION,cpc_group::C01B,1,100868293
concept_cpc_group,concept::OPALESCENT NANO MICROEMULSION,cpc_group::C25B,1,100868293
concept_cpc_group,concept::OPALESCENT NANO MICROEMULSION,cpc_group::H01M,1,100868293
concept_cpc_group,concept::OPALESCENT NANO MICROEMULSION,cpc_group::Y02P,1,100868293
concept_cpc_group,concept::OPERABILITY,cpc_group::C25B,1,104933063
concept_cpc_group,concept::OPERABILITY,cpc_group::C25C,1,104933063
concept_cpc_group,concept::OPERABILITY,cpc_group::C25D,1,104933063
concept_cpc_group,concept::ORDERED INTERMETALLIC CUZ,cpc_group::C25B,1,115708489
concept_cpc_group,concept::ORDERED INTERMETALLIC CUZ,cpc_group::C25D,1,115708489
concept_cpc_group,concept::ORDERED INTERMETALLIC CUZN,cpc_group::C25B,1,115708489
concept_cpc_group,concept::ORDERED INTERMETALLIC CUZN,cpc_group::C25D,1,115708489
concept_cpc_group,concept::ORDERED INTERMETALLIC CUZN LAYER,cpc_group::C25B,1,115708489
concept_cpc_group,concept::ORDERED INTERMETALLIC CUZN LAYER,cpc_group::C25D,1,115708489
concept_cpc_group,concept::ORDERED MESOPOROUS CATALYST,cpc_group::C25B,1,98749181
concept_cpc_group,concept::ORDERED MESOPOROUS TEMPLATE,cpc_group::C25B,1,110888177
concept_cpc_group,concept::ORGANIC LIGAND,cpc_group::B01J,1,105418286
concept_cpc_group,concept::ORGANIC LIGAND,cpc_group::C01B,1,105418286
concept_cpc_group,concept::ORGANIC LIGAND,cpc_group::C01G,1,105418286
concept_cpc_group,concept::ORGANIC LIGAND,cpc_group::C01P,1,105418286
concept_cpc_group,concept::ORGANIC LIGAND,cpc_group::C25C,1,109733203
concept_cpc_group,concept::ORGANIC MOLECULE,cpc_group::C25B,1,100959754
concept_cpc_group,concept::OUTSIDE,cpc_group::C25B,1,102808473
concept_cpc_group,concept::OXIDATION COUPLING,cpc_group::B01J,1,115970616
concept_cpc_group,concept::OXIDATION COUPLING,cpc_group::C01B,1,115970616
concept_cpc_group,concept::OXIDATION COUPLING,cpc_group::C07C,1,115970616
concept_cpc_group,concept::OXIDATION COUPLING,cpc_group::Y02P,1,115970616
concept_cpc_group,concept::OXIDATION ELECTRODE,cpc_group::C01B,1,103934571
concept_cpc_group,concept::OXIDATION ELECTRODE,cpc_group::C07C,1,103934571
concept_cpc_group,concept::OXIDATION SIDE,cpc_group::C25B,1,102808473
concept_cpc_group,concept::OXIDE,cpc_group::C01G,1,105343084
concept_cpc_group,concept::OXIDE,cpc_group::C01P,1,105343084
concept_cpc_group,concept::OXIDE,cpc_group::H01M,1,87171430
concept_cpc_group,concept::OXIDE,cpc_group::Y02P,1,87171430
concept_cpc_group,concept::OXIDE ELECTRODE,cpc_group::B22F,1,103030257
concept_cpc_group,concept::OXIDE ELECTRODE,cpc_group::C25B,1,103030257
concept_cpc_group,concept::OXIDE ELECTRODE,cpc_group::C25D,1,103030257
concept_cpc_group,concept::OXIDE ELECTROLYTIC CELL,cpc_group::C01G,1,110495249
concept_cpc_group,concept::OXIDE ELECTROLYTIC CELL,cpc_group::C01P,1,110495249
concept_cpc_group,concept::OXIDE ELECTROLYTIC CELL,cpc_group::H01M,1,110495249
concept_cpc_group,concept::OXIDE ELECTROLYTIC CELL,cpc_group::Y02E,1,110495249
concept_cpc_group,concept::OXIDIZING OXIDATION TARGET,cpc_group::C25B,1,118081631
concept_cpc_group,concept::OXIDIZING OXIDATION TARGET,cpc_group::Y02E,1,118081631
concept_cpc_group,concept::OXY CALCINING,cpc_group::C04B,1,95617533
concept_cpc_group,concept::OXY CALCINING,cpc_group::C25B,1,95617533
concept_cpc_group,concept::OXY CALCINING,cpc_group::F23L,1,95617533
concept_cpc_group,concept::OXY CALCINING,cpc_group::Y02E,1,95617533
concept_cpc_group,concept::OXY CALCINING,cpc_group::Y02P,1,95617533
concept_cpc_group,concept::OXYGEN CARBON DIOXIDE,cpc_group::Y02E,1,105393249
concept_cpc_group,concept::OXYGEN CONCENTRATION,cpc_group::Y02E,1,105393249
concept_cpc_group,concept::OXYGEN DEFICIENT FERRITE,cpc_group::C25B,1,44441678
concept_cpc_group,concept::OXYGEN DEFICIENT FERRITE,cpc_group::Y02E,1,44441678
concept_cpc_group,concept::OXYGEN DEFICIENT FERRITE ELECTRODE,cpc_group::C25B,1,44441678
concept_cpc_group,concept::OXYGEN DEFICIENT FERRITE ELECTRODE,cpc_group::Y02E,1,44441678
concept_cpc_group,concept::OXYGEN GENERATION REACTOR,cpc_group::C25B,1,108306014
concept_cpc_group,concept::OXYGEN PRODUCTION REACTOR,cpc_group::C25B,1,108306014
concept_cpc_group,concept::OXYGEN VACANCY,cpc_group::C01G,1,105343084
concept_cpc_group,concept::OXYGEN VACANCY,cpc_group::C01P,1,105343084
concept_cpc_group,concept::OXYGEN VACANCY,cpc_group::C25B,1,105343084
concept_cpc_group,concept::OXYGEN VACANCY,cpc_group::Y02E,1,105343084
concept_cpc_group,concept::PALLADIUM MEMBRANE,cpc_group::C25B,1,114057507
concept_cpc_group,concept::PARALLEL FLOW,cpc_group::C25B,1,102358496
concept_cpc_group,concept::PARTICLE COMPOSITE ELECTRODE,cpc_group::B01J,1,91898287
concept_cpc_group,concept::PARTICLE COMPOSITE ELECTRODE,cpc_group::C25B,1,91898287
concept_cpc_group,concept::PERFLUOROSULFONATE POLYMER,cpc_group::B01D,1,109306159
concept_cpc_group,concept::PERFLUOROSULFONATE POLYMER,cpc_group::C08J,1,109306159
concept_cpc_group,concept::PERFLUOROSULFONATE POLYMER,cpc_group::C25B,1,109306159
concept_cpc_group,concept::PERFLUOROSULFONATE POLYMER,cpc_group::H01M,1,109306159
concept_cpc_group,concept::PERFLUOROSULFONATE POLYMER INTERFACE,cpc_group::B01D,1,109306159
concept_cpc_group,concept::PERFLUOROSULFONATE POLYMER INTERFACE,cpc_group::C08J,1,109306159
concept_cpc_group,concept::PERFLUOROSULFONATE POLYMER INTERFACE,cpc_group::C25B,1,109306159
concept_cpc_group,concept::PERFLUOROSULFONATE POLYMER INTERFACE,cpc_group::H01M,1,109306159
concept_cpc_group,concept::PERFORMANCE ELECTROCHEMICAL REDUCTION,cpc_group::C25B,1,115708489
concept_cpc_group,concept::PERFORMANCE ELECTROCHEMICAL REDUCTION,cpc_group::C25D,1,115708489
concept_cpc_group,concept::PERIODICAL ELECTROLYTE REPLACEMENT,cpc_group::C25B,1,100959754
concept_cpc_group,concept::PEROVSKITE ANODE,cpc_group::B82Y,1,115109027
concept_cpc_group,concept::PEROVSKITE ANODE,cpc_group::C25B,1,115109027
concept_cpc_group,concept::PEROVSKITE ANODE,cpc_group::Y02E,1,115109027
concept_cpc_group,concept::PEROVSKITE ANODE MATERIAL,cpc_group::B82Y,1,115109027
concept_cpc_group,concept::PEROVSKITE ANODE MATERIAL,cpc_group::C25B,1,115109027
concept_cpc_group,concept::PEROVSKITE ANODE MATERIAL,cpc_group::Y02E,1,115109027
concept_cpc_group,concept::PEROVSKITE DESOLVENTIZING,cpc_group::C01G,1,110495249
concept_cpc_group,concept::PEROVSKITE DESOLVENTIZING,cpc_group::C01P,1,110495249
concept_cpc_group,concept::PEROVSKITE DESOLVENTIZING,cpc_group::C25B,1,110495249
concept_cpc_group,concept::PEROVSKITE DESOLVENTIZING,cpc_group::H01M,1,110495249
concept_cpc_group,concept::PEROVSKITE DESOLVENTIZING,cpc_group::Y02E,1,110495249
concept_cpc_group,concept::PEROVSKITE DOPED REACTION,cpc_group::C01G,1,110495249
concept_cpc_group,concept::PEROVSKITE DOPED REACTION,cpc_group::C01P,1,110495249
concept_cpc_group,concept::PEROVSKITE DOPED REACTION,cpc_group::C25B,1,110495249
concept_cpc_group,concept::PEROVSKITE DOPED REACTION,cpc_group::H01M,1,110495249
concept_cpc_group,concept::PEROVSKITE DOPED REACTION,cpc_group::Y02E,1,110495249
concept_cpc_group,concept::PEROVSKITE FUEL ELECTRODE MATERIAL,cpc_group::B82Y,1,115109027
concept_cpc_group,concept::PEROVSKITE FUEL ELECTRODE MATERIAL,cpc_group::C25B,1,115109027
concept_cpc_group,concept::PEROVSKITE FUEL ELECTRODE MATERIAL,cpc_group::Y02E,1,115109027
concept_cpc_group,concept::PEROVSKITE OXIDE CATHODE,cpc_group::C01G,1,110495249
concept_cpc_group,concept::PEROVSKITE OXIDE CATHODE,cpc_group::C01P,1,110495249
concept_cpc_group,concept::PEROVSKITE OXIDE CATHODE,cpc_group::C25B,1,110495249
concept_cpc_group,concept::PEROVSKITE OXIDE CATHODE,cpc_group::H01M,1,110495249
concept_cpc_group,concept::PEROVSKITE OXIDE CATHODE,cpc_group::Y02E,1,110495249
concept_cpc_group,concept::PEROVSKITE STRUCTURE,cpc_group::C01G,1,105343084
concept_cpc_group,concept::PEROVSKITE STRUCTURE,cpc_group::C01P,1,105343084
concept_cpc_group,concept::PEROVSKITE STRUCTURE,cpc_group::C25B,1,105343084
concept_cpc_group,concept::PEROVSKITE STRUCTURE,cpc_group::Y02E,1,105343084
concept_cpc_group,concept::PHENYL PORPHYRIN,cpc_group::C08G,1,117641010
concept_cpc_group,concept::PHENYL PORPHYRIN,cpc_group::C08J,1,117641010
concept_cpc_group,concept::PHENYL PORPHYRIN,cpc_group::C25B,1,117641010
concept_cpc_group,concept::PHENYL PORPHYRIN,cpc_group::H01M,1,117641010
concept_cpc_group,concept::PHOSGENE,cpc_group::C25B,1,110503287
concept_cpc_group,concept::PHOSGENE,cpc_group::Y02E,1,110503287
concept_cpc_group,concept::PHOSPHONIUM ION,cpc_group::C01B,1,84680718
concept_cpc_group,concept::PHOSPHONIUM ION,cpc_group::C25B,1,84680718
concept_cpc_group,concept::PHOSPHORUS,cpc_group::C25B,1,108569271
concept_cpc_group,concept::PHOTOCATALYTIC,cpc_group::B01J,1,115970616
concept_cpc_group,concept::PHOTOCATALYTIC,cpc_group::C01B,1,115970616
concept_cpc_group,concept::PHOTOCATALYTIC,cpc_group::C07C,1,115970616
concept_cpc_group,concept::PHOTOCATALYTIC,cpc_group::Y02P,1,115970616
concept_cpc_group,concept::PHOTOCATALYTIC CO2PREPARATION,cpc_group::B01J,1,115970616
concept_cpc_group,concept::PHOTOCATALYTIC CO2PREPARATION,cpc_group::C01B,1,115970616
concept_cpc_group,concept::PHOTOCATALYTIC CO2PREPARATION,cpc_group::C07C,1,115970616
concept_cpc_group,concept::PHOTOCATALYTIC CO2PREPARATION,cpc_group::Y02P,1,115970616
concept_cpc_group,concept::PHOTOCATHODE,cpc_group::C23C,1,92032595
concept_cpc_group,concept::PHOTOCATHODE,cpc_group::C25B,1,92032595
concept_cpc_group,concept::PHOTOCATHODE,cpc_group::Y02P,1,92032595
concept_cpc_group,concept::PHOTOCHEMICAL PLATING MODE,cpc_group::C25B,1,102226793
concept_cpc_group,concept::PHOTOCHEMICAL PLATING MODE,cpc_group::Y02E,1,102226793
concept_cpc_group,concept::PHOTOELECTRIC CATALYTIC REDUCTION,cpc_group::C25B,1,105437834
concept_cpc_group,concept::PHOTOELECTROCATALYTIC REDUCTION,cpc_group::C25B,1,105437834
concept_cpc_group,concept::PHTHALOCYANINE CATALYST,cpc_group::C01B,1,116476220
concept_cpc_group,concept::PHTHALOCYANINE CATALYST,cpc_group::C25B,1,116476220
concept_cpc_group,concept::PHTHALOCYANINE SINGLE ATOM CLUSTER,cpc_group::C25B,1,115363192
concept_cpc_group,concept::PHTHALOCYANINE SINGLE ATOM CLUSTER,cpc_group::Y02E,1,115363192
concept_cpc_group,concept::PLASMA JET GENERATOR,cpc_group::B01J,1,107376902
concept_cpc_group,concept::PLASMA JET GENERATOR,cpc_group::C01B,1,107376902
concept_cpc_group,concept::POISONING UNDESIRED REACTION,cpc_group::C25B,1,44789699
concept_cpc_group,concept::POLYACRYLONITRILE,cpc_group::C25B,1,118096155
concept_cpc_group,concept::POLYARYL PIPERIDINE POLYMER,cpc_group::C08G,1,118157483
concept_cpc_group,concept::POLYARYL PIPERIDINE POLYMER,cpc_group::C08J,1,118157483
concept_cpc_group,concept::POLYARYL PIPERIDINE POLYMER,cpc_group::C25B,1,118157483
concept_cpc_group,concept::POLYARYL PIPERIDINIUM,cpc_group::C08G,1,118157483
concept_cpc_group,concept::POLYARYL PIPERIDINIUM,cpc_group::C08J,1,118157483
concept_cpc_group,concept::POLYARYL PIPERIDINIUM,cpc_group::C25B,1,118157483
concept_cpc_group,concept::POLYBENZIMIDAZOLE ANION EXCHANGE MEMBRANE,cpc_group::B01D,1,104081456
concept_cpc_group,concept::POLYBENZIMIDAZOLE ANION EXCHANGE MEMBRANE,cpc_group::B01J,1,104081456
concept_cpc_group,concept::POLYBENZIMIDAZOLE ANION EXCHANGE MEMBRANE,cpc_group::C08G,1,104081456
concept_cpc_group,concept::POLYBENZIMIDAZOLE ANION EXCHANGE MEMBRANE,cpc_group::C08J,1,104081456
concept_cpc_group,concept::POLYBENZIMIDAZOLE ANION EXCHANGE MEMBRANE,cpc_group::C08L,1,104081456
concept_cpc_group,concept::POLYBENZIMIDAZOLE ANION EXCHANGE MEMBRANE,cpc_group::C25B,1,104081456
concept_cpc_group,concept::POLYBENZIMIDAZOLE ANION EXCHANGE MEMBRANE,cpc_group::H01M,1,104081456
concept_cpc_group,concept::POLYDOPAMINE COATING,cpc_group::C01B,1,116476220
concept_cpc_group,concept::POLYDOPAMINE COATING,cpc_group::C25B,1,116476220
concept_cpc_group,concept::POLYFLUORENE ANION COMPOSITE MEMBRANE,cpc_group::C08J,1,100582928
concept_cpc_group,concept::POLYFLUORENE ANION COMPOSITE MEMBRANE,cpc_group::C25B,1,100582928
concept_cpc_group,concept::POLYFLUORENE ANION COMPOSITE MEMBRANE,cpc_group::H01M,1,100582928
concept_cpc_group,concept::POLYFLUORENE ANION COMPOSITE MEMBRANE,cpc_group::Y02E,1,100582928
concept_cpc_group,concept::POLYFLUORENE ANION EXCHANGE MEMBRANE,cpc_group::C08J,1,100582928
concept_cpc_group,concept::POLYFLUORENE ANION EXCHANGE MEMBRANE,cpc_group::C25B,1,100582928
concept_cpc_group,concept::POLYFLUORENE ANION EXCHANGE MEMBRANE,cpc_group::H01M,1,100582928
concept_cpc_group,concept::POLYFLUORENE ANION EXCHANGE MEMBRANE,cpc_group::Y02E,1,100582928
concept_cpc_group,concept::POLYFLUORENE ANION MEMBRANE,cpc_group::C08J,1,100582928
concept_cpc_group,concept::POLYFLUORENE ANION MEMBRANE,cpc_group::C25B,1,100582928
concept_cpc_group,concept::POLYFLUORENE ANION MEMBRANE,cpc_group::H01M,1,100582928
concept_cpc_group,concept::POLYFLUORENE ANION MEMBRANE,cpc_group::Y02E,1,100582928
concept_cpc_group,concept::POLYFLUORENE COPOLYMER IONOMER,cpc_group::C08J,1,100582928
concept_cpc_group,concept::POLYFLUORENE COPOLYMER IONOMER,cpc_group::C25B,1,100582928
concept_cpc_group,concept::POLYFLUORENE COPOLYMER IONOMER,cpc_group::H01M,1,100582928
concept_cpc_group,concept::POLYFLUORENE COPOLYMER IONOMER,cpc_group::Y02E,1,100582928
concept_cpc_group,concept::POLYMER DISPERSION LIQUID,cpc_group::B82Y,1,109733203
concept_cpc_group,concept::POLYMER DISPERSION LIQUID,cpc_group::C25B,1,109733203
concept_cpc_group,concept::POLYMER DISPERSION LIQUID,cpc_group::C25C,1,109733203
concept_cpc_group,concept::POLYMERIC FILM,cpc_group::B01D,1,109306159
concept_cpc_group,concept::POLYMERIC FILM,cpc_group::C08J,1,109306159
concept_cpc_group,concept::POLYMERIC FILM,cpc_group::C25B,1,109306159
concept_cpc_group,concept::POLYMERIC FILM,cpc_group::H01M,1,109306159
concept_cpc_group,concept::POLYMERIC MACROMOLECULAR CHAIN,cpc_group::C25B,1,101562974
concept_cpc_group,concept::POLYMERIC MACROMOLECULAR CHAIN,cpc_group::Y02E,1,101562974
concept_cpc_group,concept::POLYMERIC MACROMOLECULAR CHAIN CROSSLINKING,cpc_group::C25B,1,101562974
concept_cpc_group,concept::POLYMERIC MACROMOLECULAR CHAIN CROSSLINKING,cpc_group::Y02E,1,101562974
concept_cpc_group,concept::POLYTETRAFLUOROETHYLENE MODIFIED CARBON PAPER,cpc_group::C10L,1,105555372
concept_cpc_group,concept::POLYTETRAFLUOROETHYLENE MODIFIED CARBON PAPER,cpc_group::C25B,1,105555372
concept_cpc_group,concept::POLYTETRAFLUOROETHYLENE MODIFIED CARBON PAPER,cpc_group::Y02A,1,105555372
concept_cpc_group,concept::POLYVINYLPYRROLIDONE,cpc_group::C25B,1,118274866
concept_cpc_group,concept::POLYVINYLPYRROLIDONE,cpc_group::D01D,1,118274866
concept_cpc_group,concept::POLYVINYLPYRROLIDONE,cpc_group::D01F,1,118274866
concept_cpc_group,concept::POLYVINYLPYRROLIDONE,cpc_group::Y02E,1,118274866
concept_cpc_group,concept::PORCELAIN BOAT,cpc_group::B01J,1,114750156
concept_cpc_group,concept::PORCELAIN BOAT,cpc_group::C25B,1,114750156
concept_cpc_group,concept::POROSITY,cpc_group::Y02E,1,116562374
concept_cpc_group,concept::POROUS ANODE,cpc_group::B01D,1,109304100
concept_cpc_group,concept::POROUS ANODE,cpc_group::C25B,1,109304100
concept_cpc_group,concept::POROUS ANODE,cpc_group::Y02C,1,109304100
concept_cpc_group,concept::POROUS CARBON CARRIER,cpc_group::C25B,1,112323322
concept_cpc_group,concept::POROUS CARBON SUBSTRATE,cpc_group::B01J,1,114750156
concept_cpc_group,concept::POROUS CARBON SUBSTRATE,cpc_group::C25B,1,114750156
concept_cpc_group,concept::POROUS DIAPHRAGM,cpc_group::C25B,1,102226793
concept_cpc_group,concept::POROUS DIAPHRAGM,cpc_group::Y02E,1,102226793
concept_cpc_group,concept::POROUS ELECTROCHEMICAL MEMBRANE,cpc_group::C25B,1,111363754
concept_cpc_group,concept::POROUS ELECTRODE LAYER,cpc_group::C25B,1,95930332
concept_cpc_group,concept::POROUS ELECTRODE LAYER,cpc_group::Y02P,1,95930332
concept_cpc_group,concept::POROUS ETHENE,cpc_group::C25B,1,80590207
concept_cpc_group,concept::POROUS ETHENE,cpc_group::Y02E,1,80590207
concept_cpc_group,concept::POROUS HYDROPHOBIC ELECTRODE,cpc_group::C01G,1,112046649
concept_cpc_group,concept::POROUS HYDROPHOBIC ELECTRODE,cpc_group::C23C,1,112046649
concept_cpc_group,concept::POROUS HYDROPHOBIC ELECTRODE,cpc_group::C25B,1,112046649
concept_cpc_group,concept::POROUS MEMBRANE,cpc_group::B01D,1,108851809
concept_cpc_group,concept::POROUS MEMBRANE,cpc_group::C25B,1,108851809
concept_cpc_group,concept::POROUS POLYBENZIMIDAZOLE FILM,cpc_group::C25B,1,80590207
concept_cpc_group,concept::POROUS POLYBENZIMIDAZOLE FILM,cpc_group::Y02E,1,80590207
concept_cpc_group,concept::POROUS POLYMER MATERIAL,cpc_group::C08G,1,102969825
concept_cpc_group,concept::POROUS POLYMER MATERIAL,cpc_group::C25B,1,102969825
concept_cpc_group,concept::POROUS SILVER ELECTRODE,cpc_group::B22F,1,105758218
concept_cpc_group,concept::POROUS SILVER ELECTRODE,cpc_group::C23C,1,105758218
concept_cpc_group,concept::POROUS SILVER ELECTRODE,cpc_group::C25B,1,105758218
concept_cpc_group,concept::POROUS SUBSTRATE,cpc_group::C25B,1,113645537
concept_cpc_group,concept::PORPHYRIN,cpc_group::C25B,1,87171430
concept_cpc_group,concept::PORPHYRIN,cpc_group::H01M,1,87171430
concept_cpc_group,concept::PORPHYRIN,cpc_group::Y02E,1,87171430
concept_cpc_group,concept::PORPHYRIN,cpc_group::Y02P,1,87171430
concept_cpc_group,concept::PORPHYRIN CATALYZED ELECTROCHEMICAL REDUCTION,cpc_group::B01J,1,78510702
concept_cpc_group,concept::PORPHYRIN CATALYZED ELECTROCHEMICAL REDUCTION,cpc_group::C01B,1,78510702
concept_cpc_group,concept::PORPHYRIN CATALYZED ELECTROCHEMICAL REDUCTION,cpc_group::C07D,1,78510702
concept_cpc_group,concept::PORPHYRIN CATALYZED ELECTROCHEMICAL REDUCTION,cpc_group::C07F,1,78510702
concept_cpc_group,concept::PORPHYRIN CATALYZED ELECTROCHEMICAL REDUCTION,cpc_group::C25B,1,78510702
concept_cpc_group,concept::PORPHYRIN CATALYZED ELECTROCHEMICAL REDUCTION,cpc_group::Y02E,1,78510702
concept_cpc_group,concept::POSITIVE CHARGE,cpc_group::B01J,1,79681795
concept_cpc_group,concept::POSITIVE CHARGE,cpc_group::C07C,1,79681795
concept_cpc_group,concept::POSITIVE CHARGE,cpc_group::C10G,1,79681795
concept_cpc_group,concept::POSITIVE CHARGE,cpc_group::C25B,1,79681795
concept_cpc_group,concept::POSITIVE CHARGE,cpc_group::Y02E,1,79681795
concept_cpc_group,concept::POSITIVE CHARGE,cpc_group::Y02P,1,79681795
concept_cpc_group,concept::POSITIVE POLE CAVITY,cpc_group::C25B,1,112354020
concept_cpc_group,concept::POTASSIUM BICARBONATETHE SOLUTION,cpc_group::C10L,1,105555372
concept_cpc_group,concept::POTASSIUM BICARBONATETHE SOLUTION,cpc_group::C25B,1,105555372
concept_cpc_group,concept::POTASSIUM BICARBONATETHE SOLUTION,cpc_group::Y02A,1,105555372
concept_cpc_group,concept::POTENTIOSTAT,cpc_group::C10L,1,105555372
concept_cpc_group,concept::POTENTIOSTAT,cpc_group::C25B,1,105555372
concept_cpc_group,concept::POTENTIOSTAT,cpc_group::Y02A,1,105555372
concept_cpc_group,concept::POWER CONTROL,cpc_group::C25B,1,112969726
concept_cpc_group,concept::POWER INTERRUPTION,cpc_group::C25B,1,112969726
concept_cpc_group,concept::PR PRECURSOR,cpc_group::B82Y,1,115109027
concept_cpc_group,concept::PR PRECURSOR,cpc_group::C25B,1,115109027
concept_cpc_group,concept::PR PRECURSOR,cpc_group::Y02E,1,115109027
concept_cpc_group,concept::PRECIPITANT SOLUTION,cpc_group::B01J,1,115970616
concept_cpc_group,concept::PRECIPITANT SOLUTION,cpc_group::C01B,1,115970616
concept_cpc_group,concept::PRECIPITANT SOLUTION,cpc_group::C07C,1,115970616
concept_cpc_group,concept::PRECIPITANT SOLUTION,cpc_group::Y02P,1,115970616
concept_cpc_group,concept::PRECIPITATE,cpc_group::C25B,1,113078510
concept_cpc_group,concept::PRECIPITATE,cpc_group::Y02E,1,113078510
concept_cpc_group,concept::PRECURSOR FIBER MEMBRANE,cpc_group::C25B,1,118274866
concept_cpc_group,concept::PRECURSOR FIBER MEMBRANE,cpc_group::D01D,1,118274866
concept_cpc_group,concept::PRECURSOR FIBER MEMBRANE,cpc_group::D01F,1,118274866
concept_cpc_group,concept::PRECURSOR FIBER MEMBRANE,cpc_group::Y02E,1,118274866
concept_cpc_group,concept::PRECURSOR XEROGEL,cpc_group::C25B,1,118106537
concept_cpc_group,concept::PREHEATING REQUIREMENT,cpc_group::C25B,1,117825503
concept_cpc_group,concept::PREHEATING REQUIREMENT,cpc_group::Y02E,1,117825503
concept_cpc_group,concept::PREHEATING REQUIREMENT,cpc_group::Y02P,1,117825503
concept_cpc_group,concept::PREMIX,cpc_group::C25B,1,113078510
concept_cpc_group,concept::PREMIX,cpc_group::Y02E,1,113078510
concept_cpc_group,concept::PREPARATION STRATEGY,cpc_group::B01D,1,116298732
concept_cpc_group,concept::PREPARATION STRATEGY,cpc_group::B01J,1,116298732
concept_cpc_group,concept::PREPARATION STRATEGY,cpc_group::B82Y,1,116298732
concept_cpc_group,concept::PREPARATION STRATEGY,cpc_group::C25B,1,116298732
concept_cpc_group,concept::PREPARATION STRATEGY,cpc_group::Y02E,1,116298732
concept_cpc_group,concept::PREPARATION STRATEGY,cpc_group::Y02P,1,116298732
concept_cpc_group,concept::PREPARED COPPER ELECTROCATALYST,cpc_group::C25B,1,104933063
concept_cpc_group,concept::PREPARED COPPER ELECTROCATALYST,cpc_group::C25C,1,104933063
concept_cpc_group,concept::PREPARED COPPER ELECTROCATALYST,cpc_group::C25D,1,104933063
concept_cpc_group,concept::PRESET DEHUMIDIFYING,cpc_group::C25B,1,106866991
concept_cpc_group,concept::PRESET DEHUMIDIFYING COMPLETION VALUE,cpc_group::C25B,1,106866991
concept_cpc_group,concept::PRESET VOLTAGE,cpc_group::H02J,1,94787837
concept_cpc_group,concept::PRESET VOLTAGE,cpc_group::Y02E,1,94787837
concept_cpc_group,concept::PRESET VOLTAGE,cpc_group::Y02P,1,94787837
concept_cpc_group,concept::PRESSURE COELECTROLYSIS MODULE,cpc_group::C01B,1,74496528
concept_cpc_group,concept::PRESSURE COELECTROLYSIS MODULE,cpc_group::C25B,1,74496528
concept_cpc_group,concept::PRESSURE COELECTROLYSIS MODULE,cpc_group::G05D,1,74496528
concept_cpc_group,concept::PRESSURE COELECTROLYSIS MODULE,cpc_group::Y02E,1,74496528
concept_cpc_group,concept::PRESSURIZED COELECTROLYSIS MODULE,cpc_group::C01B,1,74496528
concept_cpc_group,concept::PRESSURIZED COELECTROLYSIS MODULE,cpc_group::C25B,1,74496528
concept_cpc_group,concept::PRESSURIZED COELECTROLYSIS MODULE,cpc_group::G05D,1,74496528
concept_cpc_group,concept::PRESSURIZED COELECTROLYSIS MODULE,cpc_group::Y02E,1,74496528
concept_cpc_group,concept::PRESSURIZED PNEUMATIC MODULE,cpc_group::C01B,1,74496528
concept_cpc_group,concept::PRESSURIZED PNEUMATIC MODULE,cpc_group::C25B,1,74496528
concept_cpc_group,concept::PRESSURIZED PNEUMATIC MODULE,cpc_group::G05D,1,74496528
concept_cpc_group,concept::PRESSURIZED PNEUMATIC MODULE,cpc_group::Y02E,1,74496528
concept_cpc_group,concept::PRETREATED COPPER MESH,cpc_group::C07C,1,116013304
concept_cpc_group,concept::PRETREATED COPPER MESH,cpc_group::C25B,1,116013304
concept_cpc_group,concept::PRETREATED ELECTROLYTE,cpc_group::C25B,1,106672290
concept_cpc_group,concept::PROBLEMATICAL SOOT DEPOSITION,cpc_group::B01J,1,107376902
concept_cpc_group,concept::PROBLEMATICAL SOOT DEPOSITION,cpc_group::C01B,1,107376902
concept_cpc_group,concept::PROCESSABILITY,cpc_group::C08G,1,113067654
concept_cpc_group,concept::PROCESSABILITY,cpc_group::C08J,1,113067654
concept_cpc_group,concept::PROCESSABILITY,cpc_group::C25B,1,113067654
concept_cpc_group,concept::PRODUCING CARBON MONOXIDE,cpc_group::Y02P,1,93504955
concept_cpc_group,concept::PRODUCING CARBONYL,cpc_group::C25B,1,106145261
concept_cpc_group,concept::PRODUCING GREEN AMMONIA,cpc_group::C01C,1,112387292
concept_cpc_group,concept::PRODUCING GREEN AMMONIA,cpc_group::C10G,1,112387292
concept_cpc_group,concept::PRODUCING GREEN AMMONIA,cpc_group::C25B,1,112387292
concept_cpc_group,concept::PRODUCING GREEN AMMONIA,cpc_group::H01M,1,112387292
concept_cpc_group,concept::PRODUCING GREEN AMMONIA,cpc_group::Y02E,1,112387292
concept_cpc_group,concept::PRODUCT STREAM,cpc_group::C25B,1,114057507
concept_cpc_group,concept::PRODUCTION METHOD,cpc_group::C25B,1,106145261
concept_cpc_group,concept::PRODUCTION REDUCTION ELECTRODE,cpc_group::C25B,1,107639787
concept_cpc_group,concept::PRODUCTION SYSTEM,cpc_group::C07C,1,100224447
concept_cpc_group,concept::PRODUCTION SYSTEM,cpc_group::C25B,1,100224447
concept_cpc_group,concept::PRODUCTION SYSTEM,cpc_group::Y02P,1,100224447
concept_cpc_group,concept::PROTON MEMBRANE,cpc_group::B01D,1,114892955
concept_cpc_group,concept::PROTON REDUCTION,cpc_group::C25B,1,55016601
concept_cpc_group,concept::PROTON REDUCTION,cpc_group::Y02E,1,55016601
concept_cpc_group,concept::PROTON REDUCTION CATHODE,cpc_group::C25B,1,55016601
concept_cpc_group,concept::PROTON REDUCTION CATHODE,cpc_group::Y02E,1,55016601
concept_cpc_group,concept::PULSE CODEPOSITION,cpc_group::C07C,1,116013304
concept_cpc_group,concept::PULSE CODEPOSITION,cpc_group::C25B,1,116013304
concept_cpc_group,concept::PULSE CURRENT ELECTRODEPOSIT,cpc_group::C07C,1,116013304
concept_cpc_group,concept::PULSE CURRENT ELECTRODEPOSIT,cpc_group::C25B,1,116013304
concept_cpc_group,concept::PULVERIZED COAL,cpc_group::B01J,1,96729039
concept_cpc_group,concept::PULVERIZED COAL,cpc_group::C01B,1,96729039
concept_cpc_group,concept::PULVERIZED COAL,cpc_group::C10B,1,96729039
concept_cpc_group,concept::PULVERIZED COAL PYROLYSIS,cpc_group::B01J,1,96729039
concept_cpc_group,concept::PULVERIZED COAL PYROLYSIS,cpc_group::C01B,1,96729039
concept_cpc_group,concept::PULVERIZED COAL PYROLYSIS,cpc_group::C10B,1,96729039
concept_cpc_group,concept::PURE WATER,cpc_group::C25B,1,112354020
concept_cpc_group,concept::PURIFICATION CATALYSIS,cpc_group::B01D,1,111204819
concept_cpc_group,concept::PURIFICATION CATALYSIS,cpc_group::C01B,1,111204819
concept_cpc_group,concept::PURIFICATION CATALYSIS,cpc_group::C25B,1,111204819
concept_cpc_group,concept::PURITY ARGON,cpc_group::C25B,1,110697556
concept_cpc_group,concept::PYROLYSIS,cpc_group::B01J,1,96729039
concept_cpc_group,concept::PYROLYSIS,cpc_group::C01B,1,96729039
concept_cpc_group,concept::PYROLYSIS,cpc_group::C10B,1,96729039
concept_cpc_group,concept::PYROMELLITIC ANHYDRIDE,cpc_group::C25B,1,104822026
concept_cpc_group,concept::PYROMELLITIC ANHYDRIDE,cpc_group::Y02E,1,104822026
concept_cpc_group,concept::QUATERNARY AMMONIUM,cpc_group::C01B,1,84680718
concept_cpc_group,concept::QUATERNARY AMMONIUM,cpc_group::C25B,1,84680718
concept_cpc_group,concept::QUATERNARY HETEROPOLY ACID,cpc_group::C25B,1,102352265
concept_cpc_group,concept::QUATERNARY HETEROPOLYACID,cpc_group::C25B,1,102352265
concept_cpc_group,concept::QUATERNIZED POLYPHENYL ETHER,cpc_group::C25B,1,105028031
concept_cpc_group,concept::QUATERNIZED POLYSULFONE IONOMER,cpc_group::Y02E,1,117521363
concept_cpc_group,concept::QUICK DYNAMICS,cpc_group::C25B,1,118274866
concept_cpc_group,concept::QUICK DYNAMICS,cpc_group::D01D,1,118274866
concept_cpc_group,concept::QUICK DYNAMICS,cpc_group::D01F,1,118274866
concept_cpc_group,concept::QUICK DYNAMICS,cpc_group::Y02E,1,118274866
concept_cpc_group,concept::RARE EARTH,cpc_group::C25B,1,106179974
concept_cpc_group,concept::RARE EARTH,cpc_group::Y02A,1,106179974
concept_cpc_group,concept::RE MOLE FRACTION,cpc_group::C25B,1,118106537
concept_cpc_group,concept::REACTANT GAS,cpc_group::Y02P,1,93812412
concept_cpc_group,concept::REACTANT GAS CONVERSION,cpc_group::C25B,1,94740357
concept_cpc_group,concept::REACTION CO2THE,cpc_group::C25B,1,96701999
concept_cpc_group,concept::REACTION IMPREGNATING PORE,cpc_group::C01B,1,35372708
concept_cpc_group,concept::REACTION IMPREGNATING PORE,cpc_group::C25B,1,35372708
concept_cpc_group,concept::REACTION IMPREGNATING PORE,cpc_group::Y02E,1,35372708
concept_cpc_group,concept::REACTION KETTLE LINER,cpc_group::C25B,1,104822026
concept_cpc_group,concept::REACTION KETTLE LINER,cpc_group::Y02E,1,104822026
concept_cpc_group,concept::REACTOR,cpc_group::B01J,1,115970616
concept_cpc_group,concept::REACTOR,cpc_group::C01B,1,115970616
concept_cpc_group,concept::REACTOR,cpc_group::C07C,1,115970616
concept_cpc_group,concept::REACTOR,cpc_group::Y02P,1,115970616
concept_cpc_group,concept::REACTOR POROUS ANODE,cpc_group::B01D,1,109304100
concept_cpc_group,concept::REACTOR POROUS ANODE,cpc_group::C25B,1,109304100
concept_cpc_group,concept::REACTOR POROUS ANODE,cpc_group::Y02C,1,109304100
concept_cpc_group,concept::REACTOR POROUS CATHODE,cpc_group::B01D,1,109304100
concept_cpc_group,concept::REACTOR POROUS CATHODE,cpc_group::C25B,1,109304100
concept_cpc_group,concept::REACTOR POROUS CATHODE,cpc_group::Y02C,1,109304100
concept_cpc_group,concept::REALIZING ARTIFICIAL CARBON CIRCULATION,cpc_group::C25B,1,111953180
concept_cpc_group,concept::RECESSED STRUCTURE,cpc_group::C25B,1,107639787
concept_cpc_group,concept::RECURRENT REGENERATION,cpc_group::C25B,1,89744192
concept_cpc_group,concept::RECYCLABLE ELECTROLYTE,cpc_group::C25B,1,108739790
concept_cpc_group,concept::RECYCLING METHANEDIONE,cpc_group::B01D,1,82565553
concept_cpc_group,concept::RECYCLING METHANEDIONE,cpc_group::C01B,1,82565553
concept_cpc_group,concept::RECYCLING METHANEDIONE,cpc_group::C25B,1,82565553
concept_cpc_group,concept::RECYCLING METHANEDIONE,cpc_group::G01N,1,82565553
concept_cpc_group,concept::RECYCLING METHANEDIONE,cpc_group::Y02A,1,82565553
concept_cpc_group,concept::RECYCLING METHANEDIONE,cpc_group::Y02P,1,82565553
concept_cpc_group,concept::REDOX ION,cpc_group::C25B,1,106145261
concept_cpc_group,concept::REDUCED CO2 CONTENT,cpc_group::C25B,1,112473561
concept_cpc_group,concept::REDUCING,cpc_group::C01B,1,105036941
concept_cpc_group,concept::REDUCING CARBON DIOXIDE,cpc_group::B01J,1,79012090
concept_cpc_group,concept::REDUCING CARBON DIOXIDE,cpc_group::C01B,1,115039917
concept_cpc_group,concept::REDUCING CARBON DIOXIDE,cpc_group::C01D,1,98505907
concept_cpc_group,concept::REDUCING CARBON DIOXIDE,cpc_group::Y02E,1,104791873
concept_cpc_group,concept::REDUCING METHANEDIONE,cpc_group::C25B,1,94740357
concept_cpc_group,concept::REDUCING PRODUCT CROSSOVER,cpc_group::C25B,1,83842416
concept_cpc_group,concept::REDUCING PRODUCT CROSSOVER,cpc_group::Y02E,1,83842416
concept_cpc_group,concept::REDUCTION,cpc_group::B01D,1,102493599
concept_cpc_group,concept::REDUCTION,cpc_group::C01B,1,105036941
concept_cpc_group,concept::REDUCTION,cpc_group::C08G,1,102969825
concept_cpc_group,concept::REDUCTION,cpc_group::C10L,1,105555372
concept_cpc_group,concept::REDUCTION,cpc_group::Y02A,1,105555372
concept_cpc_group,concept::REDUCTION,cpc_group::Y02E,1,114887582
concept_cpc_group,concept::REDUCTION BENZYL ALCOHOL,cpc_group::B01J,1,115970616
concept_cpc_group,concept::REDUCTION BENZYL ALCOHOL,cpc_group::C01B,1,115970616
concept_cpc_group,concept::REDUCTION BENZYL ALCOHOL,cpc_group::C07C,1,115970616
concept_cpc_group,concept::REDUCTION BENZYL ALCOHOL,cpc_group::Y02P,1,115970616
concept_cpc_group,concept::REDUCTION CELL,cpc_group::C25B,1,102358496
concept_cpc_group,concept::REDUCTION CO2METHOD,cpc_group::C01B,1,105036941
concept_cpc_group,concept::REDUCTION ELECTRODE,cpc_group::C07C,1,103934571
concept_cpc_group,concept::REDUCTION ELECTROLYTIC CELL,cpc_group::B22F,1,105758218
concept_cpc_group,concept::REDUCTION ELECTROLYTIC CELL,cpc_group::C23C,1,105758218
concept_cpc_group,concept::REDUCTION ELECTROLYZER,cpc_group::C21B,1,105156145
concept_cpc_group,concept::REDUCTION ELECTROLYZER,cpc_group::C25B,1,105156145
concept_cpc_group,concept::REDUCTION ELECTROLYZER,cpc_group::Y02E,1,105156145
concept_cpc_group,concept::REDUCTION ELECTROLYZER,cpc_group::Y02P,1,105156145
concept_cpc_group,concept::REDUCTION FUNCTION,cpc_group::C25B,1,110888177
concept_cpc_group,concept::REDUCTION MATERIAL,cpc_group::C25B,1,102352265
concept_cpc_group,concept::REDUCTION SYSTEM,cpc_group::B01D,1,108851809
concept_cpc_group,concept::REDUCTION SYSTEM,cpc_group::C25B,1,108851809
concept_cpc_group,concept::REDUCTIVE DECOUPLING,cpc_group::C25B,1,114887582
concept_cpc_group,concept::REDUCTIVE DECOUPLING,cpc_group::Y02E,1,114887582
concept_cpc_group,concept::REFERENCED ENTITY,cpc_group::C01B,1,116476220
concept_cpc_group,concept::REFERENCED ENTITY,cpc_group::C25B,1,116476220
concept_cpc_group,concept::REFERENCED ENTITY PERFECT ABSENCE,cpc_group::C01B,1,116476220
concept_cpc_group,concept::REFERENCED ENTITY PERFECT ABSENCE,cpc_group::C25B,1,116476220
concept_cpc_group,concept::REFRIGERATION PRODUCTION,cpc_group::C25B,1,116977017
concept_cpc_group,concept::REINFORCED COELECTROLYSIS,cpc_group::C25B,1,105486835
concept_cpc_group,concept::REINFORCED PLATINUM SHEET,cpc_group::B82Y,1,105493992
concept_cpc_group,concept::REINFORCED PLATINUM SHEET,cpc_group::C25B,1,105493992
concept_cpc_group,concept::REMAINDER,cpc_group::C25B,1,71965537
concept_cpc_group,concept::REMOVING DEPOSIT CARBON,cpc_group::C25B,1,112969726
concept_cpc_group,concept::REMOVING HYDROGEN,cpc_group::C25B,1,114057507
concept_cpc_group,concept::REMOVING IMPURITY,cpc_group::C25B,1,106866991
concept_cpc_group,concept::REOXIDATION,cpc_group::C25B,1,118083135
concept_cpc_group,concept::REOXIDATION,cpc_group::H01M,1,118083135
concept_cpc_group,concept::REOXIDATION,cpc_group::Y02E,1,118083135
concept_cpc_group,concept::REOXIDATION,cpc_group::Y02P,1,118083135
concept_cpc_group,concept::REPLACING MEA SOLUTION,cpc_group::B01D,1,114892955
concept_cpc_group,concept::RESISTIVE SUBSTRATE,cpc_group::C25B,1,116709402
concept_cpc_group,concept::RESOURCE UTILIZATION,cpc_group::C25B,1,105028031
concept_cpc_group,concept::RESTRICTION COOPERATIVE,cpc_group::C25B,1,116293199
concept_cpc_group,concept::REVERTING NOX,cpc_group::B01D,1,114628861
concept_cpc_group,concept::REVERTING NOX,cpc_group::C25B,1,114628861
concept_cpc_group,concept::REVERTING NOX,cpc_group::H01M,1,114628861
concept_cpc_group,concept::RHE FARADAY EFFICIENCY,cpc_group::C25B,1,104822026
concept_cpc_group,concept::RHE FARADAY EFFICIENCY,cpc_group::Y02E,1,104822026
concept_cpc_group,concept::RICH GAS PRODUCTION,cpc_group::B01D,1,82565553
concept_cpc_group,concept::RICH GAS PRODUCTION,cpc_group::C01B,1,82565553
concept_cpc_group,concept::RICH GAS PRODUCTION,cpc_group::C25B,1,82565553
concept_cpc_group,concept::RICH GAS PRODUCTION,cpc_group::G01N,1,82565553
concept_cpc_group,concept::RICH GAS PRODUCTION,cpc_group::Y02A,1,82565553
concept_cpc_group,concept::RICH GAS PRODUCTION,cpc_group::Y02P,1,82565553
concept_cpc_group,concept::RICH OXYGEN VACANCY,cpc_group::C25B,1,106729837
concept_cpc_group,concept::RICH RESERVE,cpc_group::B22F,1,109766128
concept_cpc_group,concept::RICH RESERVE,cpc_group::B82Y,1,109766128
concept_cpc_group,concept::RICH RESERVE,cpc_group::C25B,1,109766128
concept_cpc_group,concept::RIGHT CHAMBER ELECTROLYTIC CELL,cpc_group::C25B,1,114887582
concept_cpc_group,concept::RIGHT CHAMBER ELECTROLYTIC CELL,cpc_group::Y02E,1,114887582
concept_cpc_group,concept::ROASTING ATMOSPHERE,cpc_group::C25B,1,112323322
concept_cpc_group,concept::ROUNDED PROTRUSION,cpc_group::C25B,1,108163425
concept_cpc_group,concept::SACRIFICIAL TEMPLATE STRATEGY,cpc_group::C25B,1,110888177
concept_cpc_group,concept::SALT PRECURSOR SOLUTION,cpc_group::C22C,1,110304393
concept_cpc_group,concept::SALT PRECURSOR SOLUTION,cpc_group::C25B,1,110304393
concept_cpc_group,concept::SAMARIUM CODOPED CERIA,cpc_group::C07C,1,100224447
concept_cpc_group,concept::SAMARIUM CODOPED CERIA,cpc_group::C25B,1,100224447
concept_cpc_group,concept::SAMARIUM CODOPED CERIA,cpc_group::Y02P,1,100224447
concept_cpc_group,concept::SAMARIUM DOPED CERIA,cpc_group::C25B,1,111147448
concept_cpc_group,concept::SATURATED ELECTROLYTE RUNNER,cpc_group::C25B,1,115347016
concept_cpc_group,concept::SATURATED ELECTROLYTE SOLUTION,cpc_group::B82Y,1,105493992
concept_cpc_group,concept::SATURATED ELECTROLYTE SOLUTION,cpc_group::C25B,1,105493992
concept_cpc_group,concept::SEAL GROOVE,cpc_group::C25B,1,108163425
concept_cpc_group,concept::SEAWATER ACIDIFICATION,cpc_group::B01J,1,114750156
concept_cpc_group,concept::SEAWATER ACIDIFICATION,cpc_group::C25B,1,114750156
concept_cpc_group,concept::SECONDARY BATTERY,cpc_group::C25B,1,101335911
concept_cpc_group,concept::SECONDARY BATTERY,cpc_group::H01M,1,101335911
concept_cpc_group,concept::SECONDARY BATTERY,cpc_group::Y02P,1,101335911
concept_cpc_group,concept::SECTIONAL TYPE SERIES,cpc_group::B01D,1,102493599
concept_cpc_group,concept::SELECTIVITY CHALLENGE,cpc_group::C25B,1,116773798
concept_cpc_group,concept::SELECTIVITY CHALLENGE,cpc_group::H01M,1,116773798
concept_cpc_group,concept::SELECTIVITY CHALLENGE,cpc_group::Y02E,1,116773798
concept_cpc_group,concept::SELECTIVITY CONTROL,cpc_group::C25B,1,100959754
concept_cpc_group,concept::SEMICONDUCTOR,cpc_group::C25B,1,100959754
concept_cpc_group,concept::SEMIPERMEABLE MEMBRANE,cpc_group::B01D,1,109306159
concept_cpc_group,concept::SEMIPERMEABLE MEMBRANE,cpc_group::C08J,1,109306159
concept_cpc_group,concept::SEMIPERMEABLE MEMBRANE,cpc_group::C25B,1,109306159
concept_cpc_group,concept::SEMIPERMEABLE MEMBRANE,cpc_group::H01M,1,109306159
concept_cpc_group,concept::SEPARATING METHANEDIONE,cpc_group::C25B,1,91738840
concept_cpc_group,concept::SEPARATION,cpc_group::B01J,1,107376902
concept_cpc_group,concept::SEPARATION,cpc_group::C01B,1,107376902
concept_cpc_group,concept::SEPARATOR SURFACE,cpc_group::C25B,1,113645537
concept_cpc_group,concept::SEQUESTRATION,cpc_group::B01D,1,114628861
concept_cpc_group,concept::SEQUESTRATION,cpc_group::C25B,1,114628861
concept_cpc_group,concept::SEQUESTRATION,cpc_group::H01M,1,114628861
concept_cpc_group,concept::SERIAL CATALYSIS PHOTOCATALYTIC,cpc_group::B01D,1,102493599
concept_cpc_group,concept::SERIAL CATALYTIC PHOTOCATALYTIC,cpc_group::B01D,1,102493599
concept_cpc_group,concept::SERIES MEMBRANE ELECTRODE REACTOR,cpc_group::C25B,1,108808107
concept_cpc_group,concept::SHELL,cpc_group::B22F,1,105758218
concept_cpc_group,concept::SHELL,cpc_group::C23C,1,105758218
concept_cpc_group,concept::SHELL,cpc_group::C25B,1,105758218
concept_cpc_group,concept::SILICA,cpc_group::C25B,1,116720313
concept_cpc_group,concept::SILVER CATALYST,cpc_group::B22F,1,109766128
concept_cpc_group,concept::SILVER CATALYST,cpc_group::B82Y,1,109766128
concept_cpc_group,concept::SILVER CATALYST,cpc_group::C25B,1,109766128
concept_cpc_group,concept::SILVER COMPOSITE NANO CATALYST,cpc_group::B82Y,1,105493992
concept_cpc_group,concept::SILVER COMPOSITE NANO CATALYST,cpc_group::C25B,1,105493992
concept_cpc_group,concept::SILVER HOLLOW FIBER ELECTRODE,cpc_group::C25B,1,101555236
concept_cpc_group,concept::SILVER HOLLOW FIBER ELECTRODE,cpc_group::Y02E,1,101555236
concept_cpc_group,concept::SILVER NANO PARTICLE,cpc_group::Y02E,1,117521363
concept_cpc_group,concept::SILVER NANOPARTICLE,cpc_group::Y02E,1,117521363
concept_cpc_group,concept::SILVER PARTICLE COMPOSITE ELECTRODE,cpc_group::B01J,1,91898287
concept_cpc_group,concept::SILVER PARTICLE COMPOSITE ELECTRODE,cpc_group::C25B,1,91898287
concept_cpc_group,concept::SILVER POWDER,cpc_group::B22F,1,105758218
concept_cpc_group,concept::SILVER POWDER,cpc_group::C23C,1,105758218
concept_cpc_group,concept::SILVER POWDER,cpc_group::C25B,1,105758218
concept_cpc_group,concept::SIMULTANEOUSLY PRODUCING CHLORINE,cpc_group::C25B,1,88204087
concept_cpc_group,concept::SINGLE ATOM CLUSTER,cpc_group::C25B,1,115363192
concept_cpc_group,concept::SINGLE ATOM CLUSTER,cpc_group::Y02E,1,115363192
concept_cpc_group,concept::SINGLE WALLED CARBON NANOTUBE,cpc_group::C25B,1,115363192
concept_cpc_group,concept::SINGLE WALLED CARBON NANOTUBE,cpc_group::Y02E,1,115363192
concept_cpc_group,concept::SLOW DYNAMICS,cpc_group::C25B,1,116773798
concept_cpc_group,concept::SLOW DYNAMICS,cpc_group::H01M,1,116773798
concept_cpc_group,concept::SLOW DYNAMICS,cpc_group::Y02E,1,116773798
concept_cpc_group,concept::SODIUM CHLORO PLATINATE,cpc_group::C25B,1,102226793
concept_cpc_group,concept::SODIUM CHLORO PLATINATE,cpc_group::Y02E,1,102226793
concept_cpc_group,concept::SOLID CARBON FEEDING,cpc_group::H01M,1,108150520
concept_cpc_group,concept::SOLID CARBON FUEL,cpc_group::H01M,1,108150520
concept_cpc_group,concept::SOLID ELECTROLYTIC REACTION,cpc_group::C25B,1,104914800
concept_cpc_group,concept::SOLID OXIDE,cpc_group::C25B,1,71965537
concept_cpc_group,concept::SOLID OXIDE ELECTROLYSIS CELL,cpc_group::C01B,1,114398667
concept_cpc_group,concept::SOLID OXIDE ELECTROLYSIS CELL,cpc_group::C07C,1,94621513
concept_cpc_group,concept::SOLID OXIDE ELECTROLYSIS CELL,cpc_group::H01M,1,114398667
concept_cpc_group,concept::SOLID OXIDE ELECTROLYTIC CELL,cpc_group::C01G,1,110495249
concept_cpc_group,concept::SOLID OXIDE ELECTROLYTIC CELL,cpc_group::C01P,1,110495249
concept_cpc_group,concept::SOLID OXIDE ELECTROLYTIC CELL,cpc_group::H01M,1,110495249
concept_cpc_group,concept::SOLID OXIDE ELECTROLYTIC CELL,cpc_group::Y02P,1,98666426
concept_cpc_group,concept::SOLID OXIDE ELECTROLYZER CELL,cpc_group::C25B,1,44441678
concept_cpc_group,concept::SOLID OXIDE ELECTROLYZER CELL,cpc_group::Y02E,1,44441678
concept_cpc_group,concept::SOLID STATE ELECTROLYTIC CELL,cpc_group::Y02E,1,100799928
concept_cpc_group,concept::SPIRAL ELECTROLYSIS MODULE,cpc_group::C25B,1,116397541
concept_cpc_group,concept::SPIRAL FEEDER,cpc_group::H01M,1,108150520
concept_cpc_group,concept::SPOILER,cpc_group::C25B,1,108163425
concept_cpc_group,concept::ST ION,cpc_group::C25B,1,118081631
concept_cpc_group,concept::ST ION,cpc_group::Y02E,1,118081631
concept_cpc_group,concept::STABILIZED ZIRCONIA,cpc_group::H01M,1,108150520
concept_cpc_group,concept::STACKED ELECTROLYZER,cpc_group::C25B,1,108109771
concept_cpc_group,concept::STAGE CATALYST,cpc_group::B01D,1,102493599
concept_cpc_group,concept::STAGE REACTION CATALYST,cpc_group::C25B,1,114777530
concept_cpc_group,concept::STEAM GENERATOR,cpc_group::C01B,1,35372708
concept_cpc_group,concept::STEAM GENERATOR,cpc_group::C25B,1,35372708
concept_cpc_group,concept::STEAM GENERATOR,cpc_group::Y02E,1,35372708
concept_cpc_group,concept::STEAM INTRODUCTION,cpc_group::B01D,1,115547269
concept_cpc_group,concept::STEAM INTRODUCTION,cpc_group::C25B,1,115547269
concept_cpc_group,concept::STEAROYL TRIMETHYLAMMONIUM CHLORIDE,cpc_group::C25B,1,118096155
concept_cpc_group,concept::STRONTIUM DOPED LANTHANUM MANGANATE,cpc_group::C07C,1,100224447
concept_cpc_group,concept::STRONTIUM DOPED LANTHANUM MANGANATE,cpc_group::C25B,1,100224447
concept_cpc_group,concept::STRONTIUM DOPED LANTHANUM MANGANATE,cpc_group::Y02P,1,100224447
concept_cpc_group,concept::STRUCTURE COMPOSITE FUEL ELECTRODE,cpc_group::C25B,1,97840083
concept_cpc_group,concept::STYRENE COPOLYMER,cpc_group::B01D,1,116285153
concept_cpc_group,concept::STYRENE COPOLYMER,cpc_group::B01J,1,116285153
concept_cpc_group,concept::STYRENE COPOLYMER,cpc_group::C02F,1,116285153
concept_cpc_group,concept::STYRENE COPOLYMER,cpc_group::C08F,1,116285153
concept_cpc_group,concept::STYRENE COPOLYMER,cpc_group::C08J,1,116285153
concept_cpc_group,concept::STYRENE COPOLYMER,cpc_group::C08L,1,116285153
concept_cpc_group,concept::STYRENE COPOLYMER,cpc_group::C25B,1,116285153
concept_cpc_group,concept::STYRENE COPOLYMER,cpc_group::H01M,1,116285153
concept_cpc_group,concept::STYRENE COPOLYMER,cpc_group::Y02P,1,116285153
concept_cpc_group,concept::SUBASSEMBLY,cpc_group::C25B,1,116397541
concept_cpc_group,concept::SUBSTRATE,cpc_group::C25B,1,115708489
concept_cpc_group,concept::SUBSTRATE,cpc_group::C25D,1,115708489
concept_cpc_group,concept::SUBSTRATE FILM,cpc_group::C25B,1,118096155
concept_cpc_group,concept::SULFIDE OXIDATION,cpc_group::C25B,1,105486835
concept_cpc_group,concept::SULFONATED POLYARYL ETHERKETONE,cpc_group::C25B,1,116293199
concept_cpc_group,concept::SUPERCRITICAL CO2ELECTROREDUCTION REACTION,cpc_group::Y02P,1,117651217
concept_cpc_group,concept::SUPPORTED GOLD BIMETAL,cpc_group::C25B,1,92423180
concept_cpc_group,concept::SUPPORTING ELECTROLYTE ACETONITRILE SOLUTION,cpc_group::B01J,1,117486565
concept_cpc_group,concept::SUPPORTING ELECTROLYTE ACETONITRILE SOLUTION,cpc_group::C01B,1,117486565
concept_cpc_group,concept::SUPPORTING ELECTROLYTE ACETONITRILE SOLUTION,cpc_group::C07C,1,117486565
concept_cpc_group,concept::SUPPORTING ELECTROLYTE ACETONITRILE SOLUTION,cpc_group::C07F,1,117486565
concept_cpc_group,concept::SUPPORTING ELECTROLYTE ACETONITRILE SOLUTION,cpc_group::C07J,1,117486565
concept_cpc_group,concept::SUPPORTING ELECTROLYTE ACETONITRILE SOLUTION,cpc_group::C25B,1,117486565
concept_cpc_group,concept::SURFACE MODIFICATION,cpc_group::C01G,1,110495249
concept_cpc_group,concept::SURFACE MODIFICATION,cpc_group::C01P,1,110495249
concept_cpc_group,concept::SURFACE MODIFICATION,cpc_group::C25B,1,110495249
concept_cpc_group,concept::SURFACE MODIFICATION,cpc_group::H01M,1,110495249
concept_cpc_group,concept::SURFACE MODIFICATION,cpc_group::Y02E,1,110495249
concept_cpc_group,concept::SURFACTANT,cpc_group::C25B,1,100072108
concept_cpc_group,concept::SUSTAINABLE CARBON RESOURCE UTILIZATION,cpc_group::C25B,1,116293199
concept_cpc_group,concept::SYNERGISTIC ELECTROLYSIS,cpc_group::C25B,1,111363754
concept_cpc_group,concept::SYNGA,cpc_group::B01D,1,67443260
concept_cpc_group,concept::SYNGA,cpc_group::C07C,1,100224447
concept_cpc_group,concept::SYNGA,cpc_group::C10G,1,67443260
concept_cpc_group,concept::SYNGA,cpc_group::C10K,1,67443260
concept_cpc_group,concept::SYNGA,cpc_group::C10L,1,75166129
concept_cpc_group,concept::SYNGA,cpc_group::F23C,1,67443260
concept_cpc_group,concept::SYNGA,cpc_group::F23L,1,67443260
concept_cpc_group,concept::SYNGA,cpc_group::H01M,1,114398667
concept_cpc_group,concept::SYNGA,cpc_group::Y02C,1,67443260
concept_cpc_group,concept::SYNGA ELECTROSYNTHESIS,cpc_group::C01B,1,116476220
concept_cpc_group,concept::SYNGA ELECTROSYNTHESIS,cpc_group::C25B,1,116476220
concept_cpc_group,concept::SYNGA GENERATION,cpc_group::C25B,1,71965537
concept_cpc_group,concept::SYNGA PRESSURIZATION,cpc_group::B01D,1,67443260
concept_cpc_group,concept::SYNGA PRESSURIZATION,cpc_group::C01B,1,67443260
concept_cpc_group,concept::SYNGA PRESSURIZATION,cpc_group::C10G,1,67443260
concept_cpc_group,concept::SYNGA PRESSURIZATION,cpc_group::C10K,1,67443260
concept_cpc_group,concept::SYNGA PRESSURIZATION,cpc_group::C25B,1,67443260
concept_cpc_group,concept::SYNGA PRESSURIZATION,cpc_group::F23C,1,67443260
concept_cpc_group,concept::SYNGA PRESSURIZATION,cpc_group::F23L,1,67443260
concept_cpc_group,concept::SYNGA PRESSURIZATION,cpc_group::Y02C,1,67443260
concept_cpc_group,concept::SYNGA PRESSURIZATION,cpc_group::Y02E,1,67443260
concept_cpc_group,concept::SYNGA PRESSURIZATION,cpc_group::Y02P,1,67443260
concept_cpc_group,concept::SYNTHESIS GAS,cpc_group::B01D,1,77202004
concept_cpc_group,concept::SYNTHESIS GAS,cpc_group::B01J,1,80803000
concept_cpc_group,concept::SYNTHESIS GAS,cpc_group::C07C,1,100224447
concept_cpc_group,concept::SYNTHESIS GAS,cpc_group::C10L,1,75166129
concept_cpc_group,concept::SYNTHESIS GAS,cpc_group::Y02P,1,100224447
concept_cpc_group,concept::TECHNOLOGICAL,cpc_group::C25B,1,115590122
concept_cpc_group,concept::TEMPERATURE ELECTROCHEMICAL PRODUCTION,cpc_group::C25B,1,112883886
concept_cpc_group,concept::TEMPERATURE REVERSE,cpc_group::C25B,1,87171430
concept_cpc_group,concept::TEMPERATURE REVERSE,cpc_group::H01M,1,87171430
concept_cpc_group,concept::TEMPERATURE REVERSE,cpc_group::Y02E,1,87171430
concept_cpc_group,concept::TEMPERATURE REVERSE,cpc_group::Y02P,1,87171430
concept_cpc_group,concept::TEMPLATE,cpc_group::C25B,1,111953180
concept_cpc_group,concept::TETRAAMINOPORPHYRIN SOLVOTHERMAL,cpc_group::C08G,1,102969825
concept_cpc_group,concept::TETRAAMINOPORPHYRIN SOLVOTHERMAL,cpc_group::C25B,1,102969825
concept_cpc_group,concept::TETRAFLUOROBORANUIDE ANION,cpc_group::C25B,1,44789699
concept_cpc_group,concept::TETRAVALENT HYDROCARBON,cpc_group::C08G,1,118157483
concept_cpc_group,concept::TETRAVALENT HYDROCARBON,cpc_group::C08J,1,118157483
concept_cpc_group,concept::TETRAVALENT HYDROCARBON,cpc_group::C25B,1,118157483
concept_cpc_group,concept::TETRAVALENT SATURATED HYDROCARBON,cpc_group::C08G,1,118157483
concept_cpc_group,concept::TETRAVALENT SATURATED HYDROCARBON,cpc_group::C08J,1,118157483
concept_cpc_group,concept::TETRAVALENT SATURATED HYDROCARBON,cpc_group::C25B,1,118157483
concept_cpc_group,concept::THERAPEUTIC USE,cpc_group::C25B,1,44789699
concept_cpc_group,concept::THIENYL ORGANIC,cpc_group::C08G,1,102969825
concept_cpc_group,concept::THIENYL ORGANIC,cpc_group::C25B,1,102969825
concept_cpc_group,concept::THIN FILM COMPOSITE,cpc_group::B01D,1,109306159
concept_cpc_group,concept::THIN FILM COMPOSITE,cpc_group::C08J,1,109306159
concept_cpc_group,concept::THIN FILM COMPOSITE,cpc_group::C25B,1,109306159
concept_cpc_group,concept::THIN FILM COMPOSITE,cpc_group::H01M,1,109306159
concept_cpc_group,concept::THIN FILM COMPOSITE MEMBRANE,cpc_group::B01D,1,109306159
concept_cpc_group,concept::THIN FILM COMPOSITE MEMBRANE,cpc_group::C08J,1,109306159
concept_cpc_group,concept::THIN FILM COMPOSITE MEMBRANE,cpc_group::C25B,1,109306159
concept_cpc_group,concept::THIN FILM COMPOSITE MEMBRANE,cpc_group::H01M,1,109306159
concept_cpc_group,concept::THIN FILM ELECTRODE,cpc_group::C07C,1,116013304
concept_cpc_group,concept::THIN FILM ELECTRODE,cpc_group::C25B,1,116013304
concept_cpc_group,concept::THREE CHAMBER DIAPHRAGM ELECTROLYSIS,cpc_group::C25B,1,88204087
concept_cpc_group,concept::THREE ELECTRODE,cpc_group::C25B,1,110082631
concept_cpc_group,concept::THREE PHASE INTERFACE,cpc_group::B01D,1,102493599
concept_cpc_group,concept::THREE PHASE INTERFACE SECTIONAL,cpc_group::B01D,1,102493599
concept_cpc_group,concept::TIN ALLOY CATALYST,cpc_group::C25B,1,116773798
concept_cpc_group,concept::TIN ALLOY CATALYST,cpc_group::H01M,1,116773798
concept_cpc_group,concept::TIN ALLOY CATALYST,cpc_group::Y02E,1,116773798
concept_cpc_group,concept::TIN DIOXIDE,cpc_group::H01M,1,116773798
concept_cpc_group,concept::TIN DIOXIDE,cpc_group::Y02E,1,116773798
concept_cpc_group,concept::TITANIUM CARBIDE,cpc_group::B01J,1,79012090
concept_cpc_group,concept::TITANIUM CARBIDE,cpc_group::C25B,1,79012090
concept_cpc_group,concept::TITANIUM FELT,cpc_group::C25B,1,102226793
concept_cpc_group,concept::TITANIUM FELT,cpc_group::Y02E,1,102226793
concept_cpc_group,concept::TITANIUM MATRIX,cpc_group::C25B,1,102226793
concept_cpc_group,concept::TITANIUM MATRIX,cpc_group::Y02E,1,102226793
concept_cpc_group,concept::TITANIUM MATRIX DURABILITY,cpc_group::C25B,1,102226793
concept_cpc_group,concept::TITANIUM MATRIX DURABILITY,cpc_group::Y02E,1,102226793
concept_cpc_group,concept::TITANIUM MESH,cpc_group::C25B,1,102226793
concept_cpc_group,concept::TITANIUM MESH,cpc_group::Y02E,1,102226793
concept_cpc_group,concept::TITANIUM NITRIDE,cpc_group::B01J,1,79012090
concept_cpc_group,concept::TITANIUM NITRIDE,cpc_group::C25B,1,79012090
concept_cpc_group,concept::TITANIUM SHEET,cpc_group::C25B,1,102226793
concept_cpc_group,concept::TITANIUM SHEET,cpc_group::Y02E,1,102226793
concept_cpc_group,concept::TMDS MONOLAYER,cpc_group::C25B,1,111894530
concept_cpc_group,concept::TRANSFORMATION,cpc_group::B01D,1,114628861
concept_cpc_group,concept::TRANSFORMATION,cpc_group::C25B,1,114628861
concept_cpc_group,concept::TRANSFORMATION,cpc_group::H01M,1,114628861
concept_cpc_group,concept::TRANSITION METAL,cpc_group::C01B,1,116688896
concept_cpc_group,concept::TRANSITION METAL,cpc_group::C08J,1,117641010
concept_cpc_group,concept::TRANSITION METAL,cpc_group::C09K,1,116688896
concept_cpc_group,concept::TRANSITION METAL,cpc_group::D01F,1,116688896
concept_cpc_group,concept::TRANSITION METAL,cpc_group::H01M,1,117641010
concept_cpc_group,concept::TRANSITION METAL,cpc_group::Y02E,1,104816669
concept_cpc_group,concept::TRANSITION METAL CATALYST,cpc_group::C25B,1,112590590
concept_cpc_group,concept::TRANSITION METAL CATALYST ATOM,cpc_group::B01J,1,116688896
concept_cpc_group,concept::TRANSITION METAL CATALYST ATOM,cpc_group::C01B,1,116688896
concept_cpc_group,concept::TRANSITION METAL CATALYST ATOM,cpc_group::C08G,1,116688896
concept_cpc_group,concept::TRANSITION METAL CATALYST ATOM,cpc_group::C09K,1,116688896
concept_cpc_group,concept::TRANSITION METAL CATALYST ATOM,cpc_group::C25B,1,116688896
concept_cpc_group,concept::TRANSITION METAL CATALYST ATOM,cpc_group::D01F,1,116688896
concept_cpc_group,concept::TRANSITION METAL CATALYTIC MATERIAL,cpc_group::C08G,1,117641010
concept_cpc_group,concept::TRANSITION METAL CATALYTIC MATERIAL,cpc_group::C08J,1,117641010
concept_cpc_group,concept::TRANSITION METAL CATALYTIC MATERIAL,cpc_group::C25B,1,117641010
concept_cpc_group,concept::TRANSITION METAL CATALYTIC MATERIAL,cpc_group::H01M,1,117641010
concept_cpc_group,concept::TRANSITION METAL MATERIAL ATOM,cpc_group::C25B,1,104816669
concept_cpc_group,concept::TRANSITION METAL MATERIAL ATOM,cpc_group::Y02E,1,104816669
concept_cpc_group,concept::TRANSITION METAL MONOATOMIC ELECTROCATALYST,cpc_group::B01J,1,116688896
concept_cpc_group,concept::TRANSITION METAL MONOATOMIC ELECTROCATALYST,cpc_group::C01B,1,116688896
concept_cpc_group,concept::TRANSITION METAL MONOATOMIC ELECTROCATALYST,cpc_group::C08G,1,116688896
concept_cpc_group,concept::TRANSITION METAL MONOATOMIC ELECTROCATALYST,cpc_group::C09K,1,116688896
concept_cpc_group,concept::TRANSITION METAL MONOATOMIC ELECTROCATALYST,cpc_group::C25B,1,116688896
concept_cpc_group,concept::TRANSITION METAL MONOATOMIC ELECTROCATALYST,cpc_group::D01F,1,116688896
concept_cpc_group,concept::TRANSITION METAL NANOPARTICLE,cpc_group::B01J,1,104024514
concept_cpc_group,concept::TRANSITION METAL NANOPARTICLE,cpc_group::C01B,1,104024514
concept_cpc_group,concept::TRANSITION METAL NANOPARTICLE,cpc_group::C01P,1,104024514
concept_cpc_group,concept::TRANSITION METAL NANOPARTICLE,cpc_group::C25B,1,104024514
concept_cpc_group,concept::TRANSITION METAL NANOPARTICLE,cpc_group::Y02P,1,104024514
concept_cpc_group,concept::TRANSPORTATION,cpc_group::B01D,1,114628861
concept_cpc_group,concept::TRANSPORTATION,cpc_group::C25B,1,114628861
concept_cpc_group,concept::TRANSPORTATION,cpc_group::H01M,1,114628861
concept_cpc_group,concept::TRAPPING,cpc_group::C01D,1,98505907
concept_cpc_group,concept::TRAPPING,cpc_group::C25B,1,98505907
concept_cpc_group,concept::TRIMETHYL AMMONIUM BROMIDE CTAB,cpc_group::B01J,1,108214882
concept_cpc_group,concept::TRIMETHYL AMMONIUM BROMIDE CTAB,cpc_group::C01B,1,108214882
concept_cpc_group,concept::TRIMETHYL AMMONIUM BROMIDE CTAB,cpc_group::C07C,1,108214882
concept_cpc_group,concept::TRIPHENYLPHOSPHINE,cpc_group::C25B,1,108569271
concept_cpc_group,concept::TRISHYDROXYMETHYL AMINOMETHANE HYDROCHLORIC ACID,cpc_group::C25B,1,96169624
concept_cpc_group,concept::TUBULAR MEMBRANE ELECTRODE,cpc_group::C25B,1,102358496
concept_cpc_group,concept::ULTRAFINE GRINDER,cpc_group::C25B,1,116773798
concept_cpc_group,concept::ULTRAFINE GRINDER,cpc_group::H01M,1,116773798
concept_cpc_group,concept::ULTRAFINE GRINDER,cpc_group::Y02E,1,116773798
concept_cpc_group,concept::ULTRAPURE WATER ELECTROLYTE,cpc_group::C25B,1,112590590
concept_cpc_group,concept::ULTRASONIC DISPERSING,cpc_group::B82Y,1,109733203
concept_cpc_group,concept::ULTRASONIC DISPERSING,cpc_group::C25B,1,109733203
concept_cpc_group,concept::ULTRASONIC DISPERSING,cpc_group::C25C,1,109733203
concept_cpc_group,concept::ULTRASONIC STIRRING,cpc_group::B01J,1,114750156
concept_cpc_group,concept::ULTRASONIC STIRRING,cpc_group::C25B,1,114750156
concept_cpc_group,concept::UNDERWATER BREATHING,cpc_group::B01D,1,114628861
concept_cpc_group,concept::UNDERWATER BREATHING,cpc_group::C25B,1,114628861
concept_cpc_group,concept::UNDERWATER BREATHING,cpc_group::H01M,1,114628861
concept_cpc_group,concept::UNDESIRED BYPRODUCT,cpc_group::C25B,1,69060627
concept_cpc_group,concept::UNMODIFIED AG SIO,cpc_group::C25B,1,116720313
concept_cpc_group,concept::UNSATURATED HYDROCARBON,cpc_group::B01J,1,117486565
concept_cpc_group,concept::UNSATURATED HYDROCARBON,cpc_group::C01B,1,117486565
concept_cpc_group,concept::UNSATURATED HYDROCARBON,cpc_group::C07C,1,117486565
concept_cpc_group,concept::UNSATURATED HYDROCARBON,cpc_group::C07F,1,117486565
concept_cpc_group,concept::UNSATURATED HYDROCARBON,cpc_group::C07J,1,117486565
concept_cpc_group,concept::UNSATURATED HYDROCARBON,cpc_group::C25B,1,117486565
concept_cpc_group,concept::UNSATURATED HYDROCARBON ESTERIFICATION REACTION,cpc_group::B01J,1,117486565
concept_cpc_group,concept::UNSATURATED HYDROCARBON ESTERIFICATION REACTION,cpc_group::C01B,1,117486565
concept_cpc_group,concept::UNSATURATED HYDROCARBON ESTERIFICATION REACTION,cpc_group::C07C,1,117486565
concept_cpc_group,concept::UNSATURATED HYDROCARBON ESTERIFICATION REACTION,cpc_group::C07F,1,117486565
concept_cpc_group,concept::UNSATURATED HYDROCARBON ESTERIFICATION REACTION,cpc_group::C07J,1,117486565
concept_cpc_group,concept::UNSATURATED HYDROCARBON ESTERIFICATION REACTION,cpc_group::C25B,1,117486565
concept_cpc_group,concept::UNSATURATED HYDROCARBON FEEDSTOCK,cpc_group::B01J,1,117486565
concept_cpc_group,concept::UNSATURATED HYDROCARBON FEEDSTOCK,cpc_group::C01B,1,117486565
concept_cpc_group,concept::UNSATURATED HYDROCARBON FEEDSTOCK,cpc_group::C07C,1,117486565
concept_cpc_group,concept::UNSATURATED HYDROCARBON FEEDSTOCK,cpc_group::C07F,1,117486565
concept_cpc_group,concept::UNSATURATED HYDROCARBON FEEDSTOCK,cpc_group::C07J,1,117486565
concept_cpc_group,concept::UNSATURATED HYDROCARBON FEEDSTOCK,cpc_group::C25B,1,117486565
concept_cpc_group,concept::UPSCALING PLASMA REACTOR,cpc_group::B01J,1,107376902
concept_cpc_group,concept::UPSCALING PLASMA REACTOR,cpc_group::C01B,1,107376902
concept_cpc_group,concept::USABLE CARBON MONOXIDE,cpc_group::C01B,1,84680718
concept_cpc_group,concept::USABLE CARBON MONOXIDE,cpc_group::C25B,1,84680718
concept_cpc_group,concept::USABLE CHEMICAL,cpc_group::C25B,1,67334411
concept_cpc_group,concept::USEFUL PRODUCT,cpc_group::C25B,1,116105015
concept_cpc_group,concept::UTILIZATION,cpc_group::C25B,1,115590122
concept_cpc_group,concept::VANADIUM SUBSTITUTED QUATERNARY,cpc_group::C25B,1,102352265
concept_cpc_group,concept::VARIABLE FREQUENCY,cpc_group::C01B,1,105036941
concept_cpc_group,concept::VARIABLE FREQUENCY MICROWAVE BIOMASS,cpc_group::C01B,1,105036941
concept_cpc_group,concept::VENTILATION PLATE,cpc_group::C25B,1,108401777
concept_cpc_group,concept::VERSA STAT ELECTROCHEMICAL WORKSTATION,cpc_group::C07C,1,116013304
concept_cpc_group,concept::VERSA STAT ELECTROCHEMICAL WORKSTATION,cpc_group::C25B,1,116013304
concept_cpc_group,concept::VIGOROUS COMPETITION,cpc_group::C25B,1,115136805
concept_cpc_group,concept::VIOLENT STIRRING,cpc_group::C22C,1,110304393
concept_cpc_group,concept::VIOLENT STIRRING,cpc_group::C25B,1,110304393
concept_cpc_group,concept::VOLTAGE PROTECTION,cpc_group::C25B,1,73079791
concept_cpc_group,concept::VOLTAGE PROTECTION,cpc_group::Y02P,1,73079791
concept_cpc_group,concept::WASTE RECYCLING UTILIZATION,cpc_group::B01J,1,115970616
concept_cpc_group,concept::WASTE RECYCLING UTILIZATION,cpc_group::C01B,1,115970616
concept_cpc_group,concept::WASTE RECYCLING UTILIZATION,cpc_group::C07C,1,115970616
concept_cpc_group,concept::WASTE RECYCLING UTILIZATION,cpc_group::Y02P,1,115970616
concept_cpc_group,concept::WATER GAS,cpc_group::C25B,1,87171430
concept_cpc_group,concept::WATER GAS,cpc_group::H01M,1,87171430
concept_cpc_group,concept::WATER GAS,cpc_group::Y02E,1,87171430
concept_cpc_group,concept::WATER GAS,cpc_group::Y02P,1,87171430
concept_cpc_group,concept::WATER SPLITTING,cpc_group::C25B,1,114887582
concept_cpc_group,concept::WATER SPLITTING,cpc_group::Y02E,1,114887582
concept_cpc_group,concept::WORKING ELECTRODE,cpc_group::B01J,1,87032374
concept_cpc_group,concept::WORKING ELECTRODE,cpc_group::C25B,1,87032374
concept_cpc_group,concept::ZINC,cpc_group::B22F,1,114532676
concept_cpc_group,concept::ZINC,cpc_group::C22C,1,114532676
concept_cpc_group,concept::ZINC,cpc_group::C23C,1,114532676
concept_cpc_group,concept::ZINC,cpc_group::C25B,1,114532676
concept_cpc_group,concept::ZINC,cpc_group::C25C,1,114532676
concept_cpc_group,concept::ZINC,cpc_group::D01F,1,114532676
concept_cpc_group,concept::ZINC,cpc_group::Y02E,1,114532676
concept_cpc_group,concept::ZINC,cpc_group::Y02P,1,114532676
concept_cpc_group,concept::ZINC CATALYST,cpc_group::B22F,1,103030257
concept_cpc_group,concept::ZINC CATALYST,cpc_group::C25B,1,103030257
concept_cpc_group,concept::ZINC CATALYST,cpc_group::C25D,1,103030257
concept_cpc_group,concept::ZINC CATALYST STABILITY,cpc_group::B22F,1,103030257
concept_cpc_group,concept::ZINC CATALYST STABILITY,cpc_group::C25B,1,103030257
concept_cpc_group,concept::ZINC CATALYST STABILITY,cpc_group::C25D,1,103030257
concept_cpc_group,concept::ZINC HOLLOW FIBER ELECTRODE,cpc_group::B22F,1,114532676
concept_cpc_group,concept::ZINC HOLLOW FIBER ELECTRODE,cpc_group::C22C,1,114532676
concept_cpc_group,concept::ZINC HOLLOW FIBER ELECTRODE,cpc_group::C23C,1,114532676
concept_cpc_group,concept::ZINC HOLLOW FIBER ELECTRODE,cpc_group::C25B,1,114532676
concept_cpc_group,concept::ZINC HOLLOW FIBER ELECTRODE,cpc_group::C25C,1,114532676
concept_cpc_group,concept::ZINC HOLLOW FIBER ELECTRODE,cpc_group::D01F,1,114532676
concept_cpc_group,concept::ZINC HOLLOW FIBER ELECTRODE,cpc_group::Y02E,1,114532676
concept_cpc_group,concept::ZINC HOLLOW FIBER ELECTRODE,cpc_group::Y02P,1,114532676
concept_cpc_group,concept::ZINC NANOSHEET,cpc_group::B22F,1,103030257
concept_cpc_group,concept::ZINC NANOSHEET,cpc_group::C25B,1,103030257
concept_cpc_group,concept::ZINC NANOSHEET,cpc_group::C25D,1,103030257
concept_cpc_group,concept::ZINC OXIDE ELECTRODE,cpc_group::B22F,1,103030257
concept_cpc_group,concept::ZINC OXIDE ELECTRODE,cpc_group::C25B,1,103030257
concept_cpc_group,concept::ZINC OXIDE ELECTRODE,cpc_group::C25D,1,103030257
concept_cpc_group,concept::ZINC RARE EARTH,cpc_group::C25B,1,106179974
concept_cpc_group,concept::ZINC RARE EARTH,cpc_group::Y02A,1,106179974
concept_cpc_group,concept::ZINC SHEET,cpc_group::B22F,1,103030257
concept_cpc_group,concept::ZINC SHEET,cpc_group::C25B,1,103030257
concept_cpc_group,concept::ZINC SHEET,cpc_group::C25D,1,103030257
concept_cpc_group,concept::ZN WEAK AFFINITY,cpc_group::B01J,1,115484302
concept_cpc_group,concept::ZN WEAK AFFINITY,cpc_group::B22F,1,115484302
concept_cpc_group,concept::ZN WEAK AFFINITY,cpc_group::B82Y,1,115484302
concept_cpc_group,concept::ZN WEAK AFFINITY,cpc_group::C25B,1,115484302
concept_cpc_group,concept::ZN WEAK AFFINITY,cpc_group::D01F,1,115484302
concept_cpc_group,concept::ZN WEAK AFFINITY,cpc_group::D10B,1,115484302
concept_cpc_group,concept::ZN WEAK AFFINITY,cpc_group::Y02E,1,115484302
concept_cpc_group,concept::ZNFE MONOATOMIC CATALYST,cpc_group::C25B,1,105438541
concept_cpc_group,concept::ZNFE MONOATOMIC LOAD,cpc_group::C25B,1,105438541
focus_assignee,assignee::TOSHIBA,focus::Non-noble candidate,35,105393249; 106574607; 86048379; 93172689; 104039102; 96200627; 104037474; 101790584; 106413273; 98850824; 83773883; 111591386; 116737142; 87919716; 81386945; 96200636; 81302402; 118081624; 87919517; 86130749; 106495795; 113753877; 81386940; 108896443; 93172692; 106586888; 108863955; 108863961; 111493424; 118081631
focus_assignee,assignee::SIEMENS ENERGY,focus::Non-noble candidate,30,107278856; 77202004; 89744192; 77016544; 77244658; 93813175; 82018818; 78242503; 78286428; 79296485; 75026979; 83051660; 77856561; 77856556; 85758103; 87171430; 85684691; 93812412; 84413562; 75262842; 87171527; 97217510; 92569265; 91738840; 85011701; 85758108; 94204081; 73079791; 91085959; 115623852
focus_assignee,assignee::SIEMENS ENERGY,focus::GDE,26,107278856; 77202004; 89744192; 85758116; 77244658; 93813175; 82018818; 78242503; 78286428; 79296485; 83051660; 77856561; 77856556; 85758103; 87171430; 85684691; 93812412; 89416407; 87171527; 92569265; 79163034; 85011701; 85758108; 94740357; 91085959; 115623852
focus_assignee,assignee::TOSHIBA,focus::GDE,15,106574607; 86048379; 104037474; 83773883; 87919716; 81386945; 96200636; 81302402; 87919517; 86130749; 113753877; 108896443; 106586888; 118081631; 101790586
focus_assignee,assignee::TOSHIBA,focus::AEM,13,86048379; 104037474; 101790584; 81386945; 96200636; 81302402; 118081624; 106495795; 108896443; 106586888; 108863955; 108863961; 90361734
focus_assignee,assignee::LG CHEM,focus::AEM,9,113653423; 112678154; 113067654; 113653441; 112678146; 114305656; 118157483; 109306069; 113645537
focus_assignee,assignee::LG CHEM,focus::Non-noble candidate,9,113653423; 112678154; 113067654; 113653441; 112678146; 114305656; 118157483; 109306069; 113645537
focus_assignee,assignee::TOPSOE,focus::Non-noble candidate,9,64469752; 100674664; 94627563; 73295054; 86310831; 86310832; 103607055; 95617533; 101955362
focus_assignee,assignee::DALIAN UNIVERSITY OF TECHNOLOGY,focus::Non-noble candidate,8,98749181; 80164805; 102358496; 86637940; 96169624; 108306014; 116876860; 102226793
focus_assignee,assignee::CNRS,focus::Non-noble candidate,7,69060627; 69208275; 73827816; 68986421; 78510702; 71292352; 92464691
focus_assignee,assignee::SIEMENS ENERGY,focus::AEM,7,107278856; 82018818; 83051660; 87171430; 84413562; 85011701; 85758108
focus_assignee,assignee::TOYOTA MOTOR,focus::Non-noble candidate,7,72753605; 55016601; 44672238; 44668494; 46248577; 109304100; 118083135
focus_assignee,assignee::UNIVERSITE PARIS CITE / PARIS DIDEROT,focus::Non-noble candidate,7,69060627; 69208275; 73827816; 68986421; 78510702; 71292352; 92464691
focus_assignee,assignee::ZHEJIANG UNIVERSITY,focus::Non-noble candidate,6,92423180; 112046649; 98666426; 89550408; 112590590; 101562974
focus_assignee,assignee::DALIAN UNIVERSITY OF TECHNOLOGY,focus::GDE,5,80164805; 102358496; 86637940; 108306014; 102226793
focus_assignee,assignee::DIOXIDE MATERIALS,focus::Non-noble candidate,5,79681795; 44789699; 116105015; 72680476; 1913318
focus_assignee,assignee::IDEMITSU KOSAN,focus::AEM,5,102708989; 101871166; 106316002; 110939894; 101871167
focus_assignee,assignee::IDEMITSU KOSAN,focus::Non-noble candidate,5,102708989; 101871166; 106316002; 110939894; 101871167
focus_assignee,assignee::KUNMING UNIVERSITY OF SCIENCE & TECHNOLOGY,focus::Non-noble candidate,5,100427008; 88204087; 116293199; 111363754; 116434365
focus_assignee,assignee::TWELVE,focus::Non-noble candidate,5,113958355; 105156145; 85453370; 97540394; 101064694
focus_assignee,assignee::DALIAN INSTITUTE OF CHEMICAL PHYSICS CHINESE ACADEMY OF SCIENCES,focus::Non-noble candidate,4,105343084; 112323322; 116688896; 79181464
focus_assignee,assignee::FRAUNHOFER,focus::Non-noble candidate,4,111220958; 116977017; 112675495; 79824105
focus_assignee,assignee::HONDA MOTOR,focus::Non-noble candidate,4,106413270; 111586005; 101968427; 114240811
focus_assignee,assignee::IDEMITSU KOSAN,focus::MEA,4,102708989; 106316002; 110939894; 101871167
focus_assignee,assignee::KUNMING UNIVERSITY OF SCIENCE & TECHNOLOGY,focus::GDE,4,98164251; 100252610; 105028031; 116293199
focus_assignee,assignee::LG CHEM,focus::GDE,4,112678154; 112678146; 109306069; 113645537
focus_assignee,assignee::LG CHEM,focus::MEA,4,112678154; 112678146; 109306069; 113645537
focus_assignee,assignee::TOSHIBA,focus::MEA,4,86048379; 113753877; 117920056; 113559831
focus_assignee,assignee::TWELVE,focus::AEM,4,113958355; 85453370; 97540394; 101064694
focus_assignee,assignee::UTILITY GLOBAL,focus::Non-noble candidate,4,112883886; 114398668; 115547269; 111147448
focus_assignee,assignee::ARAMCO,focus::Non-noble candidate,3,116476220; 94621513; 66508929
focus_assignee,assignee::AVANTIUM KNOWLEDGE CENTRE,focus::Non-noble candidate,3,112473551; 112473553; 112473561
focus_assignee,assignee::CEA - COMMISSARIAT A L ENERGIE ATOMIQUE & AUX ENERGIES ALTERNATIVES,focus::Non-noble candidate,3,67597001; 66367131; 84993693
focus_assignee,assignee::COVESTRO,focus::GDE,3,93617165; 87991721; 82742757
focus_assignee,assignee::COVESTRO,focus::Non-noble candidate,3,93617165; 87991721; 82742757
focus_assignee,assignee::DIOXIDE MATERIALS,focus::AEM,3,79681795; 116105015; 72680476
focus_assignee,assignee::HITACHI,focus::Non-noble candidate,3,101956586; 96314074; 107089672
focus_assignee,assignee::HONDA MOTOR,focus::GDE,3,106413270; 111586005; 114240811
focus_assignee,assignee::INSTITUTE OF PROCESS ENGINEERING - CHINESE ACADEMY OF SCIENCES,focus::Non-noble candidate,3,117825503; 98666737; 116298732
focus_assignee,assignee::JIANGSU UNIVERSITY,focus::Non-noble candidate,3,96701999; 105493992; 105437834
focus_assignee,assignee::KOREA INSTITUTE OF SCIENCE & TECHNOLOGY,focus::Non-noble candidate,3,108851809; 116414667; 103934571
focus_assignee,assignee::LINDE,focus::GDE,3,85758116; 85758103; 85758108
focus_assignee,assignee::LINDE,focus::Non-noble candidate,3,82565553; 85758103; 85758108
focus_assignee,assignee::ZHEJIANG BAIMA LAKE LABORATORY,focus::Non-noble candidate,3,109766128; 108808107; 106866991
focus_assignee,assignee::ZHEJIANG UNIVERSITY,focus::GDE,3,92423180; 112046649; 112590590
focus_assignee,assignee::CERAMATEC,focus::Non-noble candidate,2,14919739; 67334411
focus_assignee,assignee::CHANGZHOU GERUIKESI ENERGY TECHNOLOGY,focus::Non-noble candidate,2,118106537; 118274866
focus_assignee,assignee::DALIAN UNIVERSITY OF TECHNOLOGY,focus::AEM,2,102358496; 108306014
focus_assignee,assignee::ELECTROCHEMICALS ZRT,focus::GDE,2,98314273; 107513925
focus_assignee,assignee::ELECTROCHEMICALS ZRT,focus::Non-noble candidate,2,98314273; 107513925
focus_assignee,assignee::FRAUNHOFER,focus::GDE,2,111220958; 112675495
focus_assignee,assignee::FUJIAN NORMAL UNIVERSITY,focus::GDE,2,90886203; 93254642
focus_assignee,assignee::FUJIAN NORMAL UNIVERSITY,focus::Non-noble candidate,2,90886203; 93254642
focus_assignee,assignee::HANYANG UNIVERSITY,focus::AEM,2,105886055; 100582928
focus_assignee,assignee::HANYANG UNIVERSITY,focus::Non-noble candidate,2,105886055; 100582928
focus_assignee,assignee::HONDA MOTOR,focus::AEM,2,106413270; 114240811
focus_assignee,assignee::HUAZHONG UNIVERSITY OF SCIENCE & TECHNOLOGY,focus::Non-noble candidate,2,114892955; 101335911
focus_assignee,assignee::IDEMITSU KOSAN,focus::GDE,2,106316002; 110939894
focus_assignee,assignee::KOREA ADVANCED INSTITUTE OF SCIENCE & TECHNOLOGY,focus::Non-noble candidate,2,35372708; 115109027
focus_assignee,assignee::KOREA INSTITUTE OF SCIENCE & TECHNOLOGY,focus::AEM,2,108851809; 116414667
focus_assignee,assignee::KOREA INSTITUTE OF SCIENCE & TECHNOLOGY,focus::MEA,2,108851809; 116414667
focus_assignee,assignee::NINGBO INSTITUTE OF MATERIALS TECHNOLOGY & ENGINEERING - CHINESE ACADEMY OF SCIENCES,focus::Non-noble candidate,2,94934392; 115136805
focus_assignee,assignee::OSAKA GAS,focus::Non-noble candidate,2,96376807; 104546406
focus_assignee,assignee::PUSAN NATIONAL UNIVERSITY INDUSTRY UNIVERSITY COOPERATION FOUNDATION,focus::Non-noble candidate,2,83172492; 79012090
focus_assignee,assignee::REGENTS OF THE UNIVERSITY OF CALIFORNIA,focus::Non-noble candidate,2,95502318; 114057507
focus_assignee,assignee::SEKISUI CHEMICAL,focus::Non-noble candidate,2,106145261; 116244461
focus_assignee,assignee::SHANGHAI JIAO TONG UNIVERSITY,focus::GDE,2,105555372; 104914800
focus_assignee,assignee::SHANGHAI JIAO TONG UNIVERSITY,focus::Non-noble candidate,2,105555372; 104914800
focus_assignee,assignee::SINOPEC,focus::Non-noble candidate,2,92423180; 116120311
focus_assignee,assignee::SOUTHEAST UNIVERSITY,focus::Non-noble candidate,2,87032374; 100554181
focus_assignee,assignee::SOUTHWEST UNIVERSITY OF SCIENCE & TECHNOLOGY,focus::Non-noble candidate,2,106179974; 104081456
focus_assignee,assignee::THALESNANO,focus::GDE,2,98314273; 107513925
focus_assignee,assignee::THALESNANO,focus::Non-noble candidate,2,98314273; 107513925
focus_assignee,assignee::TWELVE,focus::GDE,2,113958355; 101064694
focus_assignee,assignee::TWELVE,focus::MEA,2,97540394; 101064694
focus_assignee,assignee::UNIVERSITY OF LIVERPOOL,focus::AEM,2,92565798; 104791873
focus_assignee,assignee::UNIVERSITY OF LIVERPOOL,focus::GDE,2,92565798; 104791873
focus_assignee,assignee::UNIVERSITY OF LIVERPOOL,focus::Non-noble candidate,2,92565798; 104791873
focus_assignee,assignee::UNIVERSITY OF SZEGED,focus::GDE,2,98314273; 107513925
focus_assignee,assignee::UNIVERSITY OF SZEGED,focus::Non-noble candidate,2,98314273; 107513925
focus_assignee,assignee::XIAMEN UNIVERSITY,focus::Non-noble candidate,2,117521363; 105438541
focus_assignee,assignee::XIAN JIAOTONG UNIVERSITY,focus::Non-noble candidate,2,103030257; 116440098
focus_assignee,assignee::ZHEJIANG BAIMA LAKE LABORATORY,focus::AEM,2,108808107; 112354020
focus_assignee,assignee::ZHEJIANG BAIMA LAKE LABORATORY,focus::GDE,2,109766128; 106866991
focus_assignee,assignee::ZHEJIANG TIANDI ENV PROT TECHNOLOGY,focus::GDE,2,109766128; 106866991
focus_assignee,assignee::ZHEJIANG TIANDI ENV PROT TECHNOLOGY,focus::Non-noble candidate,2,109766128; 106866991
focus_assignee,assignee::ZHENGZHOU UNIVERSITY OF LIGHT INDUSTRY,focus::Non-noble candidate,2,106729837; 114777530
focus_assignee,assignee::AHMEDABAD UNIVERSITY,focus::Non-noble candidate,1,116730524
focus_assignee,assignee::AIR COMPANY HOLDINGS,focus::Non-noble candidate,1,82922217
focus_assignee,assignee::AIR LIQUIDE,focus::AEM,1,92464691
focus_assignee,assignee::AIR LIQUIDE,focus::GDE,1,92464691
focus_assignee,assignee::AIR LIQUIDE,focus::Non-noble candidate,1,92464691
focus_assignee,assignee::AIST - NATIONAL INSTITUTE OF ADVANCED INDUSTRIAL SCIENCE & TECHNOLOGY,focus::Non-noble candidate,1,88193055
focus_assignee,assignee::AKITA UNIVERSITY,focus::Non-noble candidate,1,86205375
focus_assignee,assignee::ALLIANCE FOR SUSTAINABLE ENERGY,focus::Non-noble candidate,1,67443260
focus_assignee,assignee::ANHUI YUANZHOU GREEN CARBON TECHNOLOGY,focus::Non-noble candidate,1,115590122
focus_assignee,assignee::ARAMCO,focus::AEM,1,116476220
focus_assignee,assignee::ARKRAY,focus::Non-noble candidate,1,101368053
focus_assignee,assignee::BEIFANG UNIVERSITY OF NATIONALITIES,focus::Non-noble candidate,1,106179974
focus_assignee,assignee::BEIJING UNIVERSITY OF CHEMICAL TECHNOLOGY,focus::Non-noble candidate,1,115970616
focus_assignee,assignee::BEIJING UNIVERSITY OF TECHNOLOGY,focus::Non-noble candidate,1,100868293
focus_assignee,assignee::CARBON ENERGY TECHNOLOGY,focus::Non-noble candidate,1,113078510
focus_assignee,assignee::CEC SOLUTIONS,focus::Non-noble candidate,1,114628861
focus_assignee,assignee::CENTRAL SOUTH UNIVERSITY,focus::Non-noble candidate,1,111953180
focus_assignee,assignee::CERAMATEC,focus::GDE,1,67334411
focus_assignee,assignee::CHINA AUTOMOTIVE TECHNOLOGY & RESEARCH CENTER,focus::GDE,1,109733203
focus_assignee,assignee::CHINA AUTOMOTIVE TECHNOLOGY & RESEARCH CENTER,focus::Non-noble candidate,1,109733203
focus_assignee,assignee::CHINA HUADIAN ENGINEERING,focus::Non-noble candidate,1,113078510
focus_assignee,assignee::CHINA OCEAN UNIVERSITY,focus::AEM,1,116720313
focus_assignee,assignee::CHINA OCEAN UNIVERSITY,focus::MEA,1,116720313
focus_assignee,assignee::CHINA OCEAN UNIVERSITY,focus::Non-noble candidate,1,116720313
focus_assignee,assignee::CHIYODA,focus::AEM,1,83691812
focus_assignee,assignee::CHIYODA,focus::Non-noble candidate,1,83691812
focus_assignee,assignee::CHN ENERGY NEW ENERGY TECHNOLOGY RESEARCH INSTITUTE,focus::Non-noble candidate,1,105418286
focus_assignee,assignee::CNRS,focus::AEM,1,92464691
focus_assignee,assignee::CNRS,focus::GDE,1,92464691
focus_assignee,assignee::COLORADO SCHOOL OF MINES,focus::Non-noble candidate,1,67443260
focus_assignee,assignee::CONCORD SPIRITS,focus::Non-noble candidate,1,82922217
focus_assignee,assignee::CSSC HANDAN PERIC HYDROGEN ENERGY TECHNOLOGY,focus::AEM,1,116440098
focus_assignee,assignee::CSSC HANDAN PERIC HYDROGEN ENERGY TECHNOLOGY,focus::GDE,1,116440098
focus_assignee,assignee::CSSC HANDAN PERIC HYDROGEN ENERGY TECHNOLOGY,focus::MEA,1,116440098
focus_assignee,assignee::CSSC HANDAN PERIC HYDROGEN ENERGY TECHNOLOGY,focus::Non-noble candidate,1,116440098
focus_assignee,assignee::D CRBN,focus::Non-noble candidate,1,107376902
focus_assignee,assignee::DAICEL,focus::AEM,1,114240811
focus_assignee,assignee::DAICEL,focus::GDE,1,114240811
focus_assignee,assignee::DAICEL,focus::Non-noble candidate,1,114240811
focus_assignee,assignee::DAIKIN INDUSTRIES,focus::Non-noble candidate,1,101368053
focus_assignee,assignee::DALIAN UNIVERSITY,focus::Non-noble candidate,1,116013304
focus_assignee,assignee::DIOXIDE MATERIALS,focus::GDE,1,79681795
focus_assignee,assignee::DIOXIDE MATERIALS,focus::MEA,1,79681795
focus_assignee,assignee::DIOXYCLE,focus::AEM,1,107739736
focus_assignee,assignee::DIOXYCLE,focus::Non-noble candidate,1,107739736
focus_assignee,assignee::DONG EUI UNIVERSITY INDUSTRY ACADEMIC COOPERATIONFOUNDATION,focus::Non-noble candidate,1,71965537
focus_assignee,assignee::DONGHUA UNIVERSITY,focus::MEA,1,115484302
focus_assignee,assignee::DONGHUA UNIVERSITY,focus::Non-noble candidate,1,115484302
focus_assignee,assignee::DOSHISHA UNIVERSITY,focus::Non-noble candidate,1,101368053
focus_assignee,assignee::EAST CHINA NORMAL UNIVERSITY,focus::Non-noble candidate,1,117486565
focus_assignee,assignee::ELECTROCHEMICALS ZRT,focus::MEA,1,107513925
focus_assignee,assignee::ENGIE,focus::Non-noble candidate,1,75166129
focus_assignee,assignee::ENLIGHTEN INNOVATIONS,focus::GDE,1,67334411
focus_assignee,assignee::ENLIGHTEN INNOVATIONS,focus::Non-noble candidate,1,67334411
focus_assignee,assignee::EPFL - ECOLE POLYTECHNIQUE FEDERALE DE LAUSANNE,focus::AEM,1,112262309
focus_assignee,assignee::EPFL - ECOLE POLYTECHNIQUE FEDERALE DE LAUSANNE,focus::Non-noble candidate,1,112262309
focus_assignee,assignee::FAIRBRICS,focus::Non-noble candidate,1,104121451
focus_assignee,assignee::FCI,focus::Non-noble candidate,1,112387292
focus_assignee,assignee::FIELD UPGRADING,focus::Non-noble candidate,1,14919739
focus_assignee,assignee::FORSCHUNGSZENTRUM JUELICH,focus::Non-noble candidate,1,93504955
focus_assignee,assignee::FOSHAN UNIVERSITY,focus::Non-noble candidate,1,108214882
focus_assignee,assignee::FRAUNHOFER,focus::AEM,1,112675495
focus_assignee,assignee::FUJIAN INSTITUTE OF RESEARCH ON THE STRUCTURE OF MATTER - CHINESE ACADEMY OF SCIENCES,focus::Non-noble candidate,1,104816669
focus_assignee,assignee::FUZHOU UNIVERSITY,focus::Non-noble candidate,1,102969825
focus_assignee,assignee::GD POWER DEVELOPMENT,focus::AEM,1,115347016
focus_assignee,assignee::GD POWER DEVELOPMENT,focus::GDE,1,115347016
focus_assignee,assignee::GD POWER DEVELOPMENT,focus::Non-noble candidate,1,115347016
focus_assignee,assignee::GIG KARASEK,focus::GDE,1,116397541
focus_assignee,assignee::GIG KARASEK,focus::Non-noble candidate,1,116397541
focus_assignee,assignee::GIST - GWANGJU INSTITUTE OF SCIENCE & TECHNOLOGY,focus::Non-noble candidate,1,104997454
focus_assignee,assignee::GLOBAL ENERGY INTERCONNECTION RESEARCH INSTITUTE,focus::GDE,1,86637940
focus_assignee,assignee::GLOBAL ENERGY INTERCONNECTION RESEARCH INSTITUTE,focus::Non-noble candidate,1,86637940
focus_assignee,assignee::GUANGDONG POWER GRID,focus::Non-noble candidate,1,100072108
focus_assignee,assignee::GUO HUANG ([US]),focus::Non-noble candidate,1,44441678
focus_assignee,assignee::GUONENG SANHE POWER GENERATION,focus::AEM,1,115347016
focus_assignee,assignee::GUONENG SANHE POWER GENERATION,focus::GDE,1,115347016
focus_assignee,assignee::GUONENG SANHE POWER GENERATION,focus::Non-noble candidate,1,115347016
focus_assignee,assignee::HANYANG UNIVERSITY,focus::MEA,1,100582928
focus_assignee,assignee::HARBIN INSTITUTE OF TECHNOLOGY,focus::Non-noble candidate,1,102352265
focus_assignee,assignee::HEBEI UNIVERSITY OF SCIENCE & TECHNOLOGY,focus::Non-noble candidate,1,96729039
focus_assignee,assignee::HEILONGJIANG QIZHENG HIGH TECHNOLOGY MATERIAL TECHNOLOGY,focus::Non-noble candidate,1,108401777
focus_assignee,assignee::HENAN UNIVERSITY,focus::Non-noble candidate,1,108569271
focus_assignee,assignee::HENAN UNIVERSITY OF TECHNOLOGY,focus::Non-noble candidate,1,110304393
focus_assignee,assignee::HIROSAKI UNIVERSITY,focus::Non-noble candidate,1,86205375
focus_assignee,assignee::HITACHI,focus::GDE,1,96314074
focus_assignee,assignee::HUADIAN ENVIRONMENT PROTECTION ENGINEERING,focus::Non-noble candidate,1,113078510
focus_assignee,assignee::HUANENG GROUP,focus::Non-noble candidate,1,100799928
focus_assignee,assignee::HUAZHONG UNIVERSITY OF SCIENCE & TECHNOLOGY,focus::GDE,1,102493599
focus_assignee,assignee::HUAZHONG UNIVERSITY OF SCIENCE & TECHNOLOGY,focus::MEA,1,114892955
focus_assignee,assignee::HUNAN UNIVERSITY,focus::Non-noble candidate,1,108739790
focus_assignee,assignee::IHI,focus::Non-noble candidate,1,96823449
focus_assignee,assignee::INDIAN INSTITUTE OF TECHNOLOGY BOMBAY,focus::Non-noble candidate,1,115631039
focus_assignee,assignee::INFINIUM,focus::Non-noble candidate,1,106413185
focus_assignee,assignee::INSTITUTE OF AUTOMATION - CHINESE ACADEMY OF SCIENCES,focus::Non-noble candidate,1,115363192
focus_assignee,assignee::INSTITUTE OF CHEMICAL INDUSTRY OF FOREST PRODUCTS CHINESE ACADEMY OF FORESTRY,focus::Non-noble candidate,1,105036941
focus_assignee,assignee::INSTITUTE OF COAL CHEMISTRY - CHINESE ACADEMY OF SCIENCE,focus::GDE,1,79172273
focus_assignee,assignee::INSTITUTE OF COAL CHEMISTRY - CHINESE ACADEMY OF SCIENCE,focus::Non-noble candidate,1,79172273
focus_assignee,assignee::IQBAL GULFAM ([US]),focus::Non-noble candidate,1,44441678
focus_assignee,assignee::ISTITUTO ITALIANO DI TECNOLOGIA,focus::Non-noble candidate,1,96558426
focus_assignee,assignee::JAPAN SCIENCE & TECHNOLOGY AGENCY,focus::Non-noble candidate,1,86205375
focus_assignee,assignee::JIANGSU UNIVERSITY,focus::GDE,1,96701999
focus_assignee,assignee::JOHNS HOPKINS UNIVERSITY,focus::GDE,1,115708489
focus_assignee,assignee::JOHNS HOPKINS UNIVERSITY,focus::MEA,1,115708489
focus_assignee,assignee::JOHNS HOPKINS UNIVERSITY,focus::Non-noble candidate,1,115708489
focus_assignee,assignee::KANG BRUCE S ([US]),focus::Non-noble candidate,1,44441678
focus_assignee,assignee::KATHOLIEKE UNIVERSITEIT LEUVEN,focus::GDE,1,102038550
focus_assignee,assignee::KATHOLIEKE UNIVERSITEIT LEUVEN,focus::Non-noble candidate,1,102038550
focus_assignee,assignee::KING FAHD UNIVERSITY OF PETROLEUM & MINERALS,focus::Non-noble candidate,1,115039917
focus_assignee,assignee::KOREA INSTITUTE OF ENERGY RESEARCH,focus::Non-noble candidate,1,74496528
focus_assignee,assignee::KOREA INSTITUTE OF INDUSTRIAL TECHNOLOGY,focus::GDE,1,84680718
focus_assignee,assignee::KOREA INSTITUTE OF INDUSTRIAL TECHNOLOGY,focus::Non-noble candidate,1,84680718
focus_assignee,assignee::KOREA INSTITUTE OF SCIENCE & TECHNOLOGY,focus::GDE,1,116414667
focus_assignee,assignee::KRICT KOREA RESEARCH INSTITUTE OF CHEMICAL TECHNOLOGY,focus::Non-noble candidate,1,112969726
focus_assignee,assignee::KUNMING UNIVERSITY OF SCIENCE & TECHNOLOGY,focus::AEM,1,88204087
focus_assignee,assignee::KYUSHU UNIVERSITY,focus::Non-noble candidate,1,118083135
focus_assignee,assignee::LIAONING UNIVERSITY,focus::Non-noble candidate,1,104822026
focus_assignee,assignee::LINDE,focus::AEM,1,85758108
focus_assignee,assignee::LIQUID SUN,focus::AEM,1,115866554
focus_assignee,assignee::LIQUID SUN,focus::GDE,1,115866554
focus_assignee,assignee::LIQUID SUN,focus::MEA,1,115866554
focus_assignee,assignee::LIQUID SUN,focus::Non-noble candidate,1,115866554
focus_assignee,assignee::LOTTE CHEMICAL,focus::Non-noble candidate,1,100393580
focus_assignee,assignee::MANUFACTURING SYSTEMS,focus::Non-noble candidate,1,85904334
focus_assignee,assignee::MITSUBISHI ELECTRIC,focus::Non-noble candidate,1,104127510
focus_assignee,assignee::MITSUI KINZOKU,focus::AEM,1,114240811
focus_assignee,assignee::MITSUI KINZOKU,focus::GDE,1,114240811
focus_assignee,assignee::MITSUI KINZOKU,focus::Non-noble candidate,1,114240811
focus_assignee,assignee::MITSUI MINING & SMELTING,focus::AEM,1,114240811
focus_assignee,assignee::MITSUI MINING & SMELTING,focus::GDE,1,114240811
focus_assignee,assignee::MITSUI MINING & SMELTING,focus::Non-noble candidate,1,114240811
focus_assignee,assignee::NANJING FORESTRY UNIVERSITY,focus::Non-noble candidate,1,105036941
focus_assignee,assignee::NANJING UNIVERSITY OF SCIENCE & TECHNOLOGY,focus::Non-noble candidate,1,106672290
focus_assignee,assignee::NANJING UNIVERSITY OF TECHNOLOGY,focus::Non-noble candidate,1,91898287
focus_assignee,assignee::NEWSOUTH INNOVATIONS,focus::Non-noble candidate,1,104024514
focus_assignee,assignee::NGK INSULATORS,focus::Non-noble candidate,1,116562374
focus_assignee,assignee::NINGBO CARBON NEW ENERGY TECHNOLOGY,focus::Non-noble candidate,1,101555236
focus_assignee,assignee::NINGXIA UNIVERSITY,focus::MEA,1,114887582
focus_assignee,assignee::NINGXIA UNIVERSITY,focus::Non-noble candidate,1,114887582
focus_assignee,assignee::NIPPON TELEGRAPH & TELEPHONE,focus::Non-noble candidate,1,107639787
focus_assignee,assignee::NORTHEASTERN UNIVERSITY OF CHINA,focus::AEM,1,98505907
focus_assignee,assignee::NORTHEASTERN UNIVERSITY OF CHINA,focus::Non-noble candidate,1,98505907
focus_assignee,assignee::NORTHERN ILLINOIS UNIVERSITY,focus::Non-noble candidate,1,98849845
focus_assignee,assignee::NORTHWESTERN UNIVERSITY,focus::AEM,1,116476220
focus_assignee,assignee::NORTHWESTERN UNIVERSITY,focus::Non-noble candidate,1,116476220
focus_assignee,assignee::NUAA - NANJING UNIVERSITY OF AERONAUTICS & ASTRONAUTICS,focus::Non-noble candidate,1,111894530
focus_assignee,assignee::OSAKA UNIVERSITY,focus::AEM,1,106316002
focus_assignee,assignee::OSAKA UNIVERSITY,focus::GDE,1,106316002
focus_assignee,assignee::OSAKA UNIVERSITY,focus::MEA,1,106316002
focus_assignee,assignee::OSAKA UNIVERSITY,focus::Non-noble candidate,1,106316002
focus_assignee,assignee::PAUL SCHERRER INSTITUTE,focus::AEM,1,83256656
focus_assignee,assignee::PAUL SCHERRER INSTITUTE,focus::GDE,1,83256656
focus_assignee,assignee::PAUL SCHERRER INSTITUTE,focus::MEA,1,83256656
focus_assignee,assignee::PAUL SCHERRER INSTITUTE,focus::Non-noble candidate,1,83256656
focus_assignee,assignee::PENN STATE RESEARCH FOUNDATION,focus::AEM,1,83842416
focus_assignee,assignee::PENN STATE RESEARCH FOUNDATION,focus::GDE,1,83842416
focus_assignee,assignee::PENN STATE RESEARCH FOUNDATION,focus::Non-noble candidate,1,83842416
focus_assignee,assignee::PIZHOU PAOCHE ANCIENT LIYUAN SCENIC SPOT MANAGEMENT SERVICE,focus::AEM,1,104914800
focus_assignee,assignee::PIZHOU PAOCHE ANCIENT LIYUAN SCENIC SPOT MANAGEMENT SERVICE,focus::GDE,1,104914800
focus_assignee,assignee::PIZHOU PAOCHE ANCIENT LIYUAN SCENIC SPOT MANAGEMENT SERVICE,focus::Non-noble candidate,1,104914800
focus_assignee,assignee::PRINCETON UNIVERSITY,focus::Non-noble candidate,1,83693059
focus_assignee,assignee::QUZHOU RESEARCH INSTITUTE OF ZHEJIANG UNIVERSITY,focus::Non-noble candidate,1,101562974
focus_assignee,assignee::QUZHOU RESOURCE CHEMICAL INNOVATION RESEARCH INSTITUTE,focus::Non-noble candidate,1,115970616
focus_assignee,assignee::REGENTS OF THE UNIVERSITY OF MICHIGAN,focus::Non-noble candidate,1,92032595
focus_assignee,assignee::RESEARCH CENTER FOR ECO ENVIRONMENTAL SCIENCES - CHINESE ACADEMY OF SCIENCES,focus::Non-noble candidate,1,89672842
focus_assignee,assignee::ROYAL MELBOURNE INSTITUTE OF TECHNOLOGY,focus::AEM,1,116181184
focus_assignee,assignee::ROYAL MELBOURNE INSTITUTE OF TECHNOLOGY,focus::Non-noble candidate,1,116181184
focus_assignee,assignee::SANTAN ANHUI TECHNOLOGY RESEARCH INSTITUTE,focus::GDE,1,105758218
focus_assignee,assignee::SANTAN ANHUI TECHNOLOGY RESEARCH INSTITUTE,focus::MEA,1,105758218
focus_assignee,assignee::SANTAN ANHUI TECHNOLOGY RESEARCH INSTITUTE,focus::Non-noble candidate,1,105758218
focus_assignee,assignee::SCATTERBO TECHNOLOGIES BEIJING,focus::Non-noble candidate,1,106753547
focus_assignee,assignee::SEKA TOHRO BEIJING SCIENCE & TECHNOLOGY,focus::Non-noble candidate,1,106753547
focus_assignee,assignee::SHAANXI COAL INDUSTRY NEW ENERGY TECHNOLOGY,focus::Non-noble candidate,1,108150520
focus_assignee,assignee::SHAANXI NORMAL UNIVERSITY,focus::GDE,1,105486835
focus_assignee,assignee::SHAANXI NORMAL UNIVERSITY,focus::Non-noble candidate,1,105486835
focus_assignee,assignee::SHAANXI UNIVERSITY OF SCIENCE & TECHNOLOGY,focus::AEM,1,116285153
focus_assignee,assignee::SHAANXI UNIVERSITY OF SCIENCE & TECHNOLOGY,focus::Non-noble candidate,1,116285153
focus_assignee,assignee::SHANDONG UNIVERSITY OF SCIENCE & TECHNOLOGY,focus::Non-noble candidate,1,97840083
focus_assignee,assignee::SHANGHAI ADVANCED RESEARCH INSTITUTE - CHINESE ACADEMY OF SCIENCES,focus::Non-noble candidate,1,114532676
focus_assignee,assignee::SHANGHAI ELECTRIC,focus::Non-noble candidate,1,118096155
focus_assignee,assignee::SHANGHAI INSTITUTE OF APPLIED PHYSICS - CHINESE ACADEMY OF SCIENCES,focus::Non-noble candidate,1,116709402
focus_assignee,assignee::SHANGHAI JIAO TONG UNIVERSITY,focus::AEM,1,104914800
focus_assignee,assignee::SHANGHAI YIJING HYDROGEN ENERGY TECHNOLOGY,focus::Non-noble candidate,1,108835141
focus_assignee,assignee::SICHUAN LANGSHENG NEW ENERGY TECHNOLOGY,focus::AEM,1,104081456
focus_assignee,assignee::SICHUAN LANGSHENG NEW ENERGY TECHNOLOGY,focus::Non-noble candidate,1,104081456
focus_assignee,assignee::SIEMENS ENERGY,focus::MEA,1,84413562
focus_assignee,assignee::SINOPEC,focus::GDE,1,92423180
focus_assignee,assignee::SK INNOVATION,focus::Non-noble candidate,1,107413525
focus_assignee,assignee::SOOCHOW UNIVERSITY,focus::Non-noble candidate,1,110495249
focus_assignee,assignee::SOUTH CHINA NORMAL UNIVERSITY,focus::Non-noble candidate,1,104933063
focus_assignee,assignee::SOUTH CHINA UNIVERSITY OF TECHNOLOGY,focus::Non-noble candidate,1,110697556
focus_assignee,assignee::SOUTHEAST UNIVERSITY,focus::AEM,1,100554181
focus_assignee,assignee::SOUTHWEST UNIVERSITY OF SCIENCE & TECHNOLOGY,focus::AEM,1,104081456
focus_assignee,assignee::STATE GRID CORPORATION OF CHINA,focus::GDE,1,86637940
focus_assignee,assignee::STATE GRID CORPORATION OF CHINA,focus::Non-noble candidate,1,86637940
focus_assignee,assignee::SUNFIRE,focus::Non-noble candidate,1,71609954
focus_assignee,assignee::TAKAHATA PRECISION,focus::AEM,1,102708989
focus_assignee,assignee::TAKAHATA PRECISION,focus::MEA,1,102708989
focus_assignee,assignee::TAKAHATA PRECISION,focus::Non-noble candidate,1,102708989
focus_assignee,assignee::TECHNICAL INSTITUTE OF PHYSICS & CHEMISTRY - CHINESE ACADEMY OF SCIENCES,focus::Non-noble candidate,1,80803000
focus_assignee,assignee::TECHNISCHE UNIVERSITEIT DELFT,focus::AEM,1,109306159
focus_assignee,assignee::TECHNISCHE UNIVERSITEIT DELFT,focus::MEA,1,109306159
focus_assignee,assignee::TECHNISCHE UNIVERSITEIT DELFT,focus::Non-noble candidate,1,109306159
focus_assignee,assignee::TEXAS A & M UNIVERSITY,focus::Non-noble candidate,1,106991409
focus_assignee,assignee::THALESNANO,focus::MEA,1,107513925
focus_assignee,assignee::TIANJIN UNIVERSITY OF TECHNOLOGY,focus::Non-noble candidate,1,110888177
focus_assignee,assignee::TIANJING UNIVERSITY,focus::AEM,1,117651217
focus_assignee,assignee::TIANJING UNIVERSITY,focus::Non-noble candidate,1,117651217
focus_assignee,assignee::TOKYO INSTITUTE OF TECHNOLOGY,focus::Non-noble candidate,1,86205375
focus_assignee,assignee::TOYOTA MOTOR,focus::AEM,1,109304100
focus_assignee,assignee::TSINGHUA UNIVERSITY,focus::Non-noble candidate,1,96729039
focus_assignee,assignee::UCHICAGO ARGONNE,focus::Non-noble candidate,1,98849845
focus_assignee,assignee::UNIST,focus::Non-noble candidate,1,71965537
focus_assignee,assignee::UNIVERSIDADE DO PORTO,focus::AEM,1,100959754
focus_assignee,assignee::UNIVERSIDADE DO PORTO,focus::GDE,1,100959754
focus_assignee,assignee::UNIVERSIDADE DO PORTO,focus::Non-noble candidate,1,100959754
focus_assignee,assignee::UNIVERSITE PARIS CITE / PARIS DIDEROT,focus::AEM,1,92464691
focus_assignee,assignee::UNIVERSITE PARIS CITE / PARIS DIDEROT,focus::GDE,1,92464691
focus_assignee,assignee::UNIVERSITEIT ANTWERPEN,focus::MEA,1,94627574
focus_assignee,assignee::UNIVERSITEIT ANTWERPEN,focus::Non-noble candidate,1,94627574
focus_assignee,assignee::UNIVERSITY OF BRITISH COLUMBIA,focus::AEM,1,83842416
focus_assignee,assignee::UNIVERSITY OF BRITISH COLUMBIA,focus::GDE,1,83842416
focus_assignee,assignee::UNIVERSITY OF BRITISH COLUMBIA,focus::Non-noble candidate,1,83842416
focus_assignee,assignee::UNIVERSITY OF ELECTRONIC SCIENCE & TECHNOLOGY OF CHINA,focus::Non-noble candidate,1,98667734
focus_assignee,assignee::UNIVERSITY OF ILLINOIS,focus::AEM,1,106991476
focus_assignee,assignee::UNIVERSITY OF ILLINOIS,focus::Non-noble candidate,1,106991476
focus_assignee,assignee::UNIVERSITY OF MICHIGAN,focus::Non-noble candidate,1,92032595
focus_assignee,assignee::UNIVERSITY OF NANKAI,focus::GDE,1,105758218
focus_assignee,assignee::UNIVERSITY OF NANKAI,focus::MEA,1,105758218
focus_assignee,assignee::UNIVERSITY OF NANKAI,focus::Non-noble candidate,1,105758218
focus_assignee,assignee::UNIVERSITY OF NORTHUMBRIA,focus::GDE,1,108109771
focus_assignee,assignee::UNIVERSITY OF NORTHUMBRIA,focus::Non-noble candidate,1,108109771
focus_assignee,assignee::UNIVERSITY OF SZEGED,focus::MEA,1,107513925
focus_assignee,assignee::UNIVERSITY OF TORONTO,focus::AEM,1,103674986
focus_assignee,assignee::UNIVERSITY OF TORONTO,focus::GDE,1,103674986
focus_assignee,assignee::UNIVERSITY OF TORONTO,focus::MEA,1,103674986
focus_assignee,assignee::UNIVERSITY OF TORONTO,focus::Non-noble candidate,1,103674986
focus_assignee,assignee::UNIVERSITY OF YAMANASHI,focus::AEM,1,102708989
focus_assignee,assignee::UNIVERSITY OF YAMANASHI,focus::MEA,1,102708989
focus_assignee,assignee::UNIVERSITY OF YAMANASHI,focus::Non-noble candidate,1,102708989
focus_assignee,assignee::VITO - VLAAMSE INSTELLING VOOR TECHNOLOGISCH ONDERZOEK,focus::GDE,1,102038550
focus_assignee,assignee::VITO - VLAAMSE INSTELLING VOOR TECHNOLOGISCH ONDERZOEK,focus::Non-noble candidate,1,102038550
focus_assignee,assignee::WANHUA CHEMICAL GROUP,focus::GDE,1,110503287
focus_assignee,assignee::WANHUA CHEMICAL GROUP,focus::Non-noble candidate,1,110503287
focus_assignee,assignee::XECA TURBO TECHNOLOGIES,focus::Non-noble candidate,1,106753547
focus_assignee,assignee::XI AN UNIVERSITY OF SCIENCE & TECHNOLOGY,focus::Non-noble candidate,1,108150520
focus_assignee,assignee::XIAMEN UNIVERSITY,focus::AEM,1,117521363
focus_assignee,assignee::XIAMEN UNIVERSITY,focus::GDE,1,117521363
focus_assignee,assignee::XIAMEN UNIVERSITY,focus::MEA,1,117521363
focus_assignee,assignee::XIAN JIAOTONG UNIVERSITY,focus::AEM,1,116440098
focus_assignee,assignee::XIAN JIAOTONG UNIVERSITY,focus::GDE,1,116440098
focus_assignee,assignee::XIAN JIAOTONG UNIVERSITY,focus::MEA,1,116440098
focus_assignee,assignee::YANCHENG INSTITUTE OF TECHNOLOGY,focus::MEA,1,115484302
focus_assignee,assignee::YANCHENG INSTITUTE OF TECHNOLOGY,focus::Non-noble candidate,1,115484302
focus_assignee,assignee::YANGTZE DELTA REGION INSTITUTE OF UNIVERSITY OF ELECTRONIC SCIENCE & TECHNOLOGY OF CHINA HUZHOU,focus::Non-noble candidate,1,104276143
focus_assignee,assignee::YANGZHOU UNIVERSITY,focus::Non-noble candidate,1,117641010
focus_assignee,assignee::YEDA RESEARCH & DEVELOPMENT,focus::Non-noble candidate,1,7846740
focus_assignee,assignee::ZHEJIANG GUOQING ENERGY TECHNOLOGY DEVELOPMENT,focus::Non-noble candidate,1,94787837
focus_assignee,assignee::ZHEJIANG UNIVERSITY,focus::MEA,1,112590590
focus_assignee,assignee::ZHEJIANG UNIVERSITY OF TECHNOLOGY,focus::Non-noble candidate,1,114750156
focus_assignee,assignee::ZHEJIANG WANLI UNIVERSITY,focus::Non-noble candidate,1,112719442
focus_assignee,assignee::ZHEJIANG ZHENENG TECHNOLOGY ENVIRONMENTAL PROTECTION GROUP,focus::AEM,1,112354020
focus_assignee,assignee::ZHEJIANG ZHONGXIN DEGU NEW MATERIAL TECHNOLOGY,focus::GDE,1,95930332
focus_assignee,assignee::ZHEJIANG ZHONGXIN DEGU NEW MATERIAL TECHNOLOGY,focus::Non-noble candidate,1,95930332
focus_assignee,assignee::ZHENGZHOU INSTITUTE OF EMERGING INDUSTRIAL TECHNOLOGY,focus::Non-noble candidate,1,98666737
focus_assignee,assignee::ZHONGSHAN POWER SUPPLY BUREAU OF GUANGDONG POWER GRID,focus::Non-noble candidate,1,100072108
