source,target,relation,weight,patent
patent::103674986,assignee::UNIVERSITY OF TORONTO,patent_assignee,1,103674986
patent::103674986,"domain::Electrical machinery, apparatus, energy",patent_domain,1,103674986
patent::103674986,"domain::Materials, metallurgy",patent_domain,1,103674986
patent::103674986,"domain::Surface technology, coating",patent_domain,1,103674986
patent::103674986,cpc_group::C25B,patent_cpc_group,1,103674986
patent::103674986,cpc_group::H01M,patent_cpc_group,1,103674986
patent::103674986,cpc_code::C25B-003/03,patent_cpc_code,1,103674986
patent::103674986,cpc_code::C25B-003/07,patent_cpc_code,1,103674986
patent::103674986,cpc_code::C25B-003/26,patent_cpc_code,1,103674986
patent::103674986,cpc_code::C25B-009/23,patent_cpc_code,1,103674986
patent::103674986,cpc_code::C25B-011/032,patent_cpc_code,1,103674986
patent::103674986,cpc_code::C25B-011/081,patent_cpc_code,1,103674986
patent::103674986,cpc_code::C25B-013/02,patent_cpc_code,1,103674986
patent::103674986,cpc_code::C25B-015/087,patent_cpc_code,1,103674986
patent::103674986,cpc_code::H01M-004/86/05,patent_cpc_code,1,103674986
patent::103674986,cpc_code::H01M-004/86/57,patent_cpc_code,1,103674986
patent::103674986,ipc_group::C01G,patent_ipc_group,1,103674986
patent::103674986,ipc_group::C25B,patent_ipc_group,1,103674986
patent::103674986,ipc_group::H01M,patent_ipc_group,1,103674986
patent::103674986,ipc_code::C01G-003/00,patent_ipc_code,1,103674986
patent::103674986,ipc_code::C01G-005/00,patent_ipc_code,1,103674986
patent::103674986,ipc_code::C25B-003/03,patent_ipc_code,1,103674986
patent::103674986,ipc_code::C25B-003/07,patent_ipc_code,1,103674986
patent::103674986,ipc_code::C25B-003/26,patent_ipc_code,1,103674986
patent::103674986,ipc_code::C25B-009/23,patent_ipc_code,1,103674986
patent::103674986,ipc_code::C25B-011/032,patent_ipc_code,1,103674986
patent::103674986,ipc_code::C25B-011/081,patent_ipc_code,1,103674986
patent::103674986,concept::BIPOLAR MEMBRANE ELECTRODE ASSEMBLY,patent_concept,1,103674986
patent::103674986,concept::CONVERSION EFFICIENCY,patent_concept,1,103674986
patent::103674986,concept::MEMBRANE ELECTRODE ASSEMBLY,patent_concept,1,103674986
patent::103674986,concept::MULTICARBON PRODUCT,patent_concept,1,103674986
patent::103674986,concept::MULTILAYER CATHODE,patent_concept,1,103674986
patent::103674986,country::US,patent_country,1,103674986
patent::103674986,country::CA,patent_country,1,103674986
patent::103674986,priority_year::2021,patent_priority_year,1,103674986
patent::103674986,legal_state::ALIVE,patent_legal_state,1,103674986
patent::103674986,focus::MEA,patent_focus,1,103674986
patent::103674986,focus::AEM,patent_focus,1,103674986
patent::103674986,focus::Non-noble candidate,patent_focus,1,103674986
patent::103674986,focus::GDE,patent_focus,1,103674986
patent::69060627,assignee::CNRS,patent_assignee,1,69060627
patent::69060627,assignee::UNIVERSITE PARIS CITE / PARIS DIDEROT,patent_assignee,1,69060627
patent::69060627,"domain::Surface technology, coating",patent_domain,1,69060627
patent::69060627,cpc_group::C25B,patent_cpc_group,1,69060627
patent::69060627,cpc_code::C25B-001/00,patent_cpc_code,1,69060627
patent::69060627,cpc_code::C25B-001/23,patent_cpc_code,1,69060627
patent::69060627,cpc_code::C25B-009/06,patent_cpc_code,1,69060627
patent::69060627,cpc_code::C25B-009/17,patent_cpc_code,1,69060627
patent::69060627,ipc_group::C25B,patent_ipc_group,1,69060627
patent::69060627,ipc_code::C25B-009/17,patent_ipc_code,1,69060627
patent::69060627,concept::CO2 ELECTROCHEMICAL REDUCTION,patent_concept,1,69060627
patent::69060627,concept::IRON CATALYST,patent_concept,1,69060627
patent::69060627,concept::FORMULA PORPHYRIN,patent_concept,1,69060627
patent::69060627,concept::GASEOUS CO2,patent_concept,1,69060627
patent::69060627,concept::UNDESIRED BYPRODUCT,patent_concept,1,69060627
patent::69060627,country::US,patent_country,1,69060627
patent::69060627,country::FR,patent_country,1,69060627
patent::69060627,priority_year::2013,patent_priority_year,1,69060627
patent::69060627,legal_state::ALIVE,patent_legal_state,1,69060627
patent::69060627,focus::Non-noble candidate,patent_focus,1,69060627
patent::69208275,assignee::CNRS,patent_assignee,1,69208275
patent::69208275,assignee::UNIVERSITE PARIS CITE / PARIS DIDEROT,patent_assignee,1,69208275
patent::69208275,domain::Organic fine chemistry,patent_domain,1,69208275
patent::69208275,ipc_group::C07F,patent_ipc_group,1,69208275
patent::69208275,ipc_code::C07F-015/02,patent_ipc_code,1,69208275
patent::69208275,concept::CO2 ELECTROCHEMICAL REDUCTION,patent_concept,1,69208275
patent::69208275,concept::IRON CATALYST,patent_concept,1,69208275
patent::69208275,concept::FORMULA PORPHYRIN,patent_concept,1,69208275
patent::69208275,concept::GASEOUS CO2,patent_concept,1,69208275
patent::69208275,concept::IRON PORPHYRIN CATALYST,patent_concept,1,69208275
patent::69208275,concept::GASEOUS CO2 SOURCE,patent_concept,1,69208275
patent::69208275,concept::ELECTROLYTE SOLUTION,patent_concept,1,69208275
patent::69208275,concept::IRON PORPHYRIN,patent_concept,1,69208275
patent::69208275,concept::CARBON CRUCIBLE,patent_concept,1,69208275
patent::69208275,concept::FE TDHPP CATALYST,patent_concept,1,69208275
patent::69208275,country::AU,patent_country,1,69208275
patent::69208275,priority_year::2013,patent_priority_year,1,69208275
patent::69208275,legal_state::DEAD,patent_legal_state,1,69208275
patent::69208275,focus::Non-noble candidate,patent_focus,1,69208275
patent::73827816,assignee::CNRS,patent_assignee,1,73827816
patent::73827816,assignee::UNIVERSITE PARIS CITE / PARIS DIDEROT,patent_assignee,1,73827816
patent::73827816,domain::Chemical engineering,patent_domain,1,73827816
patent::73827816,"domain::Materials, metallurgy",patent_domain,1,73827816
patent::73827816,domain::Organic fine chemistry,patent_domain,1,73827816
patent::73827816,"domain::Surface technology, coating",patent_domain,1,73827816
patent::73827816,cpc_group::C07F,patent_cpc_group,1,73827816
patent::73827816,cpc_group::C25B,patent_cpc_group,1,73827816
patent::73827816,cpc_group::Y02E,patent_cpc_group,1,73827816
patent::73827816,cpc_code::C07F-015/02/5,patent_cpc_code,1,73827816
patent::73827816,cpc_code::C25B-001/00,patent_cpc_code,1,73827816
patent::73827816,cpc_code::C25B-001/04,patent_cpc_code,1,73827816
patent::73827816,cpc_code::C25B-001/10,patent_cpc_code,1,73827816
patent::73827816,cpc_code::C25B-009/08,patent_cpc_code,1,73827816
patent::73827816,cpc_code::C25B-009/19,patent_cpc_code,1,73827816
patent::73827816,cpc_code::C25B-009/73,patent_cpc_code,1,73827816
patent::73827816,cpc_code::C25B-011/04/05,patent_cpc_code,1,73827816
patent::73827816,cpc_code::C25B-011/04/15,patent_cpc_code,1,73827816
patent::73827816,cpc_code::C25B-011/04/89,patent_cpc_code,1,73827816
patent::73827816,ipc_group::B01J,patent_ipc_group,1,73827816
patent::73827816,ipc_group::C01B,patent_ipc_group,1,73827816
patent::73827816,ipc_group::C07D,patent_ipc_group,1,73827816
patent::73827816,ipc_group::C07F,patent_ipc_group,1,73827816
patent::73827816,ipc_group::C25B,patent_ipc_group,1,73827816
patent::73827816,ipc_code::B01J-031/22,patent_ipc_code,1,73827816
patent::73827816,ipc_code::C01B-032/40,patent_ipc_code,1,73827816
patent::73827816,ipc_code::C07D-487/22,patent_ipc_code,1,73827816
patent::73827816,ipc_code::C07F-015/02,patent_ipc_code,1,73827816
patent::73827816,ipc_code::C25B-009/19,patent_ipc_code,1,73827816
patent::73827816,concept::AQUEOUS SOLUTION,patent_concept,1,73827816
patent::73827816,concept::AQUEOUS SOLUTION PH,patent_concept,1,73827816
patent::73827816,concept::CATALYST,patent_concept,1,73827816
patent::73827816,concept::CATALYST ELECTROCHEMICAL REDUCTION,patent_concept,1,73827816
patent::73827816,concept::CO H,patent_concept,1,73827816
patent::73827816,concept::FORMULA PORPHYRIN,patent_concept,1,73827816
patent::73827816,concept::GAS PRODUCTION,patent_concept,1,73827816
patent::73827816,country::EP,patent_country,1,73827816
patent::73827816,country::FR,patent_country,1,73827816
patent::73827816,priority_year::2015,patent_priority_year,1,73827816
patent::73827816,legal_state::ALIVE,patent_legal_state,1,73827816
patent::73827816,focus::Non-noble candidate,patent_focus,1,73827816
patent::68986421,assignee::CNRS,patent_assignee,1,68986421
patent::68986421,assignee::UNIVERSITE PARIS CITE / PARIS DIDEROT,patent_assignee,1,68986421
patent::68986421,domain::Chemical engineering,patent_domain,1,68986421
patent::68986421,"domain::Surface technology, coating",patent_domain,1,68986421
patent::68986421,cpc_group::B01J,patent_cpc_group,1,68986421
patent::68986421,cpc_group::C25B,patent_cpc_group,1,68986421
patent::68986421,cpc_code::B01J-031/18/15,patent_cpc_code,1,68986421
patent::68986421,cpc_code::B01J-2231/625,patent_cpc_code,1,68986421
patent::68986421,cpc_code::B01J-2531/025,patent_cpc_code,1,68986421
patent::68986421,cpc_code::B01J-2531/842,patent_cpc_code,1,68986421
patent::68986421,cpc_code::C25B-001/00,patent_cpc_code,1,68986421
patent::68986421,cpc_code::C25B-011/043,patent_cpc_code,1,68986421
patent::68986421,ipc_group::B01J,patent_ipc_group,1,68986421
patent::68986421,ipc_group::C25B,patent_ipc_group,1,68986421
patent::68986421,ipc_code::B01J-031/22,patent_ipc_code,1,68986421
patent::68986421,ipc_code::C25B-001/00,patent_ipc_code,1,68986421
patent::68986421,concept::CO2 ELECTROCHEMCIAL REDUCTION,patent_concept,1,68986421
patent::68986421,concept::ELECTROCHEMCIAL REDUCTION,patent_concept,1,68986421
patent::68986421,concept::IRON CATALYST,patent_concept,1,68986421
patent::68986421,concept::CO2 ELECTROCHEMICAL REDUCTION,patent_concept,1,68986421
patent::68986421,concept::FORMULA PORPHYRIN,patent_concept,1,68986421
patent::68986421,concept::GASEOUS CO2,patent_concept,1,68986421
patent::68986421,concept::IRON PORPHYRIN CATALYST,patent_concept,1,68986421
patent::68986421,concept::GASEOUS CO2 SOURCE,patent_concept,1,68986421
patent::68986421,concept::ELECTROLYTE SOLUTION,patent_concept,1,68986421
patent::68986421,concept::IRON PORPHYRIN,patent_concept,1,68986421
patent::68986421,country::CA,patent_country,1,68986421
patent::68986421,country::FR,patent_country,1,68986421
patent::68986421,priority_year::2013,patent_priority_year,1,68986421
patent::68986421,legal_state::DEAD,patent_legal_state,1,68986421
patent::68986421,focus::Non-noble candidate,patent_focus,1,68986421
patent::93504955,assignee::FORSCHUNGSZENTRUM JUELICH,patent_assignee,1,93504955
patent::93504955,"domain::Materials, metallurgy",patent_domain,1,93504955
patent::93504955,"domain::Surface technology, coating",patent_domain,1,93504955
patent::93504955,cpc_group::C25B,patent_cpc_group,1,93504955
patent::93504955,cpc_group::Y02E,patent_cpc_group,1,93504955
patent::93504955,cpc_group::Y02P,patent_cpc_group,1,93504955
patent::93504955,cpc_code::C25B-001/00,patent_cpc_code,1,93504955
patent::93504955,cpc_code::C25B-001/02,patent_cpc_code,1,93504955
patent::93504955,cpc_code::C25B-001/042,patent_cpc_code,1,93504955
patent::93504955,cpc_code::C25B-001/23,patent_cpc_code,1,93504955
patent::93504955,cpc_code::C25B-001/50,patent_cpc_code,1,93504955
patent::93504955,cpc_code::C25B-009/23,patent_cpc_code,1,93504955
patent::93504955,cpc_code::C25B-009/67,patent_cpc_code,1,93504955
patent::93504955,cpc_code::C25B-015/021,patent_cpc_code,1,93504955
patent::93504955,cpc_code::C25B-015/08,patent_cpc_code,1,93504955
patent::93504955,cpc_code::C25B-015/083,patent_cpc_code,1,93504955
patent::93504955,ipc_group::C01B,patent_ipc_group,1,93504955
patent::93504955,ipc_group::C25B,patent_ipc_group,1,93504955
patent::93504955,ipc_code::C01B-032/40,patent_ipc_code,1,93504955
patent::93504955,ipc_code::C25B-001/00,patent_ipc_code,1,93504955
patent::93504955,ipc_code::C25B-001/02,patent_ipc_code,1,93504955
patent::93504955,ipc_code::C25B-001/042,patent_ipc_code,1,93504955
patent::93504955,ipc_code::C25B-001/23,patent_ipc_code,1,93504955
patent::93504955,ipc_code::C25B-001/50,patent_ipc_code,1,93504955
patent::93504955,ipc_code::C25B-009/00,patent_ipc_code,1,93504955
patent::93504955,ipc_code::C25B-009/19,patent_ipc_code,1,93504955
patent::93504955,concept::CARBON MONOXIDE PRODUCTION,patent_concept,1,93504955
patent::93504955,concept::HUMIDIFIED EDUCT GAS,patent_concept,1,93504955
patent::93504955,concept::HUMIDIFIED REACTANT GAS,patent_concept,1,93504955
patent::93504955,concept::PRODUCING CARBON MONOXIDE,patent_concept,1,93504955
patent::93504955,country::DE,patent_country,1,93504955
patent::93504955,country::NL,patent_country,1,93504955
patent::93504955,priority_year::2019,patent_priority_year,1,93504955
patent::93504955,legal_state::ALIVE,patent_legal_state,1,93504955
patent::93504955,focus::Non-noble candidate,patent_focus,1,93504955
patent::105555372,assignee::SHANGHAI JIAO TONG UNIVERSITY,patent_assignee,1,105555372
patent::105555372,domain::Basic materials chemistry,patent_domain,1,105555372
patent::105555372,"domain::Surface technology, coating",patent_domain,1,105555372
patent::105555372,cpc_group::C10L,patent_cpc_group,1,105555372
patent::105555372,cpc_group::C25B,patent_cpc_group,1,105555372
patent::105555372,cpc_group::Y02A,patent_cpc_group,1,105555372
patent::105555372,cpc_code::C10L-003/10/4,patent_cpc_code,1,105555372
patent::105555372,cpc_code::C25B-001/23,patent_cpc_code,1,105555372
patent::105555372,cpc_code::C25B-001/50,patent_cpc_code,1,105555372
patent::105555372,cpc_code::C25B-011/032,patent_cpc_code,1,105555372
patent::105555372,cpc_code::C25B-011/052,patent_cpc_code,1,105555372
patent::105555372,cpc_code::C25B-011/065,patent_cpc_code,1,105555372
patent::105555372,cpc_code::C25B-011/085,patent_cpc_code,1,105555372
patent::105555372,cpc_code::Y02A-050/20,patent_cpc_code,1,105555372
patent::105555372,ipc_group::C10L,patent_ipc_group,1,105555372
patent::105555372,ipc_group::C25B,patent_ipc_group,1,105555372
patent::105555372,ipc_code::C10L-003/10,patent_ipc_code,1,105555372
patent::105555372,ipc_code::C25B-001/23,patent_ipc_code,1,105555372
patent::105555372,ipc_code::C25B-001/50,patent_ipc_code,1,105555372
patent::105555372,ipc_code::C25B-011/032,patent_ipc_code,1,105555372
patent::105555372,ipc_code::C25B-011/052,patent_ipc_code,1,105555372
patent::105555372,ipc_code::C25B-011/065,patent_ipc_code,1,105555372
patent::105555372,ipc_code::C25B-011/085,patent_ipc_code,1,105555372
patent::105555372,concept::NATURAL GAS,patent_concept,1,105555372
patent::105555372,concept::REDUCTION,patent_concept,1,105555372
patent::105555372,concept::COBALT PHTHALOCYANINE CATALYST INK,patent_concept,1,105555372
patent::105555372,concept::POTENTIOSTAT,patent_concept,1,105555372
patent::105555372,concept::POTASSIUM BICARBONATETHE SOLUTION,patent_concept,1,105555372
patent::105555372,concept::COBALT PHTHALOCYANINE,patent_concept,1,105555372
patent::105555372,concept::GAS DIFFUSION ELECTROCHEMICAL REACTOR,patent_concept,1,105555372
patent::105555372,concept::ELECTROLYTE,patent_concept,1,105555372
patent::105555372,concept::COUNTER ELECTRODE,patent_concept,1,105555372
patent::105555372,concept::POLYTETRAFLUOROETHYLENE MODIFIED CARBON PAPER,patent_concept,1,105555372
patent::105555372,country::CN,patent_country,1,105555372
patent::105555372,priority_year::2023,patent_priority_year,1,105555372
patent::105555372,legal_state::ALIVE,patent_legal_state,1,105555372
patent::105555372,focus::Non-noble candidate,patent_focus,1,105555372
patent::105555372,focus::GDE,patent_focus,1,105555372
patent::78510702,assignee::CNRS,patent_assignee,1,78510702
patent::78510702,assignee::UNIVERSITE PARIS CITE / PARIS DIDEROT,patent_assignee,1,78510702
patent::78510702,domain::Chemical engineering,patent_domain,1,78510702
patent::78510702,"domain::Materials, metallurgy",patent_domain,1,78510702
patent::78510702,domain::Organic fine chemistry,patent_domain,1,78510702
patent::78510702,"domain::Surface technology, coating",patent_domain,1,78510702
patent::78510702,cpc_group::B01J,patent_cpc_group,1,78510702
patent::78510702,cpc_group::C01B,patent_cpc_group,1,78510702
patent::78510702,cpc_group::C07D,patent_cpc_group,1,78510702
patent::78510702,cpc_group::C07F,patent_cpc_group,1,78510702
patent::78510702,cpc_group::C25B,patent_cpc_group,1,78510702
patent::78510702,cpc_group::Y02E,patent_cpc_group,1,78510702
patent::78510702,cpc_code::B01J-031/18/15,patent_cpc_code,1,78510702
patent::78510702,cpc_code::B01J-2231/625,patent_cpc_code,1,78510702
patent::78510702,cpc_code::B01J-2531/025,patent_cpc_code,1,78510702
patent::78510702,cpc_code::B01J-2531/842,patent_cpc_code,1,78510702
patent::78510702,cpc_code::C01B-032/40,patent_cpc_code,1,78510702
patent::78510702,cpc_code::C07D-487/22,patent_cpc_code,1,78510702
patent::78510702,cpc_code::C07F-015/02/5,patent_cpc_code,1,78510702
patent::78510702,cpc_code::C25B-001/00,patent_cpc_code,1,78510702
patent::78510702,cpc_code::C25B-001/01,patent_cpc_code,1,78510702
patent::78510702,cpc_code::C25B-001/04,patent_cpc_code,1,78510702
patent::78510702,ipc_group::B01J,patent_ipc_group,1,78510702
patent::78510702,ipc_group::C01B,patent_ipc_group,1,78510702
patent::78510702,ipc_group::C07D,patent_ipc_group,1,78510702
patent::78510702,ipc_group::C07F,patent_ipc_group,1,78510702
patent::78510702,ipc_group::C25B,patent_ipc_group,1,78510702
patent::78510702,ipc_code::B01J-031/18,patent_ipc_code,1,78510702
patent::78510702,ipc_code::C01B-032/40,patent_ipc_code,1,78510702
patent::78510702,ipc_code::C07D-487/22,patent_ipc_code,1,78510702
patent::78510702,ipc_code::C07F-015/02,patent_ipc_code,1,78510702
patent::78510702,ipc_code::C25B-001/00,patent_ipc_code,1,78510702
patent::78510702,ipc_code::C25B-011/12,patent_ipc_code,1,78510702
patent::78510702,concept::FORMULA PORPHYRIN,patent_concept,1,78510702
patent::78510702,concept::FORMULA RPHYRIN,patent_concept,1,78510702
patent::78510702,concept::IRON,patent_concept,1,78510702
patent::78510702,concept::PORPHYRIN CATALYZED ELECTROCHEMICAL REDUCTION,patent_concept,1,78510702
patent::78510702,concept::CATHODE COMPARTMENT,patent_concept,1,78510702
patent::78510702,country::EP,patent_country,1,78510702
patent::78510702,country::FR,patent_country,1,78510702
patent::78510702,country::US,patent_country,1,78510702
patent::78510702,priority_year::2016,patent_priority_year,1,78510702
patent::78510702,legal_state::ALIVE,patent_legal_state,1,78510702
patent::78510702,focus::Non-noble candidate,patent_focus,1,78510702
patent::64469752,assignee::TOPSOE,patent_assignee,1,64469752
patent::64469752,"domain::Materials, metallurgy",patent_domain,1,64469752
patent::64469752,domain::Organic fine chemistry,patent_domain,1,64469752
patent::64469752,"domain::Surface technology, coating",patent_domain,1,64469752
patent::64469752,cpc_group::C07C,patent_cpc_group,1,64469752
patent::64469752,cpc_group::C25B,patent_cpc_group,1,64469752
patent::64469752,cpc_group::Y02E,patent_cpc_group,1,64469752
patent::64469752,cpc_code::C07C-051/10,patent_cpc_code,1,64469752
patent::64469752,cpc_code::C25B-001/00,patent_cpc_code,1,64469752
patent::64469752,cpc_code::C25B-001/02,patent_cpc_code,1,64469752
patent::64469752,cpc_code::C25B-001/23,patent_cpc_code,1,64469752
patent::64469752,cpc_code::C25B-009/05,patent_cpc_code,1,64469752
patent::64469752,cpc_code::C25B-009/18,patent_cpc_code,1,64469752
patent::64469752,cpc_code::C25B-009/70,patent_cpc_code,1,64469752
patent::64469752,cpc_code::Y02E-060/36,patent_cpc_code,1,64469752
patent::64469752,ipc_group::C01B,patent_ipc_group,1,64469752
patent::64469752,ipc_group::C07C,patent_ipc_group,1,64469752
patent::64469752,ipc_group::C25B,patent_ipc_group,1,64469752
patent::64469752,ipc_code::C01B-032/40,patent_ipc_code,1,64469752
patent::64469752,ipc_code::C07C-051/10,patent_ipc_code,1,64469752
patent::64469752,ipc_code::C25B-001/02,patent_ipc_code,1,64469752
patent::64469752,ipc_code::C25B-001/23,patent_ipc_code,1,64469752
patent::64469752,ipc_code::C25B-003/25,patent_ipc_code,1,64469752
patent::64469752,ipc_code::C25B-009/18,patent_ipc_code,1,64469752
patent::64469752,ipc_code::C25B-009/70,patent_ipc_code,1,64469752
patent::64469752,concept::CO2 ELECTROLYSIS,patent_concept,1,64469752
patent::64469752,concept::ELECTROLYZER EFFLUENT,patent_concept,1,64469752
patent::64469752,concept::GAS SEPARATION,patent_concept,1,64469752
patent::64469752,concept::METHANEDIONE CO2IN,patent_concept,1,64469752
patent::64469752,concept::METHANEDIONE ELECTROLYSIS,patent_concept,1,64469752
patent::64469752,country::WO,patent_country,1,64469752
patent::64469752,country::DK,patent_country,1,64469752
patent::64469752,country::SE,patent_country,1,64469752
patent::64469752,priority_year::2012,patent_priority_year,1,64469752
patent::64469752,legal_state::ALIVE,patent_legal_state,1,64469752
patent::64469752,focus::Non-noble candidate,patent_focus,1,64469752
patent::71292352,assignee::CNRS,patent_assignee,1,71292352
patent::71292352,assignee::UNIVERSITE PARIS CITE / PARIS DIDEROT,patent_assignee,1,71292352
patent::71292352,domain::Chemical engineering,patent_domain,1,71292352
patent::71292352,"domain::Materials, metallurgy",patent_domain,1,71292352
patent::71292352,domain::Organic fine chemistry,patent_domain,1,71292352
patent::71292352,"domain::Surface technology, coating",patent_domain,1,71292352
patent::71292352,cpc_group::B01J,patent_cpc_group,1,71292352
patent::71292352,cpc_group::C01B,patent_cpc_group,1,71292352
patent::71292352,cpc_group::C07D,patent_cpc_group,1,71292352
patent::71292352,cpc_group::C07F,patent_cpc_group,1,71292352
patent::71292352,cpc_group::C25B,patent_cpc_group,1,71292352
patent::71292352,cpc_code::B01J-031/18/3,patent_cpc_code,1,71292352
patent::71292352,cpc_code::B01J-2231/62,patent_cpc_code,1,71292352
patent::71292352,cpc_code::B01J-2531/025,patent_cpc_code,1,71292352
patent::71292352,cpc_code::B01J-2531/842,patent_cpc_code,1,71292352
patent::71292352,cpc_code::C01B-031/18,patent_cpc_code,1,71292352
patent::71292352,cpc_code::C01B-032/40,patent_cpc_code,1,71292352
patent::71292352,cpc_code::C07D-487/22,patent_cpc_code,1,71292352
patent::71292352,cpc_code::C07F-015/02/5,patent_cpc_code,1,71292352
patent::71292352,cpc_code::C25B-001/00,patent_cpc_code,1,71292352
patent::71292352,cpc_code::C25B-009/00,patent_cpc_code,1,71292352
patent::71292352,ipc_group::B01J,patent_ipc_group,1,71292352
patent::71292352,ipc_group::C01B,patent_ipc_group,1,71292352
patent::71292352,ipc_group::C07D,patent_ipc_group,1,71292352
patent::71292352,ipc_group::C07F,patent_ipc_group,1,71292352
patent::71292352,ipc_group::C25B,patent_ipc_group,1,71292352
patent::71292352,ipc_code::B01J-031/22,patent_ipc_code,1,71292352
patent::71292352,ipc_code::B01J-037/34,patent_ipc_code,1,71292352
patent::71292352,ipc_code::C01B-032/40,patent_ipc_code,1,71292352
patent::71292352,ipc_code::C07D-487/22,patent_ipc_code,1,71292352
patent::71292352,ipc_code::C07F-015/02,patent_ipc_code,1,71292352
patent::71292352,ipc_code::C25B-003/04,patent_ipc_code,1,71292352
patent::71292352,ipc_code::C25B-003/25,patent_ipc_code,1,71292352
patent::71292352,concept::ALKYL,patent_concept,1,71292352
patent::71292352,concept::CATALYST MOLECULE,patent_concept,1,71292352
patent::71292352,concept::CO2 ELECTROCHEMICAL REDUCTION,patent_concept,1,71292352
patent::71292352,country::EP,patent_country,1,71292352
patent::71292352,country::FR,patent_country,1,71292352
patent::71292352,priority_year::2014,patent_priority_year,1,71292352
patent::71292352,legal_state::ALIVE,patent_legal_state,1,71292352
patent::71292352,focus::Non-noble candidate,patent_focus,1,71292352
patent::112883886,assignee::UTILITY GLOBAL,patent_assignee,1,112883886
patent::112883886,"domain::Surface technology, coating",patent_domain,1,112883886
patent::112883886,cpc_group::C25B,patent_cpc_group,1,112883886
patent::112883886,cpc_code::C25B-001/23,patent_cpc_code,1,112883886
patent::112883886,cpc_code::C25B-005/00,patent_cpc_code,1,112883886
patent::112883886,cpc_code::C25B-009/19,patent_cpc_code,1,112883886
patent::112883886,cpc_code::C25B-009/23,patent_cpc_code,1,112883886
patent::112883886,cpc_code::C25B-011/042,patent_cpc_code,1,112883886
patent::112883886,cpc_code::C25B-011/052,patent_cpc_code,1,112883886
patent::112883886,cpc_code::C25B-011/077,patent_cpc_code,1,112883886
patent::112883886,cpc_code::C25B-013/05,patent_cpc_code,1,112883886
patent::112883886,cpc_code::C25B-013/07,patent_cpc_code,1,112883886
patent::112883886,ipc_group::C25B,patent_ipc_group,1,112883886
patent::112883886,ipc_code::C25B-001/23,patent_ipc_code,1,112883886
patent::112883886,ipc_code::C25B-003/26,patent_ipc_code,1,112883886
patent::112883886,ipc_code::C25B-009/015,patent_ipc_code,1,112883886
patent::112883886,ipc_code::C25B-009/19,patent_ipc_code,1,112883886
patent::112883886,ipc_code::C25B-011/042,patent_ipc_code,1,112883886
patent::112883886,ipc_code::C25B-013/07,patent_ipc_code,1,112883886
patent::112883886,ipc_code::C25B-015/02,patent_ipc_code,1,112883886
patent::112883886,concept::ELECTROCHEMICAL REACTOR,patent_concept,1,112883886
patent::112883886,concept::TEMPERATURE ELECTROCHEMICAL PRODUCTION,patent_concept,1,112883886
patent::112883886,concept::ELECTRICITY,patent_concept,1,112883886
patent::112883886,concept::LIQUEFACTION EXTENT,patent_concept,1,112883886
patent::112883886,country::US,patent_country,1,112883886
patent::112883886,priority_year::2023,patent_priority_year,1,112883886
patent::112883886,legal_state::ALIVE,patent_legal_state,1,112883886
patent::112883886,focus::Non-noble candidate,patent_focus,1,112883886
patent::83691812,assignee::CHIYODA,patent_assignee,1,83691812
patent::83691812,domain::Chemical engineering,patent_domain,1,83691812
patent::83691812,domain::Environmental technology,patent_domain,1,83691812
patent::83691812,"domain::Materials, metallurgy",patent_domain,1,83691812
patent::83691812,"domain::Surface technology, coating",patent_domain,1,83691812
patent::83691812,cpc_group::B01D,patent_cpc_group,1,83691812
patent::83691812,cpc_group::B01J,patent_cpc_group,1,83691812
patent::83691812,cpc_group::C01B,patent_cpc_group,1,83691812
patent::83691812,cpc_group::C25B,patent_cpc_group,1,83691812
patent::83691812,cpc_group::Y02E,patent_cpc_group,1,83691812
patent::83691812,cpc_group::Y02P,patent_cpc_group,1,83691812
patent::83691812,cpc_code::B01D-053/14/25,patent_cpc_code,1,83691812
patent::83691812,cpc_code::B01D-053/14/75,patent_cpc_code,1,83691812
patent::83691812,cpc_code::B01D-053/18,patent_cpc_code,1,83691812
patent::83691812,cpc_code::B01D-053/32/6,patent_cpc_code,1,83691812
patent::83691812,cpc_code::B01J-027/232,patent_cpc_code,1,83691812
patent::83691812,cpc_code::B01J-031/12,patent_cpc_code,1,83691812
patent::83691812,cpc_code::C01B-003/02,patent_cpc_code,1,83691812
patent::83691812,cpc_code::C01B-003/56,patent_cpc_code,1,83691812
patent::83691812,cpc_code::C01B-032/40,patent_cpc_code,1,83691812
patent::83691812,cpc_code::C25B-001/04,patent_cpc_code,1,83691812
patent::83691812,ipc_group::B01D,patent_ipc_group,1,83691812
patent::83691812,ipc_group::B01J,patent_ipc_group,1,83691812
patent::83691812,ipc_group::C01B,patent_ipc_group,1,83691812
patent::83691812,ipc_group::C25B,patent_ipc_group,1,83691812
patent::83691812,ipc_code::B01D-053/14,patent_ipc_code,1,83691812
patent::83691812,ipc_code::B01D-053/18,patent_ipc_code,1,83691812
patent::83691812,ipc_code::B01J-027/232,patent_ipc_code,1,83691812
patent::83691812,ipc_code::B01J-031/12,patent_ipc_code,1,83691812
patent::83691812,ipc_code::C01B-003/02,patent_ipc_code,1,83691812
patent::83691812,ipc_code::C01B-003/56,patent_ipc_code,1,83691812
patent::83691812,ipc_code::C01B-032/40,patent_ipc_code,1,83691812
patent::83691812,ipc_code::C25B-001/00,patent_ipc_code,1,83691812
patent::83691812,concept::AQUEOUS SOLUTION,patent_concept,1,83691812
patent::83691812,concept::CATHODE CHAMBER,patent_concept,1,83691812
patent::83691812,concept::ELECTROLYTIC REDUCTION,patent_concept,1,83691812
patent::83691812,country::JP,patent_country,1,83691812
patent::83691812,priority_year::2017,patent_priority_year,1,83691812
patent::83691812,legal_state::ALIVE,patent_legal_state,1,83691812
patent::83691812,focus::AEM,patent_focus,1,83691812
patent::83691812,focus::Non-noble candidate,patent_focus,1,83691812
patent::92423180,assignee::SINOPEC,patent_assignee,1,92423180
patent::92423180,assignee::ZHEJIANG UNIVERSITY,patent_assignee,1,92423180
patent::92423180,"domain::Surface technology, coating",patent_domain,1,92423180
patent::92423180,cpc_group::C25B,patent_cpc_group,1,92423180
patent::92423180,cpc_code::C25B-001/00,patent_cpc_code,1,92423180
patent::92423180,ipc_group::C25B,patent_ipc_group,1,92423180
patent::92423180,ipc_code::C25B-001/23,patent_ipc_code,1,92423180
patent::92423180,ipc_code::C25B-009/19,patent_ipc_code,1,92423180
patent::92423180,ipc_code::C25B-011/032,patent_ipc_code,1,92423180
patent::92423180,ipc_code::C25B-011/091,patent_ipc_code,1,92423180
patent::92423180,concept::GOLD BIMETAL,patent_concept,1,92423180
patent::92423180,concept::METHANEDIONE ELECTROCHEMICAL REDUCTION,patent_concept,1,92423180
patent::92423180,concept::CATHODE CHAMBER,patent_concept,1,92423180
patent::92423180,concept::ELECTROCHEMICAL REDUCTION CATALYST,patent_concept,1,92423180
patent::92423180,concept::ELECTROCHEMICAL POOL REACTOR,patent_concept,1,92423180
patent::92423180,concept::METHANEDIONE ELECTROCHEMICAL REDUCTION CATALYST,patent_concept,1,92423180
patent::92423180,concept::SUPPORTED GOLD BIMETAL,patent_concept,1,92423180
patent::92423180,concept::MULTIWALLED CARBON NANOTUBE,patent_concept,1,92423180
patent::92423180,concept::PLATINUM ELECTRODE,patent_concept,1,92423180
patent::92423180,country::CN,patent_country,1,92423180
patent::92423180,priority_year::2019,patent_priority_year,1,92423180
patent::92423180,legal_state::ALIVE,patent_legal_state,1,92423180
patent::92423180,focus::Non-noble candidate,patent_focus,1,92423180
patent::92423180,focus::GDE,patent_focus,1,92423180
patent::79681795,assignee::DIOXIDE MATERIALS,patent_assignee,1,79681795
patent::79681795,domain::Basic materials chemistry,patent_domain,1,79681795
patent::79681795,domain::Chemical engineering,patent_domain,1,79681795
patent::79681795,domain::Organic fine chemistry,patent_domain,1,79681795
patent::79681795,"domain::Surface technology, coating",patent_domain,1,79681795
patent::79681795,cpc_group::B01J,patent_cpc_group,1,79681795
patent::79681795,cpc_group::C07C,patent_cpc_group,1,79681795
patent::79681795,cpc_group::C10G,patent_cpc_group,1,79681795
patent::79681795,cpc_group::C25B,patent_cpc_group,1,79681795
patent::79681795,cpc_group::Y02E,patent_cpc_group,1,79681795
patent::79681795,cpc_group::Y02P,patent_cpc_group,1,79681795
patent::79681795,cpc_code::B01J-019/24/5,patent_cpc_code,1,79681795
patent::79681795,cpc_code::B01J-029/40,patent_cpc_code,1,79681795
patent::79681795,cpc_code::B01J-029/85,patent_cpc_code,1,79681795
patent::79681795,cpc_code::B01J-035/10/19,patent_cpc_code,1,79681795
patent::79681795,cpc_code::B01J-035/615,patent_cpc_code,1,79681795
patent::79681795,cpc_code::C07C-001/04/05,patent_cpc_code,1,79681795
patent::79681795,cpc_code::C07C-001/04/1,patent_cpc_code,1,79681795
patent::79681795,cpc_code::C07C-001/20,patent_cpc_code,1,79681795
patent::79681795,cpc_code::C07C-029/151/8,patent_cpc_code,1,79681795
patent::79681795,cpc_code::C07C-029/152,patent_cpc_code,1,79681795
patent::79681795,ipc_group::B01J,patent_ipc_group,1,79681795
patent::79681795,ipc_group::C07C,patent_ipc_group,1,79681795
patent::79681795,ipc_group::C10G,patent_ipc_group,1,79681795
patent::79681795,ipc_group::C25B,patent_ipc_group,1,79681795
patent::79681795,ipc_code::B01J-019/24,patent_ipc_code,1,79681795
patent::79681795,ipc_code::B01J-021/04,patent_ipc_code,1,79681795
patent::79681795,ipc_code::B01J-023/80,patent_ipc_code,1,79681795
patent::79681795,ipc_code::B01J-023/882,patent_ipc_code,1,79681795
patent::79681795,ipc_code::B01J-029/40,patent_ipc_code,1,79681795
patent::79681795,ipc_code::B01J-029/85,patent_ipc_code,1,79681795
patent::79681795,ipc_code::B01J-035/10,patent_ipc_code,1,79681795
patent::79681795,ipc_code::C07C-001/04,patent_ipc_code,1,79681795
patent::79681795,concept::CO2 ELECTROLYTIC TANK,patent_concept,1,79681795
patent::79681795,concept::CO2 ELECTROLYZER,patent_concept,1,79681795
patent::79681795,concept::CYCLICAL AMINE GROUP,patent_concept,1,79681795
patent::79681795,concept::ELECTROLYSIS,patent_concept,1,79681795
patent::79681795,concept::ELECTROLYTIC TANK,patent_concept,1,79681795
patent::79681795,concept::ELECTROLYZER2INTO FUEL,patent_concept,1,79681795
patent::79681795,concept::ETHENYLBENZENE,patent_concept,1,79681795
patent::79681795,concept::METHANEDIONE ELECTROLYZER,patent_concept,1,79681795
patent::79681795,concept::POSITIVE CHARGE,patent_concept,1,79681795
patent::79681795,country::US,patent_country,1,79681795
patent::79681795,priority_year::2015,patent_priority_year,1,79681795
patent::79681795,legal_state::ALIVE,patent_legal_state,1,79681795
patent::79681795,focus::MEA,patent_focus,1,79681795
patent::79681795,focus::AEM,patent_focus,1,79681795
patent::79681795,focus::Non-noble candidate,patent_focus,1,79681795
patent::79681795,focus::GDE,patent_focus,1,79681795
patent::105036941,assignee::INSTITUTE OF CHEMICAL INDUSTRY OF FOREST PRODUCTS CHINESE ACADEMY OF FORESTRY,patent_assignee,1,105036941
patent::105036941,assignee::NANJING FORESTRY UNIVERSITY,patent_assignee,1,105036941
patent::105036941,"domain::Materials, metallurgy",patent_domain,1,105036941
patent::105036941,cpc_group::C01B,patent_cpc_group,1,105036941
patent::105036941,cpc_code::C01B-032/40,patent_cpc_code,1,105036941
patent::105036941,ipc_group::C01B,patent_ipc_group,1,105036941
patent::105036941,ipc_code::C01B-032/40,patent_ipc_code,1,105036941
patent::105036941,concept::BIOMASS,patent_concept,1,105036941
patent::105036941,concept::BIOMASS CHARCOAL,patent_concept,1,105036941
patent::105036941,concept::REDUCING,patent_concept,1,105036941
patent::105036941,concept::REDUCTION,patent_concept,1,105036941
patent::105036941,concept::REDUCTION CO2METHOD,patent_concept,1,105036941
patent::105036941,concept::VARIABLE FREQUENCY,patent_concept,1,105036941
patent::105036941,concept::VARIABLE FREQUENCY MICROWAVE BIOMASS,patent_concept,1,105036941
patent::105036941,concept::MICROWAVE FREQUENCY,patent_concept,1,105036941
patent::105036941,country::CN,patent_country,1,105036941
patent::105036941,priority_year::2023,patent_priority_year,1,105036941
patent::105036941,legal_state::ALIVE,patent_legal_state,1,105036941
patent::105036941,focus::Non-noble candidate,patent_focus,1,105036941
patent::102708989,assignee::IDEMITSU KOSAN,patent_assignee,1,102708989
patent::102708989,assignee::TAKAHATA PRECISION,patent_assignee,1,102708989
patent::102708989,assignee::UNIVERSITY OF YAMANASHI,patent_assignee,1,102708989
patent::102708989,"domain::Surface technology, coating",patent_domain,1,102708989
patent::102708989,cpc_group::C25B,patent_cpc_group,1,102708989
patent::102708989,cpc_code::C25B-001/04,patent_cpc_code,1,102708989
patent::102708989,cpc_code::C25B-001/23,patent_cpc_code,1,102708989
patent::102708989,cpc_code::C25B-003/25,patent_cpc_code,1,102708989
patent::102708989,cpc_code::C25B-003/26,patent_cpc_code,1,102708989
patent::102708989,cpc_code::C25B-009/00,patent_cpc_code,1,102708989
patent::102708989,cpc_code::C25B-009/23,patent_cpc_code,1,102708989
patent::102708989,cpc_code::C25B-009/73,patent_cpc_code,1,102708989
patent::102708989,cpc_code::C25B-011/04,patent_cpc_code,1,102708989
patent::102708989,cpc_code::C25B-011/054,patent_cpc_code,1,102708989
patent::102708989,cpc_code::C25B-013/08,patent_cpc_code,1,102708989
patent::102708989,ipc_group::C25B,patent_ipc_group,1,102708989
patent::102708989,ipc_code::C25B-001/23,patent_ipc_code,1,102708989
patent::102708989,ipc_code::C25B-009/00,patent_ipc_code,1,102708989
patent::102708989,ipc_code::C25B-009/23,patent_ipc_code,1,102708989
patent::102708989,ipc_code::C25B-011/04,patent_ipc_code,1,102708989
patent::102708989,ipc_code::C25B-011/054,patent_ipc_code,1,102708989
patent::102708989,ipc_code::C25B-011/061,patent_ipc_code,1,102708989
patent::102708989,ipc_code::C25B-011/075,patent_ipc_code,1,102708989
patent::102708989,ipc_code::C25B-011/089,patent_ipc_code,1,102708989
patent::102708989,concept::CO2 ELECTROLYSIS,patent_concept,1,102708989
patent::102708989,concept::CO2 ELECTROLYSIS PRODUCT,patent_concept,1,102708989
patent::102708989,concept::CONDUCTIVE FILM,patent_concept,1,102708989
patent::102708989,concept::ELECTROLYSIS,patent_concept,1,102708989
patent::102708989,concept::ELECTROLYTIC PRODUCT PRODUCTION,patent_concept,1,102708989
patent::102708989,concept::MANUFACTURING CO2 ELECTROLYSIS PRODUCT,patent_concept,1,102708989
patent::102708989,country::JP,patent_country,1,102708989
patent::102708989,priority_year::2021,patent_priority_year,1,102708989
patent::102708989,legal_state::ALIVE,patent_legal_state,1,102708989
patent::102708989,focus::MEA,patent_focus,1,102708989
patent::102708989,focus::AEM,patent_focus,1,102708989
patent::102708989,focus::Non-noble candidate,patent_focus,1,102708989
patent::107376902,assignee::D CRBN,patent_assignee,1,107376902
patent::107376902,domain::Chemical engineering,patent_domain,1,107376902
patent::107376902,domain::Environmental technology,patent_domain,1,107376902
patent::107376902,"domain::Materials, metallurgy",patent_domain,1,107376902
patent::107376902,cpc_group::B01J,patent_cpc_group,1,107376902
patent::107376902,cpc_group::C01B,patent_cpc_group,1,107376902
patent::107376902,cpc_code::B01J-004/00/4,patent_cpc_code,1,107376902
patent::107376902,cpc_code::B01J-004/00/7,patent_cpc_code,1,107376902
patent::107376902,cpc_code::B01J-008/00/15,patent_cpc_code,1,107376902
patent::107376902,cpc_code::B01J-008/18/27,patent_cpc_code,1,107376902
patent::107376902,cpc_code::B01J-008/42,patent_cpc_code,1,107376902
patent::107376902,cpc_code::B01J-015/00,patent_cpc_code,1,107376902
patent::107376902,cpc_code::B01J-019/00/6,patent_cpc_code,1,107376902
patent::107376902,cpc_code::B01J-019/00/66,patent_cpc_code,1,107376902
patent::107376902,cpc_code::B01J-019/08/8,patent_cpc_code,1,107376902
patent::107376902,cpc_code::B01J-019/18/81,patent_cpc_code,1,107376902
patent::107376902,ipc_group::B01D,patent_ipc_group,1,107376902
patent::107376902,ipc_group::B01J,patent_ipc_group,1,107376902
patent::107376902,ipc_group::C01B,patent_ipc_group,1,107376902
patent::107376902,ipc_code::B01D-053/62,patent_ipc_code,1,107376902
patent::107376902,ipc_code::B01J-004/00,patent_ipc_code,1,107376902
patent::107376902,ipc_code::B01J-008/00,patent_ipc_code,1,107376902
patent::107376902,ipc_code::B01J-008/18,patent_ipc_code,1,107376902
patent::107376902,ipc_code::B01J-008/42,patent_ipc_code,1,107376902
patent::107376902,ipc_code::B01J-015/00,patent_ipc_code,1,107376902
patent::107376902,ipc_code::B01J-019/00,patent_ipc_code,1,107376902
patent::107376902,ipc_code::B01J-019/08,patent_ipc_code,1,107376902
patent::107376902,concept::CONVERSION,patent_concept,1,107376902
patent::107376902,concept::CONVERTING,patent_concept,1,107376902
patent::107376902,concept::CONVERTING CO2,patent_concept,1,107376902
patent::107376902,concept::EXTRACTED PRODUCT GAS,patent_concept,1,107376902
patent::107376902,concept::PLASMA JET GENERATOR,patent_concept,1,107376902
patent::107376902,concept::SEPARATION,patent_concept,1,107376902
patent::107376902,concept::UPSCALING PLASMA REACTOR,patent_concept,1,107376902
patent::107376902,concept::PROBLEMATICAL SOOT DEPOSITION,patent_concept,1,107376902
patent::107376902,country::BE,patent_country,1,107376902
patent::107376902,priority_year::2022,patent_priority_year,1,107376902
patent::107376902,legal_state::ALIVE,patent_legal_state,1,107376902
patent::107376902,focus::Non-noble candidate,patent_focus,1,107376902
patent::44789699,assignee::DIOXIDE MATERIALS,patent_assignee,1,44789699
patent::44789699,"domain::Surface technology, coating",patent_domain,1,44789699
patent::44789699,cpc_group::C25B,patent_cpc_group,1,44789699
patent::44789699,cpc_code::C25B-001/00,patent_cpc_code,1,44789699
patent::44789699,cpc_code::C25B-001/23,patent_cpc_code,1,44789699
patent::44789699,cpc_code::C25B-009/00,patent_cpc_code,1,44789699
patent::44789699,ipc_group::C25B,patent_ipc_group,1,44789699
patent::44789699,ipc_code::C25B-009/00,patent_ipc_code,1,44789699
patent::44789699,concept::CARBON MONOXIDE GENERATOR,patent_concept,1,44789699
patent::44789699,concept::CHEMICAL LABORATORY,patent_concept,1,44789699
patent::44789699,concept::HELPER CATALYST,patent_concept,1,44789699
patent::44789699,concept::THERAPEUTIC USE,patent_concept,1,44789699
patent::44789699,concept::TETRAFLUOROBORANUIDE ANION,patent_concept,1,44789699
patent::44789699,concept::POISONING UNDESIRED REACTION,patent_concept,1,44789699
patent::44789699,concept::METHANEDIONE SOURCE,patent_concept,1,44789699
patent::44789699,concept::CONVERT METHANEDIONE,patent_concept,1,44789699
patent::44789699,concept::HYDROGEN SUPPRESSOR,patent_concept,1,44789699
patent::44789699,concept::METHANEDIONE,patent_concept,1,44789699
patent::44789699,country::US,patent_country,1,44789699
patent::44789699,priority_year::2011,patent_priority_year,1,44789699
patent::44789699,legal_state::DEAD,patent_legal_state,1,44789699
patent::44789699,focus::Non-noble candidate,patent_focus,1,44789699
patent::106145261,assignee::SEKISUI CHEMICAL,patent_assignee,1,106145261
patent::106145261,"domain::Surface technology, coating",patent_domain,1,106145261
patent::106145261,cpc_group::C25B,patent_cpc_group,1,106145261
patent::106145261,cpc_code::C25B-001/23,patent_cpc_code,1,106145261
patent::106145261,cpc_code::C25B-003/07,patent_cpc_code,1,106145261
patent::106145261,cpc_code::C25B-003/20,patent_cpc_code,1,106145261
patent::106145261,cpc_code::C25B-003/23,patent_cpc_code,1,106145261
patent::106145261,cpc_code::C25B-003/29,patent_cpc_code,1,106145261
patent::106145261,cpc_code::C25B-009/17,patent_cpc_code,1,106145261
patent::106145261,cpc_code::C25B-011/052,patent_cpc_code,1,106145261
patent::106145261,cpc_code::C25B-011/065,patent_cpc_code,1,106145261
patent::106145261,cpc_code::C25B-011/081,patent_cpc_code,1,106145261
patent::106145261,cpc_code::C25B-011/085,patent_cpc_code,1,106145261
patent::106145261,ipc_group::C25B,patent_ipc_group,1,106145261
patent::106145261,ipc_code::C25B-001/23,patent_ipc_code,1,106145261
patent::106145261,ipc_code::C25B-003/07,patent_ipc_code,1,106145261
patent::106145261,ipc_code::C25B-003/20,patent_ipc_code,1,106145261
patent::106145261,ipc_code::C25B-003/23,patent_ipc_code,1,106145261
patent::106145261,ipc_code::C25B-003/26,patent_ipc_code,1,106145261
patent::106145261,ipc_code::C25B-003/29,patent_ipc_code,1,106145261
patent::106145261,ipc_code::C25B-009/00,patent_ipc_code,1,106145261
patent::106145261,ipc_code::C25B-009/17,patent_ipc_code,1,106145261
patent::106145261,concept::CARBONYL COMPOUND,patent_concept,1,106145261
patent::106145261,concept::CARBONYL COMPOUND PRODUCTION,patent_concept,1,106145261
patent::106145261,concept::CARBONYL COMPOUND PRODUCTION METHOD,patent_concept,1,106145261
patent::106145261,concept::ELECTROCHEMICAL CELL ELECTROLYTIC COMPARTMENT,patent_concept,1,106145261
patent::106145261,concept::PRODUCING CARBONYL,patent_concept,1,106145261
patent::106145261,concept::PRODUCTION METHOD,patent_concept,1,106145261
patent::106145261,concept::REDOX ION,patent_concept,1,106145261
patent::106145261,concept::ELECTROLYTE SOLUTION,patent_concept,1,106145261
patent::106145261,concept::REAGENT,patent_concept,1,106145261
patent::106145261,country::US,patent_country,1,106145261
patent::106145261,country::JP,patent_country,1,106145261
patent::106145261,priority_year::2022,patent_priority_year,1,106145261
patent::106145261,legal_state::ALIVE,patent_legal_state,1,106145261
patent::106145261,focus::Non-noble candidate,patent_focus,1,106145261
patent::100674664,assignee::TOPSOE,patent_assignee,1,100674664
patent::100674664,"domain::Materials, metallurgy",patent_domain,1,100674664
patent::100674664,"domain::Surface technology, coating",patent_domain,1,100674664
patent::100674664,cpc_group::C25B,patent_cpc_group,1,100674664
patent::100674664,cpc_group::Y02E,patent_cpc_group,1,100674664
patent::100674664,cpc_code::C25B-001/23,patent_cpc_code,1,100674664
patent::100674664,cpc_code::C25B-001/50,patent_cpc_code,1,100674664
patent::100674664,cpc_code::C25B-003/26,patent_cpc_code,1,100674664
patent::100674664,cpc_code::C25B-009/73,patent_cpc_code,1,100674664
patent::100674664,cpc_code::C25B-013/07,patent_cpc_code,1,100674664
patent::100674664,cpc_code::C25B-015/02,patent_cpc_code,1,100674664
patent::100674664,cpc_code::C25B-015/027,patent_cpc_code,1,100674664
patent::100674664,cpc_code::C25B-015/08,patent_cpc_code,1,100674664
patent::100674664,cpc_code::C25B-015/083,patent_cpc_code,1,100674664
patent::100674664,cpc_code::C25B-015/085,patent_cpc_code,1,100674664
patent::100674664,ipc_group::C01B,patent_ipc_group,1,100674664
patent::100674664,ipc_group::C25B,patent_ipc_group,1,100674664
patent::100674664,ipc_code::C01B-032/40,patent_ipc_code,1,100674664
patent::100674664,ipc_code::C25B-001/23,patent_ipc_code,1,100674664
patent::100674664,ipc_code::C25B-001/50,patent_ipc_code,1,100674664
patent::100674664,ipc_code::C25B-003/26,patent_ipc_code,1,100674664
patent::100674664,ipc_code::C25B-009/73,patent_ipc_code,1,100674664
patent::100674664,ipc_code::C25B-013/07,patent_ipc_code,1,100674664
patent::100674664,ipc_code::C25B-015/02,patent_ipc_code,1,100674664
patent::100674664,ipc_code::C25B-015/027,patent_ipc_code,1,100674664
patent::100674664,concept::BOUDOUARD MARGIN,patent_concept,1,100674664
patent::100674664,concept::CARBON DIOXIDE ELECTROLYSIS,patent_concept,1,100674664
patent::100674664,concept::CO2 ELECTROLYSIS,patent_concept,1,100674664
patent::100674664,country::EP,patent_country,1,100674664
patent::100674664,country::DK,patent_country,1,100674664
patent::100674664,country::EE,patent_country,1,100674664
patent::100674664,country::SE,patent_country,1,100674664
patent::100674664,priority_year::2020,patent_priority_year,1,100674664
patent::100674664,legal_state::ALIVE,patent_legal_state,1,100674664
patent::100674664,focus::Non-noble candidate,patent_focus,1,100674664
patent::112473551,assignee::AVANTIUM KNOWLEDGE CENTRE,patent_assignee,1,112473551
patent::112473551,"domain::Surface technology, coating",patent_domain,1,112473551
patent::112473551,cpc_group::C25B,patent_cpc_group,1,112473551
patent::112473551,cpc_code::C25B-001/23,patent_cpc_code,1,112473551
patent::112473551,cpc_code::C25B-015/02,patent_cpc_code,1,112473551
patent::112473551,cpc_code::C25B-015/021,patent_cpc_code,1,112473551
patent::112473551,cpc_code::C25B-015/08,patent_cpc_code,1,112473551
patent::112473551,cpc_code::C25B-015/087,patent_cpc_code,1,112473551
patent::112473551,ipc_group::C25B,patent_ipc_group,1,112473551
patent::112473551,ipc_code::C25B-001/23,patent_ipc_code,1,112473551
patent::112473551,ipc_code::C25B-015/02,patent_ipc_code,1,112473551
patent::112473551,ipc_code::C25B-015/021,patent_ipc_code,1,112473551
patent::112473551,ipc_code::C25B-015/08,patent_ipc_code,1,112473551
patent::112473551,concept::CONVERTING CARBON DIOXIDE,patent_concept,1,112473551
patent::112473551,concept::ELECTROLYTIC SOLUTION,patent_concept,1,112473551
patent::112473551,concept::FEEDING ELECTROLYTE,patent_concept,1,112473551
patent::112473551,concept::REACTION CHAMBER,patent_concept,1,112473551
patent::112473551,concept::ELECTROLYTE FLOW,patent_concept,1,112473551
patent::112473551,concept::GAS INLET,patent_concept,1,112473551
patent::112473551,concept::CO2 CONVERSION,patent_concept,1,112473551
patent::112473551,concept::MIXING CHAMBER,patent_concept,1,112473551
patent::112473551,concept::DISSOLVING CARBON DIOXIDE,patent_concept,1,112473551
patent::112473551,concept::DISSOLVING TANK,patent_concept,1,112473551
patent::112473551,country::EP,patent_country,1,112473551
patent::112473551,country::NL,patent_country,1,112473551
patent::112473551,priority_year::2023,patent_priority_year,1,112473551
patent::112473551,legal_state::ALIVE,patent_legal_state,1,112473551
patent::112473551,focus::Non-noble candidate,patent_focus,1,112473551
patent::72753605,assignee::TOYOTA MOTOR,patent_assignee,1,72753605
patent::72753605,domain::Environmental technology,patent_domain,1,72753605
patent::72753605,"domain::Surface technology, coating",patent_domain,1,72753605
patent::72753605,cpc_group::C25B,patent_cpc_group,1,72753605
patent::72753605,cpc_group::Y02E,patent_cpc_group,1,72753605
patent::72753605,cpc_code::C25B-001/00,patent_cpc_code,1,72753605
patent::72753605,cpc_code::C25B-011/04/05,patent_cpc_code,1,72753605
patent::72753605,cpc_code::C25B-011/04/15,patent_cpc_code,1,72753605
patent::72753605,cpc_code::C25B-011/04/73,patent_cpc_code,1,72753605
patent::72753605,cpc_code::C25B-011/051,patent_cpc_code,1,72753605
patent::72753605,cpc_code::C25B-011/057,patent_cpc_code,1,72753605
patent::72753605,cpc_code::C25B-011/081,patent_cpc_code,1,72753605
patent::72753605,cpc_code::Y02E-060/36,patent_cpc_code,1,72753605
patent::72753605,ipc_group::B01D,patent_ipc_group,1,72753605
patent::72753605,ipc_group::C25B,patent_ipc_group,1,72753605
patent::72753605,ipc_group::C25D,patent_ipc_group,1,72753605
patent::72753605,ipc_code::B01D-053/62,patent_ipc_code,1,72753605
patent::72753605,ipc_code::B01D-053/77,patent_ipc_code,1,72753605
patent::72753605,ipc_code::C25B-001/00,patent_ipc_code,1,72753605
patent::72753605,ipc_code::C25B-001/10,patent_ipc_code,1,72753605
patent::72753605,ipc_code::C25B-011/04,patent_ipc_code,1,72753605
patent::72753605,ipc_code::C25B-011/08,patent_ipc_code,1,72753605
patent::72753605,ipc_code::C25B-015/08,patent_ipc_code,1,72753605
patent::72753605,ipc_code::C25D-011/34,patent_ipc_code,1,72753605
patent::72753605,concept::ANODIZED SILVER COMPONENT,patent_concept,1,72753605
patent::72753605,concept::ANODIZED SILVER ELECTRODE,patent_concept,1,72753605
patent::72753605,concept::ELECTROCHEMICALLY REDUCING METHANEDIONE,patent_concept,1,72753605
patent::72753605,concept::METHANEDIONE ELECTROCHEMICAL REDUCTION,patent_concept,1,72753605
patent::72753605,country::US,patent_country,1,72753605
patent::72753605,priority_year::2014,patent_priority_year,1,72753605
patent::72753605,legal_state::DEAD,patent_legal_state,1,72753605
patent::72753605,focus::Non-noble candidate,patent_focus,1,72753605
patent::114398668,assignee::UTILITY GLOBAL,patent_assignee,1,114398668
patent::114398668,"domain::Surface technology, coating",patent_domain,1,114398668
patent::114398668,cpc_group::C25B,patent_cpc_group,1,114398668
patent::114398668,cpc_group::Y02E,patent_cpc_group,1,114398668
patent::114398668,cpc_code::C25B-001/00,patent_cpc_code,1,114398668
patent::114398668,cpc_code::C25B-001/02,patent_cpc_code,1,114398668
patent::114398668,cpc_code::C25B-001/04,patent_cpc_code,1,114398668
patent::114398668,cpc_code::C25B-001/042,patent_cpc_code,1,114398668
patent::114398668,cpc_code::C25B-001/23,patent_cpc_code,1,114398668
patent::114398668,cpc_code::C25B-003/26,patent_cpc_code,1,114398668
patent::114398668,cpc_code::C25B-009/17,patent_cpc_code,1,114398668
patent::114398668,cpc_code::C25B-009/23,patent_cpc_code,1,114398668
patent::114398668,cpc_code::C25B-011/04,patent_cpc_code,1,114398668
patent::114398668,cpc_code::C25B-011/077,patent_cpc_code,1,114398668
patent::114398668,ipc_group::C25B,patent_ipc_group,1,114398668
patent::114398668,ipc_code::C25B-001/02,patent_ipc_code,1,114398668
patent::114398668,ipc_code::C25B-001/04,patent_ipc_code,1,114398668
patent::114398668,ipc_code::C25B-001/042,patent_ipc_code,1,114398668
patent::114398668,ipc_code::C25B-001/23,patent_ipc_code,1,114398668
patent::114398668,ipc_code::C25B-003/26,patent_ipc_code,1,114398668
patent::114398668,ipc_code::C25B-009/015,patent_ipc_code,1,114398668
patent::114398668,ipc_code::C25B-011/04,patent_ipc_code,1,114398668
patent::114398668,ipc_code::C25B-011/077,patent_ipc_code,1,114398668
patent::114398668,concept::COCONTAINING ELECTRODE,patent_concept,1,114398668
patent::114398668,concept::DOPED LANTHANUM CHROMITE,patent_concept,1,114398668
patent::114398668,concept::ELECTRODE,patent_concept,1,114398668
patent::114398668,concept::HYDROGEN,patent_concept,1,114398668
patent::114398668,concept::LST COMPOSITE,patent_concept,1,114398668
patent::114398668,concept::PRODUCING CARBON MONOXIDE,patent_concept,1,114398668
patent::114398668,country::US,patent_country,1,114398668
patent::114398668,priority_year::2023,patent_priority_year,1,114398668
patent::114398668,legal_state::ALIVE,patent_legal_state,1,114398668
patent::114398668,focus::Non-noble candidate,patent_focus,1,114398668
patent::112473553,assignee::AVANTIUM KNOWLEDGE CENTRE,patent_assignee,1,112473553
patent::112473553,"domain::Surface technology, coating",patent_domain,1,112473553
patent::112473553,cpc_group::C25B,patent_cpc_group,1,112473553
patent::112473553,cpc_code::C25B-001/23,patent_cpc_code,1,112473553
patent::112473553,cpc_code::C25B-015/02,patent_cpc_code,1,112473553
patent::112473553,cpc_code::C25B-015/021,patent_cpc_code,1,112473553
patent::112473553,cpc_code::C25B-015/08,patent_cpc_code,1,112473553
patent::112473553,cpc_code::C25B-015/083,patent_cpc_code,1,112473553
patent::112473553,cpc_code::C25B-015/087,patent_cpc_code,1,112473553
patent::112473553,ipc_group::C25B,patent_ipc_group,1,112473553
patent::112473553,ipc_code::C25B-001/23,patent_ipc_code,1,112473553
patent::112473553,ipc_code::C25B-015/02,patent_ipc_code,1,112473553
patent::112473553,ipc_code::C25B-015/021,patent_ipc_code,1,112473553
patent::112473553,ipc_code::C25B-015/08,patent_ipc_code,1,112473553
patent::112473553,concept::CONVERTING CARBON DIOXIDE,patent_concept,1,112473553
patent::112473553,concept::ELECTROLYTIC SOLUTION,patent_concept,1,112473553
patent::112473553,concept::FEEDING ELECTROLYTE,patent_concept,1,112473553
patent::112473553,concept::REACTION CHAMBER,patent_concept,1,112473553
patent::112473553,concept::CHAMBER SEPARATION,patent_concept,1,112473553
patent::112473553,concept::ELECTROLYTE FLOW,patent_concept,1,112473553
patent::112473553,concept::EXTRACTING GAS PRODUCTION,patent_concept,1,112473553
patent::112473553,concept::DISSOLVING CARBON DIOXIDE,patent_concept,1,112473553
patent::112473553,concept::ELECTROLYTE,patent_concept,1,112473553
patent::112473553,concept::DISSOLVED CARBON DIOXIDE,patent_concept,1,112473553
patent::112473553,country::EP,patent_country,1,112473553
patent::112473553,country::NL,patent_country,1,112473553
patent::112473553,priority_year::2023,patent_priority_year,1,112473553
patent::112473553,legal_state::ALIVE,patent_legal_state,1,112473553
patent::112473553,focus::Non-noble candidate,patent_focus,1,112473553
patent::113958355,assignee::TWELVE,patent_assignee,1,113958355
patent::113958355,domain::Organic fine chemistry,patent_domain,1,113958355
patent::113958355,"domain::Surface technology, coating",patent_domain,1,113958355
patent::113958355,cpc_group::C10G,patent_cpc_group,1,113958355
patent::113958355,cpc_group::C25B,patent_cpc_group,1,113958355
patent::113958355,cpc_group::Y02E,patent_cpc_group,1,113958355
patent::113958355,cpc_code::C10G-002/32,patent_cpc_code,1,113958355
patent::113958355,cpc_code::C25B-001/04,patent_cpc_code,1,113958355
patent::113958355,cpc_code::C25B-001/044,patent_cpc_code,1,113958355
patent::113958355,cpc_code::C25B-001/23,patent_cpc_code,1,113958355
patent::113958355,cpc_code::C25B-003/03,patent_cpc_code,1,113958355
patent::113958355,cpc_code::C25B-003/07,patent_cpc_code,1,113958355
patent::113958355,cpc_code::C25B-003/26,patent_cpc_code,1,113958355
patent::113958355,cpc_code::C25B-015/081,patent_cpc_code,1,113958355
patent::113958355,cpc_code::Y02E-060/36,patent_cpc_code,1,113958355
patent::113958355,ipc_group::C07C,patent_ipc_group,1,113958355
patent::113958355,ipc_group::C25B,patent_ipc_group,1,113958355
patent::113958355,ipc_code::C07C-001/04,patent_ipc_code,1,113958355
patent::113958355,ipc_code::C25B-001/04,patent_ipc_code,1,113958355
patent::113958355,ipc_code::C25B-001/044,patent_ipc_code,1,113958355
patent::113958355,ipc_code::C25B-001/23,patent_ipc_code,1,113958355
patent::113958355,ipc_code::C25B-003/03,patent_ipc_code,1,113958355
patent::113958355,ipc_code::C25B-003/07,patent_ipc_code,1,113958355
patent::113958355,ipc_code::C25B-003/26,patent_ipc_code,1,113958355
patent::113958355,concept::CARBON PRODUCTION,patent_concept,1,113958355
patent::113958355,concept::ELECTROCHEMICAL COX REDUCTION,patent_concept,1,113958355
patent::113958355,concept::HYDROGEN OXIDATION REACTOR,patent_concept,1,113958355
patent::113958355,concept::LIQUID HYDROCARBON PRODUCTION,patent_concept,1,113958355
patent::113958355,concept::CO2 ELECTROLYZER,patent_concept,1,113958355
patent::113958355,concept::ELECTROLYZER,patent_concept,1,113958355
patent::113958355,country::US,patent_country,1,113958355
patent::113958355,country::CA,patent_country,1,113958355
patent::113958355,priority_year::2023,patent_priority_year,1,113958355
patent::113958355,legal_state::ALIVE,patent_legal_state,1,113958355
patent::113958355,focus::AEM,patent_focus,1,113958355
patent::113958355,focus::Non-noble candidate,patent_focus,1,113958355
patent::113958355,focus::GDE,patent_focus,1,113958355
patent::92565798,assignee::UNIVERSITY OF LIVERPOOL,patent_assignee,1,92565798
patent::92565798,domain::Chemical engineering,patent_domain,1,92565798
patent::92565798,"domain::Electrical machinery, apparatus, energy",patent_domain,1,92565798
patent::92565798,"domain::Surface technology, coating",patent_domain,1,92565798
patent::92565798,cpc_group::B01J,patent_cpc_group,1,92565798
patent::92565798,cpc_group::C25B,patent_cpc_group,1,92565798
patent::92565798,cpc_group::H01M,patent_cpc_group,1,92565798
patent::92565798,cpc_code::B01J-023/34,patent_cpc_code,1,92565798
patent::92565798,cpc_code::B01J-023/755,patent_cpc_code,1,92565798
patent::92565798,cpc_code::B01J-031/16,patent_cpc_code,1,92565798
patent::92565798,cpc_code::B01J-031/18/2,patent_cpc_code,1,92565798
patent::92565798,cpc_code::B01J-031/20,patent_cpc_code,1,92565798
patent::92565798,cpc_code::B01J-2231/625,patent_cpc_code,1,92565798
patent::92565798,cpc_code::B01J-2531/72,patent_cpc_code,1,92565798
patent::92565798,cpc_code::B01J-2531/847,patent_cpc_code,1,92565798
patent::92565798,cpc_code::B01J-2540/68,patent_cpc_code,1,92565798
patent::92565798,cpc_code::C25B-001/23,patent_cpc_code,1,92565798
patent::92565798,ipc_group::B01J,patent_ipc_group,1,92565798
patent::92565798,ipc_group::C25B,patent_ipc_group,1,92565798
patent::92565798,ipc_group::H01M,patent_ipc_group,1,92565798
patent::92565798,ipc_code::B01J-023/34,patent_ipc_code,1,92565798
patent::92565798,ipc_code::B01J-023/755,patent_ipc_code,1,92565798
patent::92565798,ipc_code::B01J-031/16,patent_ipc_code,1,92565798
patent::92565798,ipc_code::C25B-001/23,patent_ipc_code,1,92565798
patent::92565798,ipc_code::C25B-003/26,patent_ipc_code,1,92565798
patent::92565798,ipc_code::C25B-009/19,patent_ipc_code,1,92565798
patent::92565798,ipc_code::C25B-009/23,patent_ipc_code,1,92565798
patent::92565798,ipc_code::C25B-011/031,patent_ipc_code,1,92565798
patent::92565798,concept::CATALYST MOLECULE,patent_concept,1,92565798
patent::92565798,concept::GAS DIFFUSION ELECTRODE,patent_concept,1,92565798
patent::92565798,concept::NICKEL CATALYST MOLECULE,patent_concept,1,92565798
patent::92565798,concept::MANGANESE CATALYST MOLECULE,patent_concept,1,92565798
patent::92565798,concept::CI CS ALKENYL GROUP,patent_concept,1,92565798
patent::92565798,country::GB,patent_country,1,92565798
patent::92565798,priority_year::2020,patent_priority_year,1,92565798
patent::92565798,legal_state::ALIVE,patent_legal_state,1,92565798
patent::92565798,focus::AEM,patent_focus,1,92565798
patent::92565798,focus::Non-noble candidate,patent_focus,1,92565798
patent::92565798,focus::GDE,patent_focus,1,92565798
patent::83693059,assignee::PRINCETON UNIVERSITY,patent_assignee,1,83693059
patent::83693059,"domain::Surface technology, coating",patent_domain,1,83693059
patent::83693059,cpc_group::C25B,patent_cpc_group,1,83693059
patent::83693059,cpc_code::C25B-003/04,patent_cpc_code,1,83693059
patent::83693059,cpc_code::C25B-003/07,patent_cpc_code,1,83693059
patent::83693059,cpc_code::C25B-003/25,patent_cpc_code,1,83693059
patent::83693059,cpc_code::C25B-003/26,patent_cpc_code,1,83693059
patent::83693059,cpc_code::C25B-009/06,patent_cpc_code,1,83693059
patent::83693059,cpc_code::C25B-009/17,patent_cpc_code,1,83693059
patent::83693059,cpc_code::C25B-011/04/78,patent_cpc_code,1,83693059
patent::83693059,cpc_code::C25B-011/052,patent_cpc_code,1,83693059
patent::83693059,cpc_code::C25B-011/089,patent_cpc_code,1,83693059
patent::83693059,cpc_code::C25B-011/091,patent_cpc_code,1,83693059
patent::83693059,ipc_group::C25B,patent_ipc_group,1,83693059
patent::83693059,ipc_code::C25B-003/07,patent_ipc_code,1,83693059
patent::83693059,ipc_code::C25B-003/25,patent_ipc_code,1,83693059
patent::83693059,ipc_code::C25B-003/26,patent_ipc_code,1,83693059
patent::83693059,ipc_code::C25B-003/29,patent_ipc_code,1,83693059
patent::83693059,ipc_code::C25B-011/052,patent_ipc_code,1,83693059
patent::83693059,ipc_code::C25B-011/089,patent_ipc_code,1,83693059
patent::83693059,ipc_code::C25B-011/091,patent_ipc_code,1,83693059
patent::83693059,concept::BINARY ALLOY,patent_concept,1,83693059
patent::83693059,concept::CARBON DIOXIDE ELECTROCATALYTIC REDUCTION,patent_concept,1,83693059
patent::83693059,country::US,patent_country,1,83693059
patent::83693059,priority_year::2017,patent_priority_year,1,83693059
patent::83693059,legal_state::ALIVE,patent_legal_state,1,83693059
patent::83693059,focus::Non-noble candidate,patent_focus,1,83693059
patent::115631039,assignee::INDIAN INSTITUTE OF TECHNOLOGY BOMBAY,patent_assignee,1,115631039
patent::115631039,domain::Pharmaceuticals,patent_domain,1,115631039
patent::115631039,ipc_group::A61K,patent_ipc_group,1,115631039
patent::115631039,ipc_group::A61P,patent_ipc_group,1,115631039
patent::115631039,ipc_group::C07F,patent_ipc_group,1,115631039
patent::115631039,ipc_code::A61K-033/32,patent_ipc_code,1,115631039
patent::115631039,ipc_code::A61P-009/12,patent_ipc_code,1,115631039
patent::115631039,ipc_code::A61P-035/00,patent_ipc_code,1,115631039
patent::115631039,ipc_code::C07F-013/00,patent_ipc_code,1,115631039
patent::115631039,concept::4 TRIAZOLE PYRIDINE,patent_concept,1,115631039
patent::115631039,concept::AQUEOUS MEDIUM,patent_concept,1,115631039
patent::115631039,concept::CATHODE MATERIAL,patent_concept,1,115631039
patent::115631039,concept::ELECTROCATALYTIC REDUCTION,patent_concept,1,115631039
patent::115631039,concept::ELECTROCHEMICAL CATALYST,patent_concept,1,115631039
patent::115631039,concept::FLUE GAS,patent_concept,1,115631039
patent::115631039,concept::GRAPHENE OXIDE,patent_concept,1,115631039
patent::115631039,concept::HYBRID MATERIAL,patent_concept,1,115631039
patent::115631039,country::IN,patent_country,1,115631039
patent::115631039,priority_year::2024,patent_priority_year,1,115631039
patent::115631039,legal_state::ALIVE,patent_legal_state,1,115631039
patent::115631039,focus::Non-noble candidate,patent_focus,1,115631039
patent::116244461,assignee::SEKISUI CHEMICAL,patent_assignee,1,116244461
patent::116244461,"domain::Surface technology, coating",patent_domain,1,116244461
patent::116244461,ipc_group::C25B,patent_ipc_group,1,116244461
patent::116244461,ipc_code::C25B-001/23,patent_ipc_code,1,116244461
patent::116244461,ipc_code::C25B-009/00,patent_ipc_code,1,116244461
patent::116244461,ipc_code::C25B-015/02,patent_ipc_code,1,116244461
patent::116244461,ipc_code::C25B-015/08,patent_ipc_code,1,116244461
patent::116244461,concept::CARBONYL COMPOUND PRODUCTION,patent_concept,1,116244461
patent::116244461,concept::ELECTROLYTE SOLUTION,patent_concept,1,116244461
patent::116244461,concept::CIRCULATION PATH,patent_concept,1,116244461
patent::116244461,concept::ALCOHOL COMPOUND,patent_concept,1,116244461
patent::116244461,concept::ELECTROLYTE,patent_concept,1,116244461
patent::116244461,concept::DISCHARGE PATH,patent_concept,1,116244461
patent::116244461,concept::PURIFICATION,patent_concept,1,116244461
patent::116244461,concept::DISCHARGING ELECTROLYTE SOLUTION,patent_concept,1,116244461
patent::116244461,concept::SYNTHESIS ELECTROLYTE,patent_concept,1,116244461
patent::116244461,concept::TETRAKIS TRIPHENYLPHOSPHINE PALLADIUM,patent_concept,1,116244461
patent::116244461,country::JP,patent_country,1,116244461
patent::116244461,priority_year::2024,patent_priority_year,1,116244461
patent::116244461,legal_state::ALIVE,patent_legal_state,1,116244461
patent::116244461,focus::Non-noble candidate,patent_focus,1,116244461
patent::83256656,assignee::PAUL SCHERRER INSTITUTE,patent_assignee,1,83256656
patent::83256656,"domain::Electrical machinery, apparatus, energy",patent_domain,1,83256656
patent::83256656,"domain::Surface technology, coating",patent_domain,1,83256656
patent::83256656,cpc_group::C25B,patent_cpc_group,1,83256656
patent::83256656,cpc_group::H01M,patent_cpc_group,1,83256656
patent::83256656,cpc_group::Y02E,patent_cpc_group,1,83256656
patent::83256656,cpc_code::C25B-001/00,patent_cpc_code,1,83256656
patent::83256656,cpc_code::C25B-001/04,patent_cpc_code,1,83256656
patent::83256656,cpc_code::C25B-001/23,patent_cpc_code,1,83256656
patent::83256656,cpc_code::C25B-003/03,patent_cpc_code,1,83256656
patent::83256656,cpc_code::C25B-003/04,patent_cpc_code,1,83256656
patent::83256656,cpc_code::C25B-003/07,patent_cpc_code,1,83256656
patent::83256656,cpc_code::C25B-003/25,patent_cpc_code,1,83256656
patent::83256656,cpc_code::C25B-003/26,patent_cpc_code,1,83256656
patent::83256656,cpc_code::C25B-009/10,patent_cpc_code,1,83256656
patent::83256656,cpc_code::C25B-009/21,patent_cpc_code,1,83256656
patent::83256656,ipc_group::C25B,patent_ipc_group,1,83256656
patent::83256656,ipc_group::H01M,patent_ipc_group,1,83256656
patent::83256656,ipc_code::C25B-001/00,patent_ipc_code,1,83256656
patent::83256656,ipc_code::C25B-001/23,patent_ipc_code,1,83256656
patent::83256656,ipc_code::C25B-003/03,patent_ipc_code,1,83256656
patent::83256656,ipc_code::C25B-003/07,patent_ipc_code,1,83256656
patent::83256656,ipc_code::C25B-003/25,patent_ipc_code,1,83256656
patent::83256656,ipc_code::C25B-003/26,patent_ipc_code,1,83256656
patent::83256656,ipc_code::C25B-009/21,patent_ipc_code,1,83256656
patent::83256656,ipc_code::C25B-009/23,patent_ipc_code,1,83256656
patent::83256656,concept::ANION EXCHANGE IONOMER,patent_concept,1,83256656
patent::83256656,concept::CARBON DIOXIDE REDUCTION,patent_concept,1,83256656
patent::83256656,concept::CELL,patent_concept,1,83256656
patent::83256656,concept::COELECTROLYSIS CELL,patent_concept,1,83256656
patent::83256656,country::EP,patent_country,1,83256656
patent::83256656,country::CH,patent_country,1,83256656
patent::83256656,priority_year::2017,patent_priority_year,1,83256656
patent::83256656,legal_state::ALIVE,patent_legal_state,1,83256656
patent::83256656,focus::MEA,patent_focus,1,83256656
patent::83256656,focus::AEM,patent_focus,1,83256656
patent::83256656,focus::Non-noble candidate,patent_focus,1,83256656
patent::83256656,focus::GDE,patent_focus,1,83256656
patent::109766128,assignee::ZHEJIANG BAIMA LAKE LABORATORY,patent_assignee,1,109766128
patent::109766128,assignee::ZHEJIANG TIANDI ENV PROT TECHNOLOGY,patent_assignee,1,109766128
patent::109766128,"domain::Materials, metallurgy",patent_domain,1,109766128
patent::109766128,domain::Micro-structure and nano-technology,patent_domain,1,109766128
patent::109766128,"domain::Surface technology, coating",patent_domain,1,109766128
patent::109766128,cpc_group::B22F,patent_cpc_group,1,109766128
patent::109766128,cpc_group::B82Y,patent_cpc_group,1,109766128
patent::109766128,cpc_group::C25B,patent_cpc_group,1,109766128
patent::109766128,cpc_code::B22F-001/0545,patent_cpc_code,1,109766128
patent::109766128,cpc_code::B22F-001/145,patent_cpc_code,1,109766128
patent::109766128,cpc_code::B82Y-030/00,patent_cpc_code,1,109766128
patent::109766128,cpc_code::B82Y-040/00,patent_cpc_code,1,109766128
patent::109766128,cpc_code::C25B-001/23,patent_cpc_code,1,109766128
patent::109766128,cpc_code::C25B-011/081,patent_cpc_code,1,109766128
patent::109766128,ipc_group::B22F,patent_ipc_group,1,109766128
patent::109766128,ipc_group::B82Y,patent_ipc_group,1,109766128
patent::109766128,ipc_group::C25B,patent_ipc_group,1,109766128
patent::109766128,ipc_code::B22F-001/0545,patent_ipc_code,1,109766128
patent::109766128,ipc_code::B22F-001/145,patent_ipc_code,1,109766128
patent::109766128,ipc_code::B82Y-030/00,patent_ipc_code,1,109766128
patent::109766128,ipc_code::B82Y-040/00,patent_ipc_code,1,109766128
patent::109766128,ipc_code::C25B-001/23,patent_ipc_code,1,109766128
patent::109766128,ipc_code::C25B-011/081,patent_ipc_code,1,109766128
patent::109766128,concept::CO2 ELECTRIC REDUCTION,patent_concept,1,109766128
patent::109766128,concept::ELECTRICAL REDUCTION,patent_concept,1,109766128
patent::109766128,concept::ON SITE MODIFICATION,patent_concept,1,109766128
patent::109766128,concept::SILVER CATALYST,patent_concept,1,109766128
patent::109766128,concept::MEMBRANE ELECTRODE REACTOR,patent_concept,1,109766128
patent::109766128,concept::CATHODE CATALYST INK,patent_concept,1,109766128
patent::109766128,concept::RICH RESERVE,patent_concept,1,109766128
patent::109766128,concept::CHEAP PRICE,patent_concept,1,109766128
patent::109766128,concept::DISPERSING SILVER NANO PARTICLE,patent_concept,1,109766128
patent::109766128,concept::ANODE CATALYST INK,patent_concept,1,109766128
patent::109766128,country::CN,patent_country,1,109766128
patent::109766128,priority_year::2023,patent_priority_year,1,109766128
patent::109766128,legal_state::ALIVE,patent_legal_state,1,109766128
patent::109766128,focus::Non-noble candidate,patent_focus,1,109766128
patent::109766128,focus::GDE,patent_focus,1,109766128
patent::94627563,assignee::TOPSOE,patent_assignee,1,94627563
patent::94627563,domain::Basic materials chemistry,patent_domain,1,94627563
patent::94627563,domain::Chemical engineering,patent_domain,1,94627563
patent::94627563,"domain::Materials, metallurgy",patent_domain,1,94627563
patent::94627563,domain::Organic fine chemistry,patent_domain,1,94627563
patent::94627563,cpc_group::B01J,patent_cpc_group,1,94627563
patent::94627563,cpc_group::C01B,patent_cpc_group,1,94627563
patent::94627563,cpc_group::C10K,patent_cpc_group,1,94627563
patent::94627563,cpc_group::Y02P,patent_cpc_group,1,94627563
patent::94627563,cpc_code::B01J-008/02/14,patent_cpc_code,1,94627563
patent::94627563,cpc_code::B01J-008/02/85,patent_cpc_code,1,94627563
patent::94627563,cpc_code::B01J-012/00/5,patent_cpc_code,1,94627563
patent::94627563,cpc_code::B01J-012/00/7,patent_cpc_code,1,94627563
patent::94627563,cpc_code::B01J-019/00/53,patent_cpc_code,1,94627563
patent::94627563,cpc_code::B01J-019/18/12,patent_cpc_code,1,94627563
patent::94627563,cpc_code::B01J-2208/00398,patent_cpc_code,1,94627563
patent::94627563,cpc_code::B01J-2208/00415,patent_cpc_code,1,94627563
patent::94627563,cpc_code::B01J-2208/00495,patent_cpc_code,1,94627563
patent::94627563,cpc_code::B01J-2219/00135,patent_cpc_code,1,94627563
patent::94627563,ipc_group::B01J,patent_ipc_group,1,94627563
patent::94627563,ipc_group::C01B,patent_ipc_group,1,94627563
patent::94627563,ipc_group::C07C,patent_ipc_group,1,94627563
patent::94627563,ipc_group::C10K,patent_ipc_group,1,94627563
patent::94627563,ipc_group::C10L,patent_ipc_group,1,94627563
patent::94627563,ipc_code::B01J-008/02,patent_ipc_code,1,94627563
patent::94627563,ipc_code::B01J-012/00,patent_ipc_code,1,94627563
patent::94627563,ipc_code::B01J-019/00,patent_ipc_code,1,94627563
patent::94627563,ipc_code::B01J-019/08,patent_ipc_code,1,94627563
patent::94627563,ipc_code::B01J-019/18,patent_ipc_code,1,94627563
patent::94627563,ipc_code::B01J-023/86,patent_ipc_code,1,94627563
patent::94627563,ipc_code::C01B-003/16,patent_ipc_code,1,94627563
patent::94627563,ipc_code::C01B-032/40,patent_ipc_code,1,94627563
patent::94627563,concept::CARBON MONOOXIDE,patent_concept,1,94627563
patent::94627563,concept::CARBON MONOOXIDE REACTOR,patent_concept,1,94627563
patent::94627563,concept::CARBON MONOXIDE REACTOR,patent_concept,1,94627563
patent::94627563,concept::FEEDSTOCK,patent_concept,1,94627563
patent::94627563,country::EP,patent_country,1,94627563
patent::94627563,country::DK,patent_country,1,94627563
patent::94627563,priority_year::2019,patent_priority_year,1,94627563
patent::94627563,legal_state::ALIVE,patent_legal_state,1,94627563
patent::94627563,focus::Non-noble candidate,patent_focus,1,94627563
patent::92464691,assignee::AIR LIQUIDE,patent_assignee,1,92464691
patent::92464691,assignee::CNRS,patent_assignee,1,92464691
patent::92464691,assignee::UNIVERSITE PARIS CITE / PARIS DIDEROT,patent_assignee,1,92464691
patent::92464691,"domain::Surface technology, coating",patent_domain,1,92464691
patent::92464691,cpc_group::C25B,patent_cpc_group,1,92464691
patent::92464691,cpc_code::C25B-001/04,patent_cpc_code,1,92464691
patent::92464691,cpc_code::C25B-001/23,patent_cpc_code,1,92464691
patent::92464691,cpc_code::C25B-009/19,patent_cpc_code,1,92464691
patent::92464691,cpc_code::C25B-009/73,patent_cpc_code,1,92464691
patent::92464691,cpc_code::C25B-011/04,patent_cpc_code,1,92464691
patent::92464691,cpc_code::C25B-011/095,patent_cpc_code,1,92464691
patent::92464691,ipc_group::C25B,patent_ipc_group,1,92464691
patent::92464691,ipc_code::C25B-001/00,patent_ipc_code,1,92464691
patent::92464691,ipc_code::C25B-001/04,patent_ipc_code,1,92464691
patent::92464691,ipc_code::C25B-001/23,patent_ipc_code,1,92464691
patent::92464691,ipc_code::C25B-009/19,patent_ipc_code,1,92464691
patent::92464691,ipc_code::C25B-009/73,patent_ipc_code,1,92464691
patent::92464691,ipc_code::C25B-011/04,patent_ipc_code,1,92464691
patent::92464691,ipc_code::C25B-011/095,patent_ipc_code,1,92464691
patent::92464691,concept::CATHODE ELECTROLYTE,patent_concept,1,92464691
patent::92464691,concept::CATHODE ELECTROLYTE SOLUTION,patent_concept,1,92464691
patent::92464691,concept::CELL,patent_concept,1,92464691
patent::92464691,concept::CO2 ELECTROCHEMICAL REDUCTION,patent_concept,1,92464691
patent::92464691,concept::COBALT MOLECULAR COMPLEX,patent_concept,1,92464691
patent::92464691,concept::FLOW CELL ELECTROLYZER,patent_concept,1,92464691
patent::92464691,country::EP,patent_country,1,92464691
patent::92464691,country::FR,patent_country,1,92464691
patent::92464691,country::DE,patent_country,1,92464691
patent::92464691,priority_year::2019,patent_priority_year,1,92464691
patent::92464691,legal_state::ALIVE,patent_legal_state,1,92464691
patent::92464691,focus::AEM,patent_focus,1,92464691
patent::92464691,focus::Non-noble candidate,patent_focus,1,92464691
patent::92464691,focus::GDE,patent_focus,1,92464691
patent::71965537,assignee::DONG EUI UNIVERSITY INDUSTRY ACADEMIC COOPERATIONFOUNDATION,patent_assignee,1,71965537
patent::71965537,assignee::UNIST,patent_assignee,1,71965537
patent::71965537,"domain::Surface technology, coating",patent_domain,1,71965537
patent::71965537,cpc_group::C25B,patent_cpc_group,1,71965537
patent::71965537,cpc_code::C25B-001/044,patent_cpc_code,1,71965537
patent::71965537,cpc_code::C25B-003/25,patent_cpc_code,1,71965537
patent::71965537,cpc_code::C25B-009/17,patent_cpc_code,1,71965537
patent::71965537,ipc_group::C25B,patent_ipc_group,1,71965537
patent::71965537,ipc_code::C25B-003/25,patent_ipc_code,1,71965537
patent::71965537,concept::FISCHER TROPSCH SYNTHESIS REACTOR,patent_concept,1,71965537
patent::71965537,concept::HYDROGEN,patent_concept,1,71965537
patent::71965537,concept::REMAINDER,patent_concept,1,71965537
patent::71965537,concept::SOLID OXIDE,patent_concept,1,71965537
patent::71965537,concept::SYNGA,patent_concept,1,71965537
patent::71965537,concept::SYNGA GENERATION,patent_concept,1,71965537
patent::71965537,country::KR,patent_country,1,71965537
patent::71965537,priority_year::2014,patent_priority_year,1,71965537
patent::71965537,legal_state::ALIVE,patent_legal_state,1,71965537
patent::71965537,focus::Non-noble candidate,patent_focus,1,71965537
patent::103030257,assignee::XIAN JIAOTONG UNIVERSITY,patent_assignee,1,103030257
patent::103030257,"domain::Materials, metallurgy",patent_domain,1,103030257
patent::103030257,"domain::Surface technology, coating",patent_domain,1,103030257
patent::103030257,cpc_group::B22F,patent_cpc_group,1,103030257
patent::103030257,cpc_group::C25B,patent_cpc_group,1,103030257
patent::103030257,cpc_group::C25D,patent_cpc_group,1,103030257
patent::103030257,cpc_code::B22F-001/0553,patent_cpc_code,1,103030257
patent::103030257,cpc_code::C25B-001/23,patent_cpc_code,1,103030257
patent::103030257,cpc_code::C25B-011/04,patent_cpc_code,1,103030257
patent::103030257,cpc_code::C25D-011/02,patent_cpc_code,1,103030257
patent::103030257,ipc_group::B22F,patent_ipc_group,1,103030257
patent::103030257,ipc_group::C25B,patent_ipc_group,1,103030257
patent::103030257,ipc_group::C25D,patent_ipc_group,1,103030257
patent::103030257,ipc_code::B22F-001/054,patent_ipc_code,1,103030257
patent::103030257,ipc_code::C25B-001/23,patent_ipc_code,1,103030257
patent::103030257,ipc_code::C25B-011/04,patent_ipc_code,1,103030257
patent::103030257,ipc_code::C25D-011/02,patent_ipc_code,1,103030257
patent::103030257,concept::ZINC CATALYST,patent_concept,1,103030257
patent::103030257,concept::AG AGCL ELECTRODE,patent_concept,1,103030257
patent::103030257,concept::ELECTROCHEMICALLY REDUCING CARBON DIOXIDE,patent_concept,1,103030257
patent::103030257,concept::ZINC NANOSHEET,patent_concept,1,103030257
patent::103030257,concept::HEXAGONAL METAL ZINC NANOSHEET,patent_concept,1,103030257
patent::103030257,concept::LAYERED STACK,patent_concept,1,103030257
patent::103030257,concept::ZINC CATALYST STABILITY,patent_concept,1,103030257
patent::103030257,concept::ZINC OXIDE ELECTRODE,patent_concept,1,103030257
patent::103030257,concept::ZINC SHEET,patent_concept,1,103030257
patent::103030257,concept::OXIDE ELECTRODE,patent_concept,1,103030257
patent::103030257,country::CN,patent_country,1,103030257
patent::103030257,priority_year::2022,patent_priority_year,1,103030257
patent::103030257,legal_state::ALIVE,patent_legal_state,1,103030257
patent::103030257,focus::Non-noble candidate,patent_focus,1,103030257
patent::115708489,assignee::JOHNS HOPKINS UNIVERSITY,patent_assignee,1,115708489
patent::115708489,"domain::Electrical machinery, apparatus, energy",patent_domain,1,115708489
patent::115708489,"domain::Surface technology, coating",patent_domain,1,115708489
patent::115708489,cpc_group::C25B,patent_cpc_group,1,115708489
patent::115708489,cpc_group::C25D,patent_cpc_group,1,115708489
patent::115708489,cpc_code::C25B-001/23,patent_cpc_code,1,115708489
patent::115708489,cpc_code::C25B-011/032,patent_cpc_code,1,115708489
patent::115708489,cpc_code::C25B-011/052,patent_cpc_code,1,115708489
patent::115708489,cpc_code::C25B-011/065,patent_cpc_code,1,115708489
patent::115708489,cpc_code::C25B-011/089,patent_cpc_code,1,115708489
patent::115708489,cpc_code::C25D-003/56/5,patent_cpc_code,1,115708489
patent::115708489,ipc_group::C25B,patent_ipc_group,1,115708489
patent::115708489,ipc_group::H01M,patent_ipc_group,1,115708489
patent::115708489,ipc_code::C25B-011/032,patent_ipc_code,1,115708489
patent::115708489,ipc_code::C25B-011/046,patent_ipc_code,1,115708489
patent::115708489,ipc_code::C25B-011/065,patent_ipc_code,1,115708489
patent::115708489,ipc_code::C25B-011/091,patent_ipc_code,1,115708489
patent::115708489,ipc_code::H01M-004/04,patent_ipc_code,1,115708489
patent::115708489,ipc_code::H01M-004/88,patent_ipc_code,1,115708489
patent::115708489,ipc_code::H01M-004/90,patent_ipc_code,1,115708489
patent::115708489,concept::ELECTRODEPOSITING INTERMETALLIC CUZN,patent_concept,1,115708489
patent::115708489,concept::GAS DIFFUSION ELECTRODE,patent_concept,1,115708489
patent::115708489,concept::MEMBRANE ELECTRODE ASSEMBLY,patent_concept,1,115708489
patent::115708489,concept::PERFORMANCE ELECTROCHEMICAL REDUCTION,patent_concept,1,115708489
patent::115708489,concept::SUBSTRATE,patent_concept,1,115708489
patent::115708489,concept::ORDERED INTERMETALLIC CUZN,patent_concept,1,115708489
patent::115708489,concept::ORDERED INTERMETALLIC CUZ,patent_concept,1,115708489
patent::115708489,concept::INTERMETALLIC CUZIU CATALYST,patent_concept,1,115708489
patent::115708489,concept::ORDERED INTERMETALLIC CUZN LAYER,patent_concept,1,115708489
patent::115708489,concept::INTERMETALLIC CUZRU CATALYST,patent_concept,1,115708489
patent::115708489,country::US,patent_country,1,115708489
patent::115708489,priority_year::2024,patent_priority_year,1,115708489
patent::115708489,legal_state::ALIVE,patent_legal_state,1,115708489
patent::115708489,focus::MEA,patent_focus,1,115708489
patent::115708489,focus::Non-noble candidate,patent_focus,1,115708489
patent::115708489,focus::GDE,patent_focus,1,115708489
patent::104791873,assignee::UNIVERSITY OF LIVERPOOL,patent_assignee,1,104791873
patent::104791873,"domain::Surface technology, coating",patent_domain,1,104791873
patent::104791873,cpc_group::C25B,patent_cpc_group,1,104791873
patent::104791873,cpc_group::Y02E,patent_cpc_group,1,104791873
patent::104791873,cpc_code::C25B-001/00,patent_cpc_code,1,104791873
patent::104791873,cpc_code::C25B-001/10,patent_cpc_code,1,104791873
patent::104791873,cpc_code::C25B-001/23,patent_cpc_code,1,104791873
patent::104791873,cpc_code::C25B-003/04,patent_cpc_code,1,104791873
patent::104791873,cpc_code::C25B-009/08,patent_cpc_code,1,104791873
patent::104791873,cpc_code::C25B-009/10,patent_cpc_code,1,104791873
patent::104791873,cpc_code::C25B-009/23,patent_cpc_code,1,104791873
patent::104791873,cpc_code::C25B-011/032,patent_cpc_code,1,104791873
patent::104791873,cpc_code::C25B-011/04/05,patent_cpc_code,1,104791873
patent::104791873,cpc_code::C25B-011/04/47,patent_cpc_code,1,104791873
patent::104791873,ipc_group::C25B,patent_ipc_group,1,104791873
patent::104791873,ipc_code::C25B-001/23,patent_ipc_code,1,104791873
patent::104791873,ipc_code::C25B-009/23,patent_ipc_code,1,104791873
patent::104791873,ipc_code::C25B-011/032,patent_ipc_code,1,104791873
patent::104791873,ipc_code::C25B-011/085,patent_ipc_code,1,104791873
patent::104791873,concept::CARBON DIOXIDE REDUCTION,patent_concept,1,104791873
patent::104791873,concept::CATALYST MOLECULE,patent_concept,1,104791873
patent::104791873,concept::REDUCING CARBON DIOXIDE,patent_concept,1,104791873
patent::104791873,concept::ION EXCHANGE MEMBRANE,patent_concept,1,104791873
patent::104791873,concept::ORGANIC LIGAND,patent_concept,1,104791873
patent::104791873,country::GB,patent_country,1,104791873
patent::104791873,priority_year::2023,patent_priority_year,1,104791873
patent::104791873,legal_state::ALIVE,patent_legal_state,1,104791873
patent::104791873,focus::AEM,patent_focus,1,104791873
patent::104791873,focus::Non-noble candidate,patent_focus,1,104791873
patent::104791873,focus::GDE,patent_focus,1,104791873
patent::96823449,assignee::IHI,patent_assignee,1,96823449
patent::96823449,"domain::Surface technology, coating",patent_domain,1,96823449
patent::96823449,cpc_group::C25B,patent_cpc_group,1,96823449
patent::96823449,cpc_group::Y02E,patent_cpc_group,1,96823449
patent::96823449,cpc_group::Y02P,patent_cpc_group,1,96823449
patent::96823449,cpc_code::C25B-001/04,patent_cpc_code,1,96823449
patent::96823449,cpc_code::C25B-001/23,patent_cpc_code,1,96823449
patent::96823449,cpc_code::C25B-009/70,patent_cpc_code,1,96823449
patent::96823449,cpc_code::C25B-009/73,patent_cpc_code,1,96823449
patent::96823449,cpc_code::C25B-009/77,patent_cpc_code,1,96823449
patent::96823449,cpc_code::C25B-013/07,patent_cpc_code,1,96823449
patent::96823449,cpc_code::C25B-015/08,patent_cpc_code,1,96823449
patent::96823449,cpc_code::Y02E-060/36,patent_cpc_code,1,96823449
patent::96823449,cpc_code::Y02P-020/133,patent_cpc_code,1,96823449
patent::96823449,ipc_group::C25B,patent_ipc_group,1,96823449
patent::96823449,ipc_code::C25B-001/04,patent_ipc_code,1,96823449
patent::96823449,ipc_code::C25B-001/23,patent_ipc_code,1,96823449
patent::96823449,ipc_code::C25B-009/00,patent_ipc_code,1,96823449
patent::96823449,ipc_code::C25B-009/23,patent_ipc_code,1,96823449
patent::96823449,ipc_code::C25B-009/70,patent_ipc_code,1,96823449
patent::96823449,ipc_code::C25B-009/73,patent_ipc_code,1,96823449
patent::96823449,ipc_code::C25B-009/77,patent_ipc_code,1,96823449
patent::96823449,ipc_code::C25B-015/02,patent_ipc_code,1,96823449
patent::96823449,concept::CO ELECTROLYZER,patent_concept,1,96823449
patent::96823449,concept::CO2 ELECTROLYTIC DEVICE,patent_concept,1,96823449
patent::96823449,concept::CO2 ELECTROLYZER,patent_concept,1,96823449
patent::96823449,concept::COELECTROLYTIC,patent_concept,1,96823449
patent::96823449,concept::COELECTROLYZING,patent_concept,1,96823449
patent::96823449,concept::COELECTROLYZING WATER,patent_concept,1,96823449
patent::96823449,concept::ELECTROLYSIS,patent_concept,1,96823449
patent::96823449,country::JP,patent_country,1,96823449
patent::96823449,priority_year::2020,patent_priority_year,1,96823449
patent::96823449,legal_state::ALIVE,patent_legal_state,1,96823449
patent::96823449,focus::Non-noble candidate,patent_focus,1,96823449
patent::112046649,assignee::ZHEJIANG UNIVERSITY,patent_assignee,1,112046649
patent::112046649,"domain::Materials, metallurgy",patent_domain,1,112046649
patent::112046649,"domain::Surface technology, coating",patent_domain,1,112046649
patent::112046649,cpc_group::C01G,patent_cpc_group,1,112046649
patent::112046649,cpc_group::C23C,patent_cpc_group,1,112046649
patent::112046649,cpc_group::C25B,patent_cpc_group,1,112046649
patent::112046649,cpc_code::C01G-055/00/4,patent_cpc_code,1,112046649
patent::112046649,cpc_code::C23C-014/18/5,patent_cpc_code,1,112046649
patent::112046649,cpc_code::C23C-014/34/85,patent_cpc_code,1,112046649
patent::112046649,cpc_code::C23C-014/35,patent_cpc_code,1,112046649
patent::112046649,cpc_code::C25B-001/23,patent_cpc_code,1,112046649
patent::112046649,cpc_code::C25B-001/50,patent_cpc_code,1,112046649
patent::112046649,cpc_code::C25B-009/23,patent_cpc_code,1,112046649
patent::112046649,cpc_code::C25B-011/032,patent_cpc_code,1,112046649
patent::112046649,cpc_code::C25B-011/052,patent_cpc_code,1,112046649
patent::112046649,cpc_code::C25B-011/054,patent_cpc_code,1,112046649
patent::112046649,ipc_group::C01G,patent_ipc_group,1,112046649
patent::112046649,ipc_group::C23C,patent_ipc_group,1,112046649
patent::112046649,ipc_group::C25B,patent_ipc_group,1,112046649
patent::112046649,ipc_code::C01G-055/00,patent_ipc_code,1,112046649
patent::112046649,ipc_code::C23C-014/18,patent_ipc_code,1,112046649
patent::112046649,ipc_code::C23C-014/35,patent_ipc_code,1,112046649
patent::112046649,ipc_code::C25B-001/23,patent_ipc_code,1,112046649
patent::112046649,ipc_code::C25B-001/50,patent_ipc_code,1,112046649
patent::112046649,ipc_code::C25B-009/23,patent_ipc_code,1,112046649
patent::112046649,ipc_code::C25B-011/032,patent_ipc_code,1,112046649
patent::112046649,ipc_code::C25B-011/052,patent_ipc_code,1,112046649
patent::112046649,concept::AG2METHOD,patent_concept,1,112046649
patent::112046649,concept::ALTERNATING CURRENT,patent_concept,1,112046649
patent::112046649,concept::ALTERNATING CURRENT MAGNETRON SPUTTERING,patent_concept,1,112046649
patent::112046649,concept::ELECTROCATALYTIC REDUCTION,patent_concept,1,112046649
patent::112046649,concept::MAGNETRON SPUTTERING,patent_concept,1,112046649
patent::112046649,concept::MEMBRANE ELECTRODE,patent_concept,1,112046649
patent::112046649,concept::MEMBRANE ELECTRODE REDUCTION,patent_concept,1,112046649
patent::112046649,concept::POROUS HYDROPHOBIC ELECTRODE,patent_concept,1,112046649
patent::112046649,concept::MONOATOMIC AG CATALYST,patent_concept,1,112046649
patent::112046649,concept::LOAD SUBSTRATE,patent_concept,1,112046649
patent::112046649,country::CN,patent_country,1,112046649
patent::112046649,priority_year::2024,patent_priority_year,1,112046649
patent::112046649,legal_state::ALIVE,patent_legal_state,1,112046649
patent::112046649,focus::Non-noble candidate,patent_focus,1,112046649
patent::112046649,focus::GDE,patent_focus,1,112046649
patent::104914800,assignee::PIZHOU PAOCHE ANCIENT LIYUAN SCENIC SPOT MANAGEMENT SERVICE,patent_assignee,1,104914800
patent::104914800,assignee::SHANGHAI JIAO TONG UNIVERSITY,patent_assignee,1,104914800
patent::104914800,"domain::Surface technology, coating",patent_domain,1,104914800
patent::104914800,cpc_group::C25B,patent_cpc_group,1,104914800
patent::104914800,cpc_code::C25B-001/00,patent_cpc_code,1,104914800
patent::104914800,cpc_code::C25B-001/23,patent_cpc_code,1,104914800
patent::104914800,cpc_code::C25B-003/04,patent_cpc_code,1,104914800
patent::104914800,cpc_code::C25B-009/08,patent_cpc_code,1,104914800
patent::104914800,cpc_code::C25B-009/60,patent_cpc_code,1,104914800
patent::104914800,cpc_code::C25B-011/032,patent_cpc_code,1,104914800
patent::104914800,cpc_code::C25B-011/054,patent_cpc_code,1,104914800
patent::104914800,cpc_code::C25B-011/069,patent_cpc_code,1,104914800
patent::104914800,ipc_group::C25B,patent_ipc_group,1,104914800
patent::104914800,ipc_code::C25B-001/23,patent_ipc_code,1,104914800
patent::104914800,ipc_code::C25B-009/60,patent_ipc_code,1,104914800
patent::104914800,ipc_code::C25B-011/032,patent_ipc_code,1,104914800
patent::104914800,ipc_code::C25B-011/054,patent_ipc_code,1,104914800
patent::104914800,ipc_code::C25B-011/069,patent_ipc_code,1,104914800
patent::104914800,concept::ALL SOLID ELECTROLYTIC REACTION,patent_concept,1,104914800
patent::104914800,concept::CARBON DIOXIDE ELECTROCATALYTIC REDUCTION,patent_concept,1,104914800
patent::104914800,concept::ELECTROCATALYTIC REDUCTION,patent_concept,1,104914800
patent::104914800,concept::SOLID ELECTROLYTIC REACTION,patent_concept,1,104914800
patent::104914800,concept::ANODE MACROPORE,patent_concept,1,104914800
patent::104914800,concept::ELECTROLYTIC REACTION,patent_concept,1,104914800
patent::104914800,country::CN,patent_country,1,104914800
patent::104914800,priority_year::2023,patent_priority_year,1,104914800
patent::104914800,legal_state::ALIVE,patent_legal_state,1,104914800
patent::104914800,focus::AEM,patent_focus,1,104914800
patent::104914800,focus::Non-noble candidate,patent_focus,1,104914800
patent::104914800,focus::GDE,patent_focus,1,104914800
patent::115347016,assignee::GD POWER DEVELOPMENT,patent_assignee,1,115347016
patent::115347016,assignee::GUONENG SANHE POWER GENERATION,patent_assignee,1,115347016
patent::115347016,"domain::Surface technology, coating",patent_domain,1,115347016
patent::115347016,cpc_group::C25B,patent_cpc_group,1,115347016
patent::115347016,cpc_code::C25B-001/00,patent_cpc_code,1,115347016
patent::115347016,cpc_code::C25B-001/02,patent_cpc_code,1,115347016
patent::115347016,cpc_code::C25B-001/10,patent_cpc_code,1,115347016
patent::115347016,cpc_code::C25B-003/04,patent_cpc_code,1,115347016
patent::115347016,cpc_code::C25B-009/08,patent_cpc_code,1,115347016
patent::115347016,cpc_code::C25B-009/10,patent_cpc_code,1,115347016
patent::115347016,cpc_code::C25B-011/04/05,patent_cpc_code,1,115347016
patent::115347016,cpc_code::C25B-011/04/15,patent_cpc_code,1,115347016
patent::115347016,cpc_code::C25B-011/04/73,patent_cpc_code,1,115347016
patent::115347016,cpc_code::C25B-015/08,patent_cpc_code,1,115347016
patent::115347016,ipc_group::C25B,patent_ipc_group,1,115347016
patent::115347016,ipc_code::C25B-001/23,patent_ipc_code,1,115347016
patent::115347016,ipc_code::C25B-003/07,patent_ipc_code,1,115347016
patent::115347016,ipc_code::C25B-003/26,patent_ipc_code,1,115347016
patent::115347016,ipc_code::C25B-009/23,patent_ipc_code,1,115347016
patent::115347016,ipc_code::C25B-011/032,patent_ipc_code,1,115347016
patent::115347016,ipc_code::C25B-011/081,patent_ipc_code,1,115347016
patent::115347016,ipc_code::C25B-011/089,patent_ipc_code,1,115347016
patent::115347016,ipc_code::C25B-015/08,patent_ipc_code,1,115347016
patent::115347016,concept::ALKALINE ELECTROLYTE,patent_concept,1,115347016
patent::115347016,concept::ELECTROCATALYTIC REDUCTION REACTION,patent_concept,1,115347016
patent::115347016,concept::REDUCTION REACTION,patent_concept,1,115347016
patent::115347016,concept::ANODE ELECTROCATALYST,patent_concept,1,115347016
patent::115347016,concept::ELECTROLYTE SATURATION,patent_concept,1,115347016
patent::115347016,concept::ANODE ELECTROLYTE RUNNER,patent_concept,1,115347016
patent::115347016,concept::ALCOHOL SELECTIVE ELECTROCATALYST,patent_concept,1,115347016
patent::115347016,concept::ALKALINE ELECTROLYTE RUNNER,patent_concept,1,115347016
patent::115347016,concept::COGENERATION COORDINATION,patent_concept,1,115347016
patent::115347016,concept::SATURATED ELECTROLYTE RUNNER,patent_concept,1,115347016
patent::115347016,country::CN,patent_country,1,115347016
patent::115347016,priority_year::2025,patent_priority_year,1,115347016
patent::115347016,legal_state::ALIVE,patent_legal_state,1,115347016
patent::115347016,focus::AEM,patent_focus,1,115347016
patent::115347016,focus::Non-noble candidate,patent_focus,1,115347016
patent::115347016,focus::GDE,patent_focus,1,115347016
patent::100427008,assignee::KUNMING UNIVERSITY OF SCIENCE & TECHNOLOGY,patent_assignee,1,100427008
patent::100427008,"domain::Surface technology, coating",patent_domain,1,100427008
patent::100427008,cpc_group::C25B,patent_cpc_group,1,100427008
patent::100427008,cpc_code::C25B-001/23,patent_cpc_code,1,100427008
patent::100427008,cpc_code::C25B-003/07,patent_cpc_code,1,100427008
patent::100427008,cpc_code::C25B-009/19,patent_cpc_code,1,100427008
patent::100427008,cpc_code::C25B-009/23,patent_cpc_code,1,100427008
patent::100427008,cpc_code::C25B-011/091,patent_cpc_code,1,100427008
patent::100427008,ipc_group::C25B,patent_ipc_group,1,100427008
patent::100427008,ipc_code::C25B-001/23,patent_ipc_code,1,100427008
patent::100427008,ipc_code::C25B-003/07,patent_ipc_code,1,100427008
patent::100427008,ipc_code::C25B-009/19,patent_ipc_code,1,100427008
patent::100427008,ipc_code::C25B-009/23,patent_ipc_code,1,100427008
patent::100427008,ipc_code::C25B-011/091,patent_ipc_code,1,100427008
patent::100427008,concept::CO2THE REDUCTION,patent_concept,1,100427008
patent::100427008,concept::ELECTROCATALYTIC REDUCTION,patent_concept,1,100427008
patent::100427008,concept::HIGH EFFICIENCY MAGNETIC FIELD,patent_concept,1,100427008
patent::100427008,concept::MAGNETIC CATHODE ELECTROCATALYST,patent_concept,1,100427008
patent::100427008,concept::MAGNETIC FIELD,patent_concept,1,100427008
patent::100427008,concept::REDUCTION,patent_concept,1,100427008
patent::100427008,concept::INTRODUCING CO2THEN,patent_concept,1,100427008
patent::100427008,concept::CURIE WEISS THEOREMBELONG,patent_concept,1,100427008
patent::100427008,country::CN,patent_country,1,100427008
patent::100427008,priority_year::2022,patent_priority_year,1,100427008
patent::100427008,legal_state::ALIVE,patent_legal_state,1,100427008
patent::100427008,focus::Non-noble candidate,patent_focus,1,100427008
patent::102493599,assignee::HUAZHONG UNIVERSITY OF SCIENCE & TECHNOLOGY,patent_assignee,1,102493599
patent::102493599,domain::Environmental technology,patent_domain,1,102493599
patent::102493599,cpc_group::B01D,patent_cpc_group,1,102493599
patent::102493599,cpc_code::B01D-053/62,patent_cpc_code,1,102493599
patent::102493599,cpc_code::B01D-053/86,patent_cpc_code,1,102493599
patent::102493599,cpc_code::B01D-2255/1023,patent_cpc_code,1,102493599
patent::102493599,cpc_code::B01D-2255/20707,patent_cpc_code,1,102493599
patent::102493599,cpc_code::B01D-2255/20761,patent_cpc_code,1,102493599
patent::102493599,cpc_code::B01D-2255/70,patent_cpc_code,1,102493599
patent::102493599,cpc_code::B01D-2255/802,patent_cpc_code,1,102493599
patent::102493599,cpc_code::B01D-2257/504,patent_cpc_code,1,102493599
patent::102493599,ipc_group::B01D,patent_ipc_group,1,102493599
patent::102493599,ipc_code::B01D-053/62,patent_ipc_code,1,102493599
patent::102493599,ipc_code::B01D-053/86,patent_ipc_code,1,102493599
patent::102493599,concept::CATALYTIC PHOTOCATALYTIC,patent_concept,1,102493599
patent::102493599,concept::REDUCTION,patent_concept,1,102493599
patent::102493599,concept::SECTIONAL TYPE SERIES,patent_concept,1,102493599
patent::102493599,concept::SERIAL CATALYSIS PHOTOCATALYTIC,patent_concept,1,102493599
patent::102493599,concept::SERIAL CATALYTIC PHOTOCATALYTIC,patent_concept,1,102493599
patent::102493599,concept::THREE PHASE INTERFACE,patent_concept,1,102493599
patent::102493599,concept::THREE PHASE INTERFACE SECTIONAL,patent_concept,1,102493599
patent::102493599,concept::STAGE CATALYST,patent_concept,1,102493599
patent::102493599,country::CN,patent_country,1,102493599
patent::102493599,priority_year::2022,patent_priority_year,1,102493599
patent::102493599,legal_state::ALIVE,patent_legal_state,1,102493599
patent::102493599,focus::GDE,patent_focus,1,102493599
patent::94787837,assignee::ZHEJIANG GUOQING ENERGY TECHNOLOGY DEVELOPMENT,patent_assignee,1,94787837
patent::94787837,"domain::Electrical machinery, apparatus, energy",patent_domain,1,94787837
patent::94787837,cpc_group::H02J,patent_cpc_group,1,94787837
patent::94787837,cpc_group::Y02E,patent_cpc_group,1,94787837
patent::94787837,cpc_group::Y02P,patent_cpc_group,1,94787837
patent::94787837,cpc_code::H02J-003/28,patent_cpc_code,1,94787837
patent::94787837,cpc_code::H02J-003/388,patent_cpc_code,1,94787837
patent::94787837,cpc_code::H02J-015/50,patent_cpc_code,1,94787837
patent::94787837,cpc_code::H02J-2101/20,patent_cpc_code,1,94787837
patent::94787837,cpc_code::H02J-2101/22,patent_cpc_code,1,94787837
patent::94787837,cpc_code::H02J-2101/28,patent_cpc_code,1,94787837
patent::94787837,cpc_code::Y02E-070/30,patent_cpc_code,1,94787837
patent::94787837,cpc_code::Y02P-090/50,patent_cpc_code,1,94787837
patent::94787837,ipc_group::H02J,patent_ipc_group,1,94787837
patent::94787837,ipc_code::H02J-003/28,patent_ipc_code,1,94787837
patent::94787837,ipc_code::H02J-003/38,patent_ipc_code,1,94787837
patent::94787837,ipc_code::H02J-015/00,patent_ipc_code,1,94787837
patent::94787837,concept::ENERGY REGULATION,patent_concept,1,94787837
patent::94787837,concept::MICROGRID ENERGY REGULATION,patent_concept,1,94787837
patent::94787837,concept::ABANDONING WIND PHENOMENON,patent_concept,1,94787837
patent::94787837,concept::MICROGRID,patent_concept,1,94787837
patent::94787837,concept::PRESET VOLTAGE,patent_concept,1,94787837
patent::94787837,concept::METHANEDIONE,patent_concept,1,94787837
patent::94787837,concept::HYDROGEN COMBUSTION,patent_concept,1,94787837
patent::94787837,concept::ABANDONMENT,patent_concept,1,94787837
patent::94787837,concept::METHANEDIONE EMISSION,patent_concept,1,94787837
patent::94787837,concept::COELECTROLYSIS,patent_concept,1,94787837
patent::94787837,country::CN,patent_country,1,94787837
patent::94787837,priority_year::2021,patent_priority_year,1,94787837
patent::94787837,legal_state::DEAD,patent_legal_state,1,94787837
patent::94787837,focus::Non-noble candidate,patent_focus,1,94787837
patent::116105015,assignee::DIOXIDE MATERIALS,patent_assignee,1,116105015
patent::116105015,"domain::Surface technology, coating",patent_domain,1,116105015
patent::116105015,cpc_group::C25B,patent_cpc_group,1,116105015
patent::116105015,cpc_code::C25B-001/23,patent_cpc_code,1,116105015
patent::116105015,cpc_code::C25B-009/23,patent_cpc_code,1,116105015
patent::116105015,cpc_code::C25B-009/60,patent_cpc_code,1,116105015
patent::116105015,cpc_code::C25B-009/75,patent_cpc_code,1,116105015
patent::116105015,cpc_code::C25B-009/77,patent_cpc_code,1,116105015
patent::116105015,cpc_code::C25B-011/032,patent_cpc_code,1,116105015
patent::116105015,cpc_code::C25B-011/081,patent_cpc_code,1,116105015
patent::116105015,cpc_code::C25B-013/08,patent_cpc_code,1,116105015
patent::116105015,cpc_code::C25B-015/081,patent_cpc_code,1,116105015
patent::116105015,cpc_code::C25B-015/083,patent_cpc_code,1,116105015
patent::116105015,ipc_group::C25B,patent_ipc_group,1,116105015
patent::116105015,ipc_code::C25B-009/19,patent_ipc_code,1,116105015
patent::116105015,ipc_code::C25B-009/23,patent_ipc_code,1,116105015
patent::116105015,ipc_code::C25B-011/00,patent_ipc_code,1,116105015
patent::116105015,ipc_code::C25B-013/00,patent_ipc_code,1,116105015
patent::116105015,ipc_code::C25B-015/08,patent_ipc_code,1,116105015
patent::116105015,concept::CO2 UTILIZATION,patent_concept,1,116105015
patent::116105015,concept::CONVERTING CO2,patent_concept,1,116105015
patent::116105015,concept::ELECTROCHEMICAL CO2 CONVERSION,patent_concept,1,116105015
patent::116105015,concept::USEFUL PRODUCT,patent_concept,1,116105015
patent::116105015,concept::IRO NANOPARTICLE,patent_concept,1,116105015
patent::116105015,concept::CO2 ELECTROLYZER,patent_concept,1,116105015
patent::116105015,concept::ANION EXCHANGE IONOMER,patent_concept,1,116105015
patent::116105015,concept::AG ALLOY NANOPARTICLE,patent_concept,1,116105015
patent::116105015,concept::CARBON REGENERATION LAYER,patent_concept,1,116105015
patent::116105015,concept::CO2 CONVERSION,patent_concept,1,116105015
patent::116105015,country::US,patent_country,1,116105015
patent::116105015,priority_year::2024,patent_priority_year,1,116105015
patent::116105015,legal_state::ALIVE,patent_legal_state,1,116105015
patent::116105015,focus::AEM,patent_focus,1,116105015
patent::116105015,focus::Non-noble candidate,patent_focus,1,116105015
patent::104822026,assignee::LIAONING UNIVERSITY,patent_assignee,1,104822026
patent::104822026,"domain::Surface technology, coating",patent_domain,1,104822026
patent::104822026,cpc_group::C25B,patent_cpc_group,1,104822026
patent::104822026,cpc_group::Y02E,patent_cpc_group,1,104822026
patent::104822026,cpc_code::C25B-001/23,patent_cpc_code,1,104822026
patent::104822026,cpc_code::C25B-011/051,patent_cpc_code,1,104822026
patent::104822026,cpc_code::C25B-011/065,patent_cpc_code,1,104822026
patent::104822026,cpc_code::C25B-011/095,patent_cpc_code,1,104822026
patent::104822026,cpc_code::Y02E-060/50,patent_cpc_code,1,104822026
patent::104822026,ipc_group::C25B,patent_ipc_group,1,104822026
patent::104822026,ipc_code::C25B-001/23,patent_ipc_code,1,104822026
patent::104822026,ipc_code::C25B-011/051,patent_ipc_code,1,104822026
patent::104822026,ipc_code::C25B-011/065,patent_ipc_code,1,104822026
patent::104822026,ipc_code::C25B-011/095,patent_ipc_code,1,104822026
patent::104822026,concept::CARBON PAPER,patent_concept,1,104822026
patent::104822026,concept::ELECTRICAL REDUCTION,patent_concept,1,104822026
patent::104822026,concept::ELECTRODE,patent_concept,1,104822026
patent::104822026,concept::PYROMELLITIC ANHYDRIDE,patent_concept,1,104822026
patent::104822026,concept::DISPERSING MELAMINE,patent_concept,1,104822026
patent::104822026,concept::REACTION KETTLE LINER,patent_concept,1,104822026
patent::104822026,concept::ELECTROCHEMICAL DIOXIDETHE FARADAY EFFICIENCY,patent_concept,1,104822026
patent::104822026,concept::MELAMINE DISPERSION,patent_concept,1,104822026
patent::104822026,concept::NONMETAL COMPOSITE ELECTRODE,patent_concept,1,104822026
patent::104822026,concept::RHE FARADAY EFFICIENCY,patent_concept,1,104822026
patent::104822026,country::CN,patent_country,1,104822026
patent::104822026,priority_year::2023,patent_priority_year,1,104822026
patent::104822026,legal_state::ALIVE,patent_legal_state,1,104822026
patent::104822026,focus::Non-noble candidate,patent_focus,1,104822026
patent::102969825,assignee::FUZHOU UNIVERSITY,patent_assignee,1,102969825
patent::102969825,"domain::Macromolecular chemistry, polymers",patent_domain,1,102969825
patent::102969825,"domain::Surface technology, coating",patent_domain,1,102969825
patent::102969825,cpc_group::C08G,patent_cpc_group,1,102969825
patent::102969825,cpc_group::C25B,patent_cpc_group,1,102969825
patent::102969825,cpc_code::C08G-012/26,patent_cpc_code,1,102969825
patent::102969825,cpc_code::C25B-001/23,patent_cpc_code,1,102969825
patent::102969825,cpc_code::C25B-001/50,patent_cpc_code,1,102969825
patent::102969825,cpc_code::C25B-011/085,patent_cpc_code,1,102969825
patent::102969825,ipc_group::C08G,patent_ipc_group,1,102969825
patent::102969825,ipc_group::C25B,patent_ipc_group,1,102969825
patent::102969825,ipc_code::C08G-012/26,patent_ipc_code,1,102969825
patent::102969825,ipc_code::C25B-001/23,patent_ipc_code,1,102969825
patent::102969825,ipc_code::C25B-001/50,patent_ipc_code,1,102969825
patent::102969825,ipc_code::C25B-011/085,patent_ipc_code,1,102969825
patent::102969825,concept::METAL BONDED THIENYL ORGANIC,patent_concept,1,102969825
patent::102969825,concept::METAL BOUND THIENYL ORGANIC,patent_concept,1,102969825
patent::102969825,concept::METAL COMBINED THIENYL ORGANIC,patent_concept,1,102969825
patent::102969825,concept::POROUS POLYMER MATERIAL,patent_concept,1,102969825
patent::102969825,concept::REDUCTION,patent_concept,1,102969825
patent::102969825,concept::THIENYL ORGANIC,patent_concept,1,102969825
patent::102969825,concept::TETRAAMINOPORPHYRIN SOLVOTHERMAL,patent_concept,1,102969825
patent::102969825,country::CN,patent_country,1,102969825
patent::102969825,priority_year::2022,patent_priority_year,1,102969825
patent::102969825,legal_state::ALIVE,patent_legal_state,1,102969825
patent::102969825,focus::Non-noble candidate,patent_focus,1,102969825
patent::112473561,assignee::AVANTIUM KNOWLEDGE CENTRE,patent_assignee,1,112473561
patent::112473561,"domain::Surface technology, coating",patent_domain,1,112473561
patent::112473561,cpc_group::C25B,patent_cpc_group,1,112473561
patent::112473561,cpc_code::C25B-001/23,patent_cpc_code,1,112473561
patent::112473561,cpc_code::C25B-015/02,patent_cpc_code,1,112473561
patent::112473561,cpc_code::C25B-015/021,patent_cpc_code,1,112473561
patent::112473561,cpc_code::C25B-015/08,patent_cpc_code,1,112473561
patent::112473561,cpc_code::C25B-015/083,patent_cpc_code,1,112473561
patent::112473561,cpc_code::C25B-015/087,patent_cpc_code,1,112473561
patent::112473561,ipc_group::C25B,patent_ipc_group,1,112473561
patent::112473561,ipc_code::C25B-001/23,patent_ipc_code,1,112473561
patent::112473561,ipc_code::C25B-015/02,patent_ipc_code,1,112473561
patent::112473561,ipc_code::C25B-015/021,patent_ipc_code,1,112473561
patent::112473561,ipc_code::C25B-015/08,patent_ipc_code,1,112473561
patent::112473561,concept::CONVERTING CARBON DIOXIDE,patent_concept,1,112473561
patent::112473561,concept::ELECTROCHEMICAL CONVERSION PRODUCT,patent_concept,1,112473561
patent::112473561,concept::ELECTROLYTIC SOLUTION,patent_concept,1,112473561
patent::112473561,concept::REDUCED CO2 CONTENT,patent_concept,1,112473561
patent::112473561,concept::FEEDING ELECTROLYTE,patent_concept,1,112473561
patent::112473561,concept::REACTION CHAMBER,patent_concept,1,112473561
patent::112473561,concept::ELECTROLYTE FLOW,patent_concept,1,112473561
patent::112473561,concept::TURBULENCE,patent_concept,1,112473561
patent::112473561,concept::ADDITIVE,patent_concept,1,112473561
patent::112473561,concept::DISSOLVED CARBON DIOXIDE,patent_concept,1,112473561
patent::112473561,country::EP,patent_country,1,112473561
patent::112473561,country::NL,patent_country,1,112473561
patent::112473561,priority_year::2023,patent_priority_year,1,112473561
patent::112473561,legal_state::ALIVE,patent_legal_state,1,112473561
patent::112473561,focus::Non-noble candidate,patent_focus,1,112473561
patent::93617165,assignee::COVESTRO,patent_assignee,1,93617165
patent::93617165,"domain::Surface technology, coating",patent_domain,1,93617165
patent::93617165,cpc_group::C25B,patent_cpc_group,1,93617165
patent::93617165,cpc_group::Y02P,patent_cpc_group,1,93617165
patent::93617165,cpc_code::C25B-001/00,patent_cpc_code,1,93617165
patent::93617165,cpc_code::C25B-001/01,patent_cpc_code,1,93617165
patent::93617165,cpc_code::C25B-001/02,patent_cpc_code,1,93617165
patent::93617165,cpc_code::C25B-001/04,patent_cpc_code,1,93617165
patent::93617165,cpc_code::C25B-001/18,patent_cpc_code,1,93617165
patent::93617165,cpc_code::C25B-001/23,patent_cpc_code,1,93617165
patent::93617165,cpc_code::C25B-001/26,patent_cpc_code,1,93617165
patent::93617165,cpc_code::C25B-003/01,patent_cpc_code,1,93617165
patent::93617165,cpc_code::C25B-003/03,patent_cpc_code,1,93617165
patent::93617165,cpc_code::C25B-003/07,patent_cpc_code,1,93617165
patent::93617165,ipc_group::C25B,patent_ipc_group,1,93617165
patent::93617165,ipc_code::C25B-001/00,patent_ipc_code,1,93617165
patent::93617165,ipc_code::C25B-001/01,patent_ipc_code,1,93617165
patent::93617165,ipc_code::C25B-001/02,patent_ipc_code,1,93617165
patent::93617165,ipc_code::C25B-001/04,patent_ipc_code,1,93617165
patent::93617165,ipc_code::C25B-001/18,patent_ipc_code,1,93617165
patent::93617165,ipc_code::C25B-001/23,patent_ipc_code,1,93617165
patent::93617165,ipc_code::C25B-001/26,patent_ipc_code,1,93617165
patent::93617165,ipc_code::C25B-003/01,patent_ipc_code,1,93617165
patent::93617165,concept::ALKALI CHLORIDE SOLUTION,patent_concept,1,93617165
patent::93617165,concept::ALKALI METAL,patent_concept,1,93617165
patent::93617165,concept::ALKALI METAL CARBONATE,patent_concept,1,93617165
patent::93617165,concept::ALKALI METAL CHLORIDE,patent_concept,1,93617165
patent::93617165,concept::ALKALI METAL CHLORIDE SOLUTION,patent_concept,1,93617165
patent::93617165,concept::ALKALI METAL HYDROGEN CARBONATE,patent_concept,1,93617165
patent::93617165,concept::ALKALI METAL SALT,patent_concept,1,93617165
patent::93617165,country::EP,patent_country,1,93617165
patent::93617165,country::DE,patent_country,1,93617165
patent::93617165,priority_year::2019,patent_priority_year,1,93617165
patent::93617165,legal_state::ALIVE,patent_legal_state,1,93617165
patent::93617165,focus::Non-noble candidate,patent_focus,1,93617165
patent::93617165,focus::GDE,patent_focus,1,93617165
patent::105156145,assignee::TWELVE,patent_assignee,1,105156145
patent::105156145,"domain::Materials, metallurgy",patent_domain,1,105156145
patent::105156145,"domain::Surface technology, coating",patent_domain,1,105156145
patent::105156145,cpc_group::C21B,patent_cpc_group,1,105156145
patent::105156145,cpc_group::C25B,patent_cpc_group,1,105156145
patent::105156145,cpc_group::Y02E,patent_cpc_group,1,105156145
patent::105156145,cpc_group::Y02P,patent_cpc_group,1,105156145
patent::105156145,cpc_code::C21B-005/00/1,patent_cpc_code,1,105156145
patent::105156145,cpc_code::C21B-005/06,patent_cpc_code,1,105156145
patent::105156145,cpc_code::C21B-007/00/2,patent_cpc_code,1,105156145
patent::105156145,cpc_code::C21B-013/00/73,patent_cpc_code,1,105156145
patent::105156145,cpc_code::C21B-013/02/3,patent_cpc_code,1,105156145
patent::105156145,cpc_code::C21B-013/14,patent_cpc_code,1,105156145
patent::105156145,cpc_code::C21B-2005/005,patent_cpc_code,1,105156145
patent::105156145,cpc_code::C21B-2100/22,patent_cpc_code,1,105156145
patent::105156145,cpc_code::C21B-2100/24,patent_cpc_code,1,105156145
patent::105156145,cpc_code::C21B-2100/26,patent_cpc_code,1,105156145
patent::105156145,ipc_group::C21B,patent_ipc_group,1,105156145
patent::105156145,ipc_group::C25B,patent_ipc_group,1,105156145
patent::105156145,ipc_code::C21B-005/00,patent_ipc_code,1,105156145
patent::105156145,ipc_code::C21B-005/06,patent_ipc_code,1,105156145
patent::105156145,ipc_code::C21B-007/00,patent_ipc_code,1,105156145
patent::105156145,ipc_code::C21B-013/00,patent_ipc_code,1,105156145
patent::105156145,ipc_code::C21B-013/02,patent_ipc_code,1,105156145
patent::105156145,ipc_code::C21B-013/14,patent_ipc_code,1,105156145
patent::105156145,ipc_code::C25B-001/04,patent_ipc_code,1,105156145
patent::105156145,ipc_code::C25B-001/23,patent_ipc_code,1,105156145
patent::105156145,concept::CARBON OXIDE,patent_concept,1,105156145
patent::105156145,concept::CARBON OXIDE ELECTROLYSIS,patent_concept,1,105156145
patent::105156145,concept::IRON PRODUCTION,patent_concept,1,105156145
patent::105156145,concept::REDUCTION ELECTROLYZER,patent_concept,1,105156145
patent::105156145,country::US,patent_country,1,105156145
patent::105156145,priority_year::2021,patent_priority_year,1,105156145
patent::105156145,legal_state::ALIVE,patent_legal_state,1,105156145
patent::105156145,focus::Non-noble candidate,patent_focus,1,105156145
patent::110503287,assignee::WANHUA CHEMICAL GROUP,patent_assignee,1,110503287
patent::110503287,"domain::Surface technology, coating",patent_domain,1,110503287
patent::110503287,cpc_group::C25B,patent_cpc_group,1,110503287
patent::110503287,cpc_group::Y02E,patent_cpc_group,1,110503287
patent::110503287,cpc_code::C25B-001/26,patent_cpc_code,1,110503287
patent::110503287,cpc_code::C25B-001/50,patent_cpc_code,1,110503287
patent::110503287,cpc_code::C25B-009/60,patent_cpc_code,1,110503287
patent::110503287,cpc_code::C25B-011/032,patent_cpc_code,1,110503287
patent::110503287,cpc_code::C25B-011/091,patent_cpc_code,1,110503287
patent::110503287,cpc_code::Y02E-060/36,patent_cpc_code,1,110503287
patent::110503287,ipc_group::C25B,patent_ipc_group,1,110503287
patent::110503287,ipc_code::C25B-001/26,patent_ipc_code,1,110503287
patent::110503287,ipc_code::C25B-001/50,patent_ipc_code,1,110503287
patent::110503287,ipc_code::C25B-009/60,patent_ipc_code,1,110503287
patent::110503287,ipc_code::C25B-011/032,patent_ipc_code,1,110503287
patent::110503287,ipc_code::C25B-011/091,patent_ipc_code,1,110503287
patent::110503287,concept::ELECTROLYSIS,patent_concept,1,110503287
patent::110503287,concept::ELECTROLYSIS TWO STEP,patent_concept,1,110503287
patent::110503287,concept::HYDROPHOBIC DIAPHRAGM,patent_concept,1,110503287
patent::110503287,concept::PHOSGENE,patent_concept,1,110503287
patent::110503287,concept::BREATHABLE DIAPHRAGM,patent_concept,1,110503287
patent::110503287,concept::CATHODE COEXISTENCE CHAMBER,patent_concept,1,110503287
patent::110503287,concept::HYDROPHOBIC FLUORINE,patent_concept,1,110503287
patent::110503287,concept::INDIRECT ELECTROLYSIS,patent_concept,1,110503287
patent::110503287,concept::FOSSIL FUEL OVERUSE,patent_concept,1,110503287
patent::110503287,concept::COEXISTENCE CHAMBER,patent_concept,1,110503287
patent::110503287,country::CN,patent_country,1,110503287
patent::110503287,priority_year::2023,patent_priority_year,1,110503287
patent::110503287,legal_state::ALIVE,patent_legal_state,1,110503287
patent::110503287,focus::Non-noble candidate,patent_focus,1,110503287
patent::110503287,focus::GDE,patent_focus,1,110503287
patent::108150520,assignee::SHAANXI COAL INDUSTRY NEW ENERGY TECHNOLOGY,patent_assignee,1,108150520
patent::108150520,assignee::XI AN UNIVERSITY OF SCIENCE & TECHNOLOGY,patent_assignee,1,108150520
patent::108150520,"domain::Electrical machinery, apparatus, energy",patent_domain,1,108150520
patent::108150520,cpc_group::H01M,patent_cpc_group,1,108150520
patent::108150520,cpc_code::H01M-008/04/089,patent_cpc_code,1,108150520
patent::108150520,cpc_code::H01M-008/04/201,patent_cpc_code,1,108150520
patent::108150520,cpc_code::H01M-008/04/753,patent_cpc_code,1,108150520
patent::108150520,cpc_code::H01M-008/22,patent_cpc_code,1,108150520
patent::108150520,cpc_code::H01M-008/24/65,patent_cpc_code,1,108150520
patent::108150520,cpc_code::H01M-2008/1293,patent_cpc_code,1,108150520
patent::108150520,ipc_group::H01M,patent_ipc_group,1,108150520
patent::108150520,ipc_code::H01M-008/04082,patent_ipc_code,1,108150520
patent::108150520,ipc_code::H01M-008/04089,patent_ipc_code,1,108150520
patent::108150520,ipc_code::H01M-008/04746,patent_ipc_code,1,108150520
patent::108150520,ipc_code::H01M-008/22,patent_ipc_code,1,108150520
patent::108150520,ipc_code::H01M-008/2465,patent_ipc_code,1,108150520
patent::108150520,concept::COGENERATION,patent_concept,1,108150520
patent::108150520,concept::SOLID CARBON FUEL,patent_concept,1,108150520
patent::108150520,concept::SOLID CARBON FEEDING,patent_concept,1,108150520
patent::108150520,concept::BATTERY OUTPUT PERFORMANCE,patent_concept,1,108150520
patent::108150520,concept::CARRIER GAS,patent_concept,1,108150520
patent::108150520,concept::SPIRAL FEEDER,patent_concept,1,108150520
patent::108150520,concept::CATHODE LAYER,patent_concept,1,108150520
patent::108150520,concept::STABILIZED ZIRCONIA,patent_concept,1,108150520
patent::108150520,concept::ANODE LAYER,patent_concept,1,108150520
patent::108150520,concept::GASIFICATION REACTION TUBE,patent_concept,1,108150520
patent::108150520,country::CN,patent_country,1,108150520
patent::108150520,priority_year::2023,patent_priority_year,1,108150520
patent::108150520,legal_state::ALIVE,patent_legal_state,1,108150520
patent::108150520,focus::Non-noble candidate,patent_focus,1,108150520
patent::75166129,assignee::ENGIE,patent_assignee,1,75166129
patent::75166129,domain::Basic materials chemistry,patent_domain,1,75166129
patent::75166129,"domain::Surface technology, coating",patent_domain,1,75166129
patent::75166129,cpc_group::C10L,patent_cpc_group,1,75166129
patent::75166129,cpc_group::C25B,patent_cpc_group,1,75166129
patent::75166129,cpc_group::Y02E,patent_cpc_group,1,75166129
patent::75166129,cpc_code::C10L-003/08,patent_cpc_code,1,75166129
patent::75166129,cpc_code::C10L-003/10/4,patent_cpc_code,1,75166129
patent::75166129,cpc_code::C10L-003/10/6,patent_cpc_code,1,75166129
patent::75166129,cpc_code::C25B-001/00,patent_cpc_code,1,75166129
patent::75166129,cpc_code::C25B-001/04,patent_cpc_code,1,75166129
patent::75166129,cpc_code::C25B-001/23,patent_cpc_code,1,75166129
patent::75166129,cpc_code::C25B-015/08,patent_cpc_code,1,75166129
patent::75166129,cpc_code::C25B-015/081,patent_cpc_code,1,75166129
patent::75166129,cpc_code::C25B-015/083,patent_cpc_code,1,75166129
patent::75166129,cpc_code::Y02E-060/36,patent_cpc_code,1,75166129
patent::75166129,ipc_group::C10L,patent_ipc_group,1,75166129
patent::75166129,ipc_group::C25B,patent_ipc_group,1,75166129
patent::75166129,ipc_code::C10L-003/08,patent_ipc_code,1,75166129
patent::75166129,ipc_code::C10L-003/10,patent_ipc_code,1,75166129
patent::75166129,ipc_code::C25B-001/00,patent_ipc_code,1,75166129
patent::75166129,ipc_code::C25B-001/04,patent_ipc_code,1,75166129
patent::75166129,ipc_code::C25B-015/08,patent_ipc_code,1,75166129
patent::75166129,concept::ISOTHERMAL METHANATION REACTOR,patent_concept,1,75166129
patent::75166129,concept::SYNGA,patent_concept,1,75166129
patent::75166129,concept::SYNTHESIS GAS,patent_concept,1,75166129
patent::75166129,country::FR,patent_country,1,75166129
patent::75166129,priority_year::2015,patent_priority_year,1,75166129
patent::75166129,legal_state::ALIVE,patent_legal_state,1,75166129
patent::75166129,focus::Non-noble candidate,patent_focus,1,75166129
patent::73295054,assignee::TOPSOE,patent_assignee,1,73295054
patent::73295054,domain::Chemical engineering,patent_domain,1,73295054
patent::73295054,domain::Environmental technology,patent_domain,1,73295054
patent::73295054,"domain::Materials, metallurgy",patent_domain,1,73295054
patent::73295054,"domain::Surface technology, coating",patent_domain,1,73295054
patent::73295054,cpc_group::B01D,patent_cpc_group,1,73295054
patent::73295054,cpc_group::C01B,patent_cpc_group,1,73295054
patent::73295054,cpc_group::C25B,patent_cpc_group,1,73295054
patent::73295054,cpc_group::Y02P,patent_cpc_group,1,73295054
patent::73295054,cpc_code::B01D-053/26/1,patent_cpc_code,1,73295054
patent::73295054,cpc_code::B01D-2256/22,patent_cpc_code,1,73295054
patent::73295054,cpc_code::C01B-031/18,patent_cpc_code,1,73295054
patent::73295054,cpc_code::C01B-032/40,patent_cpc_code,1,73295054
patent::73295054,cpc_code::C25B-001/00,patent_cpc_code,1,73295054
patent::73295054,cpc_code::C25B-001/23,patent_cpc_code,1,73295054
patent::73295054,cpc_code::C25B-013/04,patent_cpc_code,1,73295054
patent::73295054,cpc_code::C25B-015/08,patent_cpc_code,1,73295054
patent::73295054,cpc_code::C25B-015/083,patent_cpc_code,1,73295054
patent::73295054,cpc_code::Y02P-020/151,patent_cpc_code,1,73295054
patent::73295054,ipc_group::B01D,patent_ipc_group,1,73295054
patent::73295054,ipc_group::B01J,patent_ipc_group,1,73295054
patent::73295054,ipc_group::C01B,patent_ipc_group,1,73295054
patent::73295054,ipc_group::C25B,patent_ipc_group,1,73295054
patent::73295054,ipc_code::B01D-053/26,patent_ipc_code,1,73295054
patent::73295054,ipc_code::B01D-053/86,patent_ipc_code,1,73295054
patent::73295054,ipc_code::B01J-023/42,patent_ipc_code,1,73295054
patent::73295054,ipc_code::B01J-023/44,patent_ipc_code,1,73295054
patent::73295054,ipc_code::C01B-032/40,patent_ipc_code,1,73295054
patent::73295054,ipc_code::C25B-001/00,patent_ipc_code,1,73295054
patent::73295054,ipc_code::C25B-013/04,patent_ipc_code,1,73295054
patent::73295054,ipc_code::C25B-015/08,patent_ipc_code,1,73295054
patent::73295054,concept::ELECTROLYSIS,patent_concept,1,73295054
patent::73295054,concept::FOOD GRADE,patent_concept,1,73295054
patent::73295054,concept::FOOD GRADE METHANEDIONE,patent_concept,1,73295054
patent::73295054,concept::METHANEDIONE,patent_concept,1,73295054
patent::73295054,country::EP,patent_country,1,73295054
patent::73295054,country::DK,patent_country,1,73295054
patent::73295054,country::SE,patent_country,1,73295054
patent::73295054,priority_year::2014,patent_priority_year,1,73295054
patent::73295054,legal_state::ALIVE,patent_legal_state,1,73295054
patent::73295054,focus::Non-noble candidate,patent_focus,1,73295054
patent::84680718,assignee::KOREA INSTITUTE OF INDUSTRIAL TECHNOLOGY,patent_assignee,1,84680718
patent::84680718,"domain::Materials, metallurgy",patent_domain,1,84680718
patent::84680718,"domain::Surface technology, coating",patent_domain,1,84680718
patent::84680718,cpc_group::C01B,patent_cpc_group,1,84680718
patent::84680718,cpc_group::C25B,patent_cpc_group,1,84680718
patent::84680718,cpc_code::C01B-032/40,patent_cpc_code,1,84680718
patent::84680718,cpc_code::C25B-001/00,patent_cpc_code,1,84680718
patent::84680718,cpc_code::C25B-001/01,patent_cpc_code,1,84680718
patent::84680718,cpc_code::C25B-009/08,patent_cpc_code,1,84680718
patent::84680718,cpc_code::C25B-009/19,patent_cpc_code,1,84680718
patent::84680718,cpc_code::C25B-011/03/5,patent_cpc_code,1,84680718
patent::84680718,cpc_code::C25B-011/031,patent_cpc_code,1,84680718
patent::84680718,cpc_code::C25B-011/04/1,patent_cpc_code,1,84680718
patent::84680718,cpc_code::C25B-011/055,patent_cpc_code,1,84680718
patent::84680718,cpc_code::C25B-015/08,patent_cpc_code,1,84680718
patent::84680718,ipc_group::C01B,patent_ipc_group,1,84680718
patent::84680718,ipc_group::C25B,patent_ipc_group,1,84680718
patent::84680718,ipc_code::C01B-032/40,patent_ipc_code,1,84680718
patent::84680718,ipc_code::C25B-009/19,patent_ipc_code,1,84680718
patent::84680718,ipc_code::C25B-015/08,patent_ipc_code,1,84680718
patent::84680718,concept::CARBON DIOXIDE CONVERSION,patent_concept,1,84680718
patent::84680718,concept::INORGANIC CATALYST CARBONATION,patent_concept,1,84680718
patent::84680718,concept::ELECTRODE ELECTROLYTE,patent_concept,1,84680718
patent::84680718,concept::ELECTROLYTE,patent_concept,1,84680718
patent::84680718,concept::REDUCTION ELECTRODE,patent_concept,1,84680718
patent::84680718,concept::INORGANIC CATALYST,patent_concept,1,84680718
patent::84680718,concept::PHOSPHONIUM ION,patent_concept,1,84680718
patent::84680718,concept::QUATERNARY AMMONIUM,patent_concept,1,84680718
patent::84680718,concept::DEEP SEA FLOOR,patent_concept,1,84680718
patent::84680718,concept::USABLE CARBON MONOXIDE,patent_concept,1,84680718
patent::84680718,country::KR,patent_country,1,84680718
patent::84680718,priority_year::2017,patent_priority_year,1,84680718
patent::84680718,legal_state::DEAD,patent_legal_state,1,84680718
patent::84680718,focus::Non-noble candidate,patent_focus,1,84680718
patent::84680718,focus::GDE,patent_focus,1,84680718
patent::116720313,assignee::CHINA OCEAN UNIVERSITY,patent_assignee,1,116720313
patent::116720313,"domain::Surface technology, coating",patent_domain,1,116720313
patent::116720313,cpc_group::C25B,patent_cpc_group,1,116720313
patent::116720313,cpc_code::C25B-001/00,patent_cpc_code,1,116720313
patent::116720313,cpc_code::C25B-003/04,patent_cpc_code,1,116720313
patent::116720313,cpc_code::C25B-011/02,patent_cpc_code,1,116720313
patent::116720313,cpc_code::C25B-011/04/05,patent_cpc_code,1,116720313
patent::116720313,cpc_code::C25B-011/04/15,patent_cpc_code,1,116720313
patent::116720313,cpc_code::C25B-011/04/47,patent_cpc_code,1,116720313
patent::116720313,cpc_code::C25B-011/04/89,patent_cpc_code,1,116720313
patent::116720313,ipc_group::C25B,patent_ipc_group,1,116720313
patent::116720313,ipc_code::C25B-001/23,patent_ipc_code,1,116720313
patent::116720313,ipc_code::C25B-009/23,patent_ipc_code,1,116720313
patent::116720313,ipc_code::C25B-011/02,patent_ipc_code,1,116720313
patent::116720313,ipc_code::C25B-011/067,patent_ipc_code,1,116720313
patent::116720313,ipc_code::C25B-011/075,patent_ipc_code,1,116720313
patent::116720313,ipc_code::C25B-011/081,patent_ipc_code,1,116720313
patent::116720313,concept::ELECTROCATALYTIC CARBON DIOXIDE,patent_concept,1,116720313
patent::116720313,concept::INGREDIENT CATALYST,patent_concept,1,116720313
patent::116720313,concept::METAL ACTIVE INGREDIENT CATALYST,patent_concept,1,116720313
patent::116720313,concept::SILICA,patent_concept,1,116720313
patent::116720313,concept::ELECTROCATALYTIC REDUCTION,patent_concept,1,116720313
patent::116720313,concept::CARBON DIOXIDE ELECTROCATALYTIC REDUCTION,patent_concept,1,116720313
patent::116720313,concept::UNMODIFIED AG SIO,patent_concept,1,116720313
patent::116720313,concept::ELECTROREDUCTION REACTION,patent_concept,1,116720313
patent::116720313,concept::CATALYTIC LAYER,patent_concept,1,116720313
patent::116720313,concept::COLLOID BALL,patent_concept,1,116720313
patent::116720313,country::CN,patent_country,1,116720313
patent::116720313,priority_year::2025,patent_priority_year,1,116720313
patent::116720313,legal_state::ALIVE,patent_legal_state,1,116720313
patent::116720313,focus::MEA,patent_focus,1,116720313
patent::116720313,focus::AEM,patent_focus,1,116720313
patent::116720313,focus::Non-noble candidate,patent_focus,1,116720313
patent::98164251,assignee::KUNMING UNIVERSITY OF SCIENCE & TECHNOLOGY,patent_assignee,1,98164251
patent::98164251,"domain::Surface technology, coating",patent_domain,1,98164251
patent::98164251,cpc_group::C25B,patent_cpc_group,1,98164251
patent::98164251,cpc_code::C25B-001/23,patent_cpc_code,1,98164251
patent::98164251,cpc_code::C25B-001/46,patent_cpc_code,1,98164251
patent::98164251,cpc_code::C25B-009/00,patent_cpc_code,1,98164251
patent::98164251,cpc_code::C25B-009/70,patent_cpc_code,1,98164251
patent::98164251,ipc_group::C25B,patent_ipc_group,1,98164251
patent::98164251,ipc_code::C25B-001/23,patent_ipc_code,1,98164251
patent::98164251,ipc_code::C25B-001/46,patent_ipc_code,1,98164251
patent::98164251,ipc_code::C25B-009/00,patent_ipc_code,1,98164251
patent::98164251,ipc_code::C25B-009/70,patent_ipc_code,1,98164251
patent::98164251,concept::BIPOLAR MEMBRANE ELECTROLYSIS,patent_concept,1,98164251
patent::98164251,concept::BYPRODUCT,patent_concept,1,98164251
patent::98164251,concept::CHLORINE,patent_concept,1,98164251
patent::98164251,concept::CHLORINE PRODUCTION,patent_concept,1,98164251
patent::98164251,concept::MEMBRANE ELECTROLYSIS,patent_concept,1,98164251
patent::98164251,concept::METAL HYDROXIDE,patent_concept,1,98164251
patent::98164251,country::CN,patent_country,1,98164251
patent::98164251,priority_year::2021,patent_priority_year,1,98164251
patent::98164251,legal_state::ALIVE,patent_legal_state,1,98164251
patent::98164251,focus::GDE,patent_focus,1,98164251
patent::116476220,assignee::NORTHWESTERN UNIVERSITY,patent_assignee,1,116476220
patent::116476220,assignee::ARAMCO,patent_assignee,1,116476220
patent::116476220,"domain::Materials, metallurgy",patent_domain,1,116476220
patent::116476220,"domain::Surface technology, coating",patent_domain,1,116476220
patent::116476220,cpc_group::C01B,patent_cpc_group,1,116476220
patent::116476220,cpc_group::C25B,patent_cpc_group,1,116476220
patent::116476220,cpc_code::C01B-032/40,patent_cpc_code,1,116476220
patent::116476220,cpc_code::C25B-001/23,patent_cpc_code,1,116476220
patent::116476220,cpc_code::C25B-009/19,patent_cpc_code,1,116476220
patent::116476220,cpc_code::C25B-011/032,patent_cpc_code,1,116476220
patent::116476220,cpc_code::C25B-011/052,patent_cpc_code,1,116476220
patent::116476220,cpc_code::C25B-011/054,patent_cpc_code,1,116476220
patent::116476220,cpc_code::C25B-011/069,patent_cpc_code,1,116476220
patent::116476220,cpc_code::C25B-011/095,patent_cpc_code,1,116476220
patent::116476220,cpc_code::C25B-013/02,patent_cpc_code,1,116476220
patent::116476220,cpc_code::C25B-013/08,patent_cpc_code,1,116476220
patent::116476220,ipc_group::C01B,patent_ipc_group,1,116476220
patent::116476220,ipc_group::C25B,patent_ipc_group,1,116476220
patent::116476220,ipc_code::C01B-032/40,patent_ipc_code,1,116476220
patent::116476220,ipc_code::C25B-001/02,patent_ipc_code,1,116476220
patent::116476220,ipc_code::C25B-001/23,patent_ipc_code,1,116476220
patent::116476220,ipc_code::C25B-003/26,patent_ipc_code,1,116476220
patent::116476220,ipc_code::C25B-009/17,patent_ipc_code,1,116476220
patent::116476220,ipc_code::C25B-009/40,patent_ipc_code,1,116476220
patent::116476220,concept::CARBONATE,patent_concept,1,116476220
patent::116476220,concept::PHTHALOCYANINE CATALYST,patent_concept,1,116476220
patent::116476220,concept::SYNGA ELECTROSYNTHESIS,patent_concept,1,116476220
patent::116476220,concept::METAL PHTHALOCYANINE CATALYST,patent_concept,1,116476220
patent::116476220,concept::REFERENCED ENTITY PERFECT ABSENCE,patent_concept,1,116476220
patent::116476220,concept::ELECTROLYZER CATHOLYTE,patent_concept,1,116476220
patent::116476220,concept::POLYDOPAMINE COATING,patent_concept,1,116476220
patent::116476220,concept::CATHOLYTE,patent_concept,1,116476220
patent::116476220,concept::COBALT PHTHALOCYANINE CATALYST,patent_concept,1,116476220
patent::116476220,concept::REFERENCED ENTITY,patent_concept,1,116476220
patent::116476220,country::US,patent_country,1,116476220
patent::116476220,country::SA,patent_country,1,116476220
patent::116476220,priority_year::2024,patent_priority_year,1,116476220
patent::116476220,legal_state::ALIVE,patent_legal_state,1,116476220
patent::116476220,focus::AEM,patent_focus,1,116476220
patent::116476220,focus::Non-noble candidate,patent_focus,1,116476220
patent::105393249,assignee::TOSHIBA,patent_assignee,1,105393249
patent::105393249,"domain::Electrical machinery, apparatus, energy",patent_domain,1,105393249
patent::105393249,domain::Environmental technology,patent_domain,1,105393249
patent::105393249,"domain::Surface technology, coating",patent_domain,1,105393249
patent::105393249,cpc_group::Y02E,patent_cpc_group,1,105393249
patent::105393249,cpc_code::Y02E-060/50,patent_cpc_code,1,105393249
patent::105393249,ipc_group::B01D,patent_ipc_group,1,105393249
patent::105393249,ipc_group::C25B,patent_ipc_group,1,105393249
patent::105393249,ipc_group::H01M,patent_ipc_group,1,105393249
patent::105393249,ipc_code::B01D-053/62,patent_ipc_code,1,105393249
patent::105393249,ipc_code::B01D-053/74,patent_ipc_code,1,105393249
patent::105393249,ipc_code::C25B-001/23,patent_ipc_code,1,105393249
patent::105393249,ipc_code::C25B-005/00,patent_ipc_code,1,105393249
patent::105393249,ipc_code::C25B-009/65,patent_ipc_code,1,105393249
patent::105393249,ipc_code::C25B-015/08,patent_ipc_code,1,105393249
patent::105393249,ipc_code::H01M-008/04,patent_ipc_code,1,105393249
patent::105393249,ipc_code::H01M-008/04791,patent_ipc_code,1,105393249
patent::105393249,concept::CARBON DIOXIDE ELECTROLYSIS,patent_concept,1,105393249
patent::105393249,concept::CARBON DIOXIDE PROCESSING,patent_concept,1,105393249
patent::105393249,concept::CARBON DIOXIDE PROCESSING EQUIPMENT,patent_concept,1,105393249
patent::105393249,concept::CARBON DIOXIDE TREATMENT,patent_concept,1,105393249
patent::105393249,concept::FUEL CELL,patent_concept,1,105393249
patent::105393249,concept::OXYGEN CARBON DIOXIDE,patent_concept,1,105393249
patent::105393249,concept::OXYGEN CONCENTRATION,patent_concept,1,105393249
patent::105393249,country::JP,patent_country,1,105393249
patent::105393249,priority_year::2021,patent_priority_year,1,105393249
patent::105393249,legal_state::ALIVE,patent_legal_state,1,105393249
patent::105393249,focus::Non-noble candidate,patent_focus,1,105393249
patent::104276143,assignee::YANGTZE DELTA REGION INSTITUTE OF UNIVERSITY OF ELECTRONIC SCIENCE & TECHNOLOGY OF CHINA HUZHOU,patent_assignee,1,104276143
patent::104276143,domain::Environmental technology,patent_domain,1,104276143
patent::104276143,ipc_group::B01D,patent_ipc_group,1,104276143
patent::104276143,ipc_code::B01D-053/14,patent_ipc_code,1,104276143
patent::104276143,ipc_code::B01D-053/18,patent_ipc_code,1,104276143
patent::104276143,concept::CARBON DIOXIDE CAPTURE,patent_concept,1,104276143
patent::104276143,concept::ELECTROCATALYTIC REACTOR,patent_concept,1,104276143
patent::104276143,concept::ELECTROCATALYTIC REDUCTION SYSTEM,patent_concept,1,104276143
patent::104276143,concept::IONIC LIQUID,patent_concept,1,104276143
patent::104276143,concept::ELECTROCATALYTIC REDUCTION,patent_concept,1,104276143
patent::104276143,concept::ELECTROCATALYTIC REACTION,patent_concept,1,104276143
patent::104276143,concept::ELECTROCATALYTIC REACTION MODULE,patent_concept,1,104276143
patent::104276143,concept::CAPTURE MODULE,patent_concept,1,104276143
patent::104276143,concept::ABSORBENT,patent_concept,1,104276143
patent::104276143,concept::ELECTROCATALYSIS REACTION MODULE,patent_concept,1,104276143
patent::104276143,country::CN,patent_country,1,104276143
patent::104276143,priority_year::2022,patent_priority_year,1,104276143
patent::104276143,legal_state::ALIVE,patent_legal_state,1,104276143
patent::104276143,focus::Non-noble candidate,patent_focus,1,104276143
patent::96729039,assignee::HEBEI UNIVERSITY OF SCIENCE & TECHNOLOGY,patent_assignee,1,96729039
patent::96729039,assignee::TSINGHUA UNIVERSITY,patent_assignee,1,96729039
patent::96729039,domain::Basic materials chemistry,patent_domain,1,96729039
patent::96729039,domain::Chemical engineering,patent_domain,1,96729039
patent::96729039,"domain::Materials, metallurgy",patent_domain,1,96729039
patent::96729039,cpc_group::B01J,patent_cpc_group,1,96729039
patent::96729039,cpc_group::C01B,patent_cpc_group,1,96729039
patent::96729039,cpc_group::C10B,patent_cpc_group,1,96729039
patent::96729039,cpc_code::B01J-008/18/27,patent_cpc_code,1,96729039
patent::96729039,cpc_code::B01J-008/28,patent_cpc_code,1,96729039
patent::96729039,cpc_code::B01J-008/34,patent_cpc_code,1,96729039
patent::96729039,cpc_code::B01J-008/38/6,patent_cpc_code,1,96729039
patent::96729039,cpc_code::C01B-032/40,patent_cpc_code,1,96729039
patent::96729039,cpc_code::C10B-053/04,patent_cpc_code,1,96729039
patent::96729039,cpc_code::C10B-057/00/5,patent_cpc_code,1,96729039
patent::96729039,ipc_group::B01J,patent_ipc_group,1,96729039
patent::96729039,ipc_group::C01B,patent_ipc_group,1,96729039
patent::96729039,ipc_group::C10B,patent_ipc_group,1,96729039
patent::96729039,ipc_code::B01J-008/18,patent_ipc_code,1,96729039
patent::96729039,ipc_code::B01J-008/28,patent_ipc_code,1,96729039
patent::96729039,ipc_code::B01J-008/34,patent_ipc_code,1,96729039
patent::96729039,ipc_code::C01B-032/40,patent_ipc_code,1,96729039
patent::96729039,ipc_code::C10B-053/04,patent_ipc_code,1,96729039
patent::96729039,ipc_code::C10B-057/00,patent_ipc_code,1,96729039
patent::96729039,concept::COAL,patent_concept,1,96729039
patent::96729039,concept::COUPLED COAL,patent_concept,1,96729039
patent::96729039,concept::COUPLING,patent_concept,1,96729039
patent::96729039,concept::COUPLING FORMULA BUGGY PYROLYSIS,patent_concept,1,96729039
patent::96729039,concept::EQUIPMENT,patent_concept,1,96729039
patent::96729039,concept::PULVERIZED COAL,patent_concept,1,96729039
patent::96729039,concept::PULVERIZED COAL PYROLYSIS,patent_concept,1,96729039
patent::96729039,concept::PYROLYSIS,patent_concept,1,96729039
patent::96729039,country::CN,patent_country,1,96729039
patent::96729039,priority_year::2021,patent_priority_year,1,96729039
patent::96729039,legal_state::ALIVE,patent_legal_state,1,96729039
patent::96729039,focus::Non-noble candidate,patent_focus,1,96729039
patent::7846740,assignee::YEDA RESEARCH & DEVELOPMENT,patent_assignee,1,7846740
patent::7846740,"domain::Electrical machinery, apparatus, energy",patent_domain,1,7846740
patent::7846740,"domain::Engines, pumps, turbines",patent_domain,1,7846740
patent::7846740,domain::Thermal processes and apparatus,patent_domain,1,7846740
patent::7846740,cpc_group::F01K,patent_cpc_group,1,7846740
patent::7846740,cpc_group::F02C,patent_cpc_group,1,7846740
patent::7846740,cpc_group::H02K,patent_cpc_group,1,7846740
patent::7846740,cpc_group::Y02E,patent_cpc_group,1,7846740
patent::7846740,cpc_code::F01K-023/10,patent_cpc_code,1,7846740
patent::7846740,cpc_code::F02C-001/00,patent_cpc_code,1,7846740
patent::7846740,cpc_code::F02C-001/10,patent_cpc_code,1,7846740
patent::7846740,cpc_code::F02C-003/20,patent_cpc_code,1,7846740
patent::7846740,cpc_code::F02C-003/22,patent_cpc_code,1,7846740
patent::7846740,cpc_code::F02C-003/34,patent_cpc_code,1,7846740
patent::7846740,cpc_code::H02K-007/18,patent_cpc_code,1,7846740
patent::7846740,cpc_code::Y02E-010/46,patent_cpc_code,1,7846740
patent::7846740,cpc_code::Y02E-020/16,patent_cpc_code,1,7846740
patent::7846740,ipc_group::F01K,patent_ipc_group,1,7846740
patent::7846740,ipc_group::F02B,patent_ipc_group,1,7846740
patent::7846740,ipc_group::F02C,patent_ipc_group,1,7846740
patent::7846740,ipc_group::F02G,patent_ipc_group,1,7846740
patent::7846740,ipc_group::F02M,patent_ipc_group,1,7846740
patent::7846740,ipc_group::F03G,patent_ipc_group,1,7846740
patent::7846740,ipc_group::F22B,patent_ipc_group,1,7846740
patent::7846740,ipc_group::F23C,patent_ipc_group,1,7846740
patent::7846740,ipc_group::H02K,patent_ipc_group,1,7846740
patent::7846740,ipc_code::F01K-023/10,patent_ipc_code,1,7846740
patent::7846740,ipc_code::F02B-043/00,patent_ipc_code,1,7846740
patent::7846740,ipc_code::F02C,patent_ipc_code,1,7846740
patent::7846740,ipc_code::F02C-001/00,patent_ipc_code,1,7846740
patent::7846740,ipc_code::F02C-001/05,patent_ipc_code,1,7846740
patent::7846740,ipc_code::F02C-001/10,patent_ipc_code,1,7846740
patent::7846740,ipc_code::F02C-003/20,patent_ipc_code,1,7846740
patent::7846740,ipc_code::F02C-003/22,patent_ipc_code,1,7846740
patent::7846740,concept::CO2 OUTLET GAS,patent_concept,1,7846740
patent::7846740,concept::COMBUSTOR,patent_concept,1,7846740
patent::7846740,concept::COMBUSTOR EXHAUST,patent_concept,1,7846740
patent::7846740,concept::ELECTRICITY GENERATION,patent_concept,1,7846740
patent::7846740,concept::ENERGY,patent_concept,1,7846740
patent::7846740,concept::ENERGY GENERATION,patent_concept,1,7846740
patent::7846740,country::US,patent_country,1,7846740
patent::7846740,country::IL,patent_country,1,7846740
patent::7846740,priority_year::2010,patent_priority_year,1,7846740
patent::7846740,legal_state::ALIVE,patent_legal_state,1,7846740
patent::7846740,focus::Non-noble candidate,patent_focus,1,7846740
patent::107278856,assignee::SIEMENS ENERGY,patent_assignee,1,107278856
patent::107278856,"domain::Surface technology, coating",patent_domain,1,107278856
patent::107278856,cpc_group::C25B,patent_cpc_group,1,107278856
patent::107278856,cpc_code::C25B-001/23,patent_cpc_code,1,107278856
patent::107278856,cpc_code::C25B-003/03,patent_cpc_code,1,107278856
patent::107278856,cpc_code::C25B-003/07,patent_cpc_code,1,107278856
patent::107278856,cpc_code::C25B-003/26,patent_cpc_code,1,107278856
patent::107278856,cpc_code::C25B-009/05,patent_cpc_code,1,107278856
patent::107278856,cpc_code::C25B-009/19,patent_cpc_code,1,107278856
patent::107278856,cpc_code::C25B-009/23,patent_cpc_code,1,107278856
patent::107278856,cpc_code::C25B-011/032,patent_cpc_code,1,107278856
patent::107278856,cpc_code::C25B-011/081,patent_cpc_code,1,107278856
patent::107278856,cpc_code::C25B-015/023,patent_cpc_code,1,107278856
patent::107278856,ipc_group::C25B,patent_ipc_group,1,107278856
patent::107278856,ipc_code::C25B-001/23,patent_ipc_code,1,107278856
patent::107278856,ipc_code::C25B-003/03,patent_ipc_code,1,107278856
patent::107278856,ipc_code::C25B-003/07,patent_ipc_code,1,107278856
patent::107278856,ipc_code::C25B-003/26,patent_ipc_code,1,107278856
patent::107278856,ipc_code::C25B-009/05,patent_ipc_code,1,107278856
patent::107278856,ipc_code::C25B-009/19,patent_ipc_code,1,107278856
patent::107278856,ipc_code::C25B-009/23,patent_ipc_code,1,107278856
patent::107278856,ipc_code::C25B-011/032,patent_ipc_code,1,107278856
patent::107278856,concept::CO2RR,patent_concept,1,107278856
patent::107278856,concept::CO2RR ELECTROCHEMICAL CELL,patent_concept,1,107278856
patent::107278856,concept::ELECTROLYSIS OPERATION MODE,patent_concept,1,107278856
patent::107278856,concept::GASEOUS CO2,patent_concept,1,107278856
patent::107278856,country::EP,patent_country,1,107278856
patent::107278856,country::US,patent_country,1,107278856
patent::107278856,country::DE,patent_country,1,107278856
patent::107278856,priority_year::2022,patent_priority_year,1,107278856
patent::107278856,legal_state::ALIVE,patent_legal_state,1,107278856
patent::107278856,focus::AEM,patent_focus,1,107278856
patent::107278856,focus::Non-noble candidate,patent_focus,1,107278856
patent::107278856,focus::GDE,patent_focus,1,107278856
patent::55016601,assignee::TOYOTA MOTOR,patent_assignee,1,55016601
patent::55016601,"domain::Materials, metallurgy",patent_domain,1,55016601
patent::55016601,"domain::Surface technology, coating",patent_domain,1,55016601
patent::55016601,cpc_group::C25B,patent_cpc_group,1,55016601
patent::55016601,cpc_group::Y02E,patent_cpc_group,1,55016601
patent::55016601,cpc_code::C25B-001/00,patent_cpc_code,1,55016601
patent::55016601,cpc_code::C25B-001/04,patent_cpc_code,1,55016601
patent::55016601,cpc_code::Y02E-060/36,patent_cpc_code,1,55016601
patent::55016601,ipc_group::C01B,patent_ipc_group,1,55016601
patent::55016601,ipc_group::C25B,patent_ipc_group,1,55016601
patent::55016601,ipc_code::C01B-003/02,patent_ipc_code,1,55016601
patent::55016601,ipc_code::C25B-003/25,patent_ipc_code,1,55016601
patent::55016601,concept::ELECTROLYTE SOLUTION TANK,patent_concept,1,55016601
patent::55016601,concept::GAS PRODUCTION,patent_concept,1,55016601
patent::55016601,concept::MIXED GAS PRODUCTION,patent_concept,1,55016601
patent::55016601,concept::GAS GENERATION,patent_concept,1,55016601
patent::55016601,concept::MIXED GAS GENERATION,patent_concept,1,55016601
patent::55016601,concept::PROTON REDUCTION CATHODE,patent_concept,1,55016601
patent::55016601,concept::AQUEOUS KHCO,patent_concept,1,55016601
patent::55016601,concept::DISPOSABLE FUEL,patent_concept,1,55016601
patent::55016601,concept::ELECTROLYTE SOLUTION,patent_concept,1,55016601
patent::55016601,concept::PROTON REDUCTION,patent_concept,1,55016601
patent::55016601,country::WO,patent_country,1,55016601
patent::55016601,country::JP,patent_country,1,55016601
patent::55016601,priority_year::2010,patent_priority_year,1,55016601
patent::55016601,legal_state::DEAD,patent_legal_state,1,55016601
patent::55016601,focus::Non-noble candidate,patent_focus,1,55016601
patent::117641010,assignee::YANGZHOU UNIVERSITY,patent_assignee,1,117641010
patent::117641010,"domain::Macromolecular chemistry, polymers",patent_domain,1,117641010
patent::117641010,"domain::Surface technology, coating",patent_domain,1,117641010
patent::117641010,cpc_group::C08G,patent_cpc_group,1,117641010
patent::117641010,cpc_group::C08J,patent_cpc_group,1,117641010
patent::117641010,cpc_group::C25B,patent_cpc_group,1,117641010
patent::117641010,cpc_group::H01M,patent_cpc_group,1,117641010
patent::117641010,cpc_code::C08G-012/06,patent_cpc_code,1,117641010
patent::117641010,cpc_code::C08G-012/08,patent_cpc_code,1,117641010
patent::117641010,cpc_code::C08J-2361/22,patent_cpc_code,1,117641010
patent::117641010,cpc_code::C25B-001/00,patent_cpc_code,1,117641010
patent::117641010,cpc_code::C25B-011/02,patent_cpc_code,1,117641010
patent::117641010,cpc_code::C25B-011/04,patent_cpc_code,1,117641010
patent::117641010,cpc_code::C25B-011/04/05,patent_cpc_code,1,117641010
patent::117641010,cpc_code::C25B-011/04/47,patent_cpc_code,1,117641010
patent::117641010,cpc_code::C25B-011/04/89,patent_cpc_code,1,117641010
patent::117641010,cpc_code::H01M-004/86/73,patent_cpc_code,1,117641010
patent::117641010,ipc_group::C08G,patent_ipc_group,1,117641010
patent::117641010,ipc_group::C25B,patent_ipc_group,1,117641010
patent::117641010,ipc_code::C08G-012/08,patent_ipc_code,1,117641010
patent::117641010,ipc_code::C25B-001/23,patent_ipc_code,1,117641010
patent::117641010,ipc_code::C25B-011/02,patent_ipc_code,1,117641010
patent::117641010,ipc_code::C25B-011/052,patent_ipc_code,1,117641010
patent::117641010,ipc_code::C25B-011/065,patent_ipc_code,1,117641010
patent::117641010,ipc_code::C25B-011/095,patent_ipc_code,1,117641010
patent::117641010,concept::ALDEHYDE PORPHYRIN PRECURSOR,patent_concept,1,117641010
patent::117641010,concept::CATALYTIC MATERIAL,patent_concept,1,117641010
patent::117641010,concept::COF MATERIAL,patent_concept,1,117641010
patent::117641010,concept::TRANSITION METAL,patent_concept,1,117641010
patent::117641010,concept::TRANSITION METAL CATALYTIC MATERIAL,patent_concept,1,117641010
patent::117641010,concept::AMINE PRECURSOR,patent_concept,1,117641010
patent::117641010,concept::PHENYL PORPHYRIN,patent_concept,1,117641010
patent::117641010,concept::INTERLAYER INTERACTION,patent_concept,1,117641010
patent::117641010,concept::COF NARROW APERTURE,patent_concept,1,117641010
patent::117641010,concept::MAINSTREAM ELECTROCATALYTIC MATERIAL,patent_concept,1,117641010
patent::117641010,country::CN,patent_country,1,117641010
patent::117641010,priority_year::2025,patent_priority_year,1,117641010
patent::117641010,legal_state::ALIVE,patent_legal_state,1,117641010
patent::117641010,focus::Non-noble candidate,patent_focus,1,117641010
patent::116730524,assignee::AHMEDABAD UNIVERSITY,patent_assignee,1,116730524
patent::116730524,domain::Chemical engineering,patent_domain,1,116730524
patent::116730524,domain::Organic fine chemistry,patent_domain,1,116730524
patent::116730524,"domain::Surface technology, coating",patent_domain,1,116730524
patent::116730524,ipc_group::B01J,patent_ipc_group,1,116730524
patent::116730524,ipc_group::C07F,patent_ipc_group,1,116730524
patent::116730524,ipc_group::C25B,patent_ipc_group,1,116730524
patent::116730524,ipc_code::B01J-021/06,patent_ipc_code,1,116730524
patent::116730524,ipc_code::B01J-021/08,patent_ipc_code,1,116730524
patent::116730524,ipc_code::B01J-023/30,patent_ipc_code,1,116730524
patent::116730524,ipc_code::C07F-015/00,patent_ipc_code,1,116730524
patent::116730524,ipc_code::C25B-003/25,patent_ipc_code,1,116730524
patent::116730524,concept::ELECTROCHEMICAL REDUCTION CATALYST,patent_concept,1,116730524
patent::116730524,concept::TRANSITION METAL,patent_concept,1,116730524
patent::116730524,concept::TRANSITION METAL OXIDE,patent_concept,1,116730524
patent::116730524,concept::COMBUSTION REACTION,patent_concept,1,116730524
patent::116730524,concept::COBALT SULFATE HEPTAHYDRATE,patent_concept,1,116730524
patent::116730524,concept::ELECTROCHEMICAL REDUCTION CO2,patent_concept,1,116730524
patent::116730524,concept::ALLOY CATALYST,patent_concept,1,116730524
patent::116730524,concept::ISOPROPANOL,patent_concept,1,116730524
patent::116730524,concept::OXIDE SOLUTION,patent_concept,1,116730524
patent::116730524,concept::ISOPROPYL ALCOHOL,patent_concept,1,116730524
patent::116730524,country::IN,patent_country,1,116730524
patent::116730524,priority_year::2025,patent_priority_year,1,116730524
patent::116730524,legal_state::ALIVE,patent_legal_state,1,116730524
patent::116730524,focus::Non-noble candidate,patent_focus,1,116730524
patent::77202004,assignee::SIEMENS ENERGY,patent_assignee,1,77202004
patent::77202004,domain::Environmental technology,patent_domain,1,77202004
patent::77202004,"domain::Surface technology, coating",patent_domain,1,77202004
patent::77202004,cpc_group::B01D,patent_cpc_group,1,77202004
patent::77202004,cpc_group::C25B,patent_cpc_group,1,77202004
patent::77202004,cpc_group::Y02E,patent_cpc_group,1,77202004
patent::77202004,cpc_code::B01D-053/14/18,patent_cpc_code,1,77202004
patent::77202004,cpc_code::B01D-053/14/75,patent_cpc_code,1,77202004
patent::77202004,cpc_code::B01D-053/18,patent_cpc_code,1,77202004
patent::77202004,cpc_code::C25B-001/00,patent_cpc_code,1,77202004
patent::77202004,cpc_code::C25B-001/04,patent_cpc_code,1,77202004
patent::77202004,cpc_code::C25B-001/10,patent_cpc_code,1,77202004
patent::77202004,cpc_code::C25B-009/08,patent_cpc_code,1,77202004
patent::77202004,cpc_code::C25B-009/18,patent_cpc_code,1,77202004
patent::77202004,cpc_code::C25B-009/19,patent_cpc_code,1,77202004
patent::77202004,cpc_code::C25B-009/70,patent_cpc_code,1,77202004
patent::77202004,ipc_group::B01D,patent_ipc_group,1,77202004
patent::77202004,ipc_group::C25B,patent_ipc_group,1,77202004
patent::77202004,ipc_code::B01D-053/14,patent_ipc_code,1,77202004
patent::77202004,ipc_code::B01D-053/18,patent_ipc_code,1,77202004
patent::77202004,ipc_code::C25B-001/00,patent_ipc_code,1,77202004
patent::77202004,ipc_code::C25B-001/04,patent_ipc_code,1,77202004
patent::77202004,ipc_code::C25B-001/23,patent_ipc_code,1,77202004
patent::77202004,ipc_code::C25B-003/04,patent_ipc_code,1,77202004
patent::77202004,ipc_code::C25B-003/25,patent_ipc_code,1,77202004
patent::77202004,ipc_code::C25B-009/08,patent_ipc_code,1,77202004
patent::77202004,concept::ELECTROCHEMICALLY PRODUCING SYNTHESIS GAS,patent_concept,1,77202004
patent::77202004,concept::ELECTROLYSIS CELL,patent_concept,1,77202004
patent::77202004,concept::METHANEDIONE ELECTROLYSIS CELL,patent_concept,1,77202004
patent::77202004,concept::SYNTHESIS GAS,patent_concept,1,77202004
patent::77202004,country::DE,patent_country,1,77202004
patent::77202004,priority_year::2016,patent_priority_year,1,77202004
patent::77202004,legal_state::ALIVE,patent_legal_state,1,77202004
patent::77202004,focus::Non-noble candidate,patent_focus,1,77202004
patent::77202004,focus::GDE,patent_focus,1,77202004
patent::110666488,assignee::SEKISUI CHEMICAL,patent_assignee,1,110666488
patent::110666488,domain::Organic fine chemistry,patent_domain,1,110666488
patent::110666488,"domain::Surface technology, coating",patent_domain,1,110666488
patent::110666488,cpc_group::C07B,patent_cpc_group,1,110666488
patent::110666488,cpc_group::C07C,patent_cpc_group,1,110666488
patent::110666488,cpc_group::C25B,patent_cpc_group,1,110666488
patent::110666488,cpc_code::C07B-041/08,patent_cpc_code,1,110666488
patent::110666488,cpc_code::C07C-068/01,patent_cpc_code,1,110666488
patent::110666488,cpc_code::C25B-001/23,patent_cpc_code,1,110666488
patent::110666488,cpc_code::C25B-003/07,patent_cpc_code,1,110666488
patent::110666488,cpc_code::C25B-003/26,patent_cpc_code,1,110666488
patent::110666488,cpc_code::C25B-009/00,patent_cpc_code,1,110666488
patent::110666488,cpc_code::C25B-009/13,patent_cpc_code,1,110666488
patent::110666488,cpc_code::C25B-009/19,patent_cpc_code,1,110666488
patent::110666488,cpc_code::C25B-009/60,patent_cpc_code,1,110666488
patent::110666488,cpc_code::C25B-011/052,patent_cpc_code,1,110666488
patent::110666488,ipc_group::C07B,patent_ipc_group,1,110666488
patent::110666488,ipc_group::C07C,patent_ipc_group,1,110666488
patent::110666488,ipc_group::C25B,patent_ipc_group,1,110666488
patent::110666488,ipc_code::C07B-061/00,patent_ipc_code,1,110666488
patent::110666488,ipc_code::C07C-068/00,patent_ipc_code,1,110666488
patent::110666488,ipc_code::C07C-069/96,patent_ipc_code,1,110666488
patent::110666488,ipc_code::C25B-001/23,patent_ipc_code,1,110666488
patent::110666488,ipc_code::C25B-003/07,patent_ipc_code,1,110666488
patent::110666488,ipc_code::C25B-003/23,patent_ipc_code,1,110666488
patent::110666488,ipc_code::C25B-003/26,patent_ipc_code,1,110666488
patent::110666488,ipc_code::C25B-009/00,patent_ipc_code,1,110666488
patent::110666488,concept::ACTIVE PARTICLE,patent_concept,1,110666488
patent::110666488,concept::CARRIER,patent_concept,1,110666488
patent::110666488,concept::CARRIER MASS,patent_concept,1,110666488
patent::110666488,concept::CATALYST,patent_concept,1,110666488
patent::110666488,concept::CATALYST LAYER,patent_concept,1,110666488
patent::110666488,concept::ELECTROCHEMICAL REACTOR,patent_concept,1,110666488
patent::110666488,concept::ELECTROLYTIC SOLUTION,patent_concept,1,110666488
patent::110666488,country::JP,patent_country,1,110666488
patent::110666488,priority_year::2023,patent_priority_year,1,110666488
patent::110666488,legal_state::ALIVE,patent_legal_state,1,110666488
patent::114887582,assignee::NINGXIA UNIVERSITY,patent_assignee,1,114887582
patent::114887582,"domain::Surface technology, coating",patent_domain,1,114887582
patent::114887582,cpc_group::C25B,patent_cpc_group,1,114887582
patent::114887582,cpc_group::Y02E,patent_cpc_group,1,114887582
patent::114887582,cpc_code::C25B-001/23,patent_cpc_code,1,114887582
patent::114887582,cpc_code::C25B-009/60,patent_cpc_code,1,114887582
patent::114887582,cpc_code::C25B-011/065,patent_cpc_code,1,114887582
patent::114887582,cpc_code::C25B-011/091,patent_cpc_code,1,114887582
patent::114887582,cpc_code::Y02E-060/36,patent_cpc_code,1,114887582
patent::114887582,ipc_group::C25B,patent_ipc_group,1,114887582
patent::114887582,ipc_code::C25B-001/23,patent_ipc_code,1,114887582
patent::114887582,ipc_code::C25B-009/60,patent_ipc_code,1,114887582
patent::114887582,ipc_code::C25B-011/065,patent_ipc_code,1,114887582
patent::114887582,ipc_code::C25B-011/091,patent_ipc_code,1,114887582
patent::114887582,concept::MEMBRANE,patent_concept,1,114887582
patent::114887582,concept::MEMBRANE FREE ELECTROCATALYTIC CO2REDUCTION,patent_concept,1,114887582
patent::114887582,concept::REDUCTION,patent_concept,1,114887582
patent::114887582,concept::WATER SPLITTING,patent_concept,1,114887582
patent::114887582,concept::CHAMBER ELECTROLYTIC CELL,patent_concept,1,114887582
patent::114887582,concept::RIGHT CHAMBER ELECTROLYTIC CELL,patent_concept,1,114887582
patent::114887582,concept::LEFT CHAMBER ELECTROLYTIC CELL,patent_concept,1,114887582
patent::114887582,concept::CATALYTIC BATTERY,patent_concept,1,114887582
patent::114887582,concept::REDUCTIVE DECOUPLING,patent_concept,1,114887582
patent::114887582,concept::NP SA CATALYST,patent_concept,1,114887582
patent::114887582,country::CN,patent_country,1,114887582
patent::114887582,priority_year::2025,patent_priority_year,1,114887582
patent::114887582,legal_state::ALIVE,patent_legal_state,1,114887582
patent::114887582,focus::MEA,patent_focus,1,114887582
patent::114887582,focus::Non-noble candidate,patent_focus,1,114887582
patent::112387292,assignee::FCI,patent_assignee,1,112387292
patent::112387292,domain::Basic materials chemistry,patent_domain,1,112387292
patent::112387292,"domain::Electrical machinery, apparatus, energy",patent_domain,1,112387292
patent::112387292,"domain::Materials, metallurgy",patent_domain,1,112387292
patent::112387292,"domain::Surface technology, coating",patent_domain,1,112387292
patent::112387292,cpc_group::C01C,patent_cpc_group,1,112387292
patent::112387292,cpc_group::C10G,patent_cpc_group,1,112387292
patent::112387292,cpc_group::C25B,patent_cpc_group,1,112387292
patent::112387292,cpc_group::H01M,patent_cpc_group,1,112387292
patent::112387292,cpc_group::Y02E,patent_cpc_group,1,112387292
patent::112387292,cpc_code::C01C-001/04/05,patent_cpc_code,1,112387292
patent::112387292,cpc_code::C10G-002/30,patent_cpc_code,1,112387292
patent::112387292,cpc_code::C25B-001/04,patent_cpc_code,1,112387292
patent::112387292,cpc_code::C25B-001/23,patent_cpc_code,1,112387292
patent::112387292,cpc_code::C25B-003/26,patent_cpc_code,1,112387292
patent::112387292,cpc_code::C25B-013/07,patent_cpc_code,1,112387292
patent::112387292,cpc_code::C25B-015/02,patent_cpc_code,1,112387292
patent::112387292,cpc_code::C25B-015/08,patent_cpc_code,1,112387292
patent::112387292,cpc_code::C25B-015/083,patent_cpc_code,1,112387292
patent::112387292,cpc_code::H01M-008/04/022,patent_cpc_code,1,112387292
patent::112387292,ipc_group::C01C,patent_ipc_group,1,112387292
patent::112387292,ipc_group::C10G,patent_ipc_group,1,112387292
patent::112387292,ipc_group::C25B,patent_ipc_group,1,112387292
patent::112387292,ipc_group::H01M,patent_ipc_group,1,112387292
patent::112387292,ipc_code::C01C-001/04,patent_ipc_code,1,112387292
patent::112387292,ipc_code::C10G-002/00,patent_ipc_code,1,112387292
patent::112387292,ipc_code::C25B-001/04,patent_ipc_code,1,112387292
patent::112387292,ipc_code::C25B-001/23,patent_ipc_code,1,112387292
patent::112387292,ipc_code::C25B-013/07,patent_ipc_code,1,112387292
patent::112387292,ipc_code::C25B-015/02,patent_ipc_code,1,112387292
patent::112387292,ipc_code::C25B-015/08,patent_ipc_code,1,112387292
patent::112387292,ipc_code::H01M-008/04014,patent_ipc_code,1,112387292
patent::112387292,concept::FISCHER TROPSCH REACTOR,patent_concept,1,112387292
patent::112387292,concept::FISCHERTROPSCH REACTOR,patent_concept,1,112387292
patent::112387292,concept::GREEN AMMONIA,patent_concept,1,112387292
patent::112387292,concept::GREEN PRODUCTION,patent_concept,1,112387292
patent::112387292,concept::GREEN SYNTHETIC,patent_concept,1,112387292
patent::112387292,concept::GREEN SYNTHETIC PRODUCTION,patent_concept,1,112387292
patent::112387292,concept::HABERBOSCH REACTOR,patent_concept,1,112387292
patent::112387292,concept::HYBRID SYSTEM,patent_concept,1,112387292
patent::112387292,concept::PRODUCING GREEN AMMONIA,patent_concept,1,112387292
patent::112387292,country::KR,patent_country,1,112387292
patent::112387292,priority_year::2023,patent_priority_year,1,112387292
patent::112387292,legal_state::ALIVE,patent_legal_state,1,112387292
patent::112387292,focus::Non-noble candidate,patent_focus,1,112387292
patent::104024514,assignee::NEWSOUTH INNOVATIONS,patent_assignee,1,104024514
patent::104024514,"domain::Materials, metallurgy",patent_domain,1,104024514
patent::104024514,"domain::Surface technology, coating",patent_domain,1,104024514
patent::104024514,cpc_group::B01J,patent_cpc_group,1,104024514
patent::104024514,cpc_group::C01B,patent_cpc_group,1,104024514
patent::104024514,cpc_group::C01P,patent_cpc_group,1,104024514
patent::104024514,cpc_group::C25B,patent_cpc_group,1,104024514
patent::104024514,cpc_group::Y02P,patent_cpc_group,1,104024514
patent::104024514,cpc_code::B01J-021/18,patent_cpc_code,1,104024514
patent::104024514,cpc_code::B01J-021/18/5,patent_cpc_code,1,104024514
patent::104024514,cpc_code::B01J-023/74,patent_cpc_code,1,104024514
patent::104024514,cpc_code::B01J-023/755,patent_cpc_code,1,104024514
patent::104024514,cpc_code::B01J-035/33,patent_cpc_code,1,104024514
patent::104024514,cpc_code::B01J-037/06,patent_cpc_code,1,104024514
patent::104024514,cpc_code::B01J-037/08,patent_cpc_code,1,104024514
patent::104024514,cpc_code::B01J-037/08/2,patent_cpc_code,1,104024514
patent::104024514,cpc_code::B01J-037/08/4,patent_cpc_code,1,104024514
patent::104024514,cpc_code::C01B-032/162,patent_cpc_code,1,104024514
patent::104024514,ipc_group::C01B,patent_ipc_group,1,104024514
patent::104024514,ipc_group::C25B,patent_ipc_group,1,104024514
patent::104024514,ipc_code::C01B-032/162,patent_ipc_code,1,104024514
patent::104024514,ipc_code::C25B-001/23,patent_ipc_code,1,104024514
patent::104024514,ipc_code::C25B-003/26,patent_ipc_code,1,104024514
patent::104024514,ipc_code::C25B-011/037,patent_ipc_code,1,104024514
patent::104024514,ipc_code::C25B-011/054,patent_ipc_code,1,104024514
patent::104024514,ipc_code::C25B-011/065,patent_ipc_code,1,104024514
patent::104024514,ipc_code::C25B-011/075,patent_ipc_code,1,104024514
patent::104024514,ipc_code::C25B-011/077,patent_ipc_code,1,104024514
patent::104024514,concept::CATALYST,patent_concept,1,104024514
patent::104024514,concept::CONDUCTIVE CARBON SUBSTRATE,patent_concept,1,104024514
patent::104024514,concept::ELECTROLYSIS CATALYST,patent_concept,1,104024514
patent::104024514,concept::TRANSITION METAL NANOPARTICLE,patent_concept,1,104024514
patent::104024514,country::AU,patent_country,1,104024514
patent::104024514,priority_year::2021,patent_priority_year,1,104024514
patent::104024514,legal_state::ALIVE,patent_legal_state,1,104024514
patent::104024514,focus::Non-noble candidate,patent_focus,1,104024514
patent::44672238,assignee::TOYOTA MOTOR,patent_assignee,1,44672238
patent::44672238,"domain::Materials, metallurgy",patent_domain,1,44672238
patent::44672238,"domain::Surface technology, coating",patent_domain,1,44672238
patent::44672238,cpc_group::C01B,patent_cpc_group,1,44672238
patent::44672238,cpc_group::C25B,patent_cpc_group,1,44672238
patent::44672238,cpc_group::Y02E,patent_cpc_group,1,44672238
patent::44672238,cpc_code::C01B-032/40,patent_cpc_code,1,44672238
patent::44672238,cpc_code::C25B-001/04,patent_cpc_code,1,44672238
patent::44672238,cpc_code::C25B-003/25,patent_cpc_code,1,44672238
patent::44672238,cpc_code::C25B-009/00,patent_cpc_code,1,44672238
patent::44672238,cpc_code::C25B-015/02,patent_cpc_code,1,44672238
patent::44672238,cpc_code::Y02E-060/36,patent_cpc_code,1,44672238
patent::44672238,ipc_group::C01B,patent_ipc_group,1,44672238
patent::44672238,ipc_group::C25B,patent_ipc_group,1,44672238
patent::44672238,ipc_code::C01B-032/40,patent_ipc_code,1,44672238
patent::44672238,ipc_code::C25B-001/02,patent_ipc_code,1,44672238
patent::44672238,ipc_code::C25B-003/25,patent_ipc_code,1,44672238
patent::44672238,concept::ELECTROLYTE AQUEOUS SOLUTION,patent_concept,1,44672238
patent::44672238,concept::GAS GENERATION,patent_concept,1,44672238
patent::44672238,concept::HYDROGEN,patent_concept,1,44672238
patent::44672238,concept::MIXED GAS,patent_concept,1,44672238
patent::44672238,concept::MIXED GAS GENERATING,patent_concept,1,44672238
patent::44672238,concept::MIXED GAS GENERATION,patent_concept,1,44672238
patent::44672238,concept::CATHODE CHAMBER,patent_concept,1,44672238
patent::44672238,concept::AQUEOUS KHCO,patent_concept,1,44672238
patent::44672238,concept::INSOLUBLE REDUCTION CATALYST,patent_concept,1,44672238
patent::44672238,concept::DISPOSABLE FUEL,patent_concept,1,44672238
patent::44672238,country::WO,patent_country,1,44672238
patent::44672238,country::JP,patent_country,1,44672238
patent::44672238,priority_year::2011,patent_priority_year,1,44672238
patent::44672238,legal_state::DEAD,patent_legal_state,1,44672238
patent::44672238,focus::Non-noble candidate,patent_focus,1,44672238
patent::89744192,assignee::SIEMENS ENERGY,patent_assignee,1,89744192
patent::89744192,"domain::Surface technology, coating",patent_domain,1,89744192
patent::89744192,cpc_group::C25B,patent_cpc_group,1,89744192
patent::89744192,cpc_code::C25B-001/00,patent_cpc_code,1,89744192
patent::89744192,cpc_code::C25B-003/25,patent_cpc_code,1,89744192
patent::89744192,cpc_code::C25B-015/02,patent_cpc_code,1,89744192
patent::89744192,ipc_group::C25B,patent_ipc_group,1,89744192
patent::89744192,ipc_code::C25B-003/25,patent_ipc_code,1,89744192
patent::89744192,ipc_code::C25B-015/00,patent_ipc_code,1,89744192
patent::89744192,concept::ELECTROLYSIS,patent_concept,1,89744192
patent::89744192,concept::ELECTROLYSIS PRODUCT,patent_concept,1,89744192
patent::89744192,concept::METHANEDIONE REDUCTION,patent_concept,1,89744192
patent::89744192,concept::GAS DIFFUSION CATHODE,patent_concept,1,89744192
patent::89744192,concept::RECURRENT REGENERATION,patent_concept,1,89744192
patent::89744192,country::DE,patent_country,1,89744192
patent::89744192,priority_year::2019,patent_priority_year,1,89744192
patent::89744192,legal_state::DEAD,patent_legal_state,1,89744192
patent::89744192,focus::Non-noble candidate,patent_focus,1,89744192
patent::89744192,focus::GDE,patent_focus,1,89744192
patent::102038550,assignee::KATHOLIEKE UNIVERSITEIT LEUVEN,patent_assignee,1,102038550
patent::102038550,assignee::VITO - VLAAMSE INSTELLING VOOR TECHNOLOGISCH ONDERZOEK,patent_assignee,1,102038550
patent::102038550,"domain::Materials, metallurgy",patent_domain,1,102038550
patent::102038550,"domain::Surface technology, coating",patent_domain,1,102038550
patent::102038550,cpc_group::C22B,patent_cpc_group,1,102038550
patent::102038550,cpc_group::C25B,patent_cpc_group,1,102038550
patent::102038550,cpc_group::C25C,patent_cpc_group,1,102038550
patent::102038550,cpc_group::Y02P,patent_cpc_group,1,102038550
patent::102038550,cpc_code::C22B-003/04/5,patent_cpc_code,1,102038550
patent::102038550,cpc_code::C22B-003/16,patent_cpc_code,1,102038550
patent::102038550,cpc_code::C22B-003/42,patent_cpc_code,1,102038550
patent::102038550,cpc_code::C22B-011/04,patent_cpc_code,1,102038550
patent::102038550,cpc_code::C22B-011/042,patent_cpc_code,1,102038550
patent::102038550,cpc_code::C25B-001/23,patent_cpc_code,1,102038550
patent::102038550,cpc_code::C25B-009/17,patent_cpc_code,1,102038550
patent::102038550,cpc_code::C25B-011/032,patent_cpc_code,1,102038550
patent::102038550,cpc_code::C25B-011/044,patent_cpc_code,1,102038550
patent::102038550,cpc_code::C25C-001/20,patent_cpc_code,1,102038550
patent::102038550,ipc_group::B22F,patent_ipc_group,1,102038550
patent::102038550,ipc_group::C22B,patent_ipc_group,1,102038550
patent::102038550,ipc_group::C25B,patent_ipc_group,1,102038550
patent::102038550,ipc_group::C25C,patent_ipc_group,1,102038550
patent::102038550,ipc_code::B22F-009/24,patent_ipc_code,1,102038550
patent::102038550,ipc_code::C22B-003/04,patent_ipc_code,1,102038550
patent::102038550,ipc_code::C22B-003/16,patent_ipc_code,1,102038550
patent::102038550,ipc_code::C22B-003/42,patent_ipc_code,1,102038550
patent::102038550,ipc_code::C22B-011/00,patent_ipc_code,1,102038550
patent::102038550,ipc_code::C25B-001/00,patent_ipc_code,1,102038550
patent::102038550,ipc_code::C25B-001/23,patent_ipc_code,1,102038550
patent::102038550,ipc_code::C25B-009/17,patent_ipc_code,1,102038550
patent::102038550,concept::CATHODE COMPARTMENT,patent_concept,1,102038550
patent::102038550,concept::DIMETHYL SULFOXIDE,patent_concept,1,102038550
patent::102038550,concept::DIMETHYLFORMAMIDE,patent_concept,1,102038550
patent::102038550,concept::DMSO,patent_concept,1,102038550
patent::102038550,concept::FEED,patent_concept,1,102038550
patent::102038550,country::EP,patent_country,1,102038550
patent::102038550,country::BE,patent_country,1,102038550
patent::102038550,priority_year::2021,patent_priority_year,1,102038550
patent::102038550,legal_state::ALIVE,patent_legal_state,1,102038550
patent::102038550,focus::Non-noble candidate,patent_focus,1,102038550
patent::102038550,focus::GDE,patent_focus,1,102038550
patent::108214882,assignee::FOSHAN UNIVERSITY,patent_assignee,1,108214882
patent::108214882,domain::Chemical engineering,patent_domain,1,108214882
patent::108214882,"domain::Materials, metallurgy",patent_domain,1,108214882
patent::108214882,domain::Organic fine chemistry,patent_domain,1,108214882
patent::108214882,cpc_group::B01J,patent_cpc_group,1,108214882
patent::108214882,cpc_group::C01B,patent_cpc_group,1,108214882
patent::108214882,cpc_group::C07C,patent_cpc_group,1,108214882
patent::108214882,cpc_code::B01J-027/047,patent_cpc_code,1,108214882
patent::108214882,cpc_code::B01J-027/24,patent_cpc_code,1,108214882
patent::108214882,cpc_code::B01J-035/00/4,patent_cpc_code,1,108214882
patent::108214882,cpc_code::C01B-003/04/2,patent_cpc_code,1,108214882
patent::108214882,cpc_code::C01B-032/40,patent_cpc_code,1,108214882
patent::108214882,cpc_code::C07C-001/02,patent_cpc_code,1,108214882
patent::108214882,cpc_code::C07C-001/12,patent_cpc_code,1,108214882
patent::108214882,cpc_code::C07C-009/04,patent_cpc_code,1,108214882
patent::108214882,cpc_code::C07C-2527/24,patent_cpc_code,1,108214882
patent::108214882,ipc_group::B01J,patent_ipc_group,1,108214882
patent::108214882,ipc_group::C01B,patent_ipc_group,1,108214882
patent::108214882,ipc_group::C07C,patent_ipc_group,1,108214882
patent::108214882,ipc_code::B01J-027/24,patent_ipc_code,1,108214882
patent::108214882,ipc_code::B01J-035/39,patent_ipc_code,1,108214882
patent::108214882,ipc_code::C01B-032/40,patent_ipc_code,1,108214882
patent::108214882,ipc_code::C07C-001/02,patent_ipc_code,1,108214882
patent::108214882,ipc_code::C07C-009/04,patent_ipc_code,1,108214882
patent::108214882,concept::6 C3N4HETEROJUNCTION CATALYST,patent_concept,1,108214882
patent::108214882,concept::BI2WO 6 C3N4HETEROJUNCTION CATALYST,patent_concept,1,108214882
patent::108214882,concept::HETEROJUNCTION CATALYST,patent_concept,1,108214882
patent::108214882,concept::HYDROPHILIC HYDROPHOBIC BIPHASE BI,patent_concept,1,108214882
patent::108214882,concept::HYDROPHILIC HYDROPHOBIC BI,patent_concept,1,108214882
patent::108214882,concept::BIPHASE PHOTOCATALYST,patent_concept,1,108214882
patent::108214882,concept::MAGNETIC STIRRING,patent_concept,1,108214882
patent::108214882,concept::TRIMETHYL AMMONIUM BROMIDE CTAB,patent_concept,1,108214882
patent::108214882,concept::BISMUTH NITRATE PENTAHYDRATE,patent_concept,1,108214882
patent::108214882,country::CN,patent_country,1,108214882
patent::108214882,priority_year::2023,patent_priority_year,1,108214882
patent::108214882,legal_state::ALIVE,patent_legal_state,1,108214882
patent::108214882,focus::Non-noble candidate,patent_focus,1,108214882
patent::117486565,assignee::EAST CHINA NORMAL UNIVERSITY,patent_assignee,1,117486565
patent::117486565,domain::Organic fine chemistry,patent_domain,1,117486565
patent::117486565,"domain::Surface technology, coating",patent_domain,1,117486565
patent::117486565,cpc_group::B01J,patent_cpc_group,1,117486565
patent::117486565,cpc_group::C01B,patent_cpc_group,1,117486565
patent::117486565,cpc_group::C07C,patent_cpc_group,1,117486565
patent::117486565,cpc_group::C07F,patent_cpc_group,1,117486565
patent::117486565,cpc_group::C07J,patent_cpc_group,1,117486565
patent::117486565,cpc_group::C25B,patent_cpc_group,1,117486565
patent::117486565,cpc_code::B01J-031/24,patent_cpc_code,1,117486565
patent::117486565,cpc_code::B01J-035/00/33,patent_cpc_code,1,117486565
patent::117486565,cpc_code::B01J-2531/824,patent_cpc_code,1,117486565
patent::117486565,cpc_code::C01B-032/40,patent_cpc_code,1,117486565
patent::117486565,cpc_code::C01B-032/50,patent_cpc_code,1,117486565
patent::117486565,cpc_code::C07C-051/00,patent_cpc_code,1,117486565
patent::117486565,cpc_code::C07C-051/41,patent_cpc_code,1,117486565
patent::117486565,cpc_code::C07C-053/02,patent_cpc_code,1,117486565
patent::117486565,cpc_code::C07C-067/38,patent_cpc_code,1,117486565
patent::117486565,cpc_code::C07C-069/24,patent_cpc_code,1,117486565
patent::117486565,ipc_group::C07C,patent_ipc_group,1,117486565
patent::117486565,ipc_group::C07J,patent_ipc_group,1,117486565
patent::117486565,ipc_group::C25B,patent_ipc_group,1,117486565
patent::117486565,ipc_code::C07C-067/38,patent_ipc_code,1,117486565
patent::117486565,ipc_code::C07C-069/24,patent_ipc_code,1,117486565
patent::117486565,ipc_code::C07C-069/533,patent_ipc_code,1,117486565
patent::117486565,ipc_code::C07C-069/612,patent_ipc_code,1,117486565
patent::117486565,ipc_code::C07C-069/618,patent_ipc_code,1,117486565
patent::117486565,ipc_code::C07C-069/757,patent_ipc_code,1,117486565
patent::117486565,ipc_code::C07J-009/00,patent_ipc_code,1,117486565
patent::117486565,ipc_code::C25B-001/23,patent_ipc_code,1,117486565
patent::117486565,concept::CARBONYL SOURCE,patent_concept,1,117486565
patent::117486565,concept::HYDROGEN ESTERIFICATION REACTION,patent_concept,1,117486565
patent::117486565,concept::IMIDAZOLE HEXAFLUOROPHOSPHATE,patent_concept,1,117486565
patent::117486565,concept::ESTERIFICATION REACTION,patent_concept,1,117486565
patent::117486565,concept::UNSATURATED HYDROCARBON ESTERIFICATION REACTION,patent_concept,1,117486565
patent::117486565,concept::BIS TRIPHENYLPHOSPHINE PALLADIUM DICHLORIDE,patent_concept,1,117486565
patent::117486565,concept::ELECTROCHEMICAL WORKSTATION,patent_concept,1,117486565
patent::117486565,concept::UNSATURATED HYDROCARBON FEEDSTOCK,patent_concept,1,117486565
patent::117486565,concept::SUPPORTING ELECTROLYTE ACETONITRILE SOLUTION,patent_concept,1,117486565
patent::117486565,concept::UNSATURATED HYDROCARBON,patent_concept,1,117486565
patent::117486565,country::CN,patent_country,1,117486565
patent::117486565,priority_year::2024,patent_priority_year,1,117486565
patent::117486565,legal_state::ALIVE,patent_legal_state,1,117486565
patent::117486565,focus::Non-noble candidate,patent_focus,1,117486565
patent::106672290,assignee::NANJING UNIVERSITY OF SCIENCE & TECHNOLOGY,patent_assignee,1,106672290
patent::106672290,"domain::Surface technology, coating",patent_domain,1,106672290
patent::106672290,cpc_group::C25B,patent_cpc_group,1,106672290
patent::106672290,cpc_code::C25B-001/23,patent_cpc_code,1,106672290
patent::106672290,cpc_code::C25B-009/05,patent_cpc_code,1,106672290
patent::106672290,cpc_code::C25B-009/19,patent_cpc_code,1,106672290
patent::106672290,cpc_code::C25B-011/00,patent_cpc_code,1,106672290
patent::106672290,ipc_group::C25B,patent_ipc_group,1,106672290
patent::106672290,ipc_code::C25B-001/23,patent_ipc_code,1,106672290
patent::106672290,ipc_code::C25B-009/05,patent_ipc_code,1,106672290
patent::106672290,ipc_code::C25B-009/19,patent_ipc_code,1,106672290
patent::106672290,ipc_code::C25B-011/00,patent_ipc_code,1,106672290
patent::106672290,concept::ANODE SHELL,patent_concept,1,106672290
patent::106672290,concept::ELECTROCATALYTIC CO2REACTION,patent_concept,1,106672290
patent::106672290,concept::MASS TRANSFER,patent_concept,1,106672290
patent::106672290,concept::CATHODE SHELL,patent_concept,1,106672290
patent::106672290,concept::ELECTRODE HYDROPHOBIC MODIFICATION TREATMENT,patent_concept,1,106672290
patent::106672290,concept::HYDROPHOBIC MODIFICATION TREATMENT,patent_concept,1,106672290
patent::106672290,concept::ANOLYTE CHAMBER,patent_concept,1,106672290
patent::106672290,concept::PRETREATED ELECTROLYTE,patent_concept,1,106672290
patent::106672290,country::CN,patent_country,1,106672290
patent::106672290,priority_year::2023,patent_priority_year,1,106672290
patent::106672290,legal_state::ALIVE,patent_legal_state,1,106672290
patent::106672290,focus::Non-noble candidate,patent_focus,1,106672290
patent::95502318,assignee::REGENTS OF THE UNIVERSITY OF CALIFORNIA,patent_assignee,1,95502318
patent::95502318,domain::Chemical engineering,patent_domain,1,95502318
patent::95502318,domain::Organic fine chemistry,patent_domain,1,95502318
patent::95502318,"domain::Surface technology, coating",patent_domain,1,95502318
patent::95502318,cpc_group::B01J,patent_cpc_group,1,95502318
patent::95502318,cpc_group::C07F,patent_cpc_group,1,95502318
patent::95502318,cpc_group::C25B,patent_cpc_group,1,95502318
patent::95502318,cpc_code::B01J-031/18/15,patent_cpc_code,1,95502318
patent::95502318,cpc_code::B01J-031/18/3,patent_cpc_code,1,95502318
patent::95502318,cpc_code::B01J-2231/625,patent_cpc_code,1,95502318
patent::95502318,cpc_code::B01J-2531/0241,patent_cpc_code,1,95502318
patent::95502318,cpc_code::B01J-2531/26,patent_cpc_code,1,95502318
patent::95502318,cpc_code::B01J-2531/842,patent_cpc_code,1,95502318
patent::95502318,cpc_code::C07F-015/02/5,patent_cpc_code,1,95502318
patent::95502318,cpc_code::C25B-001/23,patent_cpc_code,1,95502318
patent::95502318,cpc_code::C25B-003/26,patent_cpc_code,1,95502318
patent::95502318,cpc_code::C25B-011/073,patent_cpc_code,1,95502318
patent::95502318,ipc_group::B01J,patent_ipc_group,1,95502318
patent::95502318,ipc_group::C07F,patent_ipc_group,1,95502318
patent::95502318,ipc_group::C25B,patent_ipc_group,1,95502318
patent::95502318,ipc_code::B01J-031/18,patent_ipc_code,1,95502318
patent::95502318,ipc_code::C07F-015/02,patent_ipc_code,1,95502318
patent::95502318,ipc_code::C25B-003/26,patent_ipc_code,1,95502318
patent::95502318,concept::COORDINATION COMPLEX,patent_concept,1,95502318
patent::95502318,concept::COORDINATION COMPLEX CATALYST,patent_concept,1,95502318
patent::95502318,concept::ELECTROCHEMICAL CO2RR,patent_concept,1,95502318
patent::95502318,concept::ELECTROCHEMICAL CO2RR PROMOTION,patent_concept,1,95502318
patent::95502318,concept::METAL LIGAND CATALYST,patent_concept,1,95502318
patent::95502318,country::US,patent_country,1,95502318
patent::95502318,priority_year::2020,patent_priority_year,1,95502318
patent::95502318,legal_state::ALIVE,patent_legal_state,1,95502318
patent::95502318,focus::Non-noble candidate,patent_focus,1,95502318
patent::117521363,assignee::XIAMEN UNIVERSITY,patent_assignee,1,117521363
patent::117521363,"domain::Materials, metallurgy",patent_domain,1,117521363
patent::117521363,domain::Micro-structure and nano-technology,patent_domain,1,117521363
patent::117521363,"domain::Surface technology, coating",patent_domain,1,117521363
patent::117521363,cpc_group::Y02E,patent_cpc_group,1,117521363
patent::117521363,cpc_code::Y02E-060/50,patent_cpc_code,1,117521363
patent::117521363,ipc_group::B22F,patent_ipc_group,1,117521363
patent::117521363,ipc_group::B82Y,patent_ipc_group,1,117521363
patent::117521363,ipc_group::C25B,patent_ipc_group,1,117521363
patent::117521363,ipc_code::B22F-009/24,patent_ipc_code,1,117521363
patent::117521363,ipc_code::B82Y-040/00,patent_ipc_code,1,117521363
patent::117521363,ipc_code::C25B-001/23,patent_ipc_code,1,117521363
patent::117521363,ipc_code::C25B-003/03,patent_ipc_code,1,117521363
patent::117521363,ipc_code::C25B-003/07,patent_ipc_code,1,117521363
patent::117521363,ipc_code::C25B-003/26,patent_ipc_code,1,117521363
patent::117521363,ipc_code::C25B-009/19,patent_ipc_code,1,117521363
patent::117521363,ipc_code::C25B-011/032,patent_ipc_code,1,117521363
patent::117521363,concept::CARBON DIOXIDE REDUCTION,patent_concept,1,117521363
patent::117521363,concept::ELECTROCATALYTIC CARBON DIOXIDE REDUCTION,patent_concept,1,117521363
patent::117521363,concept::GAS DIFFUSION ELECTRODE,patent_concept,1,117521363
patent::117521363,concept::HYDROPHOBIC GAS DIFFUSION ELECTRODE,patent_concept,1,117521363
patent::117521363,concept::QUATERNIZED POLYSULFONE IONOMER,patent_concept,1,117521363
patent::117521363,concept::SILVER NANO PARTICLE,patent_concept,1,117521363
patent::117521363,concept::FLUORORESIN IONOMER,patent_concept,1,117521363
patent::117521363,concept::IONOMER,patent_concept,1,117521363
patent::117521363,concept::SILVER NANOPARTICLE,patent_concept,1,117521363
patent::117521363,concept::MEA ELECTROLYZER,patent_concept,1,117521363
patent::117521363,country::CN,patent_country,1,117521363
patent::117521363,priority_year::2025,patent_priority_year,1,117521363
patent::117521363,legal_state::ALIVE,patent_legal_state,1,117521363
patent::117521363,focus::MEA,patent_focus,1,117521363
patent::117521363,focus::AEM,patent_focus,1,117521363
patent::117521363,focus::Non-noble candidate,patent_focus,1,117521363
patent::117521363,focus::GDE,patent_focus,1,117521363
patent::82565553,assignee::LINDE,patent_assignee,1,82565553
patent::82565553,domain::Analysis of biological materials,patent_domain,1,82565553
patent::82565553,domain::Environmental technology,patent_domain,1,82565553
patent::82565553,"domain::Materials, metallurgy",patent_domain,1,82565553
patent::82565553,"domain::Surface technology, coating",patent_domain,1,82565553
patent::82565553,cpc_group::B01D,patent_cpc_group,1,82565553
patent::82565553,cpc_group::C01B,patent_cpc_group,1,82565553
patent::82565553,cpc_group::C25B,patent_cpc_group,1,82565553
patent::82565553,cpc_group::G01N,patent_cpc_group,1,82565553
patent::82565553,cpc_group::Y02A,patent_cpc_group,1,82565553
patent::82565553,cpc_group::Y02P,patent_cpc_group,1,82565553
patent::82565553,cpc_code::B01D-053/047,patent_cpc_code,1,82565553
patent::82565553,cpc_code::B01D-053/32/6,patent_cpc_code,1,82565553
patent::82565553,cpc_code::B01D-2256/20,patent_cpc_code,1,82565553
patent::82565553,cpc_code::B01D-2257/504,patent_cpc_code,1,82565553
patent::82565553,cpc_code::C01B-032/40,patent_cpc_code,1,82565553
patent::82565553,cpc_code::C25B-001/00,patent_cpc_code,1,82565553
patent::82565553,cpc_code::C25B-003/04,patent_cpc_code,1,82565553
patent::82565553,cpc_code::C25B-003/25,patent_cpc_code,1,82565553
patent::82565553,cpc_code::C25B-015/02,patent_cpc_code,1,82565553
patent::82565553,cpc_code::C25B-015/08,patent_cpc_code,1,82565553
patent::82565553,ipc_group::B01D,patent_ipc_group,1,82565553
patent::82565553,ipc_group::C01B,patent_ipc_group,1,82565553
patent::82565553,ipc_group::C25B,patent_ipc_group,1,82565553
patent::82565553,ipc_group::G01N,patent_ipc_group,1,82565553
patent::82565553,ipc_code::B01D-053/02,patent_ipc_code,1,82565553
patent::82565553,ipc_code::B01D-053/22,patent_ipc_code,1,82565553
patent::82565553,ipc_code::B01D-053/32,patent_ipc_code,1,82565553
patent::82565553,ipc_code::C01B-032/40,patent_ipc_code,1,82565553
patent::82565553,ipc_code::C25B-003/25,patent_ipc_code,1,82565553
patent::82565553,ipc_code::C25B-015/08,patent_ipc_code,1,82565553
patent::82565553,ipc_code::G01N-033/00,patent_ipc_code,1,82565553
patent::82565553,concept::ELECTROLYZER,patent_concept,1,82565553
patent::82565553,concept::MANUFACTURING CARBON MONOXIDE,patent_concept,1,82565553
patent::82565553,concept::RICH GAS PRODUCTION,patent_concept,1,82565553
patent::82565553,concept::METHANEDIONE ELECTROLYSIS,patent_concept,1,82565553
patent::82565553,concept::METHANEDIONE GAS,patent_concept,1,82565553
patent::82565553,concept::METHANEDIONE,patent_concept,1,82565553
patent::82565553,concept::RECYCLING METHANEDIONE,patent_concept,1,82565553
patent::82565553,country::US,patent_country,1,82565553
patent::82565553,country::DE,patent_country,1,82565553
patent::82565553,priority_year::2017,patent_priority_year,1,82565553
patent::82565553,legal_state::DEAD,patent_legal_state,1,82565553
patent::82565553,focus::Non-noble candidate,patent_focus,1,82565553
patent::44441678,assignee::GUO HUANG ([US]),patent_assignee,1,44441678
patent::44441678,assignee::IQBAL GULFAM ([US]),patent_assignee,1,44441678
patent::44441678,assignee::KANG BRUCE S ([US]),patent_assignee,1,44441678
patent::44441678,"domain::Surface technology, coating",patent_domain,1,44441678
patent::44441678,cpc_group::C25B,patent_cpc_group,1,44441678
patent::44441678,cpc_group::Y02E,patent_cpc_group,1,44441678
patent::44441678,cpc_code::C25B-001/04,patent_cpc_code,1,44441678
patent::44441678,cpc_code::C25B-009/19,patent_cpc_code,1,44441678
patent::44441678,cpc_code::C25B-009/23,patent_cpc_code,1,44441678
patent::44441678,cpc_code::C25B-011/077,patent_cpc_code,1,44441678
patent::44441678,cpc_code::Y02E-060/36,patent_cpc_code,1,44441678
patent::44441678,ipc_group::C25B,patent_ipc_group,1,44441678
patent::44441678,ipc_code::C25B-001/00,patent_ipc_code,1,44441678
patent::44441678,concept::BIVALENT METAL ION,patent_concept,1,44441678
patent::44441678,concept::C CO,patent_concept,1,44441678
patent::44441678,concept::CO2 DECOMPOSITION,patent_concept,1,44441678
patent::44441678,concept::DECOMPOSE CO2,patent_concept,1,44441678
patent::44441678,concept::ELECTRODE,patent_concept,1,44441678
patent::44441678,concept::MXFE,patent_concept,1,44441678
patent::44441678,concept::OXYGEN DEFICIENT FERRITE,patent_concept,1,44441678
patent::44441678,concept::OXYGEN DEFICIENT FERRITE ELECTRODE,patent_concept,1,44441678
patent::44441678,concept::SOLID OXIDE ELECTROLYZER CELL,patent_concept,1,44441678
patent::44441678,concept::CO2 NEUTRAL,patent_concept,1,44441678
patent::44441678,country::US,patent_country,1,44441678
patent::44441678,priority_year::2011,patent_priority_year,1,44441678
patent::44441678,legal_state::DEAD,patent_legal_state,1,44441678
patent::44441678,focus::Non-noble candidate,patent_focus,1,44441678
patent::44668494,assignee::TOYOTA MOTOR,patent_assignee,1,44668494
patent::44668494,domain::Basic materials chemistry,patent_domain,1,44668494
patent::44668494,"domain::Engines, pumps, turbines",patent_domain,1,44668494
patent::44668494,"domain::Surface technology, coating",patent_domain,1,44668494
patent::44668494,cpc_group::C10G,patent_cpc_group,1,44668494
patent::44668494,cpc_group::C25B,patent_cpc_group,1,44668494
patent::44668494,cpc_group::F02B,patent_cpc_group,1,44668494
patent::44668494,cpc_group::F02D,patent_cpc_group,1,44668494
patent::44668494,cpc_group::F02M,patent_cpc_group,1,44668494
patent::44668494,cpc_group::Y02P,patent_cpc_group,1,44668494
patent::44668494,cpc_group::Y02T,patent_cpc_group,1,44668494
patent::44668494,cpc_code::C10G-002/32,patent_cpc_code,1,44668494
patent::44668494,cpc_code::C25B-001/02,patent_cpc_code,1,44668494
patent::44668494,cpc_code::C25B-009/08,patent_cpc_code,1,44668494
patent::44668494,cpc_code::C25B-009/19,patent_cpc_code,1,44668494
patent::44668494,cpc_code::C25B-015/08,patent_cpc_code,1,44668494
patent::44668494,cpc_code::F02B-043/00,patent_cpc_code,1,44668494
patent::44668494,cpc_code::F02D-019/02/1,patent_cpc_code,1,44668494
patent::44668494,cpc_code::F02M-021/02/06,patent_cpc_code,1,44668494
patent::44668494,cpc_code::F02M-021/02/27,patent_cpc_code,1,44668494
patent::44668494,cpc_code::F02M-023/00,patent_cpc_code,1,44668494
patent::44668494,ipc_group::C10G,patent_ipc_group,1,44668494
patent::44668494,ipc_group::C25B,patent_ipc_group,1,44668494
patent::44668494,ipc_group::F02B,patent_ipc_group,1,44668494
patent::44668494,ipc_group::F02D,patent_ipc_group,1,44668494
patent::44668494,ipc_group::F02M,patent_ipc_group,1,44668494
patent::44668494,ipc_group::F02P,patent_ipc_group,1,44668494
patent::44668494,ipc_code::C10G-002/00,patent_ipc_code,1,44668494
patent::44668494,ipc_code::C25B-001/02,patent_ipc_code,1,44668494
patent::44668494,ipc_code::C25B-009/19,patent_ipc_code,1,44668494
patent::44668494,ipc_code::C25B-015/08,patent_ipc_code,1,44668494
patent::44668494,ipc_code::F02B-043/00,patent_ipc_code,1,44668494
patent::44668494,ipc_code::F02B-047/08,patent_ipc_code,1,44668494
patent::44668494,ipc_code::F02B-053/04,patent_ipc_code,1,44668494
patent::44668494,ipc_code::F02D-019/02,patent_ipc_code,1,44668494
patent::44668494,concept::ABSORPTION LIQUID,patent_concept,1,44668494
patent::44668494,concept::ABSORPTION LIQUID STORAGE,patent_concept,1,44668494
patent::44668494,concept::ACQUIRING EXHAUST PRESSURE,patent_concept,1,44668494
patent::44668494,concept::ACQUISITION,patent_concept,1,44668494
patent::44668494,concept::ACQUISITION SPEED,patent_concept,1,44668494
patent::44668494,concept::BYPASS PATH,patent_concept,1,44668494
patent::44668494,concept::CARBON DIOXIDE ABSORPTION,patent_concept,1,44668494
patent::44668494,concept::CARBON DIOXIDE CONCENTRATION ACQUIRING,patent_concept,1,44668494
patent::44668494,concept::CONCENTRATION ACQUIRING,patent_concept,1,44668494
patent::44668494,country::WO,patent_country,1,44668494
patent::44668494,country::JP,patent_country,1,44668494
patent::44668494,priority_year::2011,patent_priority_year,1,44668494
patent::44668494,legal_state::DEAD,patent_legal_state,1,44668494
patent::44668494,focus::Non-noble candidate,patent_focus,1,44668494
patent::100252610,assignee::KUNMING UNIVERSITY OF SCIENCE & TECHNOLOGY,patent_assignee,1,100252610
patent::100252610,"domain::Surface technology, coating",patent_domain,1,100252610
patent::100252610,cpc_group::C25B,patent_cpc_group,1,100252610
patent::100252610,cpc_group::Y02E,patent_cpc_group,1,100252610
patent::100252610,cpc_code::C25B-001/23,patent_cpc_code,1,100252610
patent::100252610,cpc_code::C25B-001/26,patent_cpc_code,1,100252610
patent::100252610,cpc_code::C25B-001/50,patent_cpc_code,1,100252610
patent::100252610,cpc_code::Y02E-060/36,patent_cpc_code,1,100252610
patent::100252610,ipc_group::C25B,patent_ipc_group,1,100252610
patent::100252610,ipc_code::C25B-001/23,patent_ipc_code,1,100252610
patent::100252610,ipc_code::C25B-001/26,patent_ipc_code,1,100252610
patent::100252610,ipc_code::C25B-001/50,patent_ipc_code,1,100252610
patent::100252610,concept::CARBON MONOXIDE PRODUCTION,patent_concept,1,100252610
patent::100252610,concept::DIAPHRAGM ELECTROLYSIS,patent_concept,1,100252610
patent::100252610,concept::ELECTROLYTIC CELL,patent_concept,1,100252610
patent::100252610,concept::HYPOCHLORITE,patent_concept,1,100252610
patent::100252610,concept::MICROGAP CELL,patent_concept,1,100252610
patent::100252610,concept::MICROGAP ELECTROLYSIS CELL,patent_concept,1,100252610
patent::100252610,concept::MICROGAP ELECTROLYTIC CELL,patent_concept,1,100252610
patent::100252610,concept::ANODE CHAMBER,patent_concept,1,100252610
patent::100252610,concept::BIPOLAR MEMBRANE ELECTROLYSIS,patent_concept,1,100252610
patent::100252610,country::CN,patent_country,1,100252610
patent::100252610,priority_year::2022,patent_priority_year,1,100252610
patent::100252610,legal_state::DEAD,patent_legal_state,1,100252610
patent::100252610,focus::GDE,patent_focus,1,100252610
patent::101956586,assignee::HITACHI,patent_assignee,1,101956586
patent::101956586,domain::Environmental technology,patent_domain,1,101956586
patent::101956586,"domain::Materials, metallurgy",patent_domain,1,101956586
patent::101956586,"domain::Surface technology, coating",patent_domain,1,101956586
patent::101956586,domain::Thermal processes and apparatus,patent_domain,1,101956586
patent::101956586,cpc_group::B01D,patent_cpc_group,1,101956586
patent::101956586,cpc_group::C21D,patent_cpc_group,1,101956586
patent::101956586,cpc_group::C25B,patent_cpc_group,1,101956586
patent::101956586,cpc_group::F27D,patent_cpc_group,1,101956586
patent::101956586,cpc_code::B01D-053/86,patent_cpc_code,1,101956586
patent::101956586,cpc_code::C21D-001/06,patent_cpc_code,1,101956586
patent::101956586,cpc_code::C21D-001/76,patent_cpc_code,1,101956586
patent::101956586,cpc_code::C25B-001/23,patent_cpc_code,1,101956586
patent::101956586,cpc_code::C25B-003/03,patent_cpc_code,1,101956586
patent::101956586,cpc_code::C25B-009/00,patent_cpc_code,1,101956586
patent::101956586,cpc_code::C25B-015/023,patent_cpc_code,1,101956586
patent::101956586,cpc_code::C25B-015/08,patent_cpc_code,1,101956586
patent::101956586,cpc_code::F27D-007/00,patent_cpc_code,1,101956586
patent::101956586,cpc_code::F27D-007/02,patent_cpc_code,1,101956586
patent::101956586,ipc_group::B01D,patent_ipc_group,1,101956586
patent::101956586,ipc_group::C21D,patent_ipc_group,1,101956586
patent::101956586,ipc_group::C25B,patent_ipc_group,1,101956586
patent::101956586,ipc_group::F27D,patent_ipc_group,1,101956586
patent::101956586,ipc_code::B01D-053/86,patent_ipc_code,1,101956586
patent::101956586,ipc_code::C21D-001/06,patent_ipc_code,1,101956586
patent::101956586,ipc_code::C21D-001/76,patent_ipc_code,1,101956586
patent::101956586,ipc_code::C25B-001/23,patent_ipc_code,1,101956586
patent::101956586,ipc_code::C25B-003/03,patent_ipc_code,1,101956586
patent::101956586,ipc_code::C25B-009/00,patent_ipc_code,1,101956586
patent::101956586,ipc_code::C25B-015/023,patent_ipc_code,1,101956586
patent::101956586,ipc_code::C25B-015/08,patent_ipc_code,1,101956586
patent::101956586,concept::CARBON DIOXIDE CONVERSION,patent_concept,1,101956586
patent::101956586,concept::CARBON DIOXIDE ELECTROLYSIS,patent_concept,1,101956586
patent::101956586,concept::CARBURIZATION FURNACE,patent_concept,1,101956586
patent::101956586,concept::CARBURIZATION GAS,patent_concept,1,101956586
patent::101956586,concept::CARBURIZATION GAS SUPPLY,patent_concept,1,101956586
patent::101956586,concept::CARBURIZATION TREATMENT,patent_concept,1,101956586
patent::101956586,country::JP,patent_country,1,101956586
patent::101956586,priority_year::2021,patent_priority_year,1,101956586
patent::101956586,legal_state::ALIVE,patent_legal_state,1,101956586
patent::101956586,focus::Non-noble candidate,patent_focus,1,101956586
patent::94934392,assignee::NINGBO INSTITUTE OF MATERIALS TECHNOLOGY & ENGINEERING - CHINESE ACADEMY OF SCIENCES,patent_assignee,1,94934392
patent::94934392,"domain::Surface technology, coating",patent_domain,1,94934392
patent::94934392,cpc_group::C25B,patent_cpc_group,1,94934392
patent::94934392,cpc_code::C25B-001/00,patent_cpc_code,1,94934392
patent::94934392,cpc_code::C25B-015/00,patent_cpc_code,1,94934392
patent::94934392,ipc_group::C25B,patent_ipc_group,1,94934392
patent::94934392,ipc_code::C25B-001/23,patent_ipc_code,1,94934392
patent::94934392,ipc_code::C25B-009/17,patent_ipc_code,1,94934392
patent::94934392,ipc_code::C25B-009/67,patent_ipc_code,1,94934392
patent::94934392,ipc_code::C25B-015/00,patent_ipc_code,1,94934392
patent::94934392,concept::ELECTROCATALYTICALLY REDUCING METHANEDIONE,patent_concept,1,94934392
patent::94934392,concept::METHANEDIONE,patent_concept,1,94934392
patent::94934392,concept::METHANEDIONE EFFICIENCY ELECTROCATALYTIC REDUCTION,patent_concept,1,94934392
patent::94934392,concept::ELECTROLYSIS,patent_concept,1,94934392
patent::94934392,concept::INSUFFICIENT METHANEDIONE ELECTROLYSIS,patent_concept,1,94934392
patent::94934392,concept::METHANEDIONE ELECTROLYSIS,patent_concept,1,94934392
patent::94934392,concept::ELECTROLYTE LAYER,patent_concept,1,94934392
patent::94934392,concept::METHANEDIONE COELECTROLYSIS,patent_concept,1,94934392
patent::94934392,concept::ANODE LAYER,patent_concept,1,94934392
patent::94934392,concept::METHANEDIONE ELECTROLYTIC CONVERSION,patent_concept,1,94934392
patent::94934392,country::CN,patent_country,1,94934392
patent::94934392,priority_year::2019,patent_priority_year,1,94934392
patent::94934392,legal_state::DEAD,patent_legal_state,1,94934392
patent::94934392,focus::Non-noble candidate,patent_focus,1,94934392
patent::111220958,assignee::FRAUNHOFER,patent_assignee,1,111220958
patent::111220958,domain::Chemical engineering,patent_domain,1,111220958
patent::111220958,domain::Environmental technology,patent_domain,1,111220958
patent::111220958,domain::Micro-structure and nano-technology,patent_domain,1,111220958
patent::111220958,"domain::Surface technology, coating",patent_domain,1,111220958
patent::111220958,cpc_group::B01J,patent_cpc_group,1,111220958
patent::111220958,cpc_group::B82Y,patent_cpc_group,1,111220958
patent::111220958,cpc_group::C25B,patent_cpc_group,1,111220958
patent::111220958,cpc_code::B01J-035/23,patent_cpc_code,1,111220958
patent::111220958,cpc_code::B82Y-030/00,patent_cpc_code,1,111220958
patent::111220958,cpc_code::C25B-001/23,patent_cpc_code,1,111220958
patent::111220958,cpc_code::C25B-011/032,patent_cpc_code,1,111220958
patent::111220958,cpc_code::C25B-011/054,patent_cpc_code,1,111220958
patent::111220958,cpc_code::C25B-011/055,patent_cpc_code,1,111220958
patent::111220958,cpc_code::C25B-011/061,patent_cpc_code,1,111220958
patent::111220958,cpc_code::C25B-011/075,patent_cpc_code,1,111220958
patent::111220958,cpc_code::C25B-011/089,patent_cpc_code,1,111220958
patent::111220958,ipc_group::B01D,patent_ipc_group,1,111220958
patent::111220958,ipc_group::B01J,patent_ipc_group,1,111220958
patent::111220958,ipc_group::B82Y,patent_ipc_group,1,111220958
patent::111220958,ipc_group::C25B,patent_ipc_group,1,111220958
patent::111220958,ipc_code::B01D-053/86,patent_ipc_code,1,111220958
patent::111220958,ipc_code::B01J-025/04,patent_ipc_code,1,111220958
patent::111220958,ipc_code::B01J-027/057,patent_ipc_code,1,111220958
patent::111220958,ipc_code::B01J-035/23,patent_ipc_code,1,111220958
patent::111220958,ipc_code::B01J-035/45,patent_ipc_code,1,111220958
patent::111220958,ipc_code::B01J-035/53,patent_ipc_code,1,111220958
patent::111220958,ipc_code::B01J-035/61,patent_ipc_code,1,111220958
patent::111220958,ipc_code::B82Y-030/00,patent_ipc_code,1,111220958
patent::111220958,concept::CADMIUM,patent_concept,1,111220958
patent::111220958,concept::CADMIUM CHALCOGENIDE,patent_concept,1,111220958
patent::111220958,concept::CARBON DIOXIDE CO2,patent_concept,1,111220958
patent::111220958,concept::CATALYST,patent_concept,1,111220958
patent::111220958,concept::CATALYST MATERIAL,patent_concept,1,111220958
patent::111220958,country::DE,patent_country,1,111220958
patent::111220958,priority_year::2023,patent_priority_year,1,111220958
patent::111220958,legal_state::ALIVE,patent_legal_state,1,111220958
patent::111220958,focus::Non-noble candidate,patent_focus,1,111220958
patent::111220958,focus::GDE,patent_focus,1,111220958
patent::106991409,assignee::TEXAS A & M UNIVERSITY,patent_assignee,1,106991409
patent::106991409,domain::Chemical engineering,patent_domain,1,106991409
patent::106991409,"domain::Electrical machinery, apparatus, energy",patent_domain,1,106991409
patent::106991409,"domain::Materials, metallurgy",patent_domain,1,106991409
patent::106991409,"domain::Surface technology, coating",patent_domain,1,106991409
patent::106991409,cpc_group::C01B,patent_cpc_group,1,106991409
patent::106991409,cpc_group::C01P,patent_cpc_group,1,106991409
patent::106991409,cpc_group::C25B,patent_cpc_group,1,106991409
patent::106991409,cpc_code::C01B-032/168,patent_cpc_code,1,106991409
patent::106991409,cpc_code::C01B-2202/06,patent_cpc_code,1,106991409
patent::106991409,cpc_code::C01B-2202/22,patent_cpc_code,1,106991409
patent::106991409,cpc_code::C01B-2202/32,patent_cpc_code,1,106991409
patent::106991409,cpc_code::C01P-2002/52,patent_cpc_code,1,106991409
patent::106991409,cpc_code::C01P-2002/72,patent_cpc_code,1,106991409
patent::106991409,cpc_code::C01P-2002/85,patent_cpc_code,1,106991409
patent::106991409,cpc_code::C01P-2004/03,patent_cpc_code,1,106991409
patent::106991409,cpc_code::C01P-2004/04,patent_cpc_code,1,106991409
patent::106991409,cpc_code::C01P-2004/133,patent_cpc_code,1,106991409
patent::106991409,ipc_group::B01J,patent_ipc_group,1,106991409
patent::106991409,ipc_group::C01B,patent_ipc_group,1,106991409
patent::106991409,ipc_group::C25B,patent_ipc_group,1,106991409
patent::106991409,ipc_group::H01M,patent_ipc_group,1,106991409
patent::106991409,ipc_code::B01J-021/18,patent_ipc_code,1,106991409
patent::106991409,ipc_code::B01J-023/745,patent_ipc_code,1,106991409
patent::106991409,ipc_code::B01J-027/24,patent_ipc_code,1,106991409
patent::106991409,ipc_code::C01B-032/158,patent_ipc_code,1,106991409
patent::106991409,ipc_code::C01B-032/168,patent_ipc_code,1,106991409
patent::106991409,ipc_code::C25B-001/23,patent_ipc_code,1,106991409
patent::106991409,ipc_code::C25B-009/19,patent_ipc_code,1,106991409
patent::106991409,ipc_code::C25B-011/052,patent_ipc_code,1,106991409
patent::106991409,concept::AASS AANN ELECTROCATALYST,patent_concept,1,106991409
patent::106991409,concept::CARBON DIOXIDE REDUCTION,patent_concept,1,106991409
patent::106991409,concept::CARBON NANOTUBE,patent_concept,1,106991409
patent::106991409,country::US,patent_country,1,106991409
patent::106991409,priority_year::2022,patent_priority_year,1,106991409
patent::106991409,legal_state::ALIVE,patent_legal_state,1,106991409
patent::106991409,focus::Non-noble candidate,patent_focus,1,106991409
patent::115970616,assignee::BEIJING UNIVERSITY OF CHEMICAL TECHNOLOGY,patent_assignee,1,115970616
patent::115970616,assignee::QUZHOU RESOURCE CHEMICAL INNOVATION RESEARCH INSTITUTE,patent_assignee,1,115970616
patent::115970616,domain::Chemical engineering,patent_domain,1,115970616
patent::115970616,"domain::Materials, metallurgy",patent_domain,1,115970616
patent::115970616,domain::Organic fine chemistry,patent_domain,1,115970616
patent::115970616,cpc_group::B01J,patent_cpc_group,1,115970616
patent::115970616,cpc_group::C01B,patent_cpc_group,1,115970616
patent::115970616,cpc_group::C07C,patent_cpc_group,1,115970616
patent::115970616,cpc_group::Y02P,patent_cpc_group,1,115970616
patent::115970616,cpc_code::B01J-023/00/2,patent_cpc_code,1,115970616
patent::115970616,cpc_code::B01J-023/72,patent_cpc_code,1,115970616
patent::115970616,cpc_code::B01J-023/825,patent_cpc_code,1,115970616
patent::115970616,cpc_code::B01J-027/24,patent_cpc_code,1,115970616
patent::115970616,cpc_code::B01J-035/00/13,patent_cpc_code,1,115970616
patent::115970616,cpc_code::B01J-035/00/4,patent_cpc_code,1,115970616
patent::115970616,cpc_code::B01J-037/03/1,patent_cpc_code,1,115970616
patent::115970616,cpc_code::B01J-037/03/5,patent_cpc_code,1,115970616
patent::115970616,cpc_code::B01J-037/08/2,patent_cpc_code,1,115970616
patent::115970616,cpc_code::B01J-037/08/6,patent_cpc_code,1,115970616
patent::115970616,ipc_group::B01J,patent_ipc_group,1,115970616
patent::115970616,ipc_group::C01B,patent_ipc_group,1,115970616
patent::115970616,ipc_group::C07C,patent_ipc_group,1,115970616
patent::115970616,ipc_code::B01J-023/825,patent_ipc_code,1,115970616
patent::115970616,ipc_code::B01J-035/39,patent_ipc_code,1,115970616
patent::115970616,ipc_code::B01J-037/02,patent_ipc_code,1,115970616
patent::115970616,ipc_code::B01J-037/03,patent_ipc_code,1,115970616
patent::115970616,ipc_code::C01B-032/40,patent_ipc_code,1,115970616
patent::115970616,ipc_code::C07C-029/16,patent_ipc_code,1,115970616
patent::115970616,ipc_code::C07C-033/26,patent_ipc_code,1,115970616
patent::115970616,concept::MULTIFUNCTIONAL CATALYST,patent_concept,1,115970616
patent::115970616,concept::OXIDATION COUPLING,patent_concept,1,115970616
patent::115970616,concept::PHOTOCATALYTIC CO2PREPARATION,patent_concept,1,115970616
patent::115970616,concept::REDUCTION BENZYL ALCOHOL,patent_concept,1,115970616
patent::115970616,concept::MULTIFUNCTIONAL CATALYST HEHS MG,patent_concept,1,115970616
patent::115970616,concept::PHOTOCATALYTIC,patent_concept,1,115970616
patent::115970616,concept::WASTE RECYCLING UTILIZATION,patent_concept,1,115970616
patent::115970616,concept::ANHYDROUS SODIUM,patent_concept,1,115970616
patent::115970616,concept::PRECIPITANT SOLUTION,patent_concept,1,115970616
patent::115970616,concept::REACTOR,patent_concept,1,115970616
patent::115970616,country::CN,patent_country,1,115970616
patent::115970616,priority_year::2025,patent_priority_year,1,115970616
patent::115970616,legal_state::ALIVE,patent_legal_state,1,115970616
patent::115970616,focus::Non-noble candidate,patent_focus,1,115970616
patent::106179974,assignee::BEIFANG UNIVERSITY OF NATIONALITIES,patent_assignee,1,106179974
patent::106179974,assignee::SOUTHWEST UNIVERSITY OF SCIENCE & TECHNOLOGY,patent_assignee,1,106179974
patent::106179974,"domain::Surface technology, coating",patent_domain,1,106179974
patent::106179974,cpc_group::C25B,patent_cpc_group,1,106179974
patent::106179974,cpc_group::Y02A,patent_cpc_group,1,106179974
patent::106179974,cpc_code::C25B-001/23,patent_cpc_code,1,106179974
patent::106179974,cpc_code::C25B-011/065,patent_cpc_code,1,106179974
patent::106179974,cpc_code::C25B-011/091,patent_cpc_code,1,106179974
patent::106179974,cpc_code::Y02A-050/20,patent_cpc_code,1,106179974
patent::106179974,ipc_group::C25B,patent_ipc_group,1,106179974
patent::106179974,ipc_code::C25B-001/23,patent_ipc_code,1,106179974
patent::106179974,ipc_code::C25B-011/065,patent_ipc_code,1,106179974
patent::106179974,ipc_code::C25B-011/091,patent_ipc_code,1,106179974
patent::106179974,concept::COMPOSITE CATALYST,patent_concept,1,106179974
patent::106179974,concept::DOPED ZINC RARE EARTH,patent_concept,1,106179974
patent::106179974,concept::FLUORINE,patent_concept,1,106179974
patent::106179974,concept::HYDROXIDE COMPOSITE CATALYST,patent_concept,1,106179974
patent::106179974,concept::METAL HYDROXIDE COMPOSITE CATALYST,patent_concept,1,106179974
patent::106179974,concept::RARE EARTH,patent_concept,1,106179974
patent::106179974,concept::ZINC RARE EARTH,patent_concept,1,106179974
patent::106179974,concept::DOPED ZINC LANTHANUM,patent_concept,1,106179974
patent::106179974,concept::BIMETALLIC HYDROXIDE COMPOSITE CATALYST,patent_concept,1,106179974
patent::106179974,concept::GRANULAR STACKING GROWTH,patent_concept,1,106179974
patent::106179974,country::CN,patent_country,1,106179974
patent::106179974,priority_year::2023,patent_priority_year,1,106179974
patent::106179974,legal_state::ALIVE,patent_legal_state,1,106179974
patent::106179974,focus::Non-noble candidate,patent_focus,1,106179974
patent::64914748,assignee::FUNDACION CENTER DE INNOVACION & DESARROLLO TECNOLOGICO,patent_assignee,1,64914748
patent::64914748,"domain::Engines, pumps, turbines",patent_domain,1,64914748
patent::64914748,domain::Environmental technology,patent_domain,1,64914748
patent::64914748,domain::Thermal processes and apparatus,patent_domain,1,64914748
patent::64914748,cpc_group::B01D,patent_cpc_group,1,64914748
patent::64914748,cpc_group::F01K,patent_cpc_group,1,64914748
patent::64914748,cpc_group::F23C,patent_cpc_group,1,64914748
patent::64914748,cpc_group::F23J,patent_cpc_group,1,64914748
patent::64914748,cpc_group::Y02A,patent_cpc_group,1,64914748
patent::64914748,cpc_group::Y02C,patent_cpc_group,1,64914748
patent::64914748,cpc_group::Y02E,patent_cpc_group,1,64914748
patent::64914748,cpc_code::B01D-053/62,patent_cpc_code,1,64914748
patent::64914748,cpc_code::F01K-023/00,patent_cpc_code,1,64914748
patent::64914748,cpc_code::F23C-006/04,patent_cpc_code,1,64914748
patent::64914748,cpc_code::F23J-015/00,patent_cpc_code,1,64914748
patent::64914748,cpc_code::Y02A-050/20,patent_cpc_code,1,64914748
patent::64914748,cpc_code::Y02C-020/40,patent_cpc_code,1,64914748
patent::64914748,cpc_code::Y02E-020/32,patent_cpc_code,1,64914748
patent::64914748,ipc_group::B01D,patent_ipc_group,1,64914748
patent::64914748,ipc_group::F01K,patent_ipc_group,1,64914748
patent::64914748,ipc_group::F23C,patent_ipc_group,1,64914748
patent::64914748,ipc_group::F23J,patent_ipc_group,1,64914748
patent::64914748,ipc_code::B01D-053/62,patent_ipc_code,1,64914748
patent::64914748,ipc_code::F01K-023/00,patent_ipc_code,1,64914748
patent::64914748,ipc_code::F23C-006/04,patent_ipc_code,1,64914748
patent::64914748,ipc_code::F23J-015/00,patent_ipc_code,1,64914748
patent::64914748,country::ES,patent_country,1,64914748
patent::64914748,priority_year::2012,patent_priority_year,1,64914748
patent::64914748,legal_state::DEAD,patent_legal_state,1,64914748
patent::104081456,assignee::SICHUAN LANGSHENG NEW ENERGY TECHNOLOGY,patent_assignee,1,104081456
patent::104081456,assignee::SOUTHWEST UNIVERSITY OF SCIENCE & TECHNOLOGY,patent_assignee,1,104081456
patent::104081456,"domain::Macromolecular chemistry, polymers",patent_domain,1,104081456
patent::104081456,domain::Other special machines,patent_domain,1,104081456
patent::104081456,"domain::Surface technology, coating",patent_domain,1,104081456
patent::104081456,cpc_group::B01D,patent_cpc_group,1,104081456
patent::104081456,cpc_group::B01J,patent_cpc_group,1,104081456
patent::104081456,cpc_group::C08G,patent_cpc_group,1,104081456
patent::104081456,cpc_group::C08J,patent_cpc_group,1,104081456
patent::104081456,cpc_group::C08L,patent_cpc_group,1,104081456
patent::104081456,cpc_group::C25B,patent_cpc_group,1,104081456
patent::104081456,cpc_group::H01M,patent_cpc_group,1,104081456
patent::104081456,cpc_code::B01D-067/00/06,patent_cpc_code,1,104081456
patent::104081456,cpc_code::B01D-2325/42,patent_cpc_code,1,104081456
patent::104081456,cpc_code::B01J-035/00/33,patent_cpc_code,1,104081456
patent::104081456,cpc_code::C08G-073/18,patent_cpc_code,1,104081456
patent::104081456,cpc_code::C08J-005/18,patent_cpc_code,1,104081456
patent::104081456,cpc_code::C08J-005/22/56,patent_cpc_code,1,104081456
patent::104081456,cpc_code::C08J-005/22/87,patent_cpc_code,1,104081456
patent::104081456,cpc_code::C08J-005/22/93,patent_cpc_code,1,104081456
patent::104081456,cpc_code::C08J-2379/04,patent_cpc_code,1,104081456
patent::104081456,cpc_code::C08J-2479/04,patent_cpc_code,1,104081456
patent::104081456,ipc_group::C08J,patent_ipc_group,1,104081456
patent::104081456,ipc_group::C08L,patent_ipc_group,1,104081456
patent::104081456,ipc_group::C25B,patent_ipc_group,1,104081456
patent::104081456,ipc_code::C08J-005/22,patent_ipc_code,1,104081456
patent::104081456,ipc_code::C08L-079/04,patent_ipc_code,1,104081456
patent::104081456,ipc_code::C25B-001/23,patent_ipc_code,1,104081456
patent::104081456,ipc_code::C25B-013/08,patent_ipc_code,1,104081456
patent::104081456,concept::ANION EXCHANGE MEMBRANE,patent_concept,1,104081456
patent::104081456,concept::CROSSLINKING TYPE QUATERNIZED POLYBENZIMIDAZOLE,patent_concept,1,104081456
patent::104081456,concept::ELECTROCATALYSIS,patent_concept,1,104081456
patent::104081456,concept::ELECTROCATALYTIC REDUCTION,patent_concept,1,104081456
patent::104081456,concept::MIDDLE FILM ELECTRODE,patent_concept,1,104081456
patent::104081456,concept::MIDDLE FILM ELECTRODE SEPARATOR,patent_concept,1,104081456
patent::104081456,concept::POLYBENZIMIDAZOLE ANION EXCHANGE MEMBRANE,patent_concept,1,104081456
patent::104081456,country::CN,patent_country,1,104081456
patent::104081456,priority_year::2022,patent_priority_year,1,104081456
patent::104081456,legal_state::ALIVE,patent_legal_state,1,104081456
patent::104081456,focus::AEM,patent_focus,1,104081456
patent::104081456,focus::Non-noble candidate,patent_focus,1,104081456
patent::46248577,assignee::TOYOTA MOTOR,patent_assignee,1,46248577
patent::46248577,domain::Basic materials chemistry,patent_domain,1,46248577
patent::46248577,"domain::Surface technology, coating",patent_domain,1,46248577
patent::46248577,cpc_group::C25B,patent_cpc_group,1,46248577
patent::46248577,cpc_group::Y02E,patent_cpc_group,1,46248577
patent::46248577,cpc_code::C25B-001/02,patent_cpc_code,1,46248577
patent::46248577,cpc_code::C25B-001/23,patent_cpc_code,1,46248577
patent::46248577,cpc_code::C25B-009/00,patent_cpc_code,1,46248577
patent::46248577,cpc_code::C25B-015/029,patent_cpc_code,1,46248577
patent::46248577,cpc_code::Y02E-060/36,patent_cpc_code,1,46248577
patent::46248577,ipc_group::C10G,patent_ipc_group,1,46248577
patent::46248577,ipc_group::C25B,patent_ipc_group,1,46248577
patent::46248577,ipc_code::C10G-002/00,patent_ipc_code,1,46248577
patent::46248577,ipc_code::C25B-001/02,patent_ipc_code,1,46248577
patent::46248577,ipc_code::C25B-003/25,patent_ipc_code,1,46248577
patent::46248577,concept::ELECTROLYZER,patent_concept,1,46248577
patent::46248577,concept::ELECTROLYZER ELECTROLYTE,patent_concept,1,46248577
patent::46248577,concept::FUEL MANUFACTURE,patent_concept,1,46248577
patent::46248577,concept::FUEL PRODUCTION METHOD,patent_concept,1,46248577
patent::46248577,concept::GAS MANUFACTURE,patent_concept,1,46248577
patent::46248577,country::WO,patent_country,1,46248577
patent::46248577,country::JP,patent_country,1,46248577
patent::46248577,priority_year::2012,patent_priority_year,1,46248577
patent::46248577,legal_state::DEAD,patent_legal_state,1,46248577
patent::46248577,focus::Non-noble candidate,patent_focus,1,46248577
patent::14919739,assignee::CERAMATEC,patent_assignee,1,14919739
patent::14919739,assignee::FIELD UPGRADING,patent_assignee,1,14919739
patent::14919739,"domain::Electrical machinery, apparatus, energy",patent_domain,1,14919739
patent::14919739,"domain::Materials, metallurgy",patent_domain,1,14919739
patent::14919739,"domain::Surface technology, coating",patent_domain,1,14919739
patent::14919739,cpc_group::C25B,patent_cpc_group,1,14919739
patent::14919739,cpc_group::H01M,patent_cpc_group,1,14919739
patent::14919739,cpc_group::Y02E,patent_cpc_group,1,14919739
patent::14919739,cpc_code::C25B-001/00,patent_cpc_code,1,14919739
patent::14919739,cpc_code::C25B-001/02,patent_cpc_code,1,14919739
patent::14919739,cpc_code::C25B-001/04,patent_cpc_code,1,14919739
patent::14919739,cpc_code::C25B-009/20/6,patent_cpc_code,1,14919739
patent::14919739,cpc_code::C25B-009/77,patent_cpc_code,1,14919739
patent::14919739,cpc_code::H01M-2008/1293,patent_cpc_code,1,14919739
patent::14919739,cpc_code::Y02E-060/36,patent_cpc_code,1,14919739
patent::14919739,cpc_code::Y02E-060/364,patent_cpc_code,1,14919739
patent::14919739,cpc_code::Y02E-060/366,patent_cpc_code,1,14919739
patent::14919739,cpc_code::Y02E-060/50,patent_cpc_code,1,14919739
patent::14919739,ipc_group::C01B,patent_ipc_group,1,14919739
patent::14919739,ipc_group::C25B,patent_ipc_group,1,14919739
patent::14919739,ipc_group::C25C,patent_ipc_group,1,14919739
patent::14919739,ipc_group::C25D,patent_ipc_group,1,14919739
patent::14919739,ipc_group::H01M,patent_ipc_group,1,14919739
patent::14919739,ipc_code::C01B-003/04,patent_ipc_code,1,14919739
patent::14919739,ipc_code::C25B-001/02,patent_ipc_code,1,14919739
patent::14919739,ipc_code::C25B-001/16,patent_ipc_code,1,14919739
patent::14919739,ipc_code::C25B-009/17,patent_ipc_code,1,14919739
patent::14919739,ipc_code::C25B-009/19,patent_ipc_code,1,14919739
patent::14919739,ipc_code::C25B-009/23,patent_ipc_code,1,14919739
patent::14919739,ipc_code::C25C-007/00,patent_ipc_code,1,14919739
patent::14919739,ipc_code::C25D-017/00,patent_ipc_code,1,14919739
patent::14919739,concept::ANODE CHAMBER,patent_concept,1,14919739
patent::14919739,concept::ATMOSPHERIC AIR,patent_concept,1,14919739
patent::14919739,concept::CARBON DIOXIDE COELECTROLYTE,patent_concept,1,14919739
patent::14919739,concept::CATHODE CHAMBER,patent_concept,1,14919739
patent::14919739,country::US,patent_country,1,14919739
patent::14919739,priority_year::2005,patent_priority_year,1,14919739
patent::14919739,legal_state::ALIVE,patent_legal_state,1,14919739
patent::14919739,focus::Non-noble candidate,patent_focus,1,14919739
patent::115547269,assignee::UTILITY GLOBAL,patent_assignee,1,115547269
patent::115547269,"domain::Surface technology, coating",patent_domain,1,115547269
patent::115547269,cpc_group::B01D,patent_cpc_group,1,115547269
patent::115547269,cpc_group::C25B,patent_cpc_group,1,115547269
patent::115547269,cpc_code::B01D-053/32/6,patent_cpc_code,1,115547269
patent::115547269,cpc_code::B01D-2257/504,patent_cpc_code,1,115547269
patent::115547269,cpc_code::C25B-001/01,patent_cpc_code,1,115547269
patent::115547269,cpc_code::C25B-001/23,patent_cpc_code,1,115547269
patent::115547269,cpc_code::C25B-011/077,patent_cpc_code,1,115547269
patent::115547269,cpc_code::C25B-011/091,patent_cpc_code,1,115547269
patent::115547269,cpc_code::C25B-013/05,patent_cpc_code,1,115547269
patent::115547269,cpc_code::C25B-013/07,patent_cpc_code,1,115547269
patent::115547269,cpc_code::C25B-015/081,patent_cpc_code,1,115547269
patent::115547269,ipc_group::C25B,patent_ipc_group,1,115547269
patent::115547269,ipc_code::C25B-001/02,patent_ipc_code,1,115547269
patent::115547269,ipc_code::C25B-003/26,patent_ipc_code,1,115547269
patent::115547269,ipc_code::C25B-011/04,patent_ipc_code,1,115547269
patent::115547269,ipc_code::C25B-015/08,patent_ipc_code,1,115547269
patent::115547269,concept::CARBON CAPTURE,patent_concept,1,115547269
patent::115547269,concept::CO2 MITIGATION,patent_concept,1,115547269
patent::115547269,concept::LAO 75SRO 25CRO 5MNO,patent_concept,1,115547269
patent::115547269,concept::LAO 4SRO 6TIO 4MNO,patent_concept,1,115547269
patent::115547269,concept::ANODE EXHAUST,patent_concept,1,115547269
patent::115547269,concept::ELECTROLYTE CONDUCT,patent_concept,1,115547269
patent::115547269,concept::ELECTROLYTE CONDUCT OXIDE ION,patent_concept,1,115547269
patent::115547269,concept::CARBONACEOUS GAS,patent_concept,1,115547269
patent::115547269,concept::STEAM INTRODUCTION,patent_concept,1,115547269
patent::115547269,concept::ELECTROLYTE,patent_concept,1,115547269
patent::115547269,country::US,patent_country,1,115547269
patent::115547269,priority_year::2024,patent_priority_year,1,115547269
patent::115547269,legal_state::ALIVE,patent_legal_state,1,115547269
patent::115547269,focus::Non-noble candidate,patent_focus,1,115547269
patent::114892955,assignee::HUAZHONG UNIVERSITY OF SCIENCE & TECHNOLOGY,patent_assignee,1,114892955
patent::114892955,domain::Environmental technology,patent_domain,1,114892955
patent::114892955,cpc_group::B01D,patent_cpc_group,1,114892955
patent::114892955,cpc_code::B01D-053/62,patent_cpc_code,1,114892955
patent::114892955,cpc_code::B01D-053/78,patent_cpc_code,1,114892955
patent::114892955,cpc_code::B01D-053/96,patent_cpc_code,1,114892955
patent::114892955,cpc_code::B01D-2257/504,patent_cpc_code,1,114892955
patent::114892955,ipc_group::B01D,patent_ipc_group,1,114892955
patent::114892955,ipc_code::B01D-053/62,patent_ipc_code,1,114892955
patent::114892955,ipc_code::B01D-053/78,patent_ipc_code,1,114892955
patent::114892955,ipc_code::B01D-053/96,patent_ipc_code,1,114892955
patent::114892955,concept::AIR TRAPPING,patent_concept,1,114892955
patent::114892955,concept::ENTRAPPING AIR,patent_concept,1,114892955
patent::114892955,concept::PROTON MEMBRANE,patent_concept,1,114892955
patent::114892955,concept::REPLACING MEA SOLUTION,patent_concept,1,114892955
patent::114892955,concept::MEA SOLUTION VOLATILITY,patent_concept,1,114892955
patent::114892955,concept::CATHODE CHAMBER,patent_concept,1,114892955
patent::114892955,concept::MEA SOLUTION,patent_concept,1,114892955
patent::114892955,concept::ANODE SOLUTION,patent_concept,1,114892955
patent::114892955,concept::AUXILIARY EQUIPMENT,patent_concept,1,114892955
patent::114892955,concept::NANOPARTICLE CATALYST,patent_concept,1,114892955
patent::114892955,country::CN,patent_country,1,114892955
patent::114892955,priority_year::2025,patent_priority_year,1,114892955
patent::114892955,legal_state::ALIVE,patent_legal_state,1,114892955
patent::114892955,focus::MEA,patent_focus,1,114892955
patent::114892955,focus::Non-noble candidate,patent_focus,1,114892955
patent::108835141,assignee::SHANGHAI YIJING HYDROGEN ENERGY TECHNOLOGY,patent_assignee,1,108835141
patent::108835141,"domain::Surface technology, coating",patent_domain,1,108835141
patent::108835141,ipc_group::C25B,patent_ipc_group,1,108835141
patent::108835141,ipc_code::C25B-001/23,patent_ipc_code,1,108835141
patent::108835141,ipc_code::C25B-009/17,patent_ipc_code,1,108835141
patent::108835141,ipc_code::C25B-009/19,patent_ipc_code,1,108835141
patent::108835141,ipc_code::C25B-009/60,patent_ipc_code,1,108835141
patent::108835141,concept::ELECTRIC PILE,patent_concept,1,108835141
patent::108835141,concept::HIGH TEMPERATURE SOLID OXIDE,patent_concept,1,108835141
patent::108835141,concept::SOLID OXIDE,patent_concept,1,108835141
patent::108835141,concept::MOLECULAR SIEVE ADSORPTION TOWER,patent_concept,1,108835141
patent::108835141,concept::PILE MATURITY,patent_concept,1,108835141
patent::108835141,concept::PLACEMENT CENTRALIZATION,patent_concept,1,108835141
patent::108835141,concept::CARBON MONOXIDE SEPARATION,patent_concept,1,108835141
patent::108835141,concept::APATITE ELECTROLYTE,patent_concept,1,108835141
patent::108835141,concept::PEROVSKITE ELECTROLYTE,patent_concept,1,108835141
patent::108835141,concept::CARBON DIOXIDE ELECTROLYSIS,patent_concept,1,108835141
patent::108835141,country::CN,patent_country,1,108835141
patent::108835141,priority_year::2023,patent_priority_year,1,108835141
patent::108835141,legal_state::ALIVE,patent_legal_state,1,108835141
patent::108835141,focus::Non-noble candidate,patent_focus,1,108835141
patent::112177579,assignee::JOHNS HOPKINS UNIVERSITY,patent_assignee,1,112177579
patent::112177579,domain::Organic fine chemistry,patent_domain,1,112177579
patent::112177579,"domain::Surface technology, coating",patent_domain,1,112177579
patent::112177579,cpc_group::C25B,patent_cpc_group,1,112177579
patent::112177579,cpc_code::C25B-001/23,patent_cpc_code,1,112177579
patent::112177579,cpc_code::C25B-003/07,patent_cpc_code,1,112177579
patent::112177579,cpc_code::C25B-003/25,patent_cpc_code,1,112177579
patent::112177579,cpc_code::C25B-003/26,patent_cpc_code,1,112177579
patent::112177579,cpc_code::C25B-009/15,patent_cpc_code,1,112177579
patent::112177579,cpc_code::C25B-009/19,patent_cpc_code,1,112177579
patent::112177579,cpc_code::C25B-011/032,patent_cpc_code,1,112177579
patent::112177579,cpc_code::C25B-011/037,patent_cpc_code,1,112177579
patent::112177579,cpc_code::C25B-011/075,patent_cpc_code,1,112177579
patent::112177579,cpc_code::C25B-011/077,patent_cpc_code,1,112177579
patent::112177579,ipc_group::C07C,patent_ipc_group,1,112177579
patent::112177579,ipc_group::C25B,patent_ipc_group,1,112177579
patent::112177579,ipc_code::C07C-045/49,patent_ipc_code,1,112177579
patent::112177579,ipc_code::C07C-051/15,patent_ipc_code,1,112177579
patent::112177579,ipc_code::C07C-053/02,patent_ipc_code,1,112177579
patent::112177579,ipc_code::C25B-003/07,patent_ipc_code,1,112177579
patent::112177579,ipc_code::C25B-003/26,patent_ipc_code,1,112177579
patent::112177579,ipc_code::C25B-009/15,patent_ipc_code,1,112177579
patent::112177579,ipc_code::C25B-009/19,patent_ipc_code,1,112177579
patent::112177579,ipc_code::C25B-009/23,patent_ipc_code,1,112177579
patent::112177579,concept::CARBON MONOXIDE ELECTROREDUCTION,patent_concept,1,112177579
patent::112177579,concept::GAS LIQUID RECIRCULATION,patent_concept,1,112177579
patent::112177579,concept::GAS REGENERATION,patent_concept,1,112177579
patent::112177579,concept::LIQUID RECIRCULATION,patent_concept,1,112177579
patent::112177579,concept::UNREACTED REACTANT,patent_concept,1,112177579
patent::112177579,country::US,patent_country,1,112177579
patent::112177579,priority_year::2023,patent_priority_year,1,112177579
patent::112177579,legal_state::ALIVE,patent_legal_state,1,112177579
patent::116285153,assignee::SHAANXI UNIVERSITY OF SCIENCE & TECHNOLOGY,patent_assignee,1,116285153
patent::116285153,domain::Chemical engineering,patent_domain,1,116285153
patent::116285153,"domain::Macromolecular chemistry, polymers",patent_domain,1,116285153
patent::116285153,domain::Other special machines,patent_domain,1,116285153
patent::116285153,"domain::Surface technology, coating",patent_domain,1,116285153
patent::116285153,cpc_group::B01D,patent_cpc_group,1,116285153
patent::116285153,cpc_group::B01J,patent_cpc_group,1,116285153
patent::116285153,cpc_group::C02F,patent_cpc_group,1,116285153
patent::116285153,cpc_group::C08F,patent_cpc_group,1,116285153
patent::116285153,cpc_group::C08J,patent_cpc_group,1,116285153
patent::116285153,cpc_group::C08L,patent_cpc_group,1,116285153
patent::116285153,cpc_group::C25B,patent_cpc_group,1,116285153
patent::116285153,cpc_group::H01M,patent_cpc_group,1,116285153
patent::116285153,cpc_group::Y02P,patent_cpc_group,1,116285153
patent::116285153,cpc_code::B01D-061/42/2,patent_cpc_code,1,116285153
patent::116285153,cpc_code::B01D-061/44,patent_cpc_code,1,116285153
patent::116285153,cpc_code::B01D-065/10,patent_cpc_code,1,116285153
patent::116285153,cpc_code::B01D-067/00/06,patent_cpc_code,1,116285153
patent::116285153,cpc_code::B01D-069/02,patent_cpc_code,1,116285153
patent::116285153,cpc_code::B01D-069/12/5,patent_cpc_code,1,116285153
patent::116285153,cpc_code::B01D-071/06,patent_cpc_code,1,116285153
patent::116285153,cpc_code::B01D-071/62,patent_cpc_code,1,116285153
patent::116285153,cpc_code::B01D-071/80,patent_cpc_code,1,116285153
patent::116285153,cpc_code::B01D-071/82,patent_cpc_code,1,116285153
patent::116285153,ipc_group::B01D,patent_ipc_group,1,116285153
patent::116285153,ipc_group::B01J,patent_ipc_group,1,116285153
patent::116285153,ipc_group::C08F,patent_ipc_group,1,116285153
patent::116285153,ipc_group::C08J,patent_ipc_group,1,116285153
patent::116285153,ipc_group::C08L,patent_ipc_group,1,116285153
patent::116285153,ipc_group::C25B,patent_ipc_group,1,116285153
patent::116285153,ipc_code::B01D-067/00,patent_ipc_code,1,116285153
patent::116285153,ipc_code::B01D-069/02,patent_ipc_code,1,116285153
patent::116285153,ipc_code::B01D-071/62,patent_ipc_code,1,116285153
patent::116285153,ipc_code::B01J-041/13,patent_ipc_code,1,116285153
patent::116285153,ipc_code::C08F-008/30,patent_ipc_code,1,116285153
patent::116285153,ipc_code::C08F-212/08,patent_ipc_code,1,116285153
patent::116285153,ipc_code::C08F-212/14,patent_ipc_code,1,116285153
patent::116285153,ipc_code::C08J-005/22,patent_ipc_code,1,116285153
patent::116285153,concept::ANION EXCHANGE MEMBRANE,patent_concept,1,116285153
patent::116285153,concept::CARBON DIOXIDE REDUCTION,patent_concept,1,116285153
patent::116285153,concept::IMIDAZOLE,patent_concept,1,116285153
patent::116285153,concept::IMIDAZOLE ANION EXCHANGE MEMBRANE,patent_concept,1,116285153
patent::116285153,concept::OCEAN ACIDIFICATION,patent_concept,1,116285153
patent::116285153,concept::STYRENE COPOLYMER,patent_concept,1,116285153
patent::116285153,concept::INDUSTRIALIZATION RAPID DEVELOPMENT,patent_concept,1,116285153
patent::116285153,concept::IMIDAZOLE COMPOUND,patent_concept,1,116285153
patent::116285153,concept::CU CATALYST,patent_concept,1,116285153
patent::116285153,concept::AZOBISBENZOYL PEROXIDE,patent_concept,1,116285153
patent::116285153,country::CN,patent_country,1,116285153
patent::116285153,priority_year::2025,patent_priority_year,1,116285153
patent::116285153,legal_state::ALIVE,patent_legal_state,1,116285153
patent::116285153,focus::AEM,patent_focus,1,116285153
patent::116285153,focus::Non-noble candidate,patent_focus,1,116285153
patent::87032374,assignee::SOUTHEAST UNIVERSITY,patent_assignee,1,87032374
patent::87032374,domain::Chemical engineering,patent_domain,1,87032374
patent::87032374,"domain::Surface technology, coating",patent_domain,1,87032374
patent::87032374,cpc_group::B01J,patent_cpc_group,1,87032374
patent::87032374,cpc_group::C25B,patent_cpc_group,1,87032374
patent::87032374,cpc_code::B01J-027/24,patent_cpc_code,1,87032374
patent::87032374,cpc_code::B01J-035/33,patent_cpc_code,1,87032374
patent::87032374,cpc_code::B01J-035/40,patent_cpc_code,1,87032374
patent::87032374,cpc_code::C25B-001/00,patent_cpc_code,1,87032374
patent::87032374,cpc_code::C25B-011/051,patent_cpc_code,1,87032374
patent::87032374,cpc_code::C25B-011/091,patent_cpc_code,1,87032374
patent::87032374,ipc_group::B01J,patent_ipc_group,1,87032374
patent::87032374,ipc_group::C25B,patent_ipc_group,1,87032374
patent::87032374,ipc_code::B01J-027/24,patent_ipc_code,1,87032374
patent::87032374,ipc_code::B01J-035/00,patent_ipc_code,1,87032374
patent::87032374,ipc_code::C25B-001/00,patent_ipc_code,1,87032374
patent::87032374,ipc_code::C25B-011/06,patent_ipc_code,1,87032374
patent::87032374,ipc_code::C25B-011/12,patent_ipc_code,1,87032374
patent::87032374,concept::CATALYST,patent_concept,1,87032374
patent::87032374,concept::ELECTROCHEMICAL REDUCTION CATALYST,patent_concept,1,87032374
patent::87032374,concept::HOLLOW STRUCTURE CATALYST,patent_concept,1,87032374
patent::87032374,concept::METHANEDIONE,patent_concept,1,87032374
patent::87032374,concept::METHANEDIONE ELECTROCHEMICAL REDUCTION,patent_concept,1,87032374
patent::87032374,concept::METHANEDIONE ELECTROCHEMICAL REDUCTION CATALYST,patent_concept,1,87032374
patent::87032374,concept::WORKING ELECTRODE,patent_concept,1,87032374
patent::87032374,concept::METHANEDIONE RECYCLING,patent_concept,1,87032374
patent::87032374,concept::CARBONIZING CU,patent_concept,1,87032374
patent::87032374,concept::MATERIAL2CATALYTIC REDUCTION PERFORMANCE MORPHOLOGY,patent_concept,1,87032374
patent::87032374,country::CN,patent_country,1,87032374
patent::87032374,priority_year::2019,patent_priority_year,1,87032374
patent::87032374,legal_state::DEAD,patent_legal_state,1,87032374
patent::87032374,focus::Non-noble candidate,patent_focus,1,87032374
patent::112262309,assignee::EPFL - ECOLE POLYTECHNIQUE FEDERALE DE LAUSANNE,patent_assignee,1,112262309
patent::112262309,domain::Basic materials chemistry,patent_domain,1,112262309
patent::112262309,domain::Environmental technology,patent_domain,1,112262309
patent::112262309,"domain::Materials, metallurgy",patent_domain,1,112262309
patent::112262309,domain::Organic fine chemistry,patent_domain,1,112262309
patent::112262309,"domain::Surface technology, coating",patent_domain,1,112262309
patent::112262309,cpc_group::B01D,patent_cpc_group,1,112262309
patent::112262309,cpc_group::B01J,patent_cpc_group,1,112262309
patent::112262309,cpc_group::C01B,patent_cpc_group,1,112262309
patent::112262309,cpc_group::C01C,patent_cpc_group,1,112262309
patent::112262309,cpc_group::C01F,patent_cpc_group,1,112262309
patent::112262309,cpc_group::C07C,patent_cpc_group,1,112262309
patent::112262309,cpc_group::C10G,patent_cpc_group,1,112262309
patent::112262309,cpc_group::C10J,patent_cpc_group,1,112262309
patent::112262309,cpc_group::C10L,patent_cpc_group,1,112262309
patent::112262309,cpc_group::C25B,patent_cpc_group,1,112262309
patent::112262309,cpc_group::E21B,patent_cpc_group,1,112262309
patent::112262309,cpc_group::F01K,patent_cpc_group,1,112262309
patent::112262309,cpc_group::F04B,patent_cpc_group,1,112262309
patent::112262309,cpc_group::F23J,patent_cpc_group,1,112262309
patent::112262309,cpc_group::F25J,patent_cpc_group,1,112262309
patent::112262309,cpc_group::Y02C,patent_cpc_group,1,112262309
patent::112262309,cpc_group::Y02E,patent_cpc_group,1,112262309
patent::112262309,cpc_group::Y02P,patent_cpc_group,1,112262309
patent::112262309,cpc_code::B01D-053/12,patent_cpc_code,1,112262309
patent::112262309,cpc_code::B01D-053/14/25,patent_cpc_code,1,112262309
patent::112262309,cpc_code::B01D-053/14/75,patent_cpc_code,1,112262309
patent::112262309,cpc_code::B01D-053/14/93,patent_cpc_code,1,112262309
patent::112262309,cpc_code::B01D-053/18/5,patent_cpc_code,1,112262309
patent::112262309,cpc_code::B01D-053/22,patent_cpc_code,1,112262309
patent::112262309,cpc_code::B01D-053/32/6,patent_cpc_code,1,112262309
patent::112262309,cpc_code::B01D-053/50/1,patent_cpc_code,1,112262309
patent::112262309,cpc_code::B01D-053/62,patent_cpc_code,1,112262309
patent::112262309,cpc_code::B01D-053/78,patent_cpc_code,1,112262309
patent::112262309,ipc_group::B01D,patent_ipc_group,1,112262309
patent::112262309,ipc_group::C01B,patent_ipc_group,1,112262309
patent::112262309,ipc_group::C01F,patent_ipc_group,1,112262309
patent::112262309,ipc_group::C07C,patent_ipc_group,1,112262309
patent::112262309,ipc_group::C10L,patent_ipc_group,1,112262309
patent::112262309,ipc_group::C25B,patent_ipc_group,1,112262309
patent::112262309,ipc_code::B01D-053/14,patent_ipc_code,1,112262309
patent::112262309,ipc_code::C01B-032/60,patent_ipc_code,1,112262309
patent::112262309,ipc_code::C01F-005/24,patent_ipc_code,1,112262309
patent::112262309,ipc_code::C07C-001/04,patent_ipc_code,1,112262309
patent::112262309,ipc_code::C10L-003/08,patent_ipc_code,1,112262309
patent::112262309,ipc_code::C25B-001/01,patent_ipc_code,1,112262309
patent::112262309,ipc_code::C25B-001/04,patent_ipc_code,1,112262309
patent::112262309,ipc_code::C25B-001/23,patent_ipc_code,1,112262309
patent::112262309,concept::AEM ELECTROLYZER ANODE,patent_concept,1,112262309
patent::112262309,concept::CARBON DIOXIDE COELECTROLYSER,patent_concept,1,112262309
patent::112262309,concept::ELECTROLYZER,patent_concept,1,112262309
patent::112262309,concept::H2O COELECTROLYSER,patent_concept,1,112262309
patent::112262309,concept::H2O COELECTROLYSIS,patent_concept,1,112262309
patent::112262309,concept::MINERALIZATION,patent_concept,1,112262309
patent::112262309,concept::EEO COELECTROLYSER,patent_concept,1,112262309
patent::112262309,concept::ANOLYTE CIRCUIT,patent_concept,1,112262309
patent::112262309,concept::AEM ELECTROLYZER,patent_concept,1,112262309
patent::112262309,concept::AEM ELECTROLYZER CELL,patent_concept,1,112262309
patent::112262309,country::EP,patent_country,1,112262309
patent::112262309,country::CH,patent_country,1,112262309
patent::112262309,country::IT,patent_country,1,112262309
patent::112262309,priority_year::2023,patent_priority_year,1,112262309
patent::112262309,legal_state::ALIVE,patent_legal_state,1,112262309
patent::112262309,focus::AEM,patent_focus,1,112262309
patent::112262309,focus::Non-noble candidate,patent_focus,1,112262309
patent::80590207,"domain::Surface technology, coating",patent_domain,1,80590207
patent::80590207,cpc_group::C25B,patent_cpc_group,1,80590207
patent::80590207,cpc_group::Y02E,patent_cpc_group,1,80590207
patent::80590207,cpc_code::C25B-001/00,patent_cpc_code,1,80590207
patent::80590207,cpc_code::C25B-001/04,patent_cpc_code,1,80590207
patent::80590207,cpc_code::C25B-009/73,patent_cpc_code,1,80590207
patent::80590207,cpc_code::C25B-013/02,patent_cpc_code,1,80590207
patent::80590207,cpc_code::C25B-013/08,patent_cpc_code,1,80590207
patent::80590207,cpc_code::Y02E-060/36,patent_cpc_code,1,80590207
patent::80590207,ipc_group::C25B,patent_ipc_group,1,80590207
patent::80590207,ipc_code::C25B-001/00,patent_ipc_code,1,80590207
patent::80590207,ipc_code::C25B-013/02,patent_ipc_code,1,80590207
patent::80590207,ipc_code::C25B-013/08,patent_ipc_code,1,80590207
patent::80590207,concept::ELECTROLYTIC CELL DIAPHRAGM,patent_concept,1,80590207
patent::80590207,concept::METHANEDIONE,patent_concept,1,80590207
patent::80590207,concept::METHANEDIONE RESOURCE UTILIZATION,patent_concept,1,80590207
patent::80590207,concept::METHANEDIONE ELECTROLYSIS,patent_concept,1,80590207
patent::80590207,concept::POROUS POLYBENZIMIDAZOLE FILM,patent_concept,1,80590207
patent::80590207,concept::POROUS ETHENE,patent_concept,1,80590207
patent::80590207,concept::METHANEDIONE ELECTROREDUCTION,patent_concept,1,80590207
patent::80590207,country::CN,patent_country,1,80590207
patent::80590207,priority_year::2018,patent_priority_year,1,80590207
patent::80590207,legal_state::ALIVE,patent_legal_state,1,80590207
patent::80590207,focus::Non-noble candidate,patent_focus,1,80590207
patent::86310831,assignee::TOPSOE,patent_assignee,1,86310831
patent::86310831,domain::Basic materials chemistry,patent_domain,1,86310831
patent::86310831,domain::Chemical engineering,patent_domain,1,86310831
patent::86310831,domain::Environmental technology,patent_domain,1,86310831
patent::86310831,"domain::Materials, metallurgy",patent_domain,1,86310831
patent::86310831,"domain::Surface technology, coating",patent_domain,1,86310831
patent::86310831,cpc_group::B01D,patent_cpc_group,1,86310831
patent::86310831,cpc_group::C01B,patent_cpc_group,1,86310831
patent::86310831,cpc_group::C10K,patent_cpc_group,1,86310831
patent::86310831,cpc_group::C25B,patent_cpc_group,1,86310831
patent::86310831,cpc_group::Y02E,patent_cpc_group,1,86310831
patent::86310831,cpc_code::B01D-005/00,patent_cpc_code,1,86310831
patent::86310831,cpc_code::B01D-053/00/2,patent_cpc_code,1,86310831
patent::86310831,cpc_code::B01D-053/26/5,patent_cpc_code,1,86310831
patent::86310831,cpc_code::B01D-2257/80,patent_cpc_code,1,86310831
patent::86310831,cpc_code::C01B-003/06,patent_cpc_code,1,86310831
patent::86310831,cpc_code::C01B-032/40,patent_cpc_code,1,86310831
patent::86310831,cpc_code::C01B-2203/02,patent_cpc_code,1,86310831
patent::86310831,cpc_code::C01B-2203/0495,patent_cpc_code,1,86310831
patent::86310831,cpc_code::C01B-2203/06,patent_cpc_code,1,86310831
patent::86310831,cpc_code::C01B-2203/12,patent_cpc_code,1,86310831
patent::86310831,ipc_group::B01D,patent_ipc_group,1,86310831
patent::86310831,ipc_group::C01B,patent_ipc_group,1,86310831
patent::86310831,ipc_group::C10K,patent_ipc_group,1,86310831
patent::86310831,ipc_group::C25B,patent_ipc_group,1,86310831
patent::86310831,ipc_code::B01D-005/00,patent_ipc_code,1,86310831
patent::86310831,ipc_code::B01D-053/00,patent_ipc_code,1,86310831
patent::86310831,ipc_code::B01D-053/26,patent_ipc_code,1,86310831
patent::86310831,ipc_code::C01B-003/02,patent_ipc_code,1,86310831
patent::86310831,ipc_code::C01B-003/06,patent_ipc_code,1,86310831
patent::86310831,ipc_code::C01B-032/40,patent_ipc_code,1,86310831
patent::86310831,ipc_code::C10K-001/04,patent_ipc_code,1,86310831
patent::86310831,ipc_code::C10K-003/02,patent_ipc_code,1,86310831
patent::86310831,concept::CARBONYLATION PLANT,patent_concept,1,86310831
patent::86310831,concept::CATALYST PRODUCTION,patent_concept,1,86310831
patent::86310831,concept::GAS MIXTURE,patent_concept,1,86310831
patent::86310831,country::DK,patent_country,1,86310831
patent::86310831,priority_year::2018,patent_priority_year,1,86310831
patent::86310831,legal_state::ALIVE,patent_legal_state,1,86310831
patent::86310831,focus::Non-noble candidate,patent_focus,1,86310831
patent::87991721,assignee::COVESTRO,patent_assignee,1,87991721
patent::87991721,"domain::Surface technology, coating",patent_domain,1,87991721
patent::87991721,cpc_group::C25B,patent_cpc_group,1,87991721
patent::87991721,cpc_group::Y02P,patent_cpc_group,1,87991721
patent::87991721,cpc_code::C25B-001/00,patent_cpc_code,1,87991721
patent::87991721,cpc_code::C25B-001/23,patent_cpc_code,1,87991721
patent::87991721,cpc_code::C25B-009/19,patent_cpc_code,1,87991721
patent::87991721,cpc_code::C25B-009/23,patent_cpc_code,1,87991721
patent::87991721,cpc_code::C25B-009/75,patent_cpc_code,1,87991721
patent::87991721,cpc_code::C25B-009/77,patent_cpc_code,1,87991721
patent::87991721,cpc_code::C25B-011/032,patent_cpc_code,1,87991721
patent::87991721,cpc_code::C25B-011/075,patent_cpc_code,1,87991721
patent::87991721,cpc_code::C25B-011/081,patent_cpc_code,1,87991721
patent::87991721,cpc_code::C25B-015/08,patent_cpc_code,1,87991721
patent::87991721,ipc_group::C25B,patent_ipc_group,1,87991721
patent::87991721,ipc_code::C25B-001/23,patent_ipc_code,1,87991721
patent::87991721,ipc_code::C25B-009/00,patent_ipc_code,1,87991721
patent::87991721,ipc_code::C25B-009/19,patent_ipc_code,1,87991721
patent::87991721,ipc_code::C25B-009/23,patent_ipc_code,1,87991721
patent::87991721,ipc_code::C25B-009/40,patent_ipc_code,1,87991721
patent::87991721,ipc_code::C25B-009/70,patent_ipc_code,1,87991721
patent::87991721,ipc_code::C25B-009/75,patent_ipc_code,1,87991721
patent::87991721,ipc_code::C25B-009/77,patent_ipc_code,1,87991721
patent::87991721,concept::ANODE HALF SHELL,patent_concept,1,87991721
patent::87991721,concept::ANODE LIQUID INLET,patent_concept,1,87991721
patent::87991721,concept::ANODE LIQUID OUTLET,patent_concept,1,87991721
patent::87991721,concept::ANODE REACTION PRODUCT,patent_concept,1,87991721
patent::87991721,concept::ANODE SPACE SEPARATION,patent_concept,1,87991721
patent::87991721,concept::CARBON DIOXIDE GAS,patent_concept,1,87991721
patent::87991721,concept::CATHODE HALF SHELL,patent_concept,1,87991721
patent::87991721,concept::CATHODE LIQUID,patent_concept,1,87991721
patent::87991721,concept::CATHODE LIQUID INLET,patent_concept,1,87991721
patent::87991721,concept::CATHODE LIQUID PASSAGE,patent_concept,1,87991721
patent::87991721,country::EP,patent_country,1,87991721
patent::87991721,country::DE,patent_country,1,87991721
patent::87991721,priority_year::2018,patent_priority_year,1,87991721
patent::87991721,legal_state::ALIVE,patent_legal_state,1,87991721
patent::87991721,focus::Non-noble candidate,patent_focus,1,87991721
patent::87991721,focus::GDE,patent_focus,1,87991721
patent::94621513,assignee::ARAMCO,patent_assignee,1,94621513
patent::94621513,domain::Organic fine chemistry,patent_domain,1,94621513
patent::94621513,"domain::Surface technology, coating",patent_domain,1,94621513
patent::94621513,cpc_group::C07C,patent_cpc_group,1,94621513
patent::94621513,cpc_group::C25B,patent_cpc_group,1,94621513
patent::94621513,cpc_group::Y02E,patent_cpc_group,1,94621513
patent::94621513,cpc_group::Y02P,patent_cpc_group,1,94621513
patent::94621513,cpc_code::C07C-051/12,patent_cpc_code,1,94621513
patent::94621513,cpc_code::C07C-051/15,patent_cpc_code,1,94621513
patent::94621513,cpc_code::C25B-001/02,patent_cpc_code,1,94621513
patent::94621513,cpc_code::C25B-001/04,patent_cpc_code,1,94621513
patent::94621513,cpc_code::C25B-001/23,patent_cpc_code,1,94621513
patent::94621513,cpc_code::C25B-003/05,patent_cpc_code,1,94621513
patent::94621513,cpc_code::C25B-003/07,patent_cpc_code,1,94621513
patent::94621513,cpc_code::C25B-003/23,patent_cpc_code,1,94621513
patent::94621513,cpc_code::C25B-003/25,patent_cpc_code,1,94621513
patent::94621513,cpc_code::C25B-003/26,patent_cpc_code,1,94621513
patent::94621513,ipc_group::C07C,patent_ipc_group,1,94621513
patent::94621513,ipc_group::C25B,patent_ipc_group,1,94621513
patent::94621513,ipc_code::C07C-051/12,patent_ipc_code,1,94621513
patent::94621513,ipc_code::C25B-001/04,patent_ipc_code,1,94621513
patent::94621513,ipc_code::C25B-001/23,patent_ipc_code,1,94621513
patent::94621513,ipc_code::C25B-003/05,patent_ipc_code,1,94621513
patent::94621513,ipc_code::C25B-003/07,patent_ipc_code,1,94621513
patent::94621513,ipc_code::C25B-003/23,patent_ipc_code,1,94621513
patent::94621513,ipc_code::C25B-009/19,patent_ipc_code,1,94621513
patent::94621513,ipc_code::C25B-013/07,patent_ipc_code,1,94621513
patent::94621513,concept::AMENDSTATUS,patent_concept,1,94621513
patent::94621513,concept::CONDUIT,patent_concept,1,94621513
patent::94621513,concept::CONTROL VALVE,patent_concept,1,94621513
patent::94621513,concept::DISCHARGING CARBON MONOXIDE,patent_concept,1,94621513
patent::94621513,concept::METHANEDIONE ELECTROCHEMICAL REDUCTION,patent_concept,1,94621513
patent::94621513,concept::OLEFIN,patent_concept,1,94621513
patent::94621513,concept::OLEFIN OXIDE,patent_concept,1,94621513
patent::94621513,concept::SOLID OXIDE ELECTROLYSIS CELL,patent_concept,1,94621513
patent::94621513,country::GR,patent_country,1,94621513
patent::94621513,country::US,patent_country,1,94621513
patent::94621513,country::SA,patent_country,1,94621513
patent::94621513,priority_year::2019,patent_priority_year,1,94621513
patent::94621513,legal_state::ALIVE,patent_legal_state,1,94621513
patent::94621513,focus::Non-noble candidate,patent_focus,1,94621513
patent::106413270,assignee::HONDA MOTOR,patent_assignee,1,106413270
patent::106413270,domain::Environmental technology,patent_domain,1,106413270
patent::106413270,"domain::Materials, metallurgy",patent_domain,1,106413270
patent::106413270,"domain::Surface technology, coating",patent_domain,1,106413270
patent::106413270,cpc_group::B01D,patent_cpc_group,1,106413270
patent::106413270,cpc_group::C01B,patent_cpc_group,1,106413270
patent::106413270,cpc_group::C25B,patent_cpc_group,1,106413270
patent::106413270,cpc_group::Y02C,patent_cpc_group,1,106413270
patent::106413270,cpc_code::B01D-053/32/6,patent_cpc_code,1,106413270
patent::106413270,cpc_code::B01D-053/62,patent_cpc_code,1,106413270
patent::106413270,cpc_code::B01D-053/78,patent_cpc_code,1,106413270
patent::106413270,cpc_code::B01D-053/96/5,patent_cpc_code,1,106413270
patent::106413270,cpc_code::B01D-2251/306,patent_cpc_code,1,106413270
patent::106413270,cpc_code::B01D-2251/604,patent_cpc_code,1,106413270
patent::106413270,cpc_code::B01D-2257/504,patent_cpc_code,1,106413270
patent::106413270,cpc_code::B01D-2258/01,patent_cpc_code,1,106413270
patent::106413270,cpc_code::B01D-2258/06,patent_cpc_code,1,106413270
patent::106413270,cpc_code::C01B-032/50,patent_cpc_code,1,106413270
patent::106413270,ipc_group::B01D,patent_ipc_group,1,106413270
patent::106413270,ipc_group::C01B,patent_ipc_group,1,106413270
patent::106413270,ipc_group::C25B,patent_ipc_group,1,106413270
patent::106413270,ipc_code::B01D-053/14,patent_ipc_code,1,106413270
patent::106413270,ipc_code::B01D-053/32,patent_ipc_code,1,106413270
patent::106413270,ipc_code::B01D-053/62,patent_ipc_code,1,106413270
patent::106413270,ipc_code::B01D-053/78,patent_ipc_code,1,106413270
patent::106413270,ipc_code::C01B-032/50,patent_ipc_code,1,106413270
patent::106413270,ipc_code::C25B-001/23,patent_ipc_code,1,106413270
patent::106413270,ipc_code::C25B-003/03,patent_ipc_code,1,106413270
patent::106413270,ipc_code::C25B-003/25,patent_ipc_code,1,106413270
patent::106413270,concept::ALKALI STATETHE ELECTROLYTE,patent_concept,1,106413270
patent::106413270,concept::CARBON DIOXIDE PROCESSING,patent_concept,1,106413270
patent::106413270,concept::CARBON DIOXIDE TREATMENT,patent_concept,1,106413270
patent::106413270,concept::CARBON DIOXIDE TREATMENT APPRATUS,patent_concept,1,106413270
patent::106413270,concept::CARBON MONOXIDE SUPPLY PATH,patent_concept,1,106413270
patent::106413270,concept::ELECTROCHEMICAL REACTION,patent_concept,1,106413270
patent::106413270,concept::ELECTROCHEMICAL REACTOR,patent_concept,1,106413270
patent::106413270,country::JP,patent_country,1,106413270
patent::106413270,priority_year::2022,patent_priority_year,1,106413270
patent::106413270,legal_state::ALIVE,patent_legal_state,1,106413270
patent::106413270,focus::AEM,patent_focus,1,106413270
patent::106413270,focus::Non-noble candidate,patent_focus,1,106413270
patent::106413270,focus::GDE,patent_focus,1,106413270
patent::107739736,assignee::DIOXYCLE,patent_assignee,1,107739736
patent::107739736,domain::Chemical engineering,patent_domain,1,107739736
patent::107739736,"domain::Materials, metallurgy",patent_domain,1,107739736
patent::107739736,domain::Organic fine chemistry,patent_domain,1,107739736
patent::107739736,"domain::Surface technology, coating",patent_domain,1,107739736
patent::107739736,domain::Thermal processes and apparatus,patent_domain,1,107739736
patent::107739736,cpc_group::B01D,patent_cpc_group,1,107739736
patent::107739736,cpc_group::B01J,patent_cpc_group,1,107739736
patent::107739736,cpc_group::C01B,patent_cpc_group,1,107739736
patent::107739736,cpc_group::C07B,patent_cpc_group,1,107739736
patent::107739736,cpc_group::C07C,patent_cpc_group,1,107739736
patent::107739736,cpc_group::C10G,patent_cpc_group,1,107739736
patent::107739736,cpc_group::C12P,patent_cpc_group,1,107739736
patent::107739736,cpc_group::C21B,patent_cpc_group,1,107739736
patent::107739736,cpc_group::C21C,patent_cpc_group,1,107739736
patent::107739736,cpc_group::C22B,patent_cpc_group,1,107739736
patent::107739736,cpc_group::C25B,patent_cpc_group,1,107739736
patent::107739736,cpc_group::E21B,patent_cpc_group,1,107739736
patent::107739736,cpc_group::F25J,patent_cpc_group,1,107739736
patent::107739736,cpc_group::F27D,patent_cpc_group,1,107739736
patent::107739736,cpc_group::G01N,patent_cpc_group,1,107739736
patent::107739736,cpc_group::H01M,patent_cpc_group,1,107739736
patent::107739736,cpc_group::Y02C,patent_cpc_group,1,107739736
patent::107739736,cpc_group::Y02E,patent_cpc_group,1,107739736
patent::107739736,cpc_group::Y02P,patent_cpc_group,1,107739736
patent::107739736,cpc_code::B01D-053/14/75,patent_cpc_code,1,107739736
patent::107739736,cpc_code::B01D-053/62,patent_cpc_code,1,107739736
patent::107739736,cpc_code::B01D-2251/208,patent_cpc_code,1,107739736
patent::107739736,cpc_code::B01D-2252/103,patent_cpc_code,1,107739736
patent::107739736,cpc_code::B01D-2252/20,patent_cpc_code,1,107739736
patent::107739736,cpc_code::B01D-2252/30,patent_cpc_code,1,107739736
patent::107739736,cpc_code::B01D-2257/504,patent_cpc_code,1,107739736
patent::107739736,cpc_code::B01D-2258/025,patent_cpc_code,1,107739736
patent::107739736,cpc_code::B01J-004/00/1,patent_cpc_code,1,107739736
patent::107739736,cpc_code::B01J-008/00/55,patent_cpc_code,1,107739736
patent::107739736,ipc_group::B01J,patent_ipc_group,1,107739736
patent::107739736,ipc_group::C01B,patent_ipc_group,1,107739736
patent::107739736,ipc_group::C07B,patent_ipc_group,1,107739736
patent::107739736,ipc_group::C07C,patent_ipc_group,1,107739736
patent::107739736,ipc_group::C21B,patent_ipc_group,1,107739736
patent::107739736,ipc_group::C21C,patent_ipc_group,1,107739736
patent::107739736,ipc_group::C25B,patent_ipc_group,1,107739736
patent::107739736,ipc_group::F27D,patent_ipc_group,1,107739736
patent::107739736,ipc_code::B01J-012/00,patent_ipc_code,1,107739736
patent::107739736,ipc_code::B01J-019/08,patent_ipc_code,1,107739736
patent::107739736,ipc_code::C01B-003/12,patent_ipc_code,1,107739736
patent::107739736,ipc_code::C01B-032/40,patent_ipc_code,1,107739736
patent::107739736,ipc_code::C07B-033/00,patent_ipc_code,1,107739736
patent::107739736,ipc_code::C07C-001/10,patent_ipc_code,1,107739736
patent::107739736,ipc_code::C07C-011/04,patent_ipc_code,1,107739736
patent::107739736,ipc_code::C07C-011/06,patent_ipc_code,1,107739736
patent::107739736,concept::ADDED VALUE PRODUCT,patent_concept,1,107739736
patent::107739736,concept::CARBON DIOXIDE CONVERSION,patent_concept,1,107739736
patent::107739736,concept::CARBON MONOXIDE ELECTROLYTIC CELL,patent_concept,1,107739736
patent::107739736,concept::CARBON MONOXIDE ELECTROLYZER,patent_concept,1,107739736
patent::107739736,country::US,patent_country,1,107739736
patent::107739736,country::FR,patent_country,1,107739736
patent::107739736,priority_year::2022,patent_priority_year,1,107739736
patent::107739736,legal_state::ALIVE,patent_legal_state,1,107739736
patent::107739736,focus::AEM,patent_focus,1,107739736
patent::107739736,focus::Non-noble candidate,patent_focus,1,107739736
patent::108739790,assignee::HUNAN UNIVERSITY,patent_assignee,1,108739790
patent::108739790,"domain::Surface technology, coating",patent_domain,1,108739790
patent::108739790,cpc_group::C25B,patent_cpc_group,1,108739790
patent::108739790,cpc_code::C25B-001/23,patent_cpc_code,1,108739790
patent::108739790,cpc_code::C25B-009/19,patent_cpc_code,1,108739790
patent::108739790,cpc_code::C25B-011/043,patent_cpc_code,1,108739790
patent::108739790,cpc_code::C25B-011/054,patent_cpc_code,1,108739790
patent::108739790,cpc_code::C25B-011/065,patent_cpc_code,1,108739790
patent::108739790,ipc_group::C25B,patent_ipc_group,1,108739790
patent::108739790,ipc_code::C25B-001/23,patent_ipc_code,1,108739790
patent::108739790,ipc_code::C25B-009/19,patent_ipc_code,1,108739790
patent::108739790,ipc_code::C25B-011/043,patent_ipc_code,1,108739790
patent::108739790,ipc_code::C25B-011/054,patent_ipc_code,1,108739790
patent::108739790,ipc_code::C25B-011/065,patent_ipc_code,1,108739790
patent::108739790,concept::CARBON ELECTRODE,patent_concept,1,108739790
patent::108739790,concept::CATALYZING ELECTROCHEMICAL REDUCTION,patent_concept,1,108739790
patent::108739790,concept::HALOGEN ANION IMIDAZOLE,patent_concept,1,108739790
patent::108739790,concept::ANODE ELECTRODE,patent_concept,1,108739790
patent::108739790,concept::CATHOLYTE,patent_concept,1,108739790
patent::108739790,concept::ANOLYTE,patent_concept,1,108739790
patent::108739790,concept::CATALYTIC CONVERSION SELECTIVITY,patent_concept,1,108739790
patent::108739790,concept::ACETONITRILE BALANCE,patent_concept,1,108739790
patent::108739790,concept::CATHODE ELECTRODE,patent_concept,1,108739790
patent::108739790,concept::RECYCLABLE ELECTROLYTE,patent_concept,1,108739790
patent::108739790,country::CN,patent_country,1,108739790
patent::108739790,priority_year::2023,patent_priority_year,1,108739790
patent::108739790,legal_state::ALIVE,patent_legal_state,1,108739790
patent::108739790,focus::Non-noble candidate,patent_focus,1,108739790
patent::111586005,assignee::HONDA MOTOR,patent_assignee,1,111586005
patent::111586005,domain::Environmental technology,patent_domain,1,111586005
patent::111586005,"domain::Surface technology, coating",patent_domain,1,111586005
patent::111586005,cpc_group::B01D,patent_cpc_group,1,111586005
patent::111586005,cpc_group::C25B,patent_cpc_group,1,111586005
patent::111586005,cpc_code::B01D-053/14/75,patent_cpc_code,1,111586005
patent::111586005,cpc_code::B01D-053/32/6,patent_cpc_code,1,111586005
patent::111586005,cpc_code::B01D-2257/502,patent_cpc_code,1,111586005
patent::111586005,cpc_code::B01D-2257/504,patent_cpc_code,1,111586005
patent::111586005,cpc_code::C25B-003/03,patent_cpc_code,1,111586005
patent::111586005,cpc_code::C25B-003/26,patent_cpc_code,1,111586005
patent::111586005,cpc_code::C25B-009/23,patent_cpc_code,1,111586005
patent::111586005,cpc_code::C25B-009/70,patent_cpc_code,1,111586005
patent::111586005,ipc_group::B01D,patent_ipc_group,1,111586005
patent::111586005,ipc_group::C25B,patent_ipc_group,1,111586005
patent::111586005,ipc_code::B01D-053/14,patent_ipc_code,1,111586005
patent::111586005,ipc_code::B01D-053/32,patent_ipc_code,1,111586005
patent::111586005,ipc_code::B01D-053/62,patent_ipc_code,1,111586005
patent::111586005,ipc_code::B01D-053/78,patent_ipc_code,1,111586005
patent::111586005,ipc_code::C25B-001/23,patent_ipc_code,1,111586005
patent::111586005,ipc_code::C25B-003/03,patent_ipc_code,1,111586005
patent::111586005,ipc_code::C25B-003/26,patent_ipc_code,1,111586005
patent::111586005,ipc_code::C25B-009/00,patent_ipc_code,1,111586005
patent::111586005,concept::BIG ISSUE,patent_concept,1,111586005
patent::111586005,concept::CARBON DIOXIDE PROCESSING,patent_concept,1,111586005
patent::111586005,concept::CARBON DIOXIDE TREATMENT,patent_concept,1,111586005
patent::111586005,concept::ELECTROCHEMICAL REACTION,patent_concept,1,111586005
patent::111586005,concept::ELECTROCHEMICALLY REDUCING CARBON DIOXIDE,patent_concept,1,111586005
patent::111586005,country::JP,patent_country,1,111586005
patent::111586005,priority_year::2023,patent_priority_year,1,111586005
patent::111586005,legal_state::ALIVE,patent_legal_state,1,111586005
patent::111586005,focus::Non-noble candidate,patent_focus,1,111586005
patent::111586005,focus::GDE,patent_focus,1,111586005
patent::106753547,assignee::SCATTERBO TECHNOLOGIES BEIJING,patent_assignee,1,106753547
patent::106753547,assignee::SEKA TOHRO BEIJING SCIENCE & TECHNOLOGY,patent_assignee,1,106753547
patent::106753547,assignee::XECA TURBO TECHNOLOGIES,patent_assignee,1,106753547
patent::106753547,domain::Chemical engineering,patent_domain,1,106753547
patent::106753547,domain::Environmental technology,patent_domain,1,106753547
patent::106753547,"domain::Materials, metallurgy",patent_domain,1,106753547
patent::106753547,"domain::Surface technology, coating",patent_domain,1,106753547
patent::106753547,cpc_group::B01D,patent_cpc_group,1,106753547
patent::106753547,cpc_group::C01B,patent_cpc_group,1,106753547
patent::106753547,cpc_group::C01D,patent_cpc_group,1,106753547
patent::106753547,cpc_group::C25B,patent_cpc_group,1,106753547
patent::106753547,cpc_group::Y02E,patent_cpc_group,1,106753547
patent::106753547,cpc_code::B01D-053/14/25,patent_cpc_code,1,106753547
patent::106753547,cpc_code::B01D-053/14/75,patent_cpc_code,1,106753547
patent::106753547,cpc_code::B01D-053/14/93,patent_cpc_code,1,106753547
patent::106753547,cpc_code::B01D-053/62,patent_cpc_code,1,106753547
patent::106753547,cpc_code::B01D-2251/304,patent_cpc_code,1,106753547
patent::106753547,cpc_code::B01D-2257/504,patent_cpc_code,1,106753547
patent::106753547,cpc_code::C01B-013/02/33,patent_cpc_code,1,106753547
patent::106753547,cpc_code::C01B-013/02/85,patent_cpc_code,1,106753547
patent::106753547,cpc_code::C01D-007/00,patent_cpc_code,1,106753547
patent::106753547,cpc_code::C01D-007/07,patent_cpc_code,1,106753547
patent::106753547,ipc_group::B01D,patent_ipc_group,1,106753547
patent::106753547,ipc_group::B01J,patent_ipc_group,1,106753547
patent::106753547,ipc_group::C01B,patent_ipc_group,1,106753547
patent::106753547,ipc_group::C01D,patent_ipc_group,1,106753547
patent::106753547,ipc_group::C25B,patent_ipc_group,1,106753547
patent::106753547,ipc_code::B01D-053/14,patent_ipc_code,1,106753547
patent::106753547,ipc_code::B01D-053/18,patent_ipc_code,1,106753547
patent::106753547,ipc_code::B01D-053/62,patent_ipc_code,1,106753547
patent::106753547,ipc_code::B01J-023/06,patent_ipc_code,1,106753547
patent::106753547,ipc_code::B01J-023/10,patent_ipc_code,1,106753547
patent::106753547,ipc_code::B01J-023/52,patent_ipc_code,1,106753547
patent::106753547,ipc_code::B01J-023/755,patent_ipc_code,1,106753547
patent::106753547,ipc_code::B01J-023/835,patent_ipc_code,1,106753547
patent::106753547,concept::CAPTURING CARBON DIOXIDE,patent_concept,1,106753547
patent::106753547,concept::CARBON DIOXIDE CAPTURE,patent_concept,1,106753547
patent::106753547,concept::CARBON DIOXIDE CAPTURING,patent_concept,1,106753547
patent::106753547,concept::CARBON DIOXIDE TRAPPING,patent_concept,1,106753547
patent::106753547,country::CN,patent_country,1,106753547
patent::106753547,priority_year::2022,patent_priority_year,1,106753547
patent::106753547,legal_state::ALIVE,patent_legal_state,1,106753547
patent::106753547,focus::Non-noble candidate,patent_focus,1,106753547
patent::98505907,assignee::NORTHEASTERN UNIVERSITY OF CHINA,patent_assignee,1,98505907
patent::98505907,"domain::Materials, metallurgy",patent_domain,1,98505907
patent::98505907,"domain::Surface technology, coating",patent_domain,1,98505907
patent::98505907,cpc_group::C01D,patent_cpc_group,1,98505907
patent::98505907,cpc_group::C25B,patent_cpc_group,1,98505907
patent::98505907,cpc_code::C01D-007/10,patent_cpc_code,1,98505907
patent::98505907,cpc_code::C25B-001/02,patent_cpc_code,1,98505907
patent::98505907,cpc_code::C25B-001/23,patent_cpc_code,1,98505907
patent::98505907,cpc_code::C25B-001/26,patent_cpc_code,1,98505907
patent::98505907,cpc_code::C25B-001/50,patent_cpc_code,1,98505907
patent::98505907,cpc_code::C25B-003/03,patent_cpc_code,1,98505907
patent::98505907,cpc_code::C25B-003/07,patent_cpc_code,1,98505907
patent::98505907,cpc_code::C25B-003/25,patent_cpc_code,1,98505907
patent::98505907,cpc_code::C25B-009/21,patent_cpc_code,1,98505907
patent::98505907,ipc_group::C01D,patent_ipc_group,1,98505907
patent::98505907,ipc_group::C25B,patent_ipc_group,1,98505907
patent::98505907,ipc_code::C01D-007/10,patent_ipc_code,1,98505907
patent::98505907,ipc_code::C25B-001/02,patent_ipc_code,1,98505907
patent::98505907,ipc_code::C25B-001/23,patent_ipc_code,1,98505907
patent::98505907,ipc_code::C25B-001/26,patent_ipc_code,1,98505907
patent::98505907,ipc_code::C25B-001/50,patent_ipc_code,1,98505907
patent::98505907,ipc_code::C25B-003/03,patent_ipc_code,1,98505907
patent::98505907,ipc_code::C25B-003/07,patent_ipc_code,1,98505907
patent::98505907,ipc_code::C25B-003/25,patent_ipc_code,1,98505907
patent::98505907,concept::CHLORINE,patent_concept,1,98505907
patent::98505907,concept::COPRODUCING OXYGEN,patent_concept,1,98505907
patent::98505907,concept::REDUCING CARBON DIOXIDE,patent_concept,1,98505907
patent::98505907,concept::TRAPPING,patent_concept,1,98505907
patent::98505907,concept::MIDDLE CATHODE CHAMBER,patent_concept,1,98505907
patent::98505907,country::CN,patent_country,1,98505907
patent::98505907,priority_year::2021,patent_priority_year,1,98505907
patent::98505907,legal_state::ALIVE,patent_legal_state,1,98505907
patent::98505907,focus::AEM,patent_focus,1,98505907
patent::98505907,focus::Non-noble candidate,patent_focus,1,98505907
patent::88204087,assignee::KUNMING UNIVERSITY OF SCIENCE & TECHNOLOGY,patent_assignee,1,88204087
patent::88204087,"domain::Surface technology, coating",patent_domain,1,88204087
patent::88204087,cpc_group::C25B,patent_cpc_group,1,88204087
patent::88204087,cpc_code::C25B-001/00,patent_cpc_code,1,88204087
patent::88204087,cpc_code::C25B-001/14,patent_cpc_code,1,88204087
patent::88204087,cpc_code::C25B-001/18,patent_cpc_code,1,88204087
patent::88204087,cpc_code::C25B-001/26,patent_cpc_code,1,88204087
patent::88204087,cpc_code::C25B-009/19,patent_cpc_code,1,88204087
patent::88204087,ipc_group::C25B,patent_ipc_group,1,88204087
patent::88204087,ipc_code::C25B-001/14,patent_ipc_code,1,88204087
patent::88204087,ipc_code::C25B-001/18,patent_ipc_code,1,88204087
patent::88204087,ipc_code::C25B-001/26,patent_ipc_code,1,88204087
patent::88204087,ipc_code::C25B-009/19,patent_ipc_code,1,88204087
patent::88204087,concept::BICARBONATE,patent_concept,1,88204087
patent::88204087,concept::BYPRODUCT,patent_concept,1,88204087
patent::88204087,concept::CHAMBER DIAPHRAGM ELECTROLYSIS,patent_concept,1,88204087
patent::88204087,concept::DIAPHRAGM ELECTROLYSIS,patent_concept,1,88204087
patent::88204087,concept::METHANEDIONE,patent_concept,1,88204087
patent::88204087,concept::SIMULTANEOUSLY PRODUCING CHLORINE,patent_concept,1,88204087
patent::88204087,concept::THREE CHAMBER DIAPHRAGM ELECTROLYSIS,patent_concept,1,88204087
patent::88204087,concept::METHANEDIONE RESOURCE UTILIZATION,patent_concept,1,88204087
patent::88204087,concept::METHANEDIONE ELECTROLYSIS,patent_concept,1,88204087
patent::88204087,concept::ORGANIC ELECTROLYTE COMPOSITE,patent_concept,1,88204087
patent::88204087,country::CN,patent_country,1,88204087
patent::88204087,priority_year::2019,patent_priority_year,1,88204087
patent::88204087,legal_state::DEAD,patent_legal_state,1,88204087
patent::88204087,focus::AEM,patent_focus,1,88204087
patent::88204087,focus::Non-noble candidate,patent_focus,1,88204087
patent::111894530,assignee::NUAA - NANJING UNIVERSITY OF AERONAUTICS & ASTRONAUTICS,patent_assignee,1,111894530
patent::111894530,"domain::Surface technology, coating",patent_domain,1,111894530
patent::111894530,cpc_group::C25B,patent_cpc_group,1,111894530
patent::111894530,cpc_code::C25B-001/23,patent_cpc_code,1,111894530
patent::111894530,cpc_code::C25B-003/26,patent_cpc_code,1,111894530
patent::111894530,cpc_code::C25B-011/089,patent_cpc_code,1,111894530
patent::111894530,ipc_group::C25B,patent_ipc_group,1,111894530
patent::111894530,ipc_code::C25B-001/23,patent_ipc_code,1,111894530
patent::111894530,ipc_code::C25B-003/26,patent_ipc_code,1,111894530
patent::111894530,ipc_code::C25B-011/089,patent_ipc_code,1,111894530
patent::111894530,concept::CARBON DIOXIDE REDUCTION REACTION,patent_concept,1,111894530
patent::111894530,concept::DESIGN METHOD,patent_concept,1,111894530
patent::111894530,concept::METAL MONOATOMIC ELECTROCATALYST,patent_concept,1,111894530
patent::111894530,concept::NONNOBLE METAL MONOATOMIC ELECTROCATALYST,patent_concept,1,111894530
patent::111894530,concept::REDUCTION REACTION,patent_concept,1,111894530
patent::111894530,concept::TMDS MONOLAYER,patent_concept,1,111894530
patent::111894530,concept::BIAXIAL STRAIN,patent_concept,1,111894530
patent::111894530,concept::CR MONOATOM,patent_concept,1,111894530
patent::111894530,concept::NONNOBLE METAL MONOATOM,patent_concept,1,111894530
patent::111894530,concept::MONO LAYER TRANSITION GROUP,patent_concept,1,111894530
patent::111894530,country::CN,patent_country,1,111894530
patent::111894530,priority_year::2024,patent_priority_year,1,111894530
patent::111894530,legal_state::ALIVE,patent_legal_state,1,111894530
patent::111894530,focus::Non-noble candidate,patent_focus,1,111894530
patent::105028031,assignee::KUNMING UNIVERSITY OF SCIENCE & TECHNOLOGY,patent_assignee,1,105028031
patent::105028031,"domain::Surface technology, coating",patent_domain,1,105028031
patent::105028031,cpc_group::C25B,patent_cpc_group,1,105028031
patent::105028031,cpc_code::C25B-001/23,patent_cpc_code,1,105028031
patent::105028031,cpc_code::C25B-001/26,patent_cpc_code,1,105028031
patent::105028031,cpc_code::C25B-009/19,patent_cpc_code,1,105028031
patent::105028031,cpc_code::C25B-009/60,patent_cpc_code,1,105028031
patent::105028031,cpc_code::C25B-011/036,patent_cpc_code,1,105028031
patent::105028031,ipc_group::C25B,patent_ipc_group,1,105028031
patent::105028031,ipc_code::C25B-001/23,patent_ipc_code,1,105028031
patent::105028031,ipc_code::C25B-001/26,patent_ipc_code,1,105028031
patent::105028031,ipc_code::C25B-009/19,patent_ipc_code,1,105028031
patent::105028031,ipc_code::C25B-009/60,patent_ipc_code,1,105028031
patent::105028031,ipc_code::C25B-011/036,patent_ipc_code,1,105028031
patent::105028031,concept::BIPOLAR MEMBRANE,patent_concept,1,105028031
patent::105028031,concept::HYPOCHLORITE,patent_concept,1,105028031
patent::105028031,concept::METAL CHLORIDE,patent_concept,1,105028031
patent::105028031,concept::HOMOGENEOUS ELECTROCATALYST,patent_concept,1,105028031
patent::105028031,concept::ORGANIC ELECTROLYTE COMPOSITE,patent_concept,1,105028031
patent::105028031,concept::QUATERNIZED POLYPHENYL ETHER,patent_concept,1,105028031
patent::105028031,concept::RESOURCE UTILIZATION,patent_concept,1,105028031
patent::105028031,concept::CATHODE CHAMBER,patent_concept,1,105028031
patent::105028031,concept::CATION PERMEATION LAYER,patent_concept,1,105028031
patent::105028031,concept::ANODE CHAMBER,patent_concept,1,105028031
patent::105028031,country::CN,patent_country,1,105028031
patent::105028031,priority_year::2022,patent_priority_year,1,105028031
patent::105028031,legal_state::ALIVE,patent_legal_state,1,105028031
patent::105028031,focus::GDE,patent_focus,1,105028031
patent::116293199,assignee::KUNMING UNIVERSITY OF SCIENCE & TECHNOLOGY,patent_assignee,1,116293199
patent::116293199,"domain::Surface technology, coating",patent_domain,1,116293199
patent::116293199,cpc_group::C25B,patent_cpc_group,1,116293199
patent::116293199,cpc_code::C25B-001/00,patent_cpc_code,1,116293199
patent::116293199,cpc_code::C25B-001/26,patent_cpc_code,1,116293199
patent::116293199,cpc_code::C25B-003/04,patent_cpc_code,1,116293199
patent::116293199,cpc_code::C25B-009/08,patent_cpc_code,1,116293199
patent::116293199,cpc_code::C25B-013/02,patent_cpc_code,1,116293199
patent::116293199,cpc_code::C25B-013/08,patent_cpc_code,1,116293199
patent::116293199,ipc_group::C25B,patent_ipc_group,1,116293199
patent::116293199,ipc_code::C25B-001/01,patent_ipc_code,1,116293199
patent::116293199,ipc_code::C25B-001/23,patent_ipc_code,1,116293199
patent::116293199,ipc_code::C25B-001/26,patent_ipc_code,1,116293199
patent::116293199,ipc_code::C25B-013/02,patent_ipc_code,1,116293199
patent::116293199,ipc_code::C25B-013/08,patent_ipc_code,1,116293199
patent::116293199,concept::CARBONATE,patent_concept,1,116293199
patent::116293199,concept::COPRODUCING CHLORINE,patent_concept,1,116293199
patent::116293199,concept::FUNCTIONAL COMPOSITE MEMBRANE,patent_concept,1,116293199
patent::116293199,concept::COMPOSITE MEMBRANE,patent_concept,1,116293199
patent::116293199,concept::DUAL FUNCTIONAL COMPOSITE MEMBRANE,patent_concept,1,116293199
patent::116293199,concept::RESTRICTION COOPERATIVE,patent_concept,1,116293199
patent::116293199,concept::HYDROPHOBIC POROUS LAYER,patent_concept,1,116293199
patent::116293199,concept::CARBON DIOXIDE ELECTROREDUCTION,patent_concept,1,116293199
patent::116293199,concept::SUSTAINABLE CARBON RESOURCE UTILIZATION,patent_concept,1,116293199
patent::116293199,concept::SULFONATED POLYARYL ETHERKETONE,patent_concept,1,116293199
patent::116293199,country::CN,patent_country,1,116293199
patent::116293199,priority_year::2025,patent_priority_year,1,116293199
patent::116293199,legal_state::ALIVE,patent_legal_state,1,116293199
patent::116293199,focus::Non-noble candidate,patent_focus,1,116293199
patent::116293199,focus::GDE,patent_focus,1,116293199
patent::116120311,assignee::SINOPEC,patent_assignee,1,116120311
patent::116120311,"domain::Surface technology, coating",patent_domain,1,116120311
patent::116120311,cpc_group::C25B,patent_cpc_group,1,116120311
patent::116120311,cpc_code::C25B-001/00,patent_cpc_code,1,116120311
patent::116120311,cpc_code::C25B-001/23,patent_cpc_code,1,116120311
patent::116120311,cpc_code::C25B-003/00,patent_cpc_code,1,116120311
patent::116120311,cpc_code::C25B-003/03,patent_cpc_code,1,116120311
patent::116120311,cpc_code::C25B-003/04,patent_cpc_code,1,116120311
patent::116120311,cpc_code::C25B-003/25,patent_cpc_code,1,116120311
patent::116120311,cpc_code::C25B-003/26,patent_cpc_code,1,116120311
patent::116120311,cpc_code::C25B-009/60,patent_cpc_code,1,116120311
patent::116120311,cpc_code::C25B-011/03,patent_cpc_code,1,116120311
patent::116120311,cpc_code::C25B-011/031,patent_cpc_code,1,116120311
patent::116120311,ipc_group::C25B,patent_ipc_group,1,116120311
patent::116120311,ipc_code::C25B-001/00,patent_ipc_code,1,116120311
patent::116120311,ipc_code::C25B-001/23,patent_ipc_code,1,116120311
patent::116120311,ipc_code::C25B-003/00,patent_ipc_code,1,116120311
patent::116120311,ipc_code::C25B-003/03,patent_ipc_code,1,116120311
patent::116120311,ipc_code::C25B-003/25,patent_ipc_code,1,116120311
patent::116120311,ipc_code::C25B-003/26,patent_ipc_code,1,116120311
patent::116120311,ipc_code::C25B-009/60,patent_ipc_code,1,116120311
patent::116120311,ipc_code::C25B-011/03,patent_ipc_code,1,116120311
patent::116120311,concept::CARBON DIOXIDE ELECTROCHEMICAL REFORMING,patent_concept,1,116120311
patent::116120311,concept::CATALYST,patent_concept,1,116120311
patent::116120311,concept::ELECTROCHEMICAL REACTOR,patent_concept,1,116120311
patent::116120311,concept::ELECTROCHEMICAL REFORMING,patent_concept,1,116120311
patent::116120311,concept::ETHYLENE,patent_concept,1,116120311
patent::116120311,concept::ETHYLENE PRODUCTION,patent_concept,1,116120311
patent::116120311,concept::METHANE,patent_concept,1,116120311
patent::116120311,country::CN,patent_country,1,116120311
patent::116120311,priority_year::2024,patent_priority_year,1,116120311
patent::116120311,legal_state::ALIVE,patent_legal_state,1,116120311
patent::116120311,focus::Non-noble candidate,patent_focus,1,116120311
patent::98749181,assignee::DALIAN UNIVERSITY OF TECHNOLOGY,patent_assignee,1,98749181
patent::98749181,"domain::Surface technology, coating",patent_domain,1,98749181
patent::98749181,cpc_group::C25B,patent_cpc_group,1,98749181
patent::98749181,cpc_code::C25B-001/23,patent_cpc_code,1,98749181
patent::98749181,cpc_code::C25B-001/26/5,patent_cpc_code,1,98749181
patent::98749181,cpc_code::C25B-011/091,patent_cpc_code,1,98749181
patent::98749181,ipc_group::C25B,patent_ipc_group,1,98749181
patent::98749181,ipc_code::C25B-001/23,patent_ipc_code,1,98749181
patent::98749181,ipc_code::C25B-001/26,patent_ipc_code,1,98749181
patent::98749181,ipc_code::C25B-011/091,patent_ipc_code,1,98749181
patent::98749181,concept::CARRYING OUT REDUCTION,patent_concept,1,98749181
patent::98749181,concept::CHLORIDE COELECTROLYSIS,patent_concept,1,98749181
patent::98749181,concept::CHLORIDE REDUCTION COELECTROLYSIS,patent_concept,1,98749181
patent::98749181,concept::MESOPOROUS CATALYST,patent_concept,1,98749181
patent::98749181,concept::ORDERED MESOPOROUS CATALYST,patent_concept,1,98749181
patent::98749181,country::CN,patent_country,1,98749181
patent::98749181,priority_year::2021,patent_priority_year,1,98749181
patent::98749181,legal_state::ALIVE,patent_legal_state,1,98749181
patent::98749181,focus::Non-noble candidate,patent_focus,1,98749181
patent::86205375,assignee::AKITA UNIVERSITY,patent_assignee,1,86205375
patent::86205375,assignee::HIROSAKI UNIVERSITY,patent_assignee,1,86205375
patent::86205375,assignee::JAPAN SCIENCE & TECHNOLOGY AGENCY,patent_assignee,1,86205375
patent::86205375,assignee::TOKYO INSTITUTE OF TECHNOLOGY,patent_assignee,1,86205375
patent::86205375,"domain::Materials, metallurgy",patent_domain,1,86205375
patent::86205375,"domain::Surface technology, coating",patent_domain,1,86205375
patent::86205375,cpc_group::C01B,patent_cpc_group,1,86205375
patent::86205375,cpc_group::C01F,patent_cpc_group,1,86205375
patent::86205375,cpc_group::C25B,patent_cpc_group,1,86205375
patent::86205375,cpc_code::C01B-032/40,patent_cpc_code,1,86205375
patent::86205375,cpc_code::C01F-007/16,patent_cpc_code,1,86205375
patent::86205375,cpc_code::C25B-001/00,patent_cpc_code,1,86205375
patent::86205375,cpc_code::C25B-001/02,patent_cpc_code,1,86205375
patent::86205375,cpc_code::C25B-001/23,patent_cpc_code,1,86205375
patent::86205375,cpc_code::C25B-009/06,patent_cpc_code,1,86205375
patent::86205375,cpc_code::C25B-009/10,patent_cpc_code,1,86205375
patent::86205375,cpc_code::C25B-009/17,patent_cpc_code,1,86205375
patent::86205375,cpc_code::C25B-009/23,patent_cpc_code,1,86205375
patent::86205375,cpc_code::C25B-011/04/26,patent_cpc_code,1,86205375
patent::86205375,ipc_group::C01B,patent_ipc_group,1,86205375
patent::86205375,ipc_group::C01F,patent_ipc_group,1,86205375
patent::86205375,ipc_group::C25B,patent_ipc_group,1,86205375
patent::86205375,ipc_code::C01B-032/40,patent_ipc_code,1,86205375
patent::86205375,ipc_code::C01F-007/16,patent_ipc_code,1,86205375
patent::86205375,ipc_code::C01F-007/164,patent_ipc_code,1,86205375
patent::86205375,ipc_code::C01F-007/166,patent_ipc_code,1,86205375
patent::86205375,ipc_code::C25B-001/00,patent_ipc_code,1,86205375
patent::86205375,ipc_code::C25B-001/02,patent_ipc_code,1,86205375
patent::86205375,ipc_code::C25B-001/135,patent_ipc_code,1,86205375
patent::86205375,ipc_code::C25B-001/23,patent_ipc_code,1,86205375
patent::86205375,concept::7AL2O,patent_concept,1,86205375
patent::86205375,concept::AMENDSTATUS,patent_concept,1,86205375
patent::86205375,concept::CARBON DIOXIDE DECOMPOSITION,patent_concept,1,86205375
patent::86205375,concept::ELECTROLYSIS,patent_concept,1,86205375
patent::86205375,concept::ELECTROLYSIS CELL,patent_concept,1,86205375
patent::86205375,concept::ELECTROLYTIC CELL,patent_concept,1,86205375
patent::86205375,country::JP,patent_country,1,86205375
patent::86205375,priority_year::2018,patent_priority_year,1,86205375
patent::86205375,legal_state::ALIVE,patent_legal_state,1,86205375
patent::86205375,focus::Non-noble candidate,patent_focus,1,86205375
patent::83842416,assignee::PENN STATE RESEARCH FOUNDATION,patent_assignee,1,83842416
patent::83842416,assignee::UNIVERSITY OF BRITISH COLUMBIA,patent_assignee,1,83842416
patent::83842416,"domain::Surface technology, coating",patent_domain,1,83842416
patent::83842416,cpc_group::C25B,patent_cpc_group,1,83842416
patent::83842416,cpc_group::Y02E,patent_cpc_group,1,83842416
patent::83842416,cpc_code::C25B-001/00,patent_cpc_code,1,83842416
patent::83842416,cpc_code::C25B-001/04,patent_cpc_code,1,83842416
patent::83842416,cpc_code::C25B-001/10,patent_cpc_code,1,83842416
patent::83842416,cpc_code::C25B-003/04,patent_cpc_code,1,83842416
patent::83842416,cpc_code::C25B-003/25,patent_cpc_code,1,83842416
patent::83842416,cpc_code::C25B-003/26,patent_cpc_code,1,83842416
patent::83842416,cpc_code::C25B-009/08,patent_cpc_code,1,83842416
patent::83842416,cpc_code::C25B-009/10,patent_cpc_code,1,83842416
patent::83842416,cpc_code::C25B-009/19,patent_cpc_code,1,83842416
patent::83842416,cpc_code::C25B-009/23,patent_cpc_code,1,83842416
patent::83842416,ipc_group::C25B,patent_ipc_group,1,83842416
patent::83842416,ipc_code::C25B-003/25,patent_ipc_code,1,83842416
patent::83842416,ipc_code::C25B-009/19,patent_ipc_code,1,83842416
patent::83842416,ipc_code::C25B-009/23,patent_ipc_code,1,83842416
patent::83842416,ipc_code::C25B-013/00,patent_ipc_code,1,83842416
patent::83842416,ipc_code::C25B-013/08,patent_ipc_code,1,83842416
patent::83842416,ipc_code::C25B-015/08,patent_ipc_code,1,83842416
patent::83842416,concept::BIPOLAR MEMBRANE,patent_concept,1,83842416
patent::83842416,concept::CELL,patent_concept,1,83842416
patent::83842416,concept::ELECTROCATALYTICALLY REDUCING METHANEDIONE,patent_concept,1,83842416
patent::83842416,concept::ELECTROCHEMICAL DEVICE,patent_concept,1,83842416
patent::83842416,concept::ELECTROLYTIC CELL,patent_concept,1,83842416
patent::83842416,concept::ELECTROLYZER,patent_concept,1,83842416
patent::83842416,concept::FEATURE SUBCOMBINATION,patent_concept,1,83842416
patent::83842416,concept::GASEOUS METHANEDIONE,patent_concept,1,83842416
patent::83842416,concept::METHANEDIONE ELECTROCHEMICAL REDUCTION,patent_concept,1,83842416
patent::83842416,concept::REDUCING PRODUCT CROSSOVER,patent_concept,1,83842416
patent::83842416,country::US,patent_country,1,83842416
patent::83842416,country::CA,patent_country,1,83842416
patent::83842416,priority_year::2017,patent_priority_year,1,83842416
patent::83842416,legal_state::DEAD,patent_legal_state,1,83842416
patent::83842416,focus::AEM,patent_focus,1,83842416
patent::83842416,focus::Non-noble candidate,patent_focus,1,83842416
patent::83842416,focus::GDE,patent_focus,1,83842416
patent::96376807,assignee::OSAKA GAS,patent_assignee,1,96376807
patent::96376807,domain::Basic materials chemistry,patent_domain,1,96376807
patent::96376807,domain::Chemical engineering,patent_domain,1,96376807
patent::96376807,"domain::Materials, metallurgy",patent_domain,1,96376807
patent::96376807,domain::Organic fine chemistry,patent_domain,1,96376807
patent::96376807,"domain::Surface technology, coating",patent_domain,1,96376807
patent::96376807,cpc_group::B01D,patent_cpc_group,1,96376807
patent::96376807,cpc_group::B01J,patent_cpc_group,1,96376807
patent::96376807,cpc_group::C01B,patent_cpc_group,1,96376807
patent::96376807,cpc_group::C07B,patent_cpc_group,1,96376807
patent::96376807,cpc_group::C07C,patent_cpc_group,1,96376807
patent::96376807,cpc_group::C10G,patent_cpc_group,1,96376807
patent::96376807,cpc_group::C25B,patent_cpc_group,1,96376807
patent::96376807,cpc_group::Y02E,patent_cpc_group,1,96376807
patent::96376807,cpc_group::Y02P,patent_cpc_group,1,96376807
patent::96376807,cpc_code::B01D-053/14/75,patent_cpc_code,1,96376807
patent::96376807,cpc_code::B01J-021/06/3,patent_cpc_code,1,96376807
patent::96376807,cpc_code::B01J-021/06/6,patent_cpc_code,1,96376807
patent::96376807,cpc_code::B01J-021/08,patent_cpc_code,1,96376807
patent::96376807,cpc_code::B01J-021/18,patent_cpc_code,1,96376807
patent::96376807,cpc_code::B01J-023/00/2,patent_cpc_code,1,96376807
patent::96376807,cpc_code::B01J-023/14,patent_cpc_code,1,96376807
patent::96376807,cpc_code::B01J-023/34,patent_cpc_code,1,96376807
patent::96376807,cpc_code::B01J-023/42,patent_cpc_code,1,96376807
patent::96376807,cpc_code::B01J-023/44,patent_cpc_code,1,96376807
patent::96376807,ipc_group::B01J,patent_ipc_group,1,96376807
patent::96376807,ipc_group::C01B,patent_ipc_group,1,96376807
patent::96376807,ipc_group::C07B,patent_ipc_group,1,96376807
patent::96376807,ipc_group::C07C,patent_ipc_group,1,96376807
patent::96376807,ipc_group::C10G,patent_ipc_group,1,96376807
patent::96376807,ipc_group::C25B,patent_ipc_group,1,96376807
patent::96376807,ipc_code::B01J-023/42,patent_ipc_code,1,96376807
patent::96376807,ipc_code::B01J-023/46,patent_ipc_code,1,96376807
patent::96376807,ipc_code::B01J-023/63,patent_ipc_code,1,96376807
patent::96376807,ipc_code::B01J-023/648,patent_ipc_code,1,96376807
patent::96376807,ipc_code::B01J-023/652,patent_ipc_code,1,96376807
patent::96376807,ipc_code::B01J-023/745,patent_ipc_code,1,96376807
patent::96376807,ipc_code::B01J-023/755,patent_ipc_code,1,96376807
patent::96376807,ipc_code::B01J-023/83,patent_ipc_code,1,96376807
patent::96376807,concept::COUNTER ELECTRODE LAYER,patent_concept,1,96376807
patent::96376807,concept::DISCHARGE PASSAGE,patent_concept,1,96376807
patent::96376807,concept::DISCHARGE PATH,patent_concept,1,96376807
patent::96376807,concept::DISCHARGE PATH INNER SURFACE,patent_concept,1,96376807
patent::96376807,concept::ELECTRICAL POWER SUPPLY,patent_concept,1,96376807
patent::96376807,concept::ELECTRODE LAYER,patent_concept,1,96376807
patent::96376807,concept::ELECTROLYSIS CELL,patent_concept,1,96376807
patent::96376807,country::JP,patent_country,1,96376807
patent::96376807,priority_year::2020,patent_priority_year,1,96376807
patent::96376807,legal_state::ALIVE,patent_legal_state,1,96376807
patent::96376807,focus::Non-noble candidate,patent_focus,1,96376807
patent::106574607,assignee::TOSHIBA,patent_assignee,1,106574607
patent::106574607,domain::Chemical engineering,patent_domain,1,106574607
patent::106574607,"domain::Materials, metallurgy",patent_domain,1,106574607
patent::106574607,"domain::Surface technology, coating",patent_domain,1,106574607
patent::106574607,cpc_group::C25B,patent_cpc_group,1,106574607
patent::106574607,cpc_code::C25B-001/23,patent_cpc_code,1,106574607
patent::106574607,cpc_code::C25B-003/26,patent_cpc_code,1,106574607
patent::106574607,cpc_code::C25B-009/17,patent_cpc_code,1,106574607
patent::106574607,cpc_code::C25B-009/19,patent_cpc_code,1,106574607
patent::106574607,cpc_code::C25B-011/052,patent_cpc_code,1,106574607
patent::106574607,cpc_code::C25B-011/054,patent_cpc_code,1,106574607
patent::106574607,cpc_code::C25B-011/065,patent_cpc_code,1,106574607
patent::106574607,cpc_code::C25B-011/069,patent_cpc_code,1,106574607
patent::106574607,cpc_code::C25B-011/095,patent_cpc_code,1,106574607
patent::106574607,ipc_group::B01J,patent_ipc_group,1,106574607
patent::106574607,ipc_group::C01B,patent_ipc_group,1,106574607
patent::106574607,ipc_group::C25B,patent_ipc_group,1,106574607
patent::106574607,ipc_code::B01J-023/66,patent_ipc_code,1,106574607
patent::106574607,ipc_code::B01J-031/26,patent_ipc_code,1,106574607
patent::106574607,ipc_code::B01J-035/00,patent_ipc_code,1,106574607
patent::106574607,ipc_code::B01J-035/45,patent_ipc_code,1,106574607
patent::106574607,ipc_code::C01B-032/40,patent_ipc_code,1,106574607
patent::106574607,ipc_code::C25B-001/04,patent_ipc_code,1,106574607
patent::106574607,ipc_code::C25B-001/23,patent_ipc_code,1,106574607
patent::106574607,ipc_code::C25B-003/26,patent_ipc_code,1,106574607
patent::106574607,concept::CARBON DIOXIDE ELECTROLYSIS,patent_concept,1,106574607
patent::106574607,concept::CARBON DIOXIDE ELECTROLYSIS CELL,patent_concept,1,106574607
patent::106574607,concept::CARBON DIOXIDE ELECTROLYTIC CELL,patent_concept,1,106574607
patent::106574607,concept::CARBON DIOXIDE ELECTROLYTIC DEVICE,patent_concept,1,106574607
patent::106574607,country::JP,patent_country,1,106574607
patent::106574607,priority_year::2022,patent_priority_year,1,106574607
patent::106574607,legal_state::ALIVE,patent_legal_state,1,106574607
patent::106574607,focus::Non-noble candidate,patent_focus,1,106574607
patent::106574607,focus::GDE,patent_focus,1,106574607
patent::86048379,assignee::TOSHIBA,patent_assignee,1,86048379
patent::86048379,"domain::Surface technology, coating",patent_domain,1,86048379
patent::86048379,cpc_group::C25B,patent_cpc_group,1,86048379
patent::86048379,cpc_group::Y02E,patent_cpc_group,1,86048379
patent::86048379,cpc_code::C25B-001/04,patent_cpc_code,1,86048379
patent::86048379,cpc_code::C25B-001/10,patent_cpc_code,1,86048379
patent::86048379,cpc_code::C25B-003/03,patent_cpc_code,1,86048379
patent::86048379,cpc_code::C25B-003/04,patent_cpc_code,1,86048379
patent::86048379,cpc_code::C25B-003/07,patent_cpc_code,1,86048379
patent::86048379,cpc_code::C25B-003/25,patent_cpc_code,1,86048379
patent::86048379,cpc_code::C25B-003/26,patent_cpc_code,1,86048379
patent::86048379,cpc_code::C25B-009/10,patent_cpc_code,1,86048379
patent::86048379,cpc_code::C25B-009/23,patent_cpc_code,1,86048379
patent::86048379,cpc_code::C25B-009/65,patent_cpc_code,1,86048379
patent::86048379,ipc_group::C25B,patent_ipc_group,1,86048379
patent::86048379,ipc_code::C25B-003/25,patent_ipc_code,1,86048379
patent::86048379,ipc_code::C25B-003/26,patent_ipc_code,1,86048379
patent::86048379,ipc_code::C25B-009/23,patent_ipc_code,1,86048379
patent::86048379,ipc_code::C25B-009/73,patent_ipc_code,1,86048379
patent::86048379,ipc_code::C25B-015/08,patent_ipc_code,1,86048379
patent::86048379,concept::ANODE SECTION,patent_concept,1,86048379
patent::86048379,concept::CARBON DIOXIDE ELECTROLYSIS CELL,patent_concept,1,86048379
patent::86048379,concept::ELECTROLYSIS,patent_concept,1,86048379
patent::86048379,concept::ELECTROLYSIS CELL,patent_concept,1,86048379
patent::86048379,concept::ELECTROLYTIC CELL,patent_concept,1,86048379
patent::86048379,country::JP,patent_country,1,86048379
patent::86048379,priority_year::2018,patent_priority_year,1,86048379
patent::86048379,legal_state::ALIVE,patent_legal_state,1,86048379
patent::86048379,focus::MEA,patent_focus,1,86048379
patent::86048379,focus::AEM,patent_focus,1,86048379
patent::86048379,focus::Non-noble candidate,patent_focus,1,86048379
patent::86048379,focus::GDE,patent_focus,1,86048379
patent::116977017,assignee::FRAUNHOFER,patent_assignee,1,116977017
patent::116977017,"domain::Materials, metallurgy",patent_domain,1,116977017
patent::116977017,"domain::Surface technology, coating",patent_domain,1,116977017
patent::116977017,cpc_group::C25B,patent_cpc_group,1,116977017
patent::116977017,cpc_code::C25B-001/23,patent_cpc_code,1,116977017
patent::116977017,cpc_code::C25B-003/26,patent_cpc_code,1,116977017
patent::116977017,cpc_code::C25B-009/05,patent_cpc_code,1,116977017
patent::116977017,cpc_code::C25B-009/67,patent_cpc_code,1,116977017
patent::116977017,cpc_code::C25B-015/021,patent_cpc_code,1,116977017
patent::116977017,cpc_code::C25B-015/081,patent_cpc_code,1,116977017
patent::116977017,cpc_code::C25B-015/083,patent_cpc_code,1,116977017
patent::116977017,cpc_code::C25B-015/085,patent_cpc_code,1,116977017
patent::116977017,cpc_code::C25B-015/087,patent_cpc_code,1,116977017
patent::116977017,ipc_group::C01B,patent_ipc_group,1,116977017
patent::116977017,ipc_group::C25B,patent_ipc_group,1,116977017
patent::116977017,ipc_code::C01B-003/02,patent_ipc_code,1,116977017
patent::116977017,ipc_code::C25B-001/23,patent_ipc_code,1,116977017
patent::116977017,ipc_code::C25B-003/03,patent_ipc_code,1,116977017
patent::116977017,ipc_code::C25B-003/07,patent_ipc_code,1,116977017
patent::116977017,ipc_code::C25B-003/26,patent_ipc_code,1,116977017
patent::116977017,ipc_code::C25B-009/05,patent_ipc_code,1,116977017
patent::116977017,ipc_code::C25B-009/67,patent_ipc_code,1,116977017
patent::116977017,ipc_code::C25B-015/021,patent_ipc_code,1,116977017
patent::116977017,concept::ELECTROLYSIS,patent_concept,1,116977017
patent::116977017,concept::CRYOGENIC SEPARATION,patent_concept,1,116977017
patent::116977017,concept::COLLECTION CONTAINER,patent_concept,1,116977017
patent::116977017,concept::ELECTROLYSIS CELL,patent_concept,1,116977017
patent::116977017,concept::COLLECTION VESSEL,patent_concept,1,116977017
patent::116977017,concept::REFRIGERATION PRODUCTION,patent_concept,1,116977017
patent::116977017,country::DE,patent_country,1,116977017
patent::116977017,priority_year::2024,patent_priority_year,1,116977017
patent::116977017,legal_state::ALIVE,patent_legal_state,1,116977017
patent::116977017,focus::Non-noble candidate,patent_focus,1,116977017
patent::93172689,assignee::TOSHIBA,patent_assignee,1,93172689
patent::93172689,"domain::Surface technology, coating",patent_domain,1,93172689
patent::93172689,cpc_group::C25B,patent_cpc_group,1,93172689
patent::93172689,cpc_group::Y02E,patent_cpc_group,1,93172689
patent::93172689,cpc_group::Y02P,patent_cpc_group,1,93172689
patent::93172689,cpc_code::C25B-001/00,patent_cpc_code,1,93172689
patent::93172689,cpc_code::C25B-001/04,patent_cpc_code,1,93172689
patent::93172689,cpc_code::C25B-003/04,patent_cpc_code,1,93172689
patent::93172689,cpc_code::C25B-003/25,patent_cpc_code,1,93172689
patent::93172689,cpc_code::C25B-009/08,patent_cpc_code,1,93172689
patent::93172689,cpc_code::C25B-009/19,patent_cpc_code,1,93172689
patent::93172689,cpc_code::C25B-009/73,patent_cpc_code,1,93172689
patent::93172689,cpc_code::C25B-015/02,patent_cpc_code,1,93172689
patent::93172689,cpc_code::C25B-015/023,patent_cpc_code,1,93172689
patent::93172689,cpc_code::C25B-015/025,patent_cpc_code,1,93172689
patent::93172689,ipc_group::C25B,patent_ipc_group,1,93172689
patent::93172689,ipc_code::C25B-001/00,patent_ipc_code,1,93172689
patent::93172689,ipc_code::C25B-001/23,patent_ipc_code,1,93172689
patent::93172689,ipc_code::C25B-003/03,patent_ipc_code,1,93172689
patent::93172689,ipc_code::C25B-003/07,patent_ipc_code,1,93172689
patent::93172689,ipc_code::C25B-003/26,patent_ipc_code,1,93172689
patent::93172689,ipc_code::C25B-009/00,patent_ipc_code,1,93172689
patent::93172689,ipc_code::C25B-009/19,patent_ipc_code,1,93172689
patent::93172689,ipc_code::C25B-015/00,patent_ipc_code,1,93172689
patent::93172689,concept::CARBON DIOXIDE ELECTROLYSIS,patent_concept,1,93172689
patent::93172689,concept::CARBON DIOXIDE ELECTROLYZER,patent_concept,1,93172689
patent::93172689,concept::CARBON DIOXIDE GAS TURBINE,patent_concept,1,93172689
patent::93172689,concept::CARBON DIOXIDE GENERATION,patent_concept,1,93172689
patent::93172689,concept::CARBON DIOXIDE SUPPLY,patent_concept,1,93172689
patent::93172689,concept::ELECTRICAL CONDUCTIVITY,patent_concept,1,93172689
patent::93172689,concept::ELECTRICAL CONDUCTIVITY METER,patent_concept,1,93172689
patent::93172689,concept::ELECTROLYSIS CELL,patent_concept,1,93172689
patent::93172689,country::JP,patent_country,1,93172689
patent::93172689,priority_year::2019,patent_priority_year,1,93172689
patent::93172689,legal_state::ALIVE,patent_legal_state,1,93172689
patent::93172689,focus::Non-noble candidate,patent_focus,1,93172689
patent::105486835,assignee::SHAANXI NORMAL UNIVERSITY,patent_assignee,1,105486835
patent::105486835,"domain::Surface technology, coating",patent_domain,1,105486835
patent::105486835,cpc_group::C25B,patent_cpc_group,1,105486835
patent::105486835,cpc_code::C25B-001/00,patent_cpc_code,1,105486835
patent::105486835,cpc_code::C25B-001/01,patent_cpc_code,1,105486835
patent::105486835,cpc_code::C25B-003/04,patent_cpc_code,1,105486835
patent::105486835,cpc_code::C25B-003/26,patent_cpc_code,1,105486835
patent::105486835,cpc_code::C25B-009/08,patent_cpc_code,1,105486835
patent::105486835,cpc_code::C25B-009/65,patent_cpc_code,1,105486835
patent::105486835,cpc_code::C25B-011/032,patent_cpc_code,1,105486835
patent::105486835,cpc_code::C25B-011/04/47,patent_cpc_code,1,105486835
patent::105486835,ipc_group::C25B,patent_ipc_group,1,105486835
patent::105486835,ipc_code::C25B-001/01,patent_ipc_code,1,105486835
patent::105486835,ipc_code::C25B-003/26,patent_ipc_code,1,105486835
patent::105486835,ipc_code::C25B-009/65,patent_ipc_code,1,105486835
patent::105486835,ipc_code::C25B-011/032,patent_ipc_code,1,105486835
patent::105486835,concept::CARBON DIOXIDE REDUCTION,patent_concept,1,105486835
patent::105486835,concept::COELECTROLYSIS,patent_concept,1,105486835
patent::105486835,concept::REINFORCED COELECTROLYSIS,patent_concept,1,105486835
patent::105486835,concept::SULFIDE OXIDATION,patent_concept,1,105486835
patent::105486835,concept::ANODE SULFIDE OXIDATION,patent_concept,1,105486835
patent::105486835,concept::CATHOLYTE CAVITY,patent_concept,1,105486835
patent::105486835,concept::COELECTROLYSIS CATHODE,patent_concept,1,105486835
patent::105486835,country::CN,patent_country,1,105486835
patent::105486835,priority_year::2023,patent_priority_year,1,105486835
patent::105486835,legal_state::ALIVE,patent_legal_state,1,105486835
patent::105486835,focus::Non-noble candidate,patent_focus,1,105486835
patent::105486835,focus::GDE,patent_focus,1,105486835
patent::77016544,assignee::SIEMENS ENERGY,patent_assignee,1,77016544
patent::77016544,"domain::Materials, metallurgy",patent_domain,1,77016544
patent::77016544,"domain::Surface technology, coating",patent_domain,1,77016544
patent::77016544,cpc_group::C25B,patent_cpc_group,1,77016544
patent::77016544,cpc_group::Y02E,patent_cpc_group,1,77016544
patent::77016544,cpc_code::C25B-001/00,patent_cpc_code,1,77016544
patent::77016544,cpc_code::C25B-001/04,patent_cpc_code,1,77016544
patent::77016544,cpc_code::C25B-001/10,patent_cpc_code,1,77016544
patent::77016544,cpc_code::C25B-009/08,patent_cpc_code,1,77016544
patent::77016544,cpc_code::C25B-009/19,patent_cpc_code,1,77016544
patent::77016544,cpc_code::C25B-009/73,patent_cpc_code,1,77016544
patent::77016544,cpc_code::C25B-015/08,patent_cpc_code,1,77016544
patent::77016544,cpc_code::Y02E-060/36,patent_cpc_code,1,77016544
patent::77016544,ipc_group::C01B,patent_ipc_group,1,77016544
patent::77016544,ipc_group::C25B,patent_ipc_group,1,77016544
patent::77016544,ipc_code::C01B-032/40,patent_ipc_code,1,77016544
patent::77016544,ipc_code::C25B-009/19,patent_ipc_code,1,77016544
patent::77016544,ipc_code::C25B-015/08,patent_ipc_code,1,77016544
patent::77016544,concept::CARBON DIOXIDE ELECTROCHEMICAL UTILIZATION,patent_concept,1,77016544
patent::77016544,concept::ELECTRO CHEMICAL UTILIZATION,patent_concept,1,77016544
patent::77016544,country::DE,patent_country,1,77016544
patent::77016544,priority_year::2016,patent_priority_year,1,77016544
patent::77016544,legal_state::ALIVE,patent_legal_state,1,77016544
patent::77016544,focus::Non-noble candidate,patent_focus,1,77016544
patent::86310832,assignee::TOPSOE,patent_assignee,1,86310832
patent::86310832,domain::Basic materials chemistry,patent_domain,1,86310832
patent::86310832,"domain::Materials, metallurgy",patent_domain,1,86310832
patent::86310832,domain::Organic fine chemistry,patent_domain,1,86310832
patent::86310832,"domain::Surface technology, coating",patent_domain,1,86310832
patent::86310832,cpc_group::C01B,patent_cpc_group,1,86310832
patent::86310832,cpc_group::C07C,patent_cpc_group,1,86310832
patent::86310832,cpc_group::C10K,patent_cpc_group,1,86310832
patent::86310832,cpc_group::C25B,patent_cpc_group,1,86310832
patent::86310832,cpc_group::Y02E,patent_cpc_group,1,86310832
patent::86310832,cpc_group::Y02P,patent_cpc_group,1,86310832
patent::86310832,cpc_code::C01B-003/06,patent_cpc_code,1,86310832
patent::86310832,cpc_code::C01B-032/40,patent_cpc_code,1,86310832
patent::86310832,cpc_code::C01B-2203/02,patent_cpc_code,1,86310832
patent::86310832,cpc_code::C01B-2203/0495,patent_cpc_code,1,86310832
patent::86310832,cpc_code::C01B-2203/06,patent_cpc_code,1,86310832
patent::86310832,cpc_code::C01B-2203/12,patent_cpc_code,1,86310832
patent::86310832,cpc_code::C07C-045/50,patent_cpc_code,1,86310832
patent::86310832,cpc_code::C10K-001/04,patent_cpc_code,1,86310832
patent::86310832,cpc_code::C10K-003/02/6,patent_cpc_code,1,86310832
patent::86310832,cpc_code::C25B-001/00,patent_cpc_code,1,86310832
patent::86310832,ipc_group::C01B,patent_ipc_group,1,86310832
patent::86310832,ipc_group::C07C,patent_ipc_group,1,86310832
patent::86310832,ipc_group::C10K,patent_ipc_group,1,86310832
patent::86310832,ipc_group::C25B,patent_ipc_group,1,86310832
patent::86310832,ipc_code::C01B-003/06,patent_ipc_code,1,86310832
patent::86310832,ipc_code::C01B-032/40,patent_ipc_code,1,86310832
patent::86310832,ipc_code::C07C-045/50,patent_ipc_code,1,86310832
patent::86310832,ipc_code::C10K-001/04,patent_ipc_code,1,86310832
patent::86310832,ipc_code::C10K-003/02,patent_ipc_code,1,86310832
patent::86310832,ipc_code::C25B-001/00,patent_ipc_code,1,86310832
patent::86310832,ipc_code::C25B-001/04,patent_ipc_code,1,86310832
patent::86310832,ipc_code::C25B-001/042,patent_ipc_code,1,86310832
patent::86310832,concept::GAS MIXTURE,patent_concept,1,86310832
patent::86310832,country::DK,patent_country,1,86310832
patent::86310832,priority_year::2018,patent_priority_year,1,86310832
patent::86310832,legal_state::ALIVE,patent_legal_state,1,86310832
patent::86310832,focus::Non-noble candidate,patent_focus,1,86310832
patent::112675495,assignee::FRAUNHOFER,patent_assignee,1,112675495
patent::112675495,"domain::Electrical machinery, apparatus, energy",patent_domain,1,112675495
patent::112675495,"domain::Surface technology, coating",patent_domain,1,112675495
patent::112675495,cpc_group::C25B,patent_cpc_group,1,112675495
patent::112675495,cpc_code::C25B-001/00,patent_cpc_code,1,112675495
patent::112675495,cpc_code::C25B-001/23,patent_cpc_code,1,112675495
patent::112675495,cpc_code::C25B-003/04,patent_cpc_code,1,112675495
patent::112675495,cpc_code::C25B-003/07,patent_cpc_code,1,112675495
patent::112675495,cpc_code::C25B-003/26,patent_cpc_code,1,112675495
patent::112675495,cpc_code::C25B-009/00,patent_cpc_code,1,112675495
patent::112675495,cpc_code::C25B-009/08,patent_cpc_code,1,112675495
patent::112675495,cpc_code::C25B-009/10,patent_cpc_code,1,112675495
patent::112675495,cpc_code::C25B-011/03/5,patent_cpc_code,1,112675495
patent::112675495,cpc_code::C25B-011/032,patent_cpc_code,1,112675495
patent::112675495,ipc_group::C25B,patent_ipc_group,1,112675495
patent::112675495,ipc_group::H01M,patent_ipc_group,1,112675495
patent::112675495,ipc_code::C25B-001/23,patent_ipc_code,1,112675495
patent::112675495,ipc_code::C25B-003/26,patent_ipc_code,1,112675495
patent::112675495,ipc_code::C25B-009/19,patent_ipc_code,1,112675495
patent::112675495,ipc_code::C25B-009/23,patent_ipc_code,1,112675495
patent::112675495,ipc_code::C25B-011/031,patent_ipc_code,1,112675495
patent::112675495,ipc_code::C25B-011/032,patent_ipc_code,1,112675495
patent::112675495,ipc_code::C25B-011/051,patent_ipc_code,1,112675495
patent::112675495,ipc_code::C25B-011/052,patent_ipc_code,1,112675495
patent::112675495,concept::ANION EXCHANGE MEMBRANE,patent_concept,1,112675495
patent::112675495,concept::ANODE CHAMBER,patent_concept,1,112675495
patent::112675495,concept::CATHODE CHAMBER,patent_concept,1,112675495
patent::112675495,concept::ELECTROLYTIC CELL,patent_concept,1,112675495
patent::112675495,concept::GAS DIFFUSION ELECTRODE,patent_concept,1,112675495
patent::112675495,concept::HYDROPHOBIC CATALYST LAYER,patent_concept,1,112675495
patent::112675495,country::DE,patent_country,1,112675495
patent::112675495,priority_year::2023,patent_priority_year,1,112675495
patent::112675495,legal_state::ALIVE,patent_legal_state,1,112675495
patent::112675495,focus::AEM,patent_focus,1,112675495
patent::112675495,focus::Non-noble candidate,patent_focus,1,112675495
patent::112675495,focus::GDE,patent_focus,1,112675495
patent::107413525,assignee::SK INNOVATION,patent_assignee,1,107413525
patent::107413525,domain::Chemical engineering,patent_domain,1,107413525
patent::107413525,"domain::Electrical machinery, apparatus, energy",patent_domain,1,107413525
patent::107413525,domain::Environmental technology,patent_domain,1,107413525
patent::107413525,"domain::Surface technology, coating",patent_domain,1,107413525
patent::107413525,cpc_group::B01D,patent_cpc_group,1,107413525
patent::107413525,cpc_group::B01J,patent_cpc_group,1,107413525
patent::107413525,cpc_group::C25B,patent_cpc_group,1,107413525
patent::107413525,cpc_group::H01M,patent_cpc_group,1,107413525
patent::107413525,cpc_group::Y02C,patent_cpc_group,1,107413525
patent::107413525,cpc_group::Y02E,patent_cpc_group,1,107413525
patent::107413525,cpc_code::B01D-053/32/6,patent_cpc_code,1,107413525
patent::107413525,cpc_code::B01D-2257/504,patent_cpc_code,1,107413525
patent::107413525,cpc_code::B01J-021/18/5,patent_cpc_code,1,107413525
patent::107413525,cpc_code::B01J-023/755,patent_cpc_code,1,107413525
patent::107413525,cpc_code::B01J-023/889/2,patent_cpc_code,1,107413525
patent::107413525,cpc_code::B01J-035/10/23,patent_cpc_code,1,107413525
patent::107413525,cpc_code::B01J-035/617,patent_cpc_code,1,107413525
patent::107413525,cpc_code::B01J-037/02,patent_cpc_code,1,107413525
patent::107413525,cpc_code::B01J-037/08/2,patent_cpc_code,1,107413525
patent::107413525,cpc_code::C25B-001/23,patent_cpc_code,1,107413525
patent::107413525,ipc_group::B01D,patent_ipc_group,1,107413525
patent::107413525,ipc_group::B01J,patent_ipc_group,1,107413525
patent::107413525,ipc_group::C25B,patent_ipc_group,1,107413525
patent::107413525,ipc_group::H01M,patent_ipc_group,1,107413525
patent::107413525,ipc_code::B01D-053/32,patent_ipc_code,1,107413525
patent::107413525,ipc_code::B01J-021/18,patent_ipc_code,1,107413525
patent::107413525,ipc_code::B01J-023/755,patent_ipc_code,1,107413525
patent::107413525,ipc_code::B01J-023/889,patent_ipc_code,1,107413525
patent::107413525,ipc_code::B01J-027/24,patent_ipc_code,1,107413525
patent::107413525,ipc_code::B01J-035/00,patent_ipc_code,1,107413525
patent::107413525,ipc_code::B01J-035/45,patent_ipc_code,1,107413525
patent::107413525,ipc_code::B01J-035/61,patent_ipc_code,1,107413525
patent::107413525,concept::1 NX MOIETY,patent_concept,1,107413525
patent::107413525,concept::1 NX MOYETI,patent_concept,1,107413525
patent::107413525,concept::2 NX MOIETY,patent_concept,1,107413525
patent::107413525,concept::2 NX MOYETI,patent_concept,1,107413525
patent::107413525,concept::AMMONIUM CITRATE,patent_concept,1,107413525
patent::107413525,concept::AQUEOUS ELECTROLYTE,patent_concept,1,107413525
patent::107413525,concept::CALCIUM CITRATE,patent_concept,1,107413525
patent::107413525,concept::CARBON DIOXIDE CONVERSION,patent_concept,1,107413525
patent::107413525,country::KR,patent_country,1,107413525
patent::107413525,priority_year::2022,patent_priority_year,1,107413525
patent::107413525,legal_state::ALIVE,patent_legal_state,1,107413525
patent::107413525,focus::Non-noble candidate,patent_focus,1,107413525
patent::80164805,assignee::DALIAN UNIVERSITY OF TECHNOLOGY,patent_assignee,1,80164805
patent::80164805,"domain::Surface technology, coating",patent_domain,1,80164805
patent::80164805,cpc_group::C25B,patent_cpc_group,1,80164805
patent::80164805,cpc_code::C25B-001/00,patent_cpc_code,1,80164805
patent::80164805,cpc_code::C25B-009/19,patent_cpc_code,1,80164805
patent::80164805,cpc_code::C25B-015/08,patent_cpc_code,1,80164805
patent::80164805,ipc_group::C25B,patent_ipc_group,1,80164805
patent::80164805,ipc_code::C25B-009/19,patent_ipc_code,1,80164805
patent::80164805,ipc_code::C25B-015/08,patent_ipc_code,1,80164805
patent::80164805,concept::ELECTROCATALYTIC REDUCTION,patent_concept,1,80164805
patent::80164805,concept::ELECTROLYTIC CELL,patent_concept,1,80164805
patent::80164805,concept::MEMBRANE ELECTRODE CONFIGURATION,patent_concept,1,80164805
patent::80164805,concept::METHANEDIONE ELECTROCATALYTIC REDUCTION,patent_concept,1,80164805
patent::80164805,concept::CATHODE INLET,patent_concept,1,80164805
patent::80164805,concept::ELECTROLYTE,patent_concept,1,80164805
patent::80164805,country::CN,patent_country,1,80164805
patent::80164805,priority_year::2018,patent_priority_year,1,80164805
patent::80164805,legal_state::ALIVE,patent_legal_state,1,80164805
patent::80164805,focus::Non-noble candidate,patent_focus,1,80164805
patent::80164805,focus::GDE,patent_focus,1,80164805
patent::102358496,assignee::DALIAN UNIVERSITY OF TECHNOLOGY,patent_assignee,1,102358496
patent::102358496,"domain::Surface technology, coating",patent_domain,1,102358496
patent::102358496,cpc_group::C25B,patent_cpc_group,1,102358496
patent::102358496,cpc_code::C25B-001/23,patent_cpc_code,1,102358496
patent::102358496,cpc_code::C25B-003/03,patent_cpc_code,1,102358496
patent::102358496,cpc_code::C25B-009/19,patent_cpc_code,1,102358496
patent::102358496,cpc_code::C25B-009/60,patent_cpc_code,1,102358496
patent::102358496,cpc_code::C25B-011/02,patent_cpc_code,1,102358496
patent::102358496,cpc_code::C25B-015/021,patent_cpc_code,1,102358496
patent::102358496,cpc_code::C25B-015/027,patent_cpc_code,1,102358496
patent::102358496,ipc_group::C25B,patent_ipc_group,1,102358496
patent::102358496,ipc_code::C25B-001/23,patent_ipc_code,1,102358496
patent::102358496,ipc_code::C25B-003/03,patent_ipc_code,1,102358496
patent::102358496,ipc_code::C25B-009/19,patent_ipc_code,1,102358496
patent::102358496,ipc_code::C25B-009/60,patent_ipc_code,1,102358496
patent::102358496,ipc_code::C25B-011/02,patent_ipc_code,1,102358496
patent::102358496,ipc_code::C25B-015/021,patent_ipc_code,1,102358496
patent::102358496,ipc_code::C25B-015/027,patent_ipc_code,1,102358496
patent::102358496,concept::CARBON DIOXIDE REDUCTION CELL,patent_concept,1,102358496
patent::102358496,concept::CATHODE CAVITY,patent_concept,1,102358496
patent::102358496,concept::PARALLEL FLOW,patent_concept,1,102358496
patent::102358496,concept::REDUCTION CELL,patent_concept,1,102358496
patent::102358496,concept::REDUCTION ELECTROLYTIC CELL,patent_concept,1,102358496
patent::102358496,concept::TUBULAR MEMBRANE ELECTRODE,patent_concept,1,102358496
patent::102358496,country::CN,patent_country,1,102358496
patent::102358496,priority_year::2022,patent_priority_year,1,102358496
patent::102358496,legal_state::ALIVE,patent_legal_state,1,102358496
patent::102358496,focus::AEM,patent_focus,1,102358496
patent::102358496,focus::Non-noble candidate,patent_focus,1,102358496
patent::102358496,focus::GDE,patent_focus,1,102358496
patent::104039102,assignee::TOSHIBA,patent_assignee,1,104039102
patent::104039102,"domain::Surface technology, coating",patent_domain,1,104039102
patent::104039102,cpc_group::C25B,patent_cpc_group,1,104039102
patent::104039102,cpc_group::Y02E,patent_cpc_group,1,104039102
patent::104039102,cpc_group::Y02P,patent_cpc_group,1,104039102
patent::104039102,cpc_code::C25B-001/00,patent_cpc_code,1,104039102
patent::104039102,cpc_code::C25B-001/04,patent_cpc_code,1,104039102
patent::104039102,cpc_code::C25B-001/23,patent_cpc_code,1,104039102
patent::104039102,cpc_code::C25B-003/03,patent_cpc_code,1,104039102
patent::104039102,cpc_code::C25B-003/04,patent_cpc_code,1,104039102
patent::104039102,cpc_code::C25B-003/07,patent_cpc_code,1,104039102
patent::104039102,cpc_code::C25B-003/23,patent_cpc_code,1,104039102
patent::104039102,cpc_code::C25B-003/26,patent_cpc_code,1,104039102
patent::104039102,cpc_code::C25B-009/17,patent_cpc_code,1,104039102
patent::104039102,cpc_code::C25B-009/19,patent_cpc_code,1,104039102
patent::104039102,ipc_group::C25B,patent_ipc_group,1,104039102
patent::104039102,ipc_code::C25B-001/04,patent_ipc_code,1,104039102
patent::104039102,ipc_code::C25B-001/23,patent_ipc_code,1,104039102
patent::104039102,ipc_code::C25B-001/50,patent_ipc_code,1,104039102
patent::104039102,ipc_code::C25B-003/03,patent_ipc_code,1,104039102
patent::104039102,ipc_code::C25B-003/07,patent_ipc_code,1,104039102
patent::104039102,ipc_code::C25B-003/23,patent_ipc_code,1,104039102
patent::104039102,ipc_code::C25B-003/26,patent_ipc_code,1,104039102
patent::104039102,ipc_code::C25B-009/17,patent_ipc_code,1,104039102
patent::104039102,concept::CARBON DIOXIDE ELECTROLYSIS,patent_concept,1,104039102
patent::104039102,concept::CARBON DIOXIDE ELECTROLYTIC DEVICE,patent_concept,1,104039102
patent::104039102,concept::DIAPHRAGM,patent_concept,1,104039102
patent::104039102,concept::ELECTROLYSIS CELL,patent_concept,1,104039102
patent::104039102,country::JP,patent_country,1,104039102
patent::104039102,priority_year::2021,patent_priority_year,1,104039102
patent::104039102,legal_state::ALIVE,patent_legal_state,1,104039102
patent::104039102,focus::Non-noble candidate,patent_focus,1,104039102
patent::104997454,assignee::GIST - GWANGJU INSTITUTE OF SCIENCE & TECHNOLOGY,patent_assignee,1,104997454
patent::104997454,domain::Chemical engineering,patent_domain,1,104997454
patent::104997454,"domain::Surface technology, coating",patent_domain,1,104997454
patent::104997454,cpc_group::B01J,patent_cpc_group,1,104997454
patent::104997454,cpc_group::C25B,patent_cpc_group,1,104997454
patent::104997454,cpc_code::B01J-031/02/35,patent_cpc_code,1,104997454
patent::104997454,cpc_code::B01J-031/28,patent_cpc_code,1,104997454
patent::104997454,cpc_code::C25B-003/26,patent_cpc_code,1,104997454
patent::104997454,cpc_code::C25B-011/075,patent_cpc_code,1,104997454
patent::104997454,ipc_group::B01J,patent_ipc_group,1,104997454
patent::104997454,ipc_group::C25B,patent_ipc_group,1,104997454
patent::104997454,ipc_code::B01J-031/02,patent_ipc_code,1,104997454
patent::104997454,ipc_code::B01J-031/28,patent_ipc_code,1,104997454
patent::104997454,ipc_code::C25B-003/26,patent_ipc_code,1,104997454
patent::104997454,ipc_code::C25B-011/075,patent_ipc_code,1,104997454
patent::104997454,concept::AMENDSTATUS,patent_concept,1,104997454
patent::104997454,concept::ATOM NICKEL CATALYST,patent_concept,1,104997454
patent::104997454,concept::CARBON DIOXIDE CONVERSION,patent_concept,1,104997454
patent::104997454,concept::CARBON DIOXIDE ELECTROCHEMICAL CONVERSION,patent_concept,1,104997454
patent::104997454,concept::CATALYST,patent_concept,1,104997454
patent::104997454,concept::CHEMICAL FORMULA,patent_concept,1,104997454
patent::104997454,concept::ELECTROCHEMICAL CONVERSION,patent_concept,1,104997454
patent::104997454,concept::ELECTRODE,patent_concept,1,104997454
patent::104997454,country::KR,patent_country,1,104997454
patent::104997454,priority_year::2021,patent_priority_year,1,104997454
patent::104997454,legal_state::ALIVE,patent_legal_state,1,104997454
patent::104997454,focus::Non-noble candidate,patent_focus,1,104997454
patent::85758116,assignee::LINDE,patent_assignee,1,85758116
patent::85758116,assignee::SIEMENS ENERGY,patent_assignee,1,85758116
patent::85758116,"domain::Surface technology, coating",patent_domain,1,85758116
patent::85758116,cpc_group::C25B,patent_cpc_group,1,85758116
patent::85758116,cpc_group::Y02E,patent_cpc_group,1,85758116
patent::85758116,cpc_group::Y02P,patent_cpc_group,1,85758116
patent::85758116,cpc_code::C25B-001/00,patent_cpc_code,1,85758116
patent::85758116,cpc_code::C25B-001/04,patent_cpc_code,1,85758116
patent::85758116,cpc_code::C25B-001/12,patent_cpc_code,1,85758116
patent::85758116,cpc_code::C25B-001/23,patent_cpc_code,1,85758116
patent::85758116,cpc_code::C25B-009/05,patent_cpc_code,1,85758116
patent::85758116,cpc_code::C25B-009/08,patent_cpc_code,1,85758116
patent::85758116,cpc_code::C25B-009/19,patent_cpc_code,1,85758116
patent::85758116,cpc_code::C25B-015/08,patent_cpc_code,1,85758116
patent::85758116,cpc_code::C25B-015/083,patent_cpc_code,1,85758116
patent::85758116,cpc_code::C25B-015/087,patent_cpc_code,1,85758116
patent::85758116,ipc_group::C25B,patent_ipc_group,1,85758116
patent::85758116,ipc_code::C25B-001/00,patent_ipc_code,1,85758116
patent::85758116,ipc_code::C25B-001/02,patent_ipc_code,1,85758116
patent::85758116,ipc_code::C25B-001/04,patent_ipc_code,1,85758116
patent::85758116,ipc_code::C25B-001/12,patent_ipc_code,1,85758116
patent::85758116,ipc_code::C25B-001/23,patent_ipc_code,1,85758116
patent::85758116,ipc_code::C25B-009/05,patent_ipc_code,1,85758116
patent::85758116,ipc_code::C25B-009/08,patent_ipc_code,1,85758116
patent::85758116,ipc_code::C25B-009/19,patent_ipc_code,1,85758116
patent::85758116,concept::AMENDSTATUS,patent_concept,1,85758116
patent::85758116,concept::CARBON MONOOXIDE,patent_concept,1,85758116
patent::85758116,concept::CARBON MONOXIDE ELECTROCHEMICAL GENERATION,patent_concept,1,85758116
patent::85758116,concept::CARBON MONOXIDE ELECTROCHEMICAL PRODUCTION,patent_concept,1,85758116
patent::85758116,country::DE,patent_country,1,85758116
patent::85758116,priority_year::2018,patent_priority_year,1,85758116
patent::85758116,legal_state::ALIVE,patent_legal_state,1,85758116
patent::85758116,focus::GDE,patent_focus,1,85758116
patent::77244658,assignee::SIEMENS ENERGY,patent_assignee,1,77244658
patent::77244658,domain::Environmental technology,patent_domain,1,77244658
patent::77244658,"domain::Materials, metallurgy",patent_domain,1,77244658
patent::77244658,"domain::Surface technology, coating",patent_domain,1,77244658
patent::77244658,cpc_group::C25B,patent_cpc_group,1,77244658
patent::77244658,cpc_group::Y02E,patent_cpc_group,1,77244658
patent::77244658,cpc_code::C25B-001/00,patent_cpc_code,1,77244658
patent::77244658,cpc_code::C25B-001/04,patent_cpc_code,1,77244658
patent::77244658,cpc_code::C25B-001/10,patent_cpc_code,1,77244658
patent::77244658,cpc_code::C25B-003/04,patent_cpc_code,1,77244658
patent::77244658,cpc_code::C25B-003/25,patent_cpc_code,1,77244658
patent::77244658,cpc_code::C25B-009/08,patent_cpc_code,1,77244658
patent::77244658,cpc_code::C25B-009/19,patent_cpc_code,1,77244658
patent::77244658,cpc_code::C25B-009/73,patent_cpc_code,1,77244658
patent::77244658,cpc_code::C25B-015/08,patent_cpc_code,1,77244658
patent::77244658,cpc_code::Y02E-060/36,patent_cpc_code,1,77244658
patent::77244658,ipc_group::B01D,patent_ipc_group,1,77244658
patent::77244658,ipc_group::C01B,patent_ipc_group,1,77244658
patent::77244658,ipc_group::C25B,patent_ipc_group,1,77244658
patent::77244658,ipc_code::B01D-047/14,patent_ipc_code,1,77244658
patent::77244658,ipc_code::C01B-032/40,patent_ipc_code,1,77244658
patent::77244658,ipc_code::C25B-001/00,patent_ipc_code,1,77244658
patent::77244658,ipc_code::C25B-001/04,patent_ipc_code,1,77244658
patent::77244658,ipc_code::C25B-003/04,patent_ipc_code,1,77244658
patent::77244658,ipc_code::C25B-003/25,patent_ipc_code,1,77244658
patent::77244658,ipc_code::C25B-009/08,patent_ipc_code,1,77244658
patent::77244658,ipc_code::C25B-009/19,patent_ipc_code,1,77244658
patent::77244658,concept::CARBON DIOXIDE ELECTROCHEMICAL UTILIZATION,patent_concept,1,77244658
patent::77244658,concept::CATHODE COMPARTMENT,patent_concept,1,77244658
patent::77244658,concept::CATHODE SUBSPACE,patent_concept,1,77244658
patent::77244658,country::DE,patent_country,1,77244658
patent::77244658,priority_year::2016,patent_priority_year,1,77244658
patent::77244658,legal_state::ALIVE,patent_legal_state,1,77244658
patent::77244658,focus::Non-noble candidate,patent_focus,1,77244658
patent::77244658,focus::GDE,patent_focus,1,77244658
patent::83172492,assignee::PUSAN NATIONAL UNIVERSITY INDUSTRY UNIVERSITY COOPERATION FOUNDATION,patent_assignee,1,83172492
patent::83172492,domain::Chemical engineering,patent_domain,1,83172492
patent::83172492,"domain::Surface technology, coating",patent_domain,1,83172492
patent::83172492,cpc_group::B01J,patent_cpc_group,1,83172492
patent::83172492,cpc_group::C25B,patent_cpc_group,1,83172492
patent::83172492,cpc_code::B01J-021/06/3,patent_cpc_code,1,83172492
patent::83172492,cpc_code::B01J-021/18,patent_cpc_code,1,83172492
patent::83172492,cpc_code::B01J-023/46/2,patent_cpc_code,1,83172492
patent::83172492,cpc_code::B01J-023/52,patent_cpc_code,1,83172492
patent::83172492,cpc_code::B01J-037/02/01,patent_cpc_code,1,83172492
patent::83172492,cpc_code::C25B-001/00,patent_cpc_code,1,83172492
patent::83172492,cpc_code::C25B-001/01,patent_cpc_code,1,83172492
patent::83172492,cpc_code::C25B-003/26,patent_cpc_code,1,83172492
patent::83172492,cpc_code::C25B-009/08,patent_cpc_code,1,83172492
patent::83172492,cpc_code::C25B-009/19,patent_cpc_code,1,83172492
patent::83172492,ipc_group::B01J,patent_ipc_group,1,83172492
patent::83172492,ipc_group::C25B,patent_ipc_group,1,83172492
patent::83172492,ipc_code::B01J-021/06,patent_ipc_code,1,83172492
patent::83172492,ipc_code::B01J-021/18,patent_ipc_code,1,83172492
patent::83172492,ipc_code::B01J-023/46,patent_ipc_code,1,83172492
patent::83172492,ipc_code::B01J-023/52,patent_ipc_code,1,83172492
patent::83172492,ipc_code::B01J-037/02,patent_ipc_code,1,83172492
patent::83172492,ipc_code::C25B-009/19,patent_ipc_code,1,83172492
patent::83172492,concept::CARBON DIOXIDE DECOMPOSITION,patent_concept,1,83172492
patent::83172492,concept::CARBON DIOXIDE ELECTROREDUCTION REACTION,patent_concept,1,83172492
patent::83172492,concept::CARBON MONOXIDE GAS,patent_concept,1,83172492
patent::83172492,concept::CATALYST,patent_concept,1,83172492
patent::83172492,concept::ELECTROLYSIS CELL,patent_concept,1,83172492
patent::83172492,concept::ELECTROLYTIC CELL,patent_concept,1,83172492
patent::83172492,concept::ELECTROREDUCTION REACTION,patent_concept,1,83172492
patent::83172492,country::KR,patent_country,1,83172492
patent::83172492,priority_year::2017,patent_priority_year,1,83172492
patent::83172492,legal_state::ALIVE,patent_legal_state,1,83172492
patent::83172492,focus::Non-noble candidate,patent_focus,1,83172492
patent::96200627,assignee::TOSHIBA,patent_assignee,1,96200627
patent::96200627,"domain::Surface technology, coating",patent_domain,1,96200627
patent::96200627,cpc_group::C25B,patent_cpc_group,1,96200627
patent::96200627,cpc_group::Y02E,patent_cpc_group,1,96200627
patent::96200627,cpc_code::C25B-001/00,patent_cpc_code,1,96200627
patent::96200627,cpc_code::C25B-001/04,patent_cpc_code,1,96200627
patent::96200627,cpc_code::C25B-001/23,patent_cpc_code,1,96200627
patent::96200627,cpc_code::C25B-003/03,patent_cpc_code,1,96200627
patent::96200627,cpc_code::C25B-003/07,patent_cpc_code,1,96200627
patent::96200627,cpc_code::C25B-003/26,patent_cpc_code,1,96200627
patent::96200627,cpc_code::C25B-009/19,patent_cpc_code,1,96200627
patent::96200627,cpc_code::C25B-009/77,patent_cpc_code,1,96200627
patent::96200627,cpc_code::C25B-015/00,patent_cpc_code,1,96200627
patent::96200627,cpc_code::C25B-015/08,patent_cpc_code,1,96200627
patent::96200627,ipc_group::C25B,patent_ipc_group,1,96200627
patent::96200627,ipc_code::C25B-001/04,patent_ipc_code,1,96200627
patent::96200627,ipc_code::C25B-001/23,patent_ipc_code,1,96200627
patent::96200627,ipc_code::C25B-003/03,patent_ipc_code,1,96200627
patent::96200627,ipc_code::C25B-003/07,patent_ipc_code,1,96200627
patent::96200627,ipc_code::C25B-003/26,patent_ipc_code,1,96200627
patent::96200627,ipc_code::C25B-009/00,patent_ipc_code,1,96200627
patent::96200627,ipc_code::C25B-009/19,patent_ipc_code,1,96200627
patent::96200627,ipc_code::C25B-009/77,patent_ipc_code,1,96200627
patent::96200627,concept::CARBON COMPOUND,patent_concept,1,96200627
patent::96200627,concept::CARBON DIOXIDE ELECTROLYSIS,patent_concept,1,96200627
patent::96200627,concept::CARBON DIOXIDE REACTION,patent_concept,1,96200627
patent::96200627,concept::CARBON DIOXIDE REACTOR,patent_concept,1,96200627
patent::96200627,concept::COMBUSTION,patent_concept,1,96200627
patent::96200627,country::JP,patent_country,1,96200627
patent::96200627,priority_year::2020,patent_priority_year,1,96200627
patent::96200627,legal_state::ALIVE,patent_legal_state,1,96200627
patent::96200627,focus::Non-noble candidate,patent_focus,1,96200627
patent::104816669,assignee::FUJIAN INSTITUTE OF RESEARCH ON THE STRUCTURE OF MATTER - CHINESE ACADEMY OF SCIENCES,patent_assignee,1,104816669
patent::104816669,"domain::Surface technology, coating",patent_domain,1,104816669
patent::104816669,cpc_group::C25B,patent_cpc_group,1,104816669
patent::104816669,cpc_group::Y02E,patent_cpc_group,1,104816669
patent::104816669,cpc_code::C25B-001/00,patent_cpc_code,1,104816669
patent::104816669,cpc_code::C25B-001/23,patent_cpc_code,1,104816669
patent::104816669,cpc_code::C25B-003/04,patent_cpc_code,1,104816669
patent::104816669,cpc_code::C25B-003/07,patent_cpc_code,1,104816669
patent::104816669,cpc_code::C25B-003/26,patent_cpc_code,1,104816669
patent::104816669,cpc_code::C25B-009/08,patent_cpc_code,1,104816669
patent::104816669,cpc_code::C25B-011/04,patent_cpc_code,1,104816669
patent::104816669,cpc_code::C25B-011/04/05,patent_cpc_code,1,104816669
patent::104816669,cpc_code::C25B-011/04/47,patent_cpc_code,1,104816669
patent::104816669,cpc_code::C25B-011/091,patent_cpc_code,1,104816669
patent::104816669,ipc_group::C25B,patent_ipc_group,1,104816669
patent::104816669,ipc_code::C25B-001/23,patent_ipc_code,1,104816669
patent::104816669,ipc_code::C25B-003/07,patent_ipc_code,1,104816669
patent::104816669,ipc_code::C25B-003/26,patent_ipc_code,1,104816669
patent::104816669,ipc_code::C25B-011/091,patent_ipc_code,1,104816669
patent::104816669,concept::ELECTROLYSIS,patent_concept,1,104816669
patent::104816669,concept::MATERIAL ATOM,patent_concept,1,104816669
patent::104816669,concept::MONOATOMIC ANCHORED FLUORINE,patent_concept,1,104816669
patent::104816669,concept::MONOATOMIC ANCHORING FLUORINE,patent_concept,1,104816669
patent::104816669,concept::TRANSITION METAL,patent_concept,1,104816669
patent::104816669,concept::TRANSITION METAL MATERIAL ATOM,patent_concept,1,104816669
patent::104816669,country::CN,patent_country,1,104816669
patent::104816669,priority_year::2021,patent_priority_year,1,104816669
patent::104816669,legal_state::ALIVE,patent_legal_state,1,104816669
patent::104816669,focus::Non-noble candidate,patent_focus,1,104816669
patent::93813175,assignee::SIEMENS ENERGY,patent_assignee,1,93813175
patent::93813175,"domain::Surface technology, coating",patent_domain,1,93813175
patent::93813175,cpc_group::C25B,patent_cpc_group,1,93813175
patent::93813175,cpc_code::C25B-001/00,patent_cpc_code,1,93813175
patent::93813175,cpc_code::C25B-001/02,patent_cpc_code,1,93813175
patent::93813175,cpc_code::C25B-001/23,patent_cpc_code,1,93813175
patent::93813175,cpc_code::C25B-001/50,patent_cpc_code,1,93813175
patent::93813175,cpc_code::C25B-003/26,patent_cpc_code,1,93813175
patent::93813175,cpc_code::C25B-009/17,patent_cpc_code,1,93813175
patent::93813175,cpc_code::C25B-009/60,patent_cpc_code,1,93813175
patent::93813175,cpc_code::C25B-011/032,patent_cpc_code,1,93813175
patent::93813175,cpc_code::C25B-011/073,patent_cpc_code,1,93813175
patent::93813175,cpc_code::C25B-015/02,patent_cpc_code,1,93813175
patent::93813175,ipc_group::C25B,patent_ipc_group,1,93813175
patent::93813175,ipc_code::C25B-001/00,patent_ipc_code,1,93813175
patent::93813175,ipc_code::C25B-001/02,patent_ipc_code,1,93813175
patent::93813175,ipc_code::C25B-001/23,patent_ipc_code,1,93813175
patent::93813175,ipc_code::C25B-001/50,patent_ipc_code,1,93813175
patent::93813175,ipc_code::C25B-003/26,patent_ipc_code,1,93813175
patent::93813175,ipc_code::C25B-009/60,patent_ipc_code,1,93813175
patent::93813175,ipc_code::C25B-011/032,patent_ipc_code,1,93813175
patent::93813175,ipc_code::C25B-011/04,patent_ipc_code,1,93813175
patent::93813175,concept::ANODE GAS DIFFUSION ELECTRODE,patent_concept,1,93813175
patent::93813175,concept::CARBON DIOXIDE REDUCTION,patent_concept,1,93813175
patent::93813175,concept::CATHODE GAS CHAMBER,patent_concept,1,93813175
patent::93813175,concept::CATHODE GAS DIFFUSION ELECTRODE,patent_concept,1,93813175
patent::93813175,concept::ELECTROLYSIS,patent_concept,1,93813175
patent::93813175,country::DE,patent_country,1,93813175
patent::93813175,priority_year::2019,patent_priority_year,1,93813175
patent::93813175,legal_state::ALIVE,patent_legal_state,1,93813175
patent::93813175,focus::Non-noble candidate,patent_focus,1,93813175
patent::93813175,focus::GDE,patent_focus,1,93813175
patent::104037474,assignee::TOSHIBA,patent_assignee,1,104037474
patent::104037474,"domain::Surface technology, coating",patent_domain,1,104037474
patent::104037474,cpc_group::C25B,patent_cpc_group,1,104037474
patent::104037474,cpc_group::Y02E,patent_cpc_group,1,104037474
patent::104037474,cpc_group::Y02P,patent_cpc_group,1,104037474
patent::104037474,cpc_code::C25B-001/23,patent_cpc_code,1,104037474
patent::104037474,cpc_code::C25B-003/26,patent_cpc_code,1,104037474
patent::104037474,cpc_code::C25B-009/19,patent_cpc_code,1,104037474
patent::104037474,cpc_code::C25B-009/23,patent_cpc_code,1,104037474
patent::104037474,cpc_code::C25B-009/60,patent_cpc_code,1,104037474
patent::104037474,cpc_code::C25B-011/02,patent_cpc_code,1,104037474
patent::104037474,cpc_code::C25B-015/08,patent_cpc_code,1,104037474
patent::104037474,cpc_code::Y02E-060/36,patent_cpc_code,1,104037474
patent::104037474,cpc_code::Y02P-020/133,patent_cpc_code,1,104037474
patent::104037474,ipc_group::C25B,patent_ipc_group,1,104037474
patent::104037474,ipc_code::C25B-001/04,patent_ipc_code,1,104037474
patent::104037474,ipc_code::C25B-001/23,patent_ipc_code,1,104037474
patent::104037474,ipc_code::C25B-003/03,patent_ipc_code,1,104037474
patent::104037474,ipc_code::C25B-003/07,patent_ipc_code,1,104037474
patent::104037474,ipc_code::C25B-003/26,patent_ipc_code,1,104037474
patent::104037474,ipc_code::C25B-009/00,patent_ipc_code,1,104037474
patent::104037474,ipc_code::C25B-009/19,patent_ipc_code,1,104037474
patent::104037474,ipc_code::C25B-009/23,patent_ipc_code,1,104037474
patent::104037474,concept::ANODE FLOW PATH,patent_concept,1,104037474
patent::104037474,concept::AVERAGE HOLE DIAMETER,patent_concept,1,104037474
patent::104037474,concept::CARBON COMPOUND,patent_concept,1,104037474
patent::104037474,concept::CARBON DIOXIDE ELECTROLYSIS,patent_concept,1,104037474
patent::104037474,concept::CARBON DIOXIDE ELECTROLYTIC DEVICE,patent_concept,1,104037474
patent::104037474,concept::CARBON DIOXIDE ELECTROLYZER,patent_concept,1,104037474
patent::104037474,country::JP,patent_country,1,104037474
patent::104037474,priority_year::2021,patent_priority_year,1,104037474
patent::104037474,legal_state::ALIVE,patent_legal_state,1,104037474
patent::104037474,focus::AEM,patent_focus,1,104037474
patent::104037474,focus::Non-noble candidate,patent_focus,1,104037474
patent::104037474,focus::GDE,patent_focus,1,104037474
patent::105886055,assignee::HANYANG UNIVERSITY,patent_assignee,1,105886055
patent::105886055,domain::Chemical engineering,patent_domain,1,105886055
patent::105886055,"domain::Electrical machinery, apparatus, energy",patent_domain,1,105886055
patent::105886055,"domain::Macromolecular chemistry, polymers",patent_domain,1,105886055
patent::105886055,domain::Other special machines,patent_domain,1,105886055
patent::105886055,"domain::Surface technology, coating",patent_domain,1,105886055
patent::105886055,cpc_group::B01D,patent_cpc_group,1,105886055
patent::105886055,cpc_group::C08G,patent_cpc_group,1,105886055
patent::105886055,cpc_group::C08J,patent_cpc_group,1,105886055
patent::105886055,cpc_group::C25B,patent_cpc_group,1,105886055
patent::105886055,cpc_group::H01M,patent_cpc_group,1,105886055
patent::105886055,cpc_group::Y02E,patent_cpc_group,1,105886055
patent::105886055,cpc_code::B01D-067/00/06,patent_cpc_code,1,105886055
patent::105886055,cpc_code::B01D-069/02,patent_cpc_code,1,105886055
patent::105886055,cpc_code::B01D-069/106,patent_cpc_code,1,105886055
patent::105886055,cpc_code::B01D-069/12/5,patent_cpc_code,1,105886055
patent::105886055,cpc_code::B01D-071/58,patent_cpc_code,1,105886055
patent::105886055,cpc_code::B01D-071/60,patent_cpc_code,1,105886055
patent::105886055,cpc_code::B01D-071/62,patent_cpc_code,1,105886055
patent::105886055,cpc_code::B01D-071/76,patent_cpc_code,1,105886055
patent::105886055,cpc_code::B01D-2323/081,patent_cpc_code,1,105886055
patent::105886055,cpc_code::B01D-2323/219,patent_cpc_code,1,105886055
patent::105886055,ipc_group::B01D,patent_ipc_group,1,105886055
patent::105886055,ipc_group::B01J,patent_ipc_group,1,105886055
patent::105886055,ipc_group::C08G,patent_ipc_group,1,105886055
patent::105886055,ipc_group::C08J,patent_ipc_group,1,105886055
patent::105886055,ipc_group::C25B,patent_ipc_group,1,105886055
patent::105886055,ipc_group::H01M,patent_ipc_group,1,105886055
patent::105886055,ipc_code::B01D-069/10,patent_ipc_code,1,105886055
patent::105886055,ipc_code::B01D-071/60,patent_ipc_code,1,105886055
patent::105886055,ipc_code::B01D-071/62,patent_ipc_code,1,105886055
patent::105886055,ipc_code::B01J-041/05,patent_ipc_code,1,105886055
patent::105886055,ipc_code::B01J-041/13,patent_ipc_code,1,105886055
patent::105886055,ipc_code::B01J-047/12,patent_ipc_code,1,105886055
patent::105886055,ipc_code::C08G-010/00,patent_ipc_code,1,105886055
patent::105886055,ipc_code::C08G-061/02,patent_ipc_code,1,105886055
patent::105886055,concept::1 METHYL 4 PIPERIDONE,patent_concept,1,105886055
patent::105886055,concept::ANION EXCHANGE MEMBRANE,patent_concept,1,105886055
patent::105886055,concept::ARYL PIPERIDINIUM,patent_concept,1,105886055
patent::105886055,country::KR,patent_country,1,105886055
patent::105886055,priority_year::2022,patent_priority_year,1,105886055
patent::105886055,legal_state::ALIVE,patent_legal_state,1,105886055
patent::105886055,focus::AEM,patent_focus,1,105886055
patent::105886055,focus::Non-noble candidate,patent_focus,1,105886055
patent::108851809,assignee::KOREA INSTITUTE OF SCIENCE & TECHNOLOGY,patent_assignee,1,108851809
patent::108851809,domain::Chemical engineering,patent_domain,1,108851809
patent::108851809,"domain::Surface technology, coating",patent_domain,1,108851809
patent::108851809,cpc_group::B01D,patent_cpc_group,1,108851809
patent::108851809,cpc_group::C25B,patent_cpc_group,1,108851809
patent::108851809,cpc_code::B01D-067/00/93,patent_cpc_code,1,108851809
patent::108851809,cpc_code::B01D-069/12,patent_cpc_code,1,108851809
patent::108851809,cpc_code::B01D-071/22,patent_cpc_code,1,108851809
patent::108851809,cpc_code::B01D-071/34,patent_cpc_code,1,108851809
patent::108851809,cpc_code::B01D-071/36,patent_cpc_code,1,108851809
patent::108851809,cpc_code::B01D-071/50,patent_cpc_code,1,108851809
patent::108851809,cpc_code::B01D-071/56,patent_cpc_code,1,108851809
patent::108851809,cpc_code::B01D-2323/02,patent_cpc_code,1,108851809
patent::108851809,cpc_code::B01D-2323/04,patent_cpc_code,1,108851809
patent::108851809,cpc_code::B01D-2325/02831,patent_cpc_code,1,108851809
patent::108851809,ipc_group::B01D,patent_ipc_group,1,108851809
patent::108851809,ipc_group::C25B,patent_ipc_group,1,108851809
patent::108851809,ipc_code::B01D-067/00,patent_ipc_code,1,108851809
patent::108851809,ipc_code::B01D-069/12,patent_ipc_code,1,108851809
patent::108851809,ipc_code::B01D-071/22,patent_ipc_code,1,108851809
patent::108851809,ipc_code::B01D-071/34,patent_ipc_code,1,108851809
patent::108851809,ipc_code::B01D-071/36,patent_ipc_code,1,108851809
patent::108851809,ipc_code::B01D-071/50,patent_ipc_code,1,108851809
patent::108851809,ipc_code::B01D-071/56,patent_ipc_code,1,108851809
patent::108851809,ipc_code::C25B-003/26,patent_ipc_code,1,108851809
patent::108851809,concept::CARBON DIOXIDE REDUCTION SYSTEM,patent_concept,1,108851809
patent::108851809,concept::POROUS MEMBRANE,patent_concept,1,108851809
patent::108851809,concept::REDUCTION SYSTEM,patent_concept,1,108851809
patent::108851809,concept::AMENDSTATUS,patent_concept,1,108851809
patent::108851809,concept::CROSSOVER PHENOMENON,patent_concept,1,108851809
patent::108851809,concept::HYDROPHILICITY ADJUSTMENT,patent_concept,1,108851809
patent::108851809,concept::HYDROPHILIC IONOMER LAYER,patent_concept,1,108851809
patent::108851809,country::KR,patent_country,1,108851809
patent::108851809,priority_year::2022,patent_priority_year,1,108851809
patent::108851809,legal_state::ALIVE,patent_legal_state,1,108851809
patent::108851809,focus::MEA,patent_focus,1,108851809
patent::108851809,focus::AEM,patent_focus,1,108851809
patent::108851809,focus::Non-noble candidate,patent_focus,1,108851809
patent::101790584,assignee::TOSHIBA,patent_assignee,1,101790584
patent::101790584,"domain::Surface technology, coating",patent_domain,1,101790584
patent::101790584,cpc_group::C25B,patent_cpc_group,1,101790584
patent::101790584,cpc_group::Y02E,patent_cpc_group,1,101790584
patent::101790584,cpc_group::Y02P,patent_cpc_group,1,101790584
patent::101790584,cpc_code::C25B-001/02,patent_cpc_code,1,101790584
patent::101790584,cpc_code::C25B-001/04,patent_cpc_code,1,101790584
patent::101790584,cpc_code::C25B-001/23,patent_cpc_code,1,101790584
patent::101790584,cpc_code::C25B-003/03,patent_cpc_code,1,101790584
patent::101790584,cpc_code::C25B-003/07,patent_cpc_code,1,101790584
patent::101790584,cpc_code::C25B-003/26,patent_cpc_code,1,101790584
patent::101790584,cpc_code::C25B-009/19,patent_cpc_code,1,101790584
patent::101790584,cpc_code::C25B-009/23,patent_cpc_code,1,101790584
patent::101790584,cpc_code::C25B-009/60,patent_cpc_code,1,101790584
patent::101790584,cpc_code::C25B-009/65,patent_cpc_code,1,101790584
patent::101790584,ipc_group::C25B,patent_ipc_group,1,101790584
patent::101790584,ipc_code::C25B-001/02,patent_ipc_code,1,101790584
patent::101790584,ipc_code::C25B-001/04,patent_ipc_code,1,101790584
patent::101790584,ipc_code::C25B-001/23,patent_ipc_code,1,101790584
patent::101790584,ipc_code::C25B-003/03,patent_ipc_code,1,101790584
patent::101790584,ipc_code::C25B-003/07,patent_ipc_code,1,101790584
patent::101790584,ipc_code::C25B-003/26,patent_ipc_code,1,101790584
patent::101790584,ipc_code::C25B-009/19,patent_ipc_code,1,101790584
patent::101790584,ipc_code::C25B-009/23,patent_ipc_code,1,101790584
patent::101790584,concept::CARBON DIOXIDE ELECTROLYSIS,patent_concept,1,101790584
patent::101790584,concept::CARBON DIOXIDE ELECTROLYTIC DEVICE,patent_concept,1,101790584
patent::101790584,concept::CARBON DIOXIDE ELECTROLYZER,patent_concept,1,101790584
patent::101790584,concept::DIAPHRAGM,patent_concept,1,101790584
patent::101790584,concept::ELECTROLYTE SUPPLY,patent_concept,1,101790584
patent::101790584,country::JP,patent_country,1,101790584
patent::101790584,priority_year::2021,patent_priority_year,1,101790584
patent::101790584,legal_state::ALIVE,patent_legal_state,1,101790584
patent::101790584,focus::AEM,patent_focus,1,101790584
patent::101790584,focus::Non-noble candidate,patent_focus,1,101790584
patent::106413273,assignee::TOSHIBA,patent_assignee,1,106413273
patent::106413273,domain::Basic materials chemistry,patent_domain,1,106413273
patent::106413273,domain::Biotechnology,patent_domain,1,106413273
patent::106413273,domain::Chemical engineering,patent_domain,1,106413273
patent::106413273,"domain::Materials, metallurgy",patent_domain,1,106413273
patent::106413273,domain::Organic fine chemistry,patent_domain,1,106413273
patent::106413273,"domain::Surface technology, coating",patent_domain,1,106413273
patent::106413273,cpc_group::C10G,patent_cpc_group,1,106413273
patent::106413273,cpc_group::C12M,patent_cpc_group,1,106413273
patent::106413273,cpc_group::C25B,patent_cpc_group,1,106413273
patent::106413273,cpc_group::F25J,patent_cpc_group,1,106413273
patent::106413273,cpc_group::Y02E,patent_cpc_group,1,106413273
patent::106413273,cpc_code::C10G-002/30,patent_cpc_code,1,106413273
patent::106413273,cpc_code::C12M-043/00,patent_cpc_code,1,106413273
patent::106413273,cpc_code::C25B-001/04,patent_cpc_code,1,106413273
patent::106413273,cpc_code::C25B-001/23,patent_cpc_code,1,106413273
patent::106413273,cpc_code::C25B-003/03,patent_cpc_code,1,106413273
patent::106413273,cpc_code::C25B-003/07,patent_cpc_code,1,106413273
patent::106413273,cpc_code::C25B-003/26,patent_cpc_code,1,106413273
patent::106413273,cpc_code::C25B-009/19,patent_cpc_code,1,106413273
patent::106413273,cpc_code::C25B-009/60,patent_cpc_code,1,106413273
patent::106413273,cpc_code::C25B-015/021,patent_cpc_code,1,106413273
patent::106413273,ipc_group::C01B,patent_ipc_group,1,106413273
patent::106413273,ipc_group::C07C,patent_ipc_group,1,106413273
patent::106413273,ipc_group::C10G,patent_ipc_group,1,106413273
patent::106413273,ipc_group::C12M,patent_ipc_group,1,106413273
patent::106413273,ipc_group::C25B,patent_ipc_group,1,106413273
patent::106413273,ipc_group::F25J,patent_ipc_group,1,106413273
patent::106413273,ipc_code::C01B-003/02,patent_ipc_code,1,106413273
patent::106413273,ipc_code::C01B-013/02,patent_ipc_code,1,106413273
patent::106413273,ipc_code::C01B-032/40,patent_ipc_code,1,106413273
patent::106413273,ipc_code::C01B-032/50,patent_ipc_code,1,106413273
patent::106413273,ipc_code::C07C-001/02,patent_ipc_code,1,106413273
patent::106413273,ipc_code::C10G-002/00,patent_ipc_code,1,106413273
patent::106413273,ipc_code::C12M-001/00,patent_ipc_code,1,106413273
patent::106413273,ipc_code::C25B-001/04,patent_ipc_code,1,106413273
patent::106413273,concept::CARBON COMPOUND,patent_concept,1,106413273
patent::106413273,concept::CARBON DIOXIDE ELECTROLYTIC DEVICE,patent_concept,1,106413273
patent::106413273,concept::CARBON DIOXIDE ELECTROLYZER,patent_concept,1,106413273
patent::106413273,concept::CARBON DIOXIDE GENERATION SOURCE,patent_concept,1,106413273
patent::106413273,concept::CARBON DIOXIDE RETRANSMISSION CHANNEL,patent_concept,1,106413273
patent::106413273,concept::CARBON DIOXIDE SEPARATION,patent_concept,1,106413273
patent::106413273,country::JP,patent_country,1,106413273
patent::106413273,priority_year::2022,patent_priority_year,1,106413273
patent::106413273,legal_state::ALIVE,patent_legal_state,1,106413273
patent::106413273,focus::Non-noble candidate,patent_focus,1,106413273
patent::85453370,assignee::TWELVE,patent_assignee,1,85453370
patent::85453370,domain::Basic materials chemistry,patent_domain,1,85453370
patent::85453370,domain::Chemical engineering,patent_domain,1,85453370
patent::85453370,"domain::Materials, metallurgy",patent_domain,1,85453370
patent::85453370,domain::Organic fine chemistry,patent_domain,1,85453370
patent::85453370,"domain::Surface technology, coating",patent_domain,1,85453370
patent::85453370,cpc_group::C25B,patent_cpc_group,1,85453370
patent::85453370,cpc_group::Y02E,patent_cpc_group,1,85453370
patent::85453370,cpc_code::C25B-001/02,patent_cpc_code,1,85453370
patent::85453370,cpc_code::C25B-001/04,patent_cpc_code,1,85453370
patent::85453370,cpc_code::C25B-001/23,patent_cpc_code,1,85453370
patent::85453370,cpc_code::C25B-001/50,patent_cpc_code,1,85453370
patent::85453370,cpc_code::C25B-003/03,patent_cpc_code,1,85453370
patent::85453370,cpc_code::C25B-003/20,patent_cpc_code,1,85453370
patent::85453370,cpc_code::C25B-003/26,patent_cpc_code,1,85453370
patent::85453370,cpc_code::C25B-009/10,patent_cpc_code,1,85453370
patent::85453370,cpc_code::C25B-009/18,patent_cpc_code,1,85453370
patent::85453370,cpc_code::C25B-009/23,patent_cpc_code,1,85453370
patent::85453370,ipc_group::B01J,patent_ipc_group,1,85453370
patent::85453370,ipc_group::C01B,patent_ipc_group,1,85453370
patent::85453370,ipc_group::C07C,patent_ipc_group,1,85453370
patent::85453370,ipc_group::C10G,patent_ipc_group,1,85453370
patent::85453370,ipc_group::C25B,patent_ipc_group,1,85453370
patent::85453370,ipc_code::B01J-023/42,patent_ipc_code,1,85453370
patent::85453370,ipc_code::B01J-023/52,patent_ipc_code,1,85453370
patent::85453370,ipc_code::C01B-003/24,patent_ipc_code,1,85453370
patent::85453370,ipc_code::C07C-001/04,patent_ipc_code,1,85453370
patent::85453370,ipc_code::C07C-009/00,patent_ipc_code,1,85453370
patent::85453370,ipc_code::C07C-011/02,patent_ipc_code,1,85453370
patent::85453370,ipc_code::C10G-002/00,patent_ipc_code,1,85453370
patent::85453370,ipc_code::C25B-001/02,patent_ipc_code,1,85453370
patent::85453370,concept::ANION EXCHANGE MEMBRANE,patent_concept,1,85453370
patent::85453370,concept::CARBON CONTAINING SPECIES,patent_concept,1,85453370
patent::85453370,concept::CARBON DIOXIDE REACTOR CONTROL,patent_concept,1,85453370
patent::85453370,concept::DESIRED HCR,patent_concept,1,85453370
patent::85453370,concept::ELECTROLYTIC BATH TEMPERATURE,patent_concept,1,85453370
patent::85453370,concept::ELECTROLYTIC CELL,patent_concept,1,85453370
patent::85453370,country::US,patent_country,1,85453370
patent::85453370,priority_year::2018,patent_priority_year,1,85453370
patent::85453370,legal_state::ALIVE,patent_legal_state,1,85453370
patent::85453370,focus::AEM,patent_focus,1,85453370
patent::85453370,focus::Non-noble candidate,patent_focus,1,85453370
patent::79012090,assignee::PUSAN NATIONAL UNIVERSITY INDUSTRY UNIVERSITY COOPERATION FOUNDATION,patent_assignee,1,79012090
patent::79012090,domain::Chemical engineering,patent_domain,1,79012090
patent::79012090,cpc_group::B01J,patent_cpc_group,1,79012090
patent::79012090,cpc_group::C25B,patent_cpc_group,1,79012090
patent::79012090,cpc_code::B01J-023/52,patent_cpc_code,1,79012090
patent::79012090,cpc_code::B01J-032/00,patent_cpc_code,1,79012090
patent::79012090,cpc_code::B01J-037/02/01,patent_cpc_code,1,79012090
patent::79012090,cpc_code::C25B-001/00,patent_cpc_code,1,79012090
patent::79012090,cpc_code::C25B-001/23,patent_cpc_code,1,79012090
patent::79012090,cpc_code::C25B-003/26,patent_cpc_code,1,79012090
patent::79012090,cpc_code::C25B-009/08,patent_cpc_code,1,79012090
patent::79012090,cpc_code::C25B-009/19,patent_cpc_code,1,79012090
patent::79012090,cpc_code::C25B-011/04/84,patent_cpc_code,1,79012090
patent::79012090,cpc_code::C25B-011/093,patent_cpc_code,1,79012090
patent::79012090,ipc_group::B01J,patent_ipc_group,1,79012090
patent::79012090,ipc_code::B01J-023/52,patent_ipc_code,1,79012090
patent::79012090,ipc_code::B01J-032/00,patent_ipc_code,1,79012090
patent::79012090,ipc_code::B01J-037/02,patent_ipc_code,1,79012090
patent::79012090,concept::CARBON DIOXIDE DECOMPOSITION,patent_concept,1,79012090
patent::79012090,concept::CARBON DIOXIDE REDUCTION,patent_concept,1,79012090
patent::79012090,concept::CATALYST,patent_concept,1,79012090
patent::79012090,concept::ELECTROLYSIS CELL,patent_concept,1,79012090
patent::79012090,concept::REDUCING CARBON DIOXIDE,patent_concept,1,79012090
patent::79012090,concept::TITANIUM CARBIDE,patent_concept,1,79012090
patent::79012090,concept::TITANIUM NITRIDE,patent_concept,1,79012090
patent::79012090,country::KR,patent_country,1,79012090
patent::79012090,priority_year::2016,patent_priority_year,1,79012090
patent::79012090,legal_state::ALIVE,patent_legal_state,1,79012090
patent::79012090,focus::Non-noble candidate,patent_focus,1,79012090
patent::98850824,assignee::TOSHIBA,patent_assignee,1,98850824
patent::98850824,"domain::Surface technology, coating",patent_domain,1,98850824
patent::98850824,cpc_group::C25B,patent_cpc_group,1,98850824
patent::98850824,cpc_group::Y02E,patent_cpc_group,1,98850824
patent::98850824,cpc_group::Y02P,patent_cpc_group,1,98850824
patent::98850824,cpc_code::C25B-001/00,patent_cpc_code,1,98850824
patent::98850824,cpc_code::C25B-001/04,patent_cpc_code,1,98850824
patent::98850824,cpc_code::C25B-001/23,patent_cpc_code,1,98850824
patent::98850824,cpc_code::C25B-003/07,patent_cpc_code,1,98850824
patent::98850824,cpc_code::C25B-003/26,patent_cpc_code,1,98850824
patent::98850824,cpc_code::C25B-009/00,patent_cpc_code,1,98850824
patent::98850824,cpc_code::C25B-009/19,patent_cpc_code,1,98850824
patent::98850824,cpc_code::C25B-009/23,patent_cpc_code,1,98850824
patent::98850824,cpc_code::C25B-009/67,patent_cpc_code,1,98850824
patent::98850824,cpc_code::C25B-009/77,patent_cpc_code,1,98850824
patent::98850824,ipc_group::C25B,patent_ipc_group,1,98850824
patent::98850824,ipc_code::C25B-001/04,patent_ipc_code,1,98850824
patent::98850824,ipc_code::C25B-001/23,patent_ipc_code,1,98850824
patent::98850824,ipc_code::C25B-003/07,patent_ipc_code,1,98850824
patent::98850824,ipc_code::C25B-003/26,patent_ipc_code,1,98850824
patent::98850824,ipc_code::C25B-009/00,patent_ipc_code,1,98850824
patent::98850824,ipc_code::C25B-009/19,patent_ipc_code,1,98850824
patent::98850824,ipc_code::C25B-009/23,patent_ipc_code,1,98850824
patent::98850824,ipc_code::C25B-009/67,patent_ipc_code,1,98850824
patent::98850824,concept::ANODE FLOW,patent_concept,1,98850824
patent::98850824,concept::ANODE FLOW PATH,patent_concept,1,98850824
patent::98850824,concept::ANODE INFLOW PATH,patent_concept,1,98850824
patent::98850824,concept::ANODE INLET,patent_concept,1,98850824
patent::98850824,concept::ANODE OUTFLOW PATH,patent_concept,1,98850824
patent::98850824,country::JP,patent_country,1,98850824
patent::98850824,priority_year::2020,patent_priority_year,1,98850824
patent::98850824,legal_state::ALIVE,patent_legal_state,1,98850824
patent::98850824,focus::Non-noble candidate,patent_focus,1,98850824
patent::97540394,assignee::TWELVE,patent_assignee,1,97540394
patent::97540394,domain::Environmental technology,patent_domain,1,97540394
patent::97540394,"domain::Surface technology, coating",patent_domain,1,97540394
patent::97540394,cpc_group::C25B,patent_cpc_group,1,97540394
patent::97540394,cpc_group::Y02E,patent_cpc_group,1,97540394
patent::97540394,cpc_code::C25B-001/04,patent_cpc_code,1,97540394
patent::97540394,cpc_code::C25B-001/22,patent_cpc_code,1,97540394
patent::97540394,cpc_code::C25B-001/23,patent_cpc_code,1,97540394
patent::97540394,cpc_code::C25B-003/03,patent_cpc_code,1,97540394
patent::97540394,cpc_code::C25B-003/25,patent_cpc_code,1,97540394
patent::97540394,cpc_code::C25B-003/26,patent_cpc_code,1,97540394
patent::97540394,cpc_code::C25B-009/23,patent_cpc_code,1,97540394
patent::97540394,cpc_code::C25B-009/70,patent_cpc_code,1,97540394
patent::97540394,cpc_code::C25B-009/75,patent_cpc_code,1,97540394
patent::97540394,cpc_code::C25B-009/77,patent_cpc_code,1,97540394
patent::97540394,ipc_group::B01D,patent_ipc_group,1,97540394
patent::97540394,ipc_group::C25B,patent_ipc_group,1,97540394
patent::97540394,ipc_code::B01D-053/32,patent_ipc_code,1,97540394
patent::97540394,ipc_code::C25B-001/04,patent_ipc_code,1,97540394
patent::97540394,ipc_code::C25B-001/22,patent_ipc_code,1,97540394
patent::97540394,ipc_code::C25B-001/23,patent_ipc_code,1,97540394
patent::97540394,ipc_code::C25B-003/03,patent_ipc_code,1,97540394
patent::97540394,ipc_code::C25B-003/07,patent_ipc_code,1,97540394
patent::97540394,ipc_code::C25B-003/25,patent_ipc_code,1,97540394
patent::97540394,ipc_code::C25B-003/26,patent_ipc_code,1,97540394
patent::97540394,concept::CATHODE CATALYST,patent_concept,1,97540394
patent::97540394,concept::ELECTROLYTIC CELL OUTPUT,patent_concept,1,97540394
patent::97540394,concept::ELECTROLYZER OUTPUT,patent_concept,1,97540394
patent::97540394,concept::GAS PHASE MULTIELECTRON PRODUCT,patent_concept,1,97540394
patent::97540394,country::US,patent_country,1,97540394
patent::97540394,priority_year::2020,patent_priority_year,1,97540394
patent::97540394,legal_state::ALIVE,patent_legal_state,1,97540394
patent::97540394,focus::MEA,patent_focus,1,97540394
patent::97540394,focus::AEM,patent_focus,1,97540394
patent::97540394,focus::Non-noble candidate,patent_focus,1,97540394
patent::67597001,assignee::CEA - COMMISSARIAT A L ENERGIE ATOMIQUE & AUX ENERGIES ALTERNATIVES,patent_assignee,1,67597001
patent::67597001,domain::Basic materials chemistry,patent_domain,1,67597001
patent::67597001,domain::Chemical engineering,patent_domain,1,67597001
patent::67597001,"domain::Electrical machinery, apparatus, energy",patent_domain,1,67597001
patent::67597001,domain::Organic fine chemistry,patent_domain,1,67597001
patent::67597001,"domain::Surface technology, coating",patent_domain,1,67597001
patent::67597001,cpc_group::C07C,patent_cpc_group,1,67597001
patent::67597001,cpc_group::C10G,patent_cpc_group,1,67597001
patent::67597001,cpc_group::C25B,patent_cpc_group,1,67597001
patent::67597001,cpc_group::H01M,patent_cpc_group,1,67597001
patent::67597001,cpc_group::Y02E,patent_cpc_group,1,67597001
patent::67597001,cpc_group::Y02P,patent_cpc_group,1,67597001
patent::67597001,cpc_code::C07C-001/04/1,patent_cpc_code,1,67597001
patent::67597001,cpc_code::C07C-001/04/35,patent_cpc_code,1,67597001
patent::67597001,cpc_code::C07C-001/04/4,patent_cpc_code,1,67597001
patent::67597001,cpc_code::C07C-001/04/85,patent_cpc_code,1,67597001
patent::67597001,cpc_code::C07C-029/151/8,patent_cpc_code,1,67597001
patent::67597001,cpc_code::C07C-029/152,patent_cpc_code,1,67597001
patent::67597001,cpc_code::C07C-029/156,patent_cpc_code,1,67597001
patent::67597001,cpc_code::C07C-041/01,patent_cpc_code,1,67597001
patent::67597001,cpc_code::C10G-002/332,patent_cpc_code,1,67597001
patent::67597001,cpc_code::C10G-002/34,patent_cpc_code,1,67597001
patent::67597001,ipc_group::B01J,patent_ipc_group,1,67597001
patent::67597001,ipc_group::C07C,patent_ipc_group,1,67597001
patent::67597001,ipc_group::C10G,patent_ipc_group,1,67597001
patent::67597001,ipc_group::C25B,patent_ipc_group,1,67597001
patent::67597001,ipc_group::C25D,patent_ipc_group,1,67597001
patent::67597001,ipc_group::H01M,patent_ipc_group,1,67597001
patent::67597001,ipc_code::B01J-007/00,patent_ipc_code,1,67597001
patent::67597001,ipc_code::B01J-023/755,patent_ipc_code,1,67597001
patent::67597001,ipc_code::C07C-001/02,patent_ipc_code,1,67597001
patent::67597001,ipc_code::C07C-001/04,patent_ipc_code,1,67597001
patent::67597001,ipc_code::C07C-001/12,patent_ipc_code,1,67597001
patent::67597001,ipc_code::C07C-009/04,patent_ipc_code,1,67597001
patent::67597001,ipc_code::C07C-029/15,patent_ipc_code,1,67597001
patent::67597001,ipc_code::C07C-029/151,patent_ipc_code,1,67597001
patent::67597001,concept::CATALYTIC REACTOR,patent_concept,1,67597001
patent::67597001,concept::CHAMBER,patent_concept,1,67597001
patent::67597001,country::FR,patent_country,1,67597001
patent::67597001,priority_year::2013,patent_priority_year,1,67597001
patent::67597001,legal_state::ALIVE,patent_legal_state,1,67597001
patent::67597001,focus::Non-noble candidate,patent_focus,1,67597001
patent::100554181,assignee::SOUTHEAST UNIVERSITY,patent_assignee,1,100554181
patent::100554181,"domain::Surface technology, coating",patent_domain,1,100554181
patent::100554181,cpc_group::C25B,patent_cpc_group,1,100554181
patent::100554181,cpc_code::C25B-001/01,patent_cpc_code,1,100554181
patent::100554181,cpc_code::C25B-001/16,patent_cpc_code,1,100554181
patent::100554181,cpc_code::C25B-001/20,patent_cpc_code,1,100554181
patent::100554181,cpc_code::C25B-001/23,patent_cpc_code,1,100554181
patent::100554181,cpc_code::C25B-003/07,patent_cpc_code,1,100554181
patent::100554181,cpc_code::C25B-003/26,patent_cpc_code,1,100554181
patent::100554181,cpc_code::C25B-009/21,patent_cpc_code,1,100554181
patent::100554181,cpc_code::C25B-009/23,patent_cpc_code,1,100554181
patent::100554181,cpc_code::C25B-009/60,patent_cpc_code,1,100554181
patent::100554181,cpc_code::C25B-015/087,patent_cpc_code,1,100554181
patent::100554181,ipc_group::C25B,patent_ipc_group,1,100554181
patent::100554181,ipc_code::C25B-001/23,patent_ipc_code,1,100554181
patent::100554181,ipc_code::C25B-003/07,patent_ipc_code,1,100554181
patent::100554181,ipc_code::C25B-003/26,patent_ipc_code,1,100554181
patent::100554181,ipc_code::C25B-009/23,patent_ipc_code,1,100554181
patent::100554181,ipc_code::C25B-009/60,patent_ipc_code,1,100554181
patent::100554181,ipc_code::C25B-015/08,patent_ipc_code,1,100554181
patent::100554181,concept::CATHODE CHAMBER,patent_concept,1,100554181
patent::100554181,concept::CO2 CAPTURE,patent_concept,1,100554181
patent::100554181,concept::CO2 CAPTURE SUBSYSTEM,patent_concept,1,100554181
patent::100554181,concept::CO2 SYNCHRONOUS CONVERSION,patent_concept,1,100554181
patent::100554181,concept::CO2 TRAPPING,patent_concept,1,100554181
patent::100554181,concept::ELECTRIC REGENERATION SYNCHRONOUS CONVERSION,patent_concept,1,100554181
patent::100554181,concept::ELECTRICAL REGENERATION,patent_concept,1,100554181
patent::100554181,country::CN,patent_country,1,100554181
patent::100554181,priority_year::2022,patent_priority_year,1,100554181
patent::100554181,legal_state::ALIVE,patent_legal_state,1,100554181
patent::100554181,focus::AEM,patent_focus,1,100554181
patent::100554181,focus::Non-noble candidate,patent_focus,1,100554181
patent::83773883,assignee::TOSHIBA,patent_assignee,1,83773883
patent::83773883,"domain::Surface technology, coating",patent_domain,1,83773883
patent::83773883,cpc_group::C25B,patent_cpc_group,1,83773883
patent::83773883,cpc_group::Y02E,patent_cpc_group,1,83773883
patent::83773883,cpc_code::C25B-001/00,patent_cpc_code,1,83773883
patent::83773883,cpc_code::C25B-001/04,patent_cpc_code,1,83773883
patent::83773883,cpc_code::C25B-001/10,patent_cpc_code,1,83773883
patent::83773883,cpc_code::C25B-001/12,patent_cpc_code,1,83773883
patent::83773883,cpc_code::C25B-001/23,patent_cpc_code,1,83773883
patent::83773883,cpc_code::C25B-003/04,patent_cpc_code,1,83773883
patent::83773883,cpc_code::C25B-003/25,patent_cpc_code,1,83773883
patent::83773883,cpc_code::C25B-003/26,patent_cpc_code,1,83773883
patent::83773883,cpc_code::C25B-009/05,patent_cpc_code,1,83773883
patent::83773883,cpc_code::C25B-009/73,patent_cpc_code,1,83773883
patent::83773883,ipc_group::C25B,patent_ipc_group,1,83773883
patent::83773883,ipc_code::C25B-001/01,patent_ipc_code,1,83773883
patent::83773883,ipc_code::C25B-001/46,patent_ipc_code,1,83773883
patent::83773883,ipc_code::C25B-003/25,patent_ipc_code,1,83773883
patent::83773883,ipc_code::C25B-015/00,patent_ipc_code,1,83773883
patent::83773883,ipc_code::C25B-015/08,patent_ipc_code,1,83773883
patent::83773883,concept::ANODE SOLUTION,patent_concept,1,83773883
patent::83773883,concept::ELECTROLYTIC DEVICE,patent_concept,1,83773883
patent::83773883,concept::METHANEDIONE,patent_concept,1,83773883
patent::83773883,country::JP,patent_country,1,83773883
patent::83773883,priority_year::2017,patent_priority_year,1,83773883
patent::83773883,legal_state::ALIVE,patent_legal_state,1,83773883
patent::83773883,focus::Non-noble candidate,patent_focus,1,83773883
patent::83773883,focus::GDE,patent_focus,1,83773883
patent::82018818,assignee::SIEMENS ENERGY,patent_assignee,1,82018818
patent::82018818,"domain::Surface technology, coating",patent_domain,1,82018818
patent::82018818,cpc_group::C25B,patent_cpc_group,1,82018818
patent::82018818,cpc_code::C25B-001/00,patent_cpc_code,1,82018818
patent::82018818,cpc_code::C25B-001/23,patent_cpc_code,1,82018818
patent::82018818,cpc_code::C25B-003/03,patent_cpc_code,1,82018818
patent::82018818,cpc_code::C25B-003/04,patent_cpc_code,1,82018818
patent::82018818,cpc_code::C25B-003/07,patent_cpc_code,1,82018818
patent::82018818,cpc_code::C25B-003/25,patent_cpc_code,1,82018818
patent::82018818,cpc_code::C25B-003/26,patent_cpc_code,1,82018818
patent::82018818,cpc_code::C25B-009/10,patent_cpc_code,1,82018818
patent::82018818,cpc_code::C25B-009/21,patent_cpc_code,1,82018818
patent::82018818,cpc_code::C25B-009/23,patent_cpc_code,1,82018818
patent::82018818,ipc_group::C25B,patent_ipc_group,1,82018818
patent::82018818,ipc_code::C25B-001/00,patent_ipc_code,1,82018818
patent::82018818,ipc_code::C25B-001/23,patent_ipc_code,1,82018818
patent::82018818,ipc_code::C25B-003/03,patent_ipc_code,1,82018818
patent::82018818,ipc_code::C25B-003/04,patent_ipc_code,1,82018818
patent::82018818,ipc_code::C25B-003/07,patent_ipc_code,1,82018818
patent::82018818,ipc_code::C25B-003/25,patent_ipc_code,1,82018818
patent::82018818,ipc_code::C25B-003/26,patent_ipc_code,1,82018818
patent::82018818,ipc_code::C25B-009/08,patent_ipc_code,1,82018818
patent::82018818,concept::ANODE COMPARTMENT,patent_concept,1,82018818
patent::82018818,concept::ELECTROCHEMICALLY REDUCING CO2,patent_concept,1,82018818
patent::82018818,concept::ELECTROLYSIS CELL,patent_concept,1,82018818
patent::82018818,concept::ELECTROLYSIS SYSTEM,patent_concept,1,82018818
patent::82018818,country::DE,patent_country,1,82018818
patent::82018818,priority_year::2017,patent_priority_year,1,82018818
patent::82018818,legal_state::ALIVE,patent_legal_state,1,82018818
patent::82018818,focus::AEM,patent_focus,1,82018818
patent::82018818,focus::Non-noble candidate,patent_focus,1,82018818
patent::82018818,focus::GDE,patent_focus,1,82018818
patent::96701999,assignee::JIANGSU UNIVERSITY,patent_assignee,1,96701999
patent::96701999,"domain::Surface technology, coating",patent_domain,1,96701999
patent::96701999,cpc_group::C25B,patent_cpc_group,1,96701999
patent::96701999,cpc_code::C25B-001/23,patent_cpc_code,1,96701999
patent::96701999,cpc_code::C25B-003/07,patent_cpc_code,1,96701999
patent::96701999,cpc_code::C25B-011/032,patent_cpc_code,1,96701999
patent::96701999,cpc_code::C25B-011/052,patent_cpc_code,1,96701999
patent::96701999,cpc_code::C25B-011/073,patent_cpc_code,1,96701999
patent::96701999,cpc_code::C25B-011/081,patent_cpc_code,1,96701999
patent::96701999,cpc_code::C25B-011/091,patent_cpc_code,1,96701999
patent::96701999,cpc_code::C25B-011/097,patent_cpc_code,1,96701999
patent::96701999,ipc_group::C25B,patent_ipc_group,1,96701999
patent::96701999,ipc_code::C25B-001/23,patent_ipc_code,1,96701999
patent::96701999,ipc_code::C25B-003/07,patent_ipc_code,1,96701999
patent::96701999,ipc_code::C25B-011/032,patent_ipc_code,1,96701999
patent::96701999,ipc_code::C25B-011/052,patent_ipc_code,1,96701999
patent::96701999,ipc_code::C25B-011/073,patent_ipc_code,1,96701999
patent::96701999,ipc_code::C25B-011/081,patent_ipc_code,1,96701999
patent::96701999,ipc_code::C25B-011/091,patent_ipc_code,1,96701999
patent::96701999,ipc_code::C25B-011/097,patent_ipc_code,1,96701999
patent::96701999,concept::AEROGEL CATALYTIC MATERIAL,patent_concept,1,96701999
patent::96701999,concept::ANION MEMBRANE ELECTROLYTIC CELL,patent_concept,1,96701999
patent::96701999,concept::CO2 REACTION,patent_concept,1,96701999
patent::96701999,concept::CO2 REACTION ELECTROCATALYTIC REDUCTION,patent_concept,1,96701999
patent::96701999,concept::ELECTROCATALYTIC REDUCTION,patent_concept,1,96701999
patent::96701999,concept::METAL AEROGEL CATALYTIC MATERIAL,patent_concept,1,96701999
patent::96701999,concept::METALLIC AEROGEL CATALYTIC MATERIAL,patent_concept,1,96701999
patent::96701999,concept::REACTION CO2THE,patent_concept,1,96701999
patent::96701999,concept::ANION MEMBRANE,patent_concept,1,96701999
patent::96701999,concept::ELECTROLYTIC CELL2THE,patent_concept,1,96701999
patent::96701999,country::CN,patent_country,1,96701999
patent::96701999,priority_year::2021,patent_priority_year,1,96701999
patent::96701999,legal_state::DEAD,patent_legal_state,1,96701999
patent::96701999,focus::Non-noble candidate,patent_focus,1,96701999
patent::96701999,focus::GDE,patent_focus,1,96701999
patent::78242503,assignee::SIEMENS ENERGY,patent_assignee,1,78242503
patent::78242503,"domain::Surface technology, coating",patent_domain,1,78242503
patent::78242503,cpc_group::C25B,patent_cpc_group,1,78242503
patent::78242503,cpc_code::C25B-001/00,patent_cpc_code,1,78242503
patent::78242503,cpc_code::C25B-001/23,patent_cpc_code,1,78242503
patent::78242503,cpc_code::C25B-003/04,patent_cpc_code,1,78242503
patent::78242503,cpc_code::C25B-003/25,patent_cpc_code,1,78242503
patent::78242503,cpc_code::C25B-003/26,patent_cpc_code,1,78242503
patent::78242503,cpc_code::C25B-009/10,patent_cpc_code,1,78242503
patent::78242503,cpc_code::C25B-009/23,patent_cpc_code,1,78242503
patent::78242503,cpc_code::C25B-011/03/5,patent_cpc_code,1,78242503
patent::78242503,cpc_code::C25B-011/031,patent_cpc_code,1,78242503
patent::78242503,cpc_code::C25B-011/032,patent_cpc_code,1,78242503
patent::78242503,ipc_group::C25B,patent_ipc_group,1,78242503
patent::78242503,ipc_code::C25B-001/00,patent_ipc_code,1,78242503
patent::78242503,ipc_code::C25B-001/23,patent_ipc_code,1,78242503
patent::78242503,ipc_code::C25B-003/01,patent_ipc_code,1,78242503
patent::78242503,ipc_code::C25B-003/03,patent_ipc_code,1,78242503
patent::78242503,ipc_code::C25B-003/04,patent_ipc_code,1,78242503
patent::78242503,ipc_code::C25B-003/07,patent_ipc_code,1,78242503
patent::78242503,ipc_code::C25B-003/25,patent_ipc_code,1,78242503
patent::78242503,ipc_code::C25B-003/26,patent_ipc_code,1,78242503
patent::78242503,concept::ANGLE,patent_concept,1,78242503
patent::78242503,concept::CARBON DIOXIDE ELECTROLYSIS,patent_concept,1,78242503
patent::78242503,concept::CATHODE SPACING,patent_concept,1,78242503
patent::78242503,concept::ELECTROLYSIS CELL,patent_concept,1,78242503
patent::78242503,country::DE,patent_country,1,78242503
patent::78242503,priority_year::2016,patent_priority_year,1,78242503
patent::78242503,legal_state::ALIVE,patent_legal_state,1,78242503
patent::78242503,focus::Non-noble candidate,patent_focus,1,78242503
patent::78242503,focus::GDE,patent_focus,1,78242503
patent::66508929,assignee::ARAMCO,patent_assignee,1,66508929
patent::66508929,domain::Basic materials chemistry,patent_domain,1,66508929
patent::66508929,"domain::Electrical machinery, apparatus, energy",patent_domain,1,66508929
patent::66508929,"domain::Engines, pumps, turbines",patent_domain,1,66508929
patent::66508929,"domain::Materials, metallurgy",patent_domain,1,66508929
patent::66508929,domain::Organic fine chemistry,patent_domain,1,66508929
patent::66508929,"domain::Surface technology, coating",patent_domain,1,66508929
patent::66508929,domain::Thermal processes and apparatus,patent_domain,1,66508929
patent::66508929,cpc_group::C01B,patent_cpc_group,1,66508929
patent::66508929,cpc_group::C07C,patent_cpc_group,1,66508929
patent::66508929,cpc_group::C10G,patent_cpc_group,1,66508929
patent::66508929,cpc_group::C10L,patent_cpc_group,1,66508929
patent::66508929,cpc_group::C25B,patent_cpc_group,1,66508929
patent::66508929,cpc_group::F03G,patent_cpc_group,1,66508929
patent::66508929,cpc_group::Y02B,patent_cpc_group,1,66508929
patent::66508929,cpc_group::Y02E,patent_cpc_group,1,66508929
patent::66508929,cpc_group::Y02P,patent_cpc_group,1,66508929
patent::66508929,cpc_code::C01B-003/38,patent_cpc_code,1,66508929
patent::66508929,cpc_code::C01B-2203/0233,patent_cpc_code,1,66508929
patent::66508929,cpc_code::C01B-2203/0238,patent_cpc_code,1,66508929
patent::66508929,cpc_code::C01B-2203/06,patent_cpc_code,1,66508929
patent::66508929,cpc_code::C01B-2203/061,patent_cpc_code,1,66508929
patent::66508929,cpc_code::C01B-2203/062,patent_cpc_code,1,66508929
patent::66508929,cpc_code::C01B-2203/067,patent_cpc_code,1,66508929
patent::66508929,cpc_code::C01B-2203/1241,patent_cpc_code,1,66508929
patent::66508929,cpc_code::C07C-001/04/55,patent_cpc_code,1,66508929
patent::66508929,cpc_code::C10G-002/32,patent_cpc_code,1,66508929
patent::66508929,ipc_group::C01B,patent_ipc_group,1,66508929
patent::66508929,ipc_group::C07C,patent_ipc_group,1,66508929
patent::66508929,ipc_group::C10G,patent_ipc_group,1,66508929
patent::66508929,ipc_group::C10L,patent_ipc_group,1,66508929
patent::66508929,ipc_group::C25B,patent_ipc_group,1,66508929
patent::66508929,ipc_group::F03G,patent_ipc_group,1,66508929
patent::66508929,ipc_group::F24S,patent_ipc_group,1,66508929
patent::66508929,ipc_group::H01M,patent_ipc_group,1,66508929
patent::66508929,ipc_code::C01B-003/38,patent_ipc_code,1,66508929
patent::66508929,ipc_code::C07C-001/04,patent_ipc_code,1,66508929
patent::66508929,ipc_code::C07C-009/04,patent_ipc_code,1,66508929
patent::66508929,ipc_code::C10G-002/00,patent_ipc_code,1,66508929
patent::66508929,ipc_code::C10L-001/04,patent_ipc_code,1,66508929
patent::66508929,ipc_code::C25B-001/00,patent_ipc_code,1,66508929
patent::66508929,ipc_code::C25B-001/04,patent_ipc_code,1,66508929
patent::66508929,ipc_code::C25B-001/10,patent_ipc_code,1,66508929
patent::66508929,concept::COMMUNICATION,patent_concept,1,66508929
patent::66508929,concept::ELECTRICITY,patent_concept,1,66508929
patent::66508929,concept::ENERGY,patent_concept,1,66508929
patent::66508929,concept::GENERATION CELL,patent_concept,1,66508929
patent::66508929,concept::HYDROCARBON FUEL,patent_concept,1,66508929
patent::66508929,country::US,patent_country,1,66508929
patent::66508929,country::SA,patent_country,1,66508929
patent::66508929,country::JO,patent_country,1,66508929
patent::66508929,country::BD,patent_country,1,66508929
patent::66508929,priority_year::2013,patent_priority_year,1,66508929
patent::66508929,legal_state::ALIVE,patent_legal_state,1,66508929
patent::66508929,focus::Non-noble candidate,patent_focus,1,66508929
patent::98666426,assignee::ZHEJIANG UNIVERSITY,patent_assignee,1,98666426
patent::98666426,"domain::Surface technology, coating",patent_domain,1,98666426
patent::98666426,cpc_group::C25B,patent_cpc_group,1,98666426
patent::98666426,cpc_group::Y02E,patent_cpc_group,1,98666426
patent::98666426,cpc_group::Y02P,patent_cpc_group,1,98666426
patent::98666426,cpc_code::C25B-001/04,patent_cpc_code,1,98666426
patent::98666426,cpc_code::C25B-001/042,patent_cpc_code,1,98666426
patent::98666426,cpc_code::C25B-001/23,patent_cpc_code,1,98666426
patent::98666426,cpc_code::C25B-009/015,patent_cpc_code,1,98666426
patent::98666426,cpc_code::C25B-009/19,patent_cpc_code,1,98666426
patent::98666426,cpc_code::C25B-009/23,patent_cpc_code,1,98666426
patent::98666426,cpc_code::C25B-009/60,patent_cpc_code,1,98666426
patent::98666426,cpc_code::C25B-011/031,patent_cpc_code,1,98666426
patent::98666426,cpc_code::C25B-011/042,patent_cpc_code,1,98666426
patent::98666426,cpc_code::C25B-011/093,patent_cpc_code,1,98666426
patent::98666426,ipc_group::C25B,patent_ipc_group,1,98666426
patent::98666426,ipc_code::C25B-001/04,patent_ipc_code,1,98666426
patent::98666426,ipc_code::C25B-001/042,patent_ipc_code,1,98666426
patent::98666426,ipc_code::C25B-001/23,patent_ipc_code,1,98666426
patent::98666426,ipc_code::C25B-009/015,patent_ipc_code,1,98666426
patent::98666426,ipc_code::C25B-009/19,patent_ipc_code,1,98666426
patent::98666426,ipc_code::C25B-009/60,patent_ipc_code,1,98666426
patent::98666426,ipc_code::C25B-011/031,patent_ipc_code,1,98666426
patent::98666426,ipc_code::C25B-011/042,patent_ipc_code,1,98666426
patent::98666426,concept::ANODE CAVITY,patent_concept,1,98666426
patent::98666426,concept::ANODE CAVITY2OXIDATION REACTION,patent_concept,1,98666426
patent::98666426,concept::ANODE CHAMBER,patent_concept,1,98666426
patent::98666426,concept::SOLID OXIDE ELECTROLYSIS CELL,patent_concept,1,98666426
patent::98666426,concept::SOLID OXIDE ELECTROLYTIC CELL,patent_concept,1,98666426
patent::98666426,concept::ANODE CAVITY2THE ABSORBENT,patent_concept,1,98666426
patent::98666426,concept::CO2 ABSORBER,patent_concept,1,98666426
patent::98666426,concept::CO2THE ABSORBENT,patent_concept,1,98666426
patent::98666426,country::CN,patent_country,1,98666426
patent::98666426,priority_year::2021,patent_priority_year,1,98666426
patent::98666426,legal_state::DEAD,patent_legal_state,1,98666426
patent::98666426,focus::Non-noble candidate,patent_focus,1,98666426
patent::111591386,assignee::TOSHIBA,patent_assignee,1,111591386
patent::111591386,domain::Environmental technology,patent_domain,1,111591386
patent::111591386,"domain::Surface technology, coating",patent_domain,1,111591386
patent::111591386,cpc_group::C25B,patent_cpc_group,1,111591386
patent::111591386,cpc_code::C25B-001/02,patent_cpc_code,1,111591386
patent::111591386,cpc_code::C25B-001/04,patent_cpc_code,1,111591386
patent::111591386,cpc_code::C25B-001/23,patent_cpc_code,1,111591386
patent::111591386,cpc_code::C25B-003/03,patent_cpc_code,1,111591386
patent::111591386,cpc_code::C25B-003/07,patent_cpc_code,1,111591386
patent::111591386,cpc_code::C25B-003/26,patent_cpc_code,1,111591386
patent::111591386,cpc_code::C25B-009/23,patent_cpc_code,1,111591386
patent::111591386,cpc_code::C25B-011/052,patent_cpc_code,1,111591386
patent::111591386,cpc_code::C25B-011/063,patent_cpc_code,1,111591386
patent::111591386,cpc_code::C25B-013/02,patent_cpc_code,1,111591386
patent::111591386,ipc_group::B01D,patent_ipc_group,1,111591386
patent::111591386,ipc_group::C25B,patent_ipc_group,1,111591386
patent::111591386,ipc_code::B01D-053/32,patent_ipc_code,1,111591386
patent::111591386,ipc_code::C25B-001/02,patent_ipc_code,1,111591386
patent::111591386,ipc_code::C25B-001/04,patent_ipc_code,1,111591386
patent::111591386,ipc_code::C25B-001/135,patent_ipc_code,1,111591386
patent::111591386,ipc_code::C25B-001/23,patent_ipc_code,1,111591386
patent::111591386,ipc_code::C25B-003/03,patent_ipc_code,1,111591386
patent::111591386,ipc_code::C25B-003/07,patent_ipc_code,1,111591386
patent::111591386,ipc_code::C25B-003/26,patent_ipc_code,1,111591386
patent::111591386,concept::ANODE FLOW PATH,patent_concept,1,111591386
patent::111591386,concept::ANODE SEPARATION,patent_concept,1,111591386
patent::111591386,concept::BASE MATERIAL,patent_concept,1,111591386
patent::111591386,concept::CARBON COMPOUND,patent_concept,1,111591386
patent::111591386,concept::CARBON DIOXIDE ELECTROLYSIS,patent_concept,1,111591386
patent::111591386,concept::CARBON DIOXIDE ELECTROLYTIC DEVICE,patent_concept,1,111591386
patent::111591386,country::JP,patent_country,1,111591386
patent::111591386,priority_year::2023,patent_priority_year,1,111591386
patent::111591386,legal_state::ALIVE,patent_legal_state,1,111591386
patent::111591386,focus::Non-noble candidate,patent_focus,1,111591386
patent::109304100,assignee::TOYOTA MOTOR,patent_assignee,1,109304100
patent::109304100,domain::Environmental technology,patent_domain,1,109304100
patent::109304100,"domain::Surface technology, coating",patent_domain,1,109304100
patent::109304100,cpc_group::B01D,patent_cpc_group,1,109304100
patent::109304100,cpc_group::C25B,patent_cpc_group,1,109304100
patent::109304100,cpc_group::Y02C,patent_cpc_group,1,109304100
patent::109304100,cpc_code::B01D-053/32/6,patent_cpc_code,1,109304100
patent::109304100,cpc_code::B01D-2257/504,patent_cpc_code,1,109304100
patent::109304100,cpc_code::B01D-2258/06,patent_cpc_code,1,109304100
patent::109304100,cpc_code::C25B-003/01,patent_cpc_code,1,109304100
patent::109304100,cpc_code::C25B-003/21,patent_cpc_code,1,109304100
patent::109304100,cpc_code::C25B-003/26,patent_cpc_code,1,109304100
patent::109304100,cpc_code::C25B-009/21,patent_cpc_code,1,109304100
patent::109304100,cpc_code::C25B-009/23,patent_cpc_code,1,109304100
patent::109304100,cpc_code::C25B-009/50,patent_cpc_code,1,109304100
patent::109304100,cpc_code::C25B-009/77,patent_cpc_code,1,109304100
patent::109304100,ipc_group::B01D,patent_ipc_group,1,109304100
patent::109304100,ipc_group::C25B,patent_ipc_group,1,109304100
patent::109304100,ipc_code::B01D-053/32,patent_ipc_code,1,109304100
patent::109304100,ipc_code::C25B-003/01,patent_ipc_code,1,109304100
patent::109304100,ipc_code::C25B-003/21,patent_ipc_code,1,109304100
patent::109304100,ipc_code::C25B-003/26,patent_ipc_code,1,109304100
patent::109304100,ipc_code::C25B-009/21,patent_ipc_code,1,109304100
patent::109304100,ipc_code::C25B-009/23,patent_ipc_code,1,109304100
patent::109304100,ipc_code::C25B-009/50,patent_ipc_code,1,109304100
patent::109304100,ipc_code::C25B-009/77,patent_ipc_code,1,109304100
patent::109304100,concept::ATMOSPHERIC CARBON DIOXIDE,patent_concept,1,109304100
patent::109304100,concept::ATMOSPHERIC CARBON DIOXIDE CONVERSION,patent_concept,1,109304100
patent::109304100,concept::REACTOR POROUS ANODE,patent_concept,1,109304100
patent::109304100,concept::REACTOR POROUS CATHODE,patent_concept,1,109304100
patent::109304100,concept::POROUS ANODE,patent_concept,1,109304100
patent::109304100,country::EP,patent_country,1,109304100
patent::109304100,country::JP,patent_country,1,109304100
patent::109304100,country::BE,patent_country,1,109304100
patent::109304100,country::NL,patent_country,1,109304100
patent::109304100,priority_year::2022,patent_priority_year,1,109304100
patent::109304100,legal_state::ALIVE,patent_legal_state,1,109304100
patent::109304100,focus::AEM,patent_focus,1,109304100
patent::109304100,focus::Non-noble candidate,patent_focus,1,109304100
patent::116737142,assignee::TOSHIBA,patent_assignee,1,116737142
patent::116737142,"domain::Surface technology, coating",patent_domain,1,116737142
patent::116737142,cpc_group::C25B,patent_cpc_group,1,116737142
patent::116737142,cpc_code::C25B-001/00,patent_cpc_code,1,116737142
patent::116737142,cpc_code::C25B-001/10,patent_cpc_code,1,116737142
patent::116737142,cpc_code::C25B-001/23,patent_cpc_code,1,116737142
patent::116737142,cpc_code::C25B-003/04,patent_cpc_code,1,116737142
patent::116737142,cpc_code::C25B-003/26,patent_cpc_code,1,116737142
patent::116737142,cpc_code::C25B-009/00,patent_cpc_code,1,116737142
patent::116737142,cpc_code::C25B-009/04,patent_cpc_code,1,116737142
patent::116737142,cpc_code::C25B-009/08,patent_cpc_code,1,116737142
patent::116737142,cpc_code::C25B-009/18,patent_cpc_code,1,116737142
patent::116737142,cpc_code::C25B-009/19,patent_cpc_code,1,116737142
patent::116737142,ipc_group::C25B,patent_ipc_group,1,116737142
patent::116737142,ipc_code::C25B-001/23,patent_ipc_code,1,116737142
patent::116737142,ipc_code::C25B-003/26,patent_ipc_code,1,116737142
patent::116737142,ipc_code::C25B-009/19,patent_ipc_code,1,116737142
patent::116737142,ipc_code::C25B-009/23,patent_ipc_code,1,116737142
patent::116737142,ipc_code::C25B-015/00,patent_ipc_code,1,116737142
patent::116737142,ipc_code::C25B-015/02,patent_ipc_code,1,116737142
patent::116737142,ipc_code::C25B-015/023,patent_ipc_code,1,116737142
patent::116737142,ipc_code::C25B-015/029,patent_ipc_code,1,116737142
patent::116737142,concept::CARBON DIOXIDE ELECTROLYSIS,patent_concept,1,116737142
patent::116737142,concept::CATHODE ELECTRODE,patent_concept,1,116737142
patent::116737142,concept::ELECTROLYSIS CELL,patent_concept,1,116737142
patent::116737142,concept::ELECTROLYZING CARBON DIOXIDE,patent_concept,1,116737142
patent::116737142,concept::ANODE ELECTRODE,patent_concept,1,116737142
patent::116737142,country::JP,patent_country,1,116737142
patent::116737142,priority_year::2024,patent_priority_year,1,116737142
patent::116737142,legal_state::ALIVE,patent_legal_state,1,116737142
patent::116737142,focus::Non-noble candidate,patent_focus,1,116737142
patent::78286428,assignee::SIEMENS ENERGY,patent_assignee,1,78286428
patent::78286428,"domain::Surface technology, coating",patent_domain,1,78286428
patent::78286428,cpc_group::C25B,patent_cpc_group,1,78286428
patent::78286428,cpc_code::C25B-001/00,patent_cpc_code,1,78286428
patent::78286428,cpc_code::C25B-003/04,patent_cpc_code,1,78286428
patent::78286428,cpc_code::C25B-003/25,patent_cpc_code,1,78286428
patent::78286428,cpc_code::C25B-009/08,patent_cpc_code,1,78286428
patent::78286428,cpc_code::C25B-009/19,patent_cpc_code,1,78286428
patent::78286428,cpc_code::C25B-015/02,patent_cpc_code,1,78286428
patent::78286428,cpc_code::C25B-015/08,patent_cpc_code,1,78286428
patent::78286428,ipc_group::C25B,patent_ipc_group,1,78286428
patent::78286428,ipc_code::C25B-003/25,patent_ipc_code,1,78286428
patent::78286428,ipc_code::C25B-009/19,patent_ipc_code,1,78286428
patent::78286428,ipc_code::C25B-015/08,patent_ipc_code,1,78286428
patent::78286428,concept::CARBON DIOXIDE ELECTROLYSIS,patent_concept,1,78286428
patent::78286428,concept::METHANEDIONE ELECTROLYSIS,patent_concept,1,78286428
patent::78286428,concept::ELECTROLYSIS CELL,patent_concept,1,78286428
patent::78286428,concept::ELECTROLYTE CIRCULATION CIRCUIT,patent_concept,1,78286428
patent::78286428,country::DE,patent_country,1,78286428
patent::78286428,priority_year::2016,patent_priority_year,1,78286428
patent::78286428,legal_state::ALIVE,patent_legal_state,1,78286428
patent::78286428,focus::Non-noble candidate,patent_focus,1,78286428
patent::78286428,focus::GDE,patent_focus,1,78286428
patent::87919716,assignee::TOSHIBA,patent_assignee,1,87919716
patent::87919716,"domain::Surface technology, coating",patent_domain,1,87919716
patent::87919716,cpc_group::C25B,patent_cpc_group,1,87919716
patent::87919716,cpc_group::Y02E,patent_cpc_group,1,87919716
patent::87919716,cpc_code::C25B-001/04,patent_cpc_code,1,87919716
patent::87919716,cpc_code::C25B-001/10,patent_cpc_code,1,87919716
patent::87919716,cpc_code::C25B-001/23,patent_cpc_code,1,87919716
patent::87919716,cpc_code::C25B-009/10,patent_cpc_code,1,87919716
patent::87919716,cpc_code::C25B-009/19,patent_cpc_code,1,87919716
patent::87919716,cpc_code::C25B-009/23,patent_cpc_code,1,87919716
patent::87919716,cpc_code::C25B-009/73,patent_cpc_code,1,87919716
patent::87919716,cpc_code::C25B-015/08,patent_cpc_code,1,87919716
patent::87919716,cpc_code::Y02E-060/36,patent_cpc_code,1,87919716
patent::87919716,ipc_group::C25B,patent_ipc_group,1,87919716
patent::87919716,ipc_code::C25B-001/23,patent_ipc_code,1,87919716
patent::87919716,ipc_code::C25B-009/19,patent_ipc_code,1,87919716
patent::87919716,ipc_code::C25B-009/23,patent_ipc_code,1,87919716
patent::87919716,ipc_code::C25B-015/00,patent_ipc_code,1,87919716
patent::87919716,ipc_code::C25B-015/08,patent_ipc_code,1,87919716
patent::87919716,concept::CARBON DIOXIDE ELECTROLYTIC DEVICE,patent_concept,1,87919716
patent::87919716,concept::CARBON DIOXIDE ELECTROLYTIC EQUIPMENT,patent_concept,1,87919716
patent::87919716,concept::CARBON DIOXIDE ELECTROLYZER,patent_concept,1,87919716
patent::87919716,concept::CIRCULATION FLOW PATH,patent_concept,1,87919716
patent::87919716,concept::ELECTROLYSIS CELL,patent_concept,1,87919716
patent::87919716,concept::ELECTROLYTIC DEVICE,patent_concept,1,87919716
patent::87919716,country::JP,patent_country,1,87919716
patent::87919716,priority_year::2018,patent_priority_year,1,87919716
patent::87919716,legal_state::ALIVE,patent_legal_state,1,87919716
patent::87919716,focus::Non-noble candidate,patent_focus,1,87919716
patent::87919716,focus::GDE,patent_focus,1,87919716
patent::106991476,assignee::UNIVERSITY OF ILLINOIS,patent_assignee,1,106991476
patent::106991476,domain::Environmental technology,patent_domain,1,106991476
patent::106991476,"domain::Surface technology, coating",patent_domain,1,106991476
patent::106991476,cpc_group::B01D,patent_cpc_group,1,106991476
patent::106991476,cpc_group::C25B,patent_cpc_group,1,106991476
patent::106991476,cpc_code::B01D-053/32/6,patent_cpc_code,1,106991476
patent::106991476,cpc_code::B01D-053/62,patent_cpc_code,1,106991476
patent::106991476,cpc_code::B01D-053/73,patent_cpc_code,1,106991476
patent::106991476,cpc_code::B01D-053/78,patent_cpc_code,1,106991476
patent::106991476,cpc_code::B01D-053/86/71,patent_cpc_code,1,106991476
patent::106991476,cpc_code::B01D-2251/206,patent_cpc_code,1,106991476
patent::106991476,cpc_code::B01D-2251/306,patent_cpc_code,1,106991476
patent::106991476,cpc_code::B01D-2252/2023,patent_cpc_code,1,106991476
patent::106991476,cpc_code::B01D-2255/20761,patent_cpc_code,1,106991476
patent::106991476,cpc_code::B01D-2255/2092,patent_cpc_code,1,106991476
patent::106991476,ipc_group::B01D,patent_ipc_group,1,106991476
patent::106991476,ipc_group::C25B,patent_ipc_group,1,106991476
patent::106991476,ipc_code::B01D-053/24,patent_ipc_code,1,106991476
patent::106991476,ipc_code::B01D-053/32,patent_ipc_code,1,106991476
patent::106991476,ipc_code::B01D-053/62,patent_ipc_code,1,106991476
patent::106991476,ipc_code::B01D-053/73,patent_ipc_code,1,106991476
patent::106991476,ipc_code::B01D-053/78,patent_ipc_code,1,106991476
patent::106991476,ipc_code::B01D-053/86,patent_ipc_code,1,106991476
patent::106991476,ipc_code::C25B-001/04,patent_ipc_code,1,106991476
patent::106991476,ipc_code::C25B-001/23,patent_ipc_code,1,106991476
patent::106991476,concept::ACTIVE SITE,patent_concept,1,106991476
patent::106991476,concept::ADDED VALUE PRODUCT,patent_concept,1,106991476
patent::106991476,concept::ALKALI METAL CHLORIDE,patent_concept,1,106991476
patent::106991476,concept::ANODE SIDE,patent_concept,1,106991476
patent::106991476,concept::BICARBONATE,patent_concept,1,106991476
patent::106991476,concept::CATALYST,patent_concept,1,106991476
patent::106991476,concept::CATHODE SIDE,patent_concept,1,106991476
patent::106991476,concept::DILUTION SOURCE,patent_concept,1,106991476
patent::106991476,concept::ELECTROCHEMICAL CAPTURE,patent_concept,1,106991476
patent::106991476,country::US,patent_country,1,106991476
patent::106991476,priority_year::2022,patent_priority_year,1,106991476
patent::106991476,legal_state::ALIVE,patent_legal_state,1,106991476
patent::106991476,focus::AEM,patent_focus,1,106991476
patent::106991476,focus::Non-noble candidate,patent_focus,1,106991476
patent::81386945,assignee::TOSHIBA,patent_assignee,1,81386945
patent::81386945,"domain::Surface technology, coating",patent_domain,1,81386945
patent::81386945,cpc_group::C25B,patent_cpc_group,1,81386945
patent::81386945,cpc_group::Y02E,patent_cpc_group,1,81386945
patent::81386945,cpc_code::C25B-001/00,patent_cpc_code,1,81386945
patent::81386945,cpc_code::C25B-001/04,patent_cpc_code,1,81386945
patent::81386945,cpc_code::C25B-001/10,patent_cpc_code,1,81386945
patent::81386945,cpc_code::C25B-003/04,patent_cpc_code,1,81386945
patent::81386945,cpc_code::C25B-003/25,patent_cpc_code,1,81386945
patent::81386945,cpc_code::C25B-009/04,patent_cpc_code,1,81386945
patent::81386945,cpc_code::C25B-009/08,patent_cpc_code,1,81386945
patent::81386945,cpc_code::C25B-009/17,patent_cpc_code,1,81386945
patent::81386945,cpc_code::C25B-009/19,patent_cpc_code,1,81386945
patent::81386945,cpc_code::C25B-009/65,patent_cpc_code,1,81386945
patent::81386945,ipc_group::C25B,patent_ipc_group,1,81386945
patent::81386945,ipc_code::C25B-003/25,patent_ipc_code,1,81386945
patent::81386945,ipc_code::C25B-009/17,patent_ipc_code,1,81386945
patent::81386945,ipc_code::C25B-009/19,patent_ipc_code,1,81386945
patent::81386945,ipc_code::C25B-015/00,patent_ipc_code,1,81386945
patent::81386945,ipc_code::C25B-015/08,patent_ipc_code,1,81386945
patent::81386945,concept::ANODE SOLUTION,patent_concept,1,81386945
patent::81386945,concept::CARBON DIOXIDE ELECTROLYSIS,patent_concept,1,81386945
patent::81386945,concept::CARBON DIOXIDE ELECTROLYZER,patent_concept,1,81386945
patent::81386945,concept::ELECTROLYSIS,patent_concept,1,81386945
patent::81386945,concept::ELECTROLYTIC DEVICE,patent_concept,1,81386945
patent::81386945,concept::ELECTROLYTIC SOLUTION,patent_concept,1,81386945
patent::81386945,country::JP,patent_country,1,81386945
patent::81386945,priority_year::2017,patent_priority_year,1,81386945
patent::81386945,legal_state::ALIVE,patent_legal_state,1,81386945
patent::81386945,focus::AEM,patent_focus,1,81386945
patent::81386945,focus::Non-noble candidate,patent_focus,1,81386945
patent::81386945,focus::GDE,patent_focus,1,81386945
patent::100393580,assignee::LOTTE CHEMICAL,patent_assignee,1,100393580
patent::100393580,domain::Chemical engineering,patent_domain,1,100393580
patent::100393580,"domain::Surface technology, coating",patent_domain,1,100393580
patent::100393580,cpc_group::B01J,patent_cpc_group,1,100393580
patent::100393580,cpc_group::C25B,patent_cpc_group,1,100393580
patent::100393580,cpc_code::B01J-031/16,patent_cpc_code,1,100393580
patent::100393580,cpc_code::B01J-031/16/91,patent_cpc_code,1,100393580
patent::100393580,cpc_code::B01J-031/28,patent_cpc_code,1,100393580
patent::100393580,cpc_code::B01J-037/02,patent_cpc_code,1,100393580
patent::100393580,cpc_code::C25B-001/23,patent_cpc_code,1,100393580
patent::100393580,cpc_code::C25B-003/26,patent_cpc_code,1,100393580
patent::100393580,cpc_code::C25B-011/031,patent_cpc_code,1,100393580
patent::100393580,cpc_code::C25B-011/052,patent_cpc_code,1,100393580
patent::100393580,cpc_code::C25B-011/065,patent_cpc_code,1,100393580
patent::100393580,cpc_code::C25B-011/075,patent_cpc_code,1,100393580
patent::100393580,ipc_group::B01J,patent_ipc_group,1,100393580
patent::100393580,ipc_group::C25B,patent_ipc_group,1,100393580
patent::100393580,ipc_code::B01J-031/16,patent_ipc_code,1,100393580
patent::100393580,ipc_code::B01J-031/28,patent_ipc_code,1,100393580
patent::100393580,ipc_code::B01J-037/02,patent_ipc_code,1,100393580
patent::100393580,ipc_code::C25B-001/23,patent_ipc_code,1,100393580
patent::100393580,ipc_code::C25B-003/26,patent_ipc_code,1,100393580
patent::100393580,ipc_code::C25B-011/031,patent_ipc_code,1,100393580
patent::100393580,ipc_code::C25B-011/052,patent_ipc_code,1,100393580
patent::100393580,ipc_code::C25B-011/065,patent_ipc_code,1,100393580
patent::100393580,concept::AMENDSTATUS,patent_concept,1,100393580
patent::100393580,concept::CARBON DIOXIDE REDUCTION,patent_concept,1,100393580
patent::100393580,concept::CARBON DIOXIDE REDUCTION CATALYST,patent_concept,1,100393580
patent::100393580,concept::CARBON DIOXIDE REDUCTION ELECTRODE,patent_concept,1,100393580
patent::100393580,concept::CATALYST,patent_concept,1,100393580
patent::100393580,concept::ELECTRODE,patent_concept,1,100393580
patent::100393580,country::KR,patent_country,1,100393580
patent::100393580,priority_year::2020,patent_priority_year,1,100393580
patent::100393580,legal_state::ALIVE,patent_legal_state,1,100393580
patent::100393580,focus::Non-noble candidate,patent_focus,1,100393580
patent::102352265,assignee::HARBIN INSTITUTE OF TECHNOLOGY,patent_assignee,1,102352265
patent::102352265,"domain::Surface technology, coating",patent_domain,1,102352265
patent::102352265,cpc_group::C25B,patent_cpc_group,1,102352265
patent::102352265,cpc_code::C25B-001/23,patent_cpc_code,1,102352265
patent::102352265,cpc_code::C25B-003/07,patent_cpc_code,1,102352265
patent::102352265,cpc_code::C25B-003/26,patent_cpc_code,1,102352265
patent::102352265,cpc_code::C25B-011/04,patent_cpc_code,1,102352265
patent::102352265,ipc_group::C25B,patent_ipc_group,1,102352265
patent::102352265,ipc_code::C25B-001/23,patent_ipc_code,1,102352265
patent::102352265,ipc_code::C25B-003/07,patent_ipc_code,1,102352265
patent::102352265,ipc_code::C25B-003/26,patent_ipc_code,1,102352265
patent::102352265,ipc_code::C25B-011/04,patent_ipc_code,1,102352265
patent::102352265,concept::CARBON DIOXIDE REDUCTION MATERIAL,patent_concept,1,102352265
patent::102352265,concept::HETEROPOLY ACID,patent_concept,1,102352265
patent::102352265,concept::KEGGIN,patent_concept,1,102352265
patent::102352265,concept::QUATERNARY HETEROPOLY ACID,patent_concept,1,102352265
patent::102352265,concept::QUATERNARY HETEROPOLYACID,patent_concept,1,102352265
patent::102352265,concept::REDUCTION MATERIAL,patent_concept,1,102352265
patent::102352265,concept::VANADIUM SUBSTITUTED QUATERNARY,patent_concept,1,102352265
patent::102352265,country::CN,patent_country,1,102352265
patent::102352265,priority_year::2022,patent_priority_year,1,102352265
patent::102352265,legal_state::ALIVE,patent_legal_state,1,102352265
patent::102352265,focus::Non-noble candidate,patent_focus,1,102352265
patent::96200636,assignee::TOSHIBA,patent_assignee,1,96200636
patent::96200636,domain::Chemical engineering,patent_domain,1,96200636
patent::96200636,"domain::Materials, metallurgy",patent_domain,1,96200636
patent::96200636,domain::Micro-structure and nano-technology,patent_domain,1,96200636
patent::96200636,"domain::Surface technology, coating",patent_domain,1,96200636
patent::96200636,cpc_group::B01J,patent_cpc_group,1,96200636
patent::96200636,cpc_group::B82Y,patent_cpc_group,1,96200636
patent::96200636,cpc_group::C01B,patent_cpc_group,1,96200636
patent::96200636,cpc_group::C25B,patent_cpc_group,1,96200636
patent::96200636,cpc_group::Y02P,patent_cpc_group,1,96200636
patent::96200636,cpc_code::B01J-023/52,patent_cpc_code,1,96200636
patent::96200636,cpc_code::B01J-035/33,patent_cpc_code,1,96200636
patent::96200636,cpc_code::B01J-037/02/15,patent_cpc_code,1,96200636
patent::96200636,cpc_code::B82Y-030/00,patent_cpc_code,1,96200636
patent::96200636,cpc_code::B82Y-040/00,patent_cpc_code,1,96200636
patent::96200636,cpc_code::C01B-032/50,patent_cpc_code,1,96200636
patent::96200636,cpc_code::C25B-001/00,patent_cpc_code,1,96200636
patent::96200636,cpc_code::C25B-003/01,patent_cpc_code,1,96200636
patent::96200636,cpc_code::C25B-003/03,patent_cpc_code,1,96200636
patent::96200636,cpc_code::C25B-003/07,patent_cpc_code,1,96200636
patent::96200636,ipc_group::B01J,patent_ipc_group,1,96200636
patent::96200636,ipc_group::B82Y,patent_ipc_group,1,96200636
patent::96200636,ipc_group::C01B,patent_ipc_group,1,96200636
patent::96200636,ipc_group::C25B,patent_ipc_group,1,96200636
patent::96200636,ipc_code::B01J-023/46,patent_ipc_code,1,96200636
patent::96200636,ipc_code::B82Y-030/00,patent_ipc_code,1,96200636
patent::96200636,ipc_code::B82Y-040/00,patent_ipc_code,1,96200636
patent::96200636,ipc_code::C01B-032/50,patent_ipc_code,1,96200636
patent::96200636,ipc_code::C25B-001/00,patent_ipc_code,1,96200636
patent::96200636,ipc_code::C25B-001/02,patent_ipc_code,1,96200636
patent::96200636,ipc_code::C25B-001/23,patent_ipc_code,1,96200636
patent::96200636,ipc_code::C25B-003/01,patent_ipc_code,1,96200636
patent::96200636,concept::CARBON DIOXIDE ELECTROLYSIS,patent_concept,1,96200636
patent::96200636,concept::CARBON DIOXIDE ELECTROLYSIS CELL,patent_concept,1,96200636
patent::96200636,country::JP,patent_country,1,96200636
patent::96200636,priority_year::2020,patent_priority_year,1,96200636
patent::96200636,legal_state::ALIVE,patent_legal_state,1,96200636
patent::96200636,focus::AEM,patent_focus,1,96200636
patent::96200636,focus::Non-noble candidate,patent_focus,1,96200636
patent::96200636,focus::GDE,patent_focus,1,96200636
patent::117825503,assignee::INSTITUTE OF PROCESS ENGINEERING - CHINESE ACADEMY OF SCIENCES,patent_assignee,1,117825503
patent::117825503,"domain::Surface technology, coating",patent_domain,1,117825503
patent::117825503,cpc_group::C25B,patent_cpc_group,1,117825503
patent::117825503,cpc_group::Y02E,patent_cpc_group,1,117825503
patent::117825503,cpc_group::Y02P,patent_cpc_group,1,117825503
patent::117825503,cpc_code::C25B-001/00,patent_cpc_code,1,117825503
patent::117825503,cpc_code::C25B-015/08,patent_cpc_code,1,117825503
patent::117825503,cpc_code::Y02E-060/366,patent_cpc_code,1,117825503
patent::117825503,cpc_code::Y02P-020/152,patent_cpc_code,1,117825503
patent::117825503,ipc_group::C25B,patent_ipc_group,1,117825503
patent::117825503,ipc_code::C25B-001/23,patent_ipc_code,1,117825503
patent::117825503,ipc_code::C25B-003/26,patent_ipc_code,1,117825503
patent::117825503,ipc_code::C25B-009/60,patent_ipc_code,1,117825503
patent::117825503,ipc_code::C25B-009/67,patent_ipc_code,1,117825503
patent::117825503,ipc_code::C25B-015/021,patent_ipc_code,1,117825503
patent::117825503,concept::CARBON DIOXIDE ELECTROREDUCTION REACTOR,patent_concept,1,117825503
patent::117825503,concept::ELECTROLYSIS CHI,patent_concept,1,117825503
patent::117825503,concept::INLET,patent_concept,1,117825503
patent::117825503,concept::ANOLYTE CIRCULATION LOOP,patent_concept,1,117825503
patent::117825503,concept::NODE PARAMETER,patent_concept,1,117825503
patent::117825503,concept::GAS PRETREATMENT,patent_concept,1,117825503
patent::117825503,concept::PREHEATING REQUIREMENT,patent_concept,1,117825503
patent::117825503,concept::MEMBRANE ELECTRODE REACTOR,patent_concept,1,117825503
patent::117825503,concept::ELECTROLYTIC CELL STACK,patent_concept,1,117825503
patent::117825503,concept::ELECTROREDUCTION,patent_concept,1,117825503
patent::117825503,country::CN,patent_country,1,117825503
patent::117825503,priority_year::2025,patent_priority_year,1,117825503
patent::117825503,legal_state::ALIVE,patent_legal_state,1,117825503
patent::117825503,focus::Non-noble candidate,patent_focus,1,117825503
patent::79296485,assignee::SIEMENS ENERGY,patent_assignee,1,79296485
patent::79296485,domain::Chemical engineering,patent_domain,1,79296485
patent::79296485,"domain::Surface technology, coating",patent_domain,1,79296485
patent::79296485,cpc_group::B01D,patent_cpc_group,1,79296485
patent::79296485,cpc_group::C25B,patent_cpc_group,1,79296485
patent::79296485,cpc_group::Y02P,patent_cpc_group,1,79296485
patent::79296485,cpc_code::B01D-061/42/2,patent_cpc_code,1,79296485
patent::79296485,cpc_code::B01D-061/423,patent_cpc_code,1,79296485
patent::79296485,cpc_code::B01D-061/44/5,patent_cpc_code,1,79296485
patent::79296485,cpc_code::B01D-061/463,patent_cpc_code,1,79296485
patent::79296485,cpc_code::B01D-061/52,patent_cpc_code,1,79296485
patent::79296485,cpc_code::B01D-061/54,patent_cpc_code,1,79296485
patent::79296485,cpc_code::B01D-2257/504,patent_cpc_code,1,79296485
patent::79296485,cpc_code::C25B-001/00,patent_cpc_code,1,79296485
patent::79296485,cpc_code::C25B-001/01,patent_cpc_code,1,79296485
patent::79296485,cpc_code::C25B-001/23,patent_cpc_code,1,79296485
patent::79296485,ipc_group::B01D,patent_ipc_group,1,79296485
patent::79296485,ipc_group::C25B,patent_ipc_group,1,79296485
patent::79296485,ipc_code::B01D-061/42,patent_ipc_code,1,79296485
patent::79296485,ipc_code::B01D-061/52,patent_ipc_code,1,79296485
patent::79296485,ipc_code::B01D-061/54,patent_ipc_code,1,79296485
patent::79296485,ipc_code::C25B-003/25,patent_ipc_code,1,79296485
patent::79296485,ipc_code::C25B-009/21,patent_ipc_code,1,79296485
patent::79296485,ipc_code::C25B-015/08,patent_ipc_code,1,79296485
patent::79296485,concept::CARBON DIOXIDE ELECTROCHEMICAL UTILIZATION,patent_concept,1,79296485
patent::79296485,concept::ELECTRO CHEMICAL UTILIZATION,patent_concept,1,79296485
patent::79296485,concept::METHANEDIONE,patent_concept,1,79296485
patent::79296485,concept::METHANEDIONE ELECTROCHEMICAL UTILIZATION,patent_concept,1,79296485
patent::79296485,country::DE,patent_country,1,79296485
patent::79296485,priority_year::2016,patent_priority_year,1,79296485
patent::79296485,legal_state::DEAD,patent_legal_state,1,79296485
patent::79296485,focus::Non-noble candidate,patent_focus,1,79296485
patent::79296485,focus::GDE,patent_focus,1,79296485
patent::105493992,assignee::JIANGSU UNIVERSITY,patent_assignee,1,105493992
patent::105493992,domain::Micro-structure and nano-technology,patent_domain,1,105493992
patent::105493992,"domain::Surface technology, coating",patent_domain,1,105493992
patent::105493992,cpc_group::B82Y,patent_cpc_group,1,105493992
patent::105493992,cpc_group::C25B,patent_cpc_group,1,105493992
patent::105493992,cpc_code::B82Y-030/00,patent_cpc_code,1,105493992
patent::105493992,cpc_code::B82Y-040/00,patent_cpc_code,1,105493992
patent::105493992,cpc_code::C25B-001/23,patent_cpc_code,1,105493992
patent::105493992,cpc_code::C25B-001/50,patent_cpc_code,1,105493992
patent::105493992,cpc_code::C25B-011/054,patent_cpc_code,1,105493992
patent::105493992,cpc_code::C25B-011/065,patent_cpc_code,1,105493992
patent::105493992,cpc_code::C25B-011/091,patent_cpc_code,1,105493992
patent::105493992,ipc_group::B82Y,patent_ipc_group,1,105493992
patent::105493992,ipc_group::C25B,patent_ipc_group,1,105493992
patent::105493992,ipc_code::B82Y-030/00,patent_ipc_code,1,105493992
patent::105493992,ipc_code::B82Y-040/00,patent_ipc_code,1,105493992
patent::105493992,ipc_code::C25B-001/23,patent_ipc_code,1,105493992
patent::105493992,ipc_code::C25B-001/50,patent_ipc_code,1,105493992
patent::105493992,ipc_code::C25B-011/054,patent_ipc_code,1,105493992
patent::105493992,ipc_code::C25B-011/065,patent_ipc_code,1,105493992
patent::105493992,ipc_code::C25B-011/091,patent_ipc_code,1,105493992
patent::105493992,concept::COMPOSITE NANO CATALYST,patent_concept,1,105493992
patent::105493992,concept::ELECTROCATALYTIC CARBON DIOXIDE,patent_concept,1,105493992
patent::105493992,concept::SILVER COMPOSITE NANO CATALYST,patent_concept,1,105493992
patent::105493992,concept::REINFORCED PLATINUM SHEET,patent_concept,1,105493992
patent::105493992,concept::CU AG COMPOSITE,patent_concept,1,105493992
patent::105493992,concept::COMPOSITE CATALYTIC ELECTRODE,patent_concept,1,105493992
patent::105493992,concept::SATURATED ELECTROLYTE SOLUTION,patent_concept,1,105493992
patent::105493992,country::CN,patent_country,1,105493992
patent::105493992,priority_year::2022,patent_priority_year,1,105493992
patent::105493992,legal_state::ALIVE,patent_legal_state,1,105493992
patent::105493992,focus::Non-noble candidate,patent_focus,1,105493992
patent::97840083,assignee::SHANDONG UNIVERSITY OF SCIENCE & TECHNOLOGY,patent_assignee,1,97840083
patent::97840083,"domain::Surface technology, coating",patent_domain,1,97840083
patent::97840083,cpc_group::C25B,patent_cpc_group,1,97840083
patent::97840083,cpc_code::C25B-001/02,patent_cpc_code,1,97840083
patent::97840083,cpc_code::C25B-001/23,patent_cpc_code,1,97840083
patent::97840083,cpc_code::C25B-001/50,patent_cpc_code,1,97840083
patent::97840083,cpc_code::C25B-011/031,patent_cpc_code,1,97840083
patent::97840083,cpc_code::C25B-011/067,patent_cpc_code,1,97840083
patent::97840083,cpc_code::C25B-011/091,patent_cpc_code,1,97840083
patent::97840083,ipc_group::C25B,patent_ipc_group,1,97840083
patent::97840083,ipc_code::C25B-001/02,patent_ipc_code,1,97840083
patent::97840083,ipc_code::C25B-001/23,patent_ipc_code,1,97840083
patent::97840083,ipc_code::C25B-001/50,patent_ipc_code,1,97840083
patent::97840083,ipc_code::C25B-011/031,patent_ipc_code,1,97840083
patent::97840083,ipc_code::C25B-011/067,patent_ipc_code,1,97840083
patent::97840083,ipc_code::C25B-011/091,patent_ipc_code,1,97840083
patent::97840083,concept::NANOMICRON MULTILEVEL,patent_concept,1,97840083
patent::97840083,concept::OXIDE ELECTROLYTIC CELL,patent_concept,1,97840083
patent::97840083,concept::SOLID OXIDE ELECTROLYTIC CELL,patent_concept,1,97840083
patent::97840083,concept::STRUCTURE COMPOSITE FUEL ELECTRODE,patent_concept,1,97840083
patent::97840083,concept::ABXB YO,patent_concept,1,97840083
patent::97840083,concept::METHODXB YO,patent_concept,1,97840083
patent::97840083,country::CN,patent_country,1,97840083
patent::97840083,priority_year::2021,patent_priority_year,1,97840083
patent::97840083,legal_state::ALIVE,patent_legal_state,1,97840083
patent::97840083,focus::Non-noble candidate,patent_focus,1,97840083
patent::75026979,assignee::SIEMENS ENERGY,patent_assignee,1,75026979
patent::75026979,"domain::Materials, metallurgy",patent_domain,1,75026979
patent::75026979,"domain::Surface technology, coating",patent_domain,1,75026979
patent::75026979,cpc_group::C25B,patent_cpc_group,1,75026979
patent::75026979,cpc_code::C25B-001/00,patent_cpc_code,1,75026979
patent::75026979,cpc_code::C25B-001/01,patent_cpc_code,1,75026979
patent::75026979,cpc_code::C25B-001/14,patent_cpc_code,1,75026979
patent::75026979,cpc_code::C25B-001/23,patent_cpc_code,1,75026979
patent::75026979,cpc_code::C25B-001/26,patent_cpc_code,1,75026979
patent::75026979,cpc_code::C25B-003/03,patent_cpc_code,1,75026979
patent::75026979,cpc_code::C25B-003/04,patent_cpc_code,1,75026979
patent::75026979,cpc_code::C25B-003/07,patent_cpc_code,1,75026979
patent::75026979,cpc_code::C25B-003/25,patent_cpc_code,1,75026979
patent::75026979,cpc_code::C25B-003/26,patent_cpc_code,1,75026979
patent::75026979,ipc_group::C01B,patent_ipc_group,1,75026979
patent::75026979,ipc_group::C01D,patent_ipc_group,1,75026979
patent::75026979,ipc_group::C25B,patent_ipc_group,1,75026979
patent::75026979,ipc_code::C01B-032/40,patent_ipc_code,1,75026979
patent::75026979,ipc_code::C01D-007/07,patent_ipc_code,1,75026979
patent::75026979,ipc_code::C25B-001/00,patent_ipc_code,1,75026979
patent::75026979,ipc_code::C25B-001/14,patent_ipc_code,1,75026979
patent::75026979,ipc_code::C25B-001/23,patent_ipc_code,1,75026979
patent::75026979,ipc_code::C25B-001/26,patent_ipc_code,1,75026979
patent::75026979,ipc_code::C25B-003/04,patent_ipc_code,1,75026979
patent::75026979,ipc_code::C25B-003/25,patent_ipc_code,1,75026979
patent::75026979,concept::ALKALI BICARBONATE,patent_concept,1,75026979
patent::75026979,concept::ALKALI CARBONATE,patent_concept,1,75026979
patent::75026979,country::DE,patent_country,1,75026979
patent::75026979,priority_year::2015,patent_priority_year,1,75026979
patent::75026979,legal_state::ALIVE,patent_legal_state,1,75026979
patent::75026979,focus::Non-noble candidate,patent_focus,1,75026979
patent::98314273,assignee::ELECTROCHEMICALS ZRT,patent_assignee,1,98314273
patent::98314273,assignee::UNIVERSITY OF SZEGED,patent_assignee,1,98314273
patent::98314273,assignee::THALESNANO,patent_assignee,1,98314273
patent::98314273,"domain::Surface technology, coating",patent_domain,1,98314273
patent::98314273,cpc_group::C25B,patent_cpc_group,1,98314273
patent::98314273,cpc_group::Y02E,patent_cpc_group,1,98314273
patent::98314273,cpc_group::Y02P,patent_cpc_group,1,98314273
patent::98314273,cpc_code::C25B-001/22,patent_cpc_code,1,98314273
patent::98314273,cpc_code::C25B-001/23,patent_cpc_code,1,98314273
patent::98314273,cpc_code::C25B-001/27,patent_cpc_code,1,98314273
patent::98314273,cpc_code::C25B-003/03,patent_cpc_code,1,98314273
patent::98314273,cpc_code::C25B-003/07,patent_cpc_code,1,98314273
patent::98314273,cpc_code::C25B-003/26,patent_cpc_code,1,98314273
patent::98314273,cpc_code::C25B-009/19,patent_cpc_code,1,98314273
patent::98314273,cpc_code::C25B-009/23,patent_cpc_code,1,98314273
patent::98314273,cpc_code::C25B-009/77,patent_cpc_code,1,98314273
patent::98314273,cpc_code::C25B-011/032,patent_cpc_code,1,98314273
patent::98314273,ipc_group::C25B,patent_ipc_group,1,98314273
patent::98314273,ipc_code::C25B-001/22,patent_ipc_code,1,98314273
patent::98314273,ipc_code::C25B-001/23,patent_ipc_code,1,98314273
patent::98314273,ipc_code::C25B-001/27,patent_ipc_code,1,98314273
patent::98314273,ipc_code::C25B-003/03,patent_ipc_code,1,98314273
patent::98314273,ipc_code::C25B-003/07,patent_ipc_code,1,98314273
patent::98314273,ipc_code::C25B-003/26,patent_ipc_code,1,98314273
patent::98314273,ipc_code::C25B-009/19,patent_ipc_code,1,98314273
patent::98314273,ipc_code::C25B-009/23,patent_ipc_code,1,98314273
patent::98314273,concept::CARBON DIOXIDE ELECTROLYZER,patent_concept,1,98314273
patent::98314273,concept::CARBON DIOXIDE ELECTROLYZER PERFORMANCE,patent_concept,1,98314273
patent::98314273,concept::CATHODE COMPARTMENT,patent_concept,1,98314273
patent::98314273,concept::CO2A,patent_concept,1,98314273
patent::98314273,concept::ELECTROLYSIS CONVERSION,patent_concept,1,98314273
patent::98314273,country::EP,patent_country,1,98314273
patent::98314273,country::HU,patent_country,1,98314273
patent::98314273,country::RS,patent_country,1,98314273
patent::98314273,priority_year::2020,patent_priority_year,1,98314273
patent::98314273,legal_state::ALIVE,patent_legal_state,1,98314273
patent::98314273,focus::Non-noble candidate,patent_focus,1,98314273
patent::98314273,focus::GDE,patent_focus,1,98314273
patent::81302402,assignee::TOSHIBA,patent_assignee,1,81302402
patent::81302402,domain::Organic fine chemistry,patent_domain,1,81302402
patent::81302402,"domain::Surface technology, coating",patent_domain,1,81302402
patent::81302402,cpc_group::C07C,patent_cpc_group,1,81302402
patent::81302402,cpc_group::C25B,patent_cpc_group,1,81302402
patent::81302402,cpc_group::Y02E,patent_cpc_group,1,81302402
patent::81302402,cpc_code::C07C-029/153,patent_cpc_code,1,81302402
patent::81302402,cpc_code::C25B-001/00,patent_cpc_code,1,81302402
patent::81302402,cpc_code::C25B-001/04,patent_cpc_code,1,81302402
patent::81302402,cpc_code::C25B-001/10,patent_cpc_code,1,81302402
patent::81302402,cpc_code::C25B-003/04,patent_cpc_code,1,81302402
patent::81302402,cpc_code::C25B-003/25,patent_cpc_code,1,81302402
patent::81302402,cpc_code::C25B-009/08,patent_cpc_code,1,81302402
patent::81302402,cpc_code::C25B-009/17,patent_cpc_code,1,81302402
patent::81302402,cpc_code::C25B-009/19,patent_cpc_code,1,81302402
patent::81302402,cpc_code::C25B-009/73,patent_cpc_code,1,81302402
patent::81302402,ipc_group::C07C,patent_ipc_group,1,81302402
patent::81302402,ipc_group::C25B,patent_ipc_group,1,81302402
patent::81302402,ipc_code::C07C-029/153,patent_ipc_code,1,81302402
patent::81302402,ipc_code::C25B-003/25,patent_ipc_code,1,81302402
patent::81302402,ipc_code::C25B-009/17,patent_ipc_code,1,81302402
patent::81302402,ipc_code::C25B-009/19,patent_ipc_code,1,81302402
patent::81302402,ipc_code::C25B-009/23,patent_ipc_code,1,81302402
patent::81302402,ipc_code::C25B-009/73,patent_ipc_code,1,81302402
patent::81302402,ipc_code::C25B-015/08,patent_ipc_code,1,81302402
patent::81302402,concept::CARBON DIOXIDE ELECTROLYTIC DEVICE,patent_concept,1,81302402
patent::81302402,concept::CATHODE SOLUTION,patent_concept,1,81302402
patent::81302402,concept::ELECTROLYTIC DEVICE,patent_concept,1,81302402
patent::81302402,concept::FUEL CELL,patent_concept,1,81302402
patent::81302402,concept::METHANEDIONE,patent_concept,1,81302402
patent::81302402,country::JP,patent_country,1,81302402
patent::81302402,priority_year::2017,patent_priority_year,1,81302402
patent::81302402,legal_state::ALIVE,patent_legal_state,1,81302402
patent::81302402,focus::AEM,patent_focus,1,81302402
patent::81302402,focus::Non-noble candidate,patent_focus,1,81302402
patent::81302402,focus::GDE,patent_focus,1,81302402
patent::83051660,assignee::SIEMENS ENERGY,patent_assignee,1,83051660
patent::83051660,"domain::Surface technology, coating",patent_domain,1,83051660
patent::83051660,cpc_group::C25B,patent_cpc_group,1,83051660
patent::83051660,cpc_code::C25B-001/00,patent_cpc_code,1,83051660
patent::83051660,cpc_code::C25B-009/02,patent_cpc_code,1,83051660
patent::83051660,cpc_code::C25B-009/10,patent_cpc_code,1,83051660
patent::83051660,cpc_code::C25B-009/19,patent_cpc_code,1,83051660
patent::83051660,cpc_code::C25B-009/23,patent_cpc_code,1,83051660
patent::83051660,cpc_code::C25B-009/63,patent_cpc_code,1,83051660
patent::83051660,ipc_group::C25B,patent_ipc_group,1,83051660
patent::83051660,ipc_code::C25B-001/00,patent_ipc_code,1,83051660
patent::83051660,ipc_code::C25B-003/25,patent_ipc_code,1,83051660
patent::83051660,ipc_code::C25B-009/08,patent_ipc_code,1,83051660
patent::83051660,ipc_code::C25B-009/10,patent_ipc_code,1,83051660
patent::83051660,ipc_code::C25B-009/19,patent_ipc_code,1,83051660
patent::83051660,ipc_code::C25B-009/23,patent_ipc_code,1,83051660
patent::83051660,concept::ACID ELECTROLYTE,patent_concept,1,83051660
patent::83051660,concept::CARBON DIOXIDE REDUCTION,patent_concept,1,83051660
patent::83051660,concept::CATHODE COMPARTMENT,patent_concept,1,83051660
patent::83051660,concept::CO2 ELECTROLYSIS,patent_concept,1,83051660
patent::83051660,concept::ELECTROLYSIS CELL,patent_concept,1,83051660
patent::83051660,country::DE,patent_country,1,83051660
patent::83051660,priority_year::2017,patent_priority_year,1,83051660
patent::83051660,legal_state::ALIVE,patent_legal_state,1,83051660
patent::83051660,focus::AEM,patent_focus,1,83051660
patent::83051660,focus::Non-noble candidate,patent_focus,1,83051660
patent::83051660,focus::GDE,patent_focus,1,83051660
patent::77856561,assignee::SIEMENS ENERGY,patent_assignee,1,77856561
patent::77856561,"domain::Surface technology, coating",patent_domain,1,77856561
patent::77856561,cpc_group::C25B,patent_cpc_group,1,77856561
patent::77856561,cpc_code::C25B-001/00,patent_cpc_code,1,77856561
patent::77856561,cpc_code::C25B-003/04,patent_cpc_code,1,77856561
patent::77856561,cpc_code::C25B-003/25,patent_cpc_code,1,77856561
patent::77856561,cpc_code::C25B-009/10,patent_cpc_code,1,77856561
patent::77856561,cpc_code::C25B-009/23,patent_cpc_code,1,77856561
patent::77856561,cpc_code::C25B-011/03/5,patent_cpc_code,1,77856561
patent::77856561,cpc_code::C25B-011/031,patent_cpc_code,1,77856561
patent::77856561,cpc_code::C25B-011/04/47,patent_cpc_code,1,77856561
patent::77856561,cpc_code::C25B-011/075,patent_cpc_code,1,77856561
patent::77856561,cpc_code::C25B-013/08,patent_cpc_code,1,77856561
patent::77856561,ipc_group::C25B,patent_ipc_group,1,77856561
patent::77856561,ipc_code::C25B-001/00,patent_ipc_code,1,77856561
patent::77856561,ipc_code::C25B-003/04,patent_ipc_code,1,77856561
patent::77856561,ipc_code::C25B-003/25,patent_ipc_code,1,77856561
patent::77856561,ipc_code::C25B-009/10,patent_ipc_code,1,77856561
patent::77856561,ipc_code::C25B-009/19,patent_ipc_code,1,77856561
patent::77856561,ipc_code::C25B-009/23,patent_ipc_code,1,77856561
patent::77856561,ipc_code::C25B-011/00,patent_ipc_code,1,77856561
patent::77856561,ipc_code::C25B-011/03,patent_ipc_code,1,77856561
patent::77856561,concept::ANION SELECTIVE POLYMER LAYER,patent_concept,1,77856561
patent::77856561,concept::CARBON DIOXIDE ELECTROCHEMICAL UTILIZATION,patent_concept,1,77856561
patent::77856561,concept::CATHODE COMPARTMENT,patent_concept,1,77856561
patent::77856561,concept::ELECTRO CHEMICAL UTILIZATION,patent_concept,1,77856561
patent::77856561,country::DE,patent_country,1,77856561
patent::77856561,priority_year::2016,patent_priority_year,1,77856561
patent::77856561,legal_state::ALIVE,patent_legal_state,1,77856561
patent::77856561,focus::Non-noble candidate,patent_focus,1,77856561
patent::77856561,focus::GDE,patent_focus,1,77856561
patent::109733203,assignee::CHINA AUTOMOTIVE TECHNOLOGY & RESEARCH CENTER,patent_assignee,1,109733203
patent::109733203,domain::Micro-structure and nano-technology,patent_domain,1,109733203
patent::109733203,"domain::Surface technology, coating",patent_domain,1,109733203
patent::109733203,cpc_group::B82Y,patent_cpc_group,1,109733203
patent::109733203,cpc_group::C25B,patent_cpc_group,1,109733203
patent::109733203,cpc_group::C25C,patent_cpc_group,1,109733203
patent::109733203,cpc_code::B82Y-030/00,patent_cpc_code,1,109733203
patent::109733203,cpc_code::C25B-003/03,patent_cpc_code,1,109733203
patent::109733203,cpc_code::C25B-003/07,patent_cpc_code,1,109733203
patent::109733203,cpc_code::C25B-003/09,patent_cpc_code,1,109733203
patent::109733203,cpc_code::C25B-003/26,patent_cpc_code,1,109733203
patent::109733203,cpc_code::C25B-011/04,patent_cpc_code,1,109733203
patent::109733203,cpc_code::C25C-001/12,patent_cpc_code,1,109733203
patent::109733203,ipc_group::B82Y,patent_ipc_group,1,109733203
patent::109733203,ipc_group::C25B,patent_ipc_group,1,109733203
patent::109733203,ipc_group::C25C,patent_ipc_group,1,109733203
patent::109733203,ipc_code::B82Y-030/00,patent_ipc_code,1,109733203
patent::109733203,ipc_code::C25B-003/03,patent_ipc_code,1,109733203
patent::109733203,ipc_code::C25B-003/07,patent_ipc_code,1,109733203
patent::109733203,ipc_code::C25B-003/09,patent_ipc_code,1,109733203
patent::109733203,ipc_code::C25B-003/26,patent_ipc_code,1,109733203
patent::109733203,ipc_code::C25B-011/04,patent_ipc_code,1,109733203
patent::109733203,ipc_code::C25C-001/12,patent_ipc_code,1,109733203
patent::109733203,concept::CARBON DIOXIDE ELECTROREDUCTION CATALYST,patent_concept,1,109733203
patent::109733203,concept::ELECTROREDUCTION CATALYST,patent_concept,1,109733203
patent::109733203,concept::ORGANIC LIGAND,patent_concept,1,109733203
patent::109733203,concept::LIGAND POLYMER,patent_concept,1,109733203
patent::109733203,concept::COPPER PRECURSOR,patent_concept,1,109733203
patent::109733203,concept::HYDROCARBON SELECTIVITY,patent_concept,1,109733203
patent::109733203,concept::COPPER NANOPARTICLE CATALYST,patent_concept,1,109733203
patent::109733203,concept::CU CATALYST ETHYLENE,patent_concept,1,109733203
patent::109733203,concept::ULTRASONIC DISPERSING,patent_concept,1,109733203
patent::109733203,concept::POLYMER DISPERSION LIQUID,patent_concept,1,109733203
patent::109733203,country::CN,patent_country,1,109733203
patent::109733203,priority_year::2024,patent_priority_year,1,109733203
patent::109733203,legal_state::ALIVE,patent_legal_state,1,109733203
patent::109733203,focus::Non-noble candidate,patent_focus,1,109733203
patent::109733203,focus::GDE,patent_focus,1,109733203
patent::111363754,assignee::KUNMING UNIVERSITY OF SCIENCE & TECHNOLOGY,patent_assignee,1,111363754
patent::111363754,"domain::Surface technology, coating",patent_domain,1,111363754
patent::111363754,cpc_group::C25B,patent_cpc_group,1,111363754
patent::111363754,cpc_code::C25B-001/23,patent_cpc_code,1,111363754
patent::111363754,cpc_code::C25B-003/26,patent_cpc_code,1,111363754
patent::111363754,cpc_code::C25B-009/23,patent_cpc_code,1,111363754
patent::111363754,ipc_group::C25B,patent_ipc_group,1,111363754
patent::111363754,ipc_code::C25B-001/23,patent_ipc_code,1,111363754
patent::111363754,ipc_code::C25B-003/26,patent_ipc_code,1,111363754
patent::111363754,ipc_code::C25B-009/23,patent_ipc_code,1,111363754
patent::111363754,concept::CARBON DIOXIDE ELECTROREDUCTION,patent_concept,1,111363754
patent::111363754,concept::CHLORIDE ELECTROOXIDATION COUPLING,patent_concept,1,111363754
patent::111363754,concept::DIAPHRAGM SYNERGISTIC ELECTROLYSIS,patent_concept,1,111363754
patent::111363754,concept::LAYER ELECTROCHEMICAL DIAPHRAGM,patent_concept,1,111363754
patent::111363754,concept::METAL CHLORIDE ELECTROOXIDATION,patent_concept,1,111363754
patent::111363754,concept::METAL CHLORIDE ELECTROOXIDATION COUPLING,patent_concept,1,111363754
patent::111363754,concept::POROUS ELECTROCHEMICAL MEMBRANE,patent_concept,1,111363754
patent::111363754,concept::SYNERGISTIC ELECTROLYSIS,patent_concept,1,111363754
patent::111363754,concept::MEMBRANE SYNERGISTIC ELECTROLYSIS,patent_concept,1,111363754
patent::111363754,concept::FLOWABLE LIQUID ELECTROCHEMICAL MEMBRANE,patent_concept,1,111363754
patent::111363754,country::CN,patent_country,1,111363754
patent::111363754,priority_year::2024,patent_priority_year,1,111363754
patent::111363754,legal_state::ALIVE,patent_legal_state,1,111363754
patent::111363754,focus::Non-noble candidate,patent_focus,1,111363754
patent::82742757,assignee::COVESTRO,patent_assignee,1,82742757
patent::82742757,"domain::Surface technology, coating",patent_domain,1,82742757
patent::82742757,cpc_group::C25B,patent_cpc_group,1,82742757
patent::82742757,cpc_code::C25B-001/00,patent_cpc_code,1,82742757
patent::82742757,cpc_code::C25B-001/23,patent_cpc_code,1,82742757
patent::82742757,cpc_code::C25B-003/26,patent_cpc_code,1,82742757
patent::82742757,cpc_code::C25B-011/03/5,patent_cpc_code,1,82742757
patent::82742757,cpc_code::C25B-011/031,patent_cpc_code,1,82742757
patent::82742757,cpc_code::C25B-011/032,patent_cpc_code,1,82742757
patent::82742757,cpc_code::C25B-011/04/84,patent_cpc_code,1,82742757
patent::82742757,cpc_code::C25B-011/04/89,patent_cpc_code,1,82742757
patent::82742757,cpc_code::C25B-011/054,patent_cpc_code,1,82742757
patent::82742757,cpc_code::C25B-011/055,patent_cpc_code,1,82742757
patent::82742757,ipc_group::C25B,patent_ipc_group,1,82742757
patent::82742757,ipc_code::C25B-001/00,patent_ipc_code,1,82742757
patent::82742757,ipc_code::C25B-001/02,patent_ipc_code,1,82742757
patent::82742757,ipc_code::C25B-001/23,patent_ipc_code,1,82742757
patent::82742757,ipc_code::C25B-001/26,patent_ipc_code,1,82742757
patent::82742757,ipc_code::C25B-011/03,patent_ipc_code,1,82742757
patent::82742757,ipc_code::C25B-011/032,patent_ipc_code,1,82742757
patent::82742757,ipc_code::C25B-011/04,patent_ipc_code,1,82742757
patent::82742757,ipc_code::C25B-011/081,patent_ipc_code,1,82742757
patent::82742757,concept::ALKALI CHLORIDE,patent_concept,1,82742757
patent::82742757,concept::CARBON DIOXIDE ELECTROCHEMICAL CONVERSION,patent_concept,1,82742757
patent::82742757,concept::CARBON DIOXIDE REDUCTION,patent_concept,1,82742757
patent::82742757,concept::CHLORO ALKALINE ELECTROLYSIS,patent_concept,1,82742757
patent::82742757,concept::ELECTROCHEMICAL CONVERSION,patent_concept,1,82742757
patent::82742757,concept::ELECTROLYSIS CELL,patent_concept,1,82742757
patent::82742757,concept::ELECTROLYZER,patent_concept,1,82742757
patent::82742757,country::EP,patent_country,1,82742757
patent::82742757,country::DE,patent_country,1,82742757
patent::82742757,priority_year::2017,patent_priority_year,1,82742757
patent::82742757,legal_state::ALIVE,patent_legal_state,1,82742757
patent::82742757,focus::Non-noble candidate,patent_focus,1,82742757
patent::82742757,focus::GDE,patent_focus,1,82742757
patent::98666737,assignee::INSTITUTE OF PROCESS ENGINEERING - CHINESE ACADEMY OF SCIENCES,patent_assignee,1,98666737
patent::98666737,assignee::ZHENGZHOU INSTITUTE OF EMERGING INDUSTRIAL TECHNOLOGY,patent_assignee,1,98666737
patent::98666737,"domain::Surface technology, coating",patent_domain,1,98666737
patent::98666737,cpc_group::C25B,patent_cpc_group,1,98666737
patent::98666737,cpc_code::C25B-003/07,patent_cpc_code,1,98666737
patent::98666737,cpc_code::C25B-003/26,patent_cpc_code,1,98666737
patent::98666737,cpc_code::C25B-011/061,patent_cpc_code,1,98666737
patent::98666737,cpc_code::C25B-011/095,patent_cpc_code,1,98666737
patent::98666737,ipc_group::C25B,patent_ipc_group,1,98666737
patent::98666737,ipc_code::C25B-003/07,patent_ipc_code,1,98666737
patent::98666737,ipc_code::C25B-003/26,patent_ipc_code,1,98666737
patent::98666737,ipc_code::C25B-011/061,patent_ipc_code,1,98666737
patent::98666737,ipc_code::C25B-011/095,patent_ipc_code,1,98666737
patent::98666737,concept::CARBON DIOXIDE ELECTROCATALYTIC REDUCTION,patent_concept,1,98666737
patent::98666737,concept::ELECTROCATALYTIC REDUCTION,patent_concept,1,98666737
patent::98666737,concept::IONIC LIQUID,patent_concept,1,98666737
patent::98666737,concept::IONIC LIQUID MEDIUM,patent_concept,1,98666737
patent::98666737,concept::METAL SURFACE,patent_concept,1,98666737
patent::98666737,country::CN,patent_country,1,98666737
patent::98666737,priority_year::2021,patent_priority_year,1,98666737
patent::98666737,legal_state::ALIVE,patent_legal_state,1,98666737
patent::98666737,focus::Non-noble candidate,patent_focus,1,98666737
patent::118081624,assignee::TOSHIBA,patent_assignee,1,118081624
patent::118081624,domain::Chemical engineering,patent_domain,1,118081624
patent::118081624,"domain::Surface technology, coating",patent_domain,1,118081624
patent::118081624,cpc_group::C25B,patent_cpc_group,1,118081624
patent::118081624,cpc_code::C25B-001/00,patent_cpc_code,1,118081624
patent::118081624,cpc_code::C25B-001/04,patent_cpc_code,1,118081624
patent::118081624,cpc_code::C25B-001/23,patent_cpc_code,1,118081624
patent::118081624,cpc_code::C25B-001/27,patent_cpc_code,1,118081624
patent::118081624,cpc_code::C25B-003/04,patent_cpc_code,1,118081624
patent::118081624,cpc_code::C25B-003/26,patent_cpc_code,1,118081624
patent::118081624,cpc_code::C25B-009/00,patent_cpc_code,1,118081624
patent::118081624,cpc_code::C25B-009/08,patent_cpc_code,1,118081624
patent::118081624,cpc_code::C25B-009/10,patent_cpc_code,1,118081624
patent::118081624,cpc_code::C25B-009/19,patent_cpc_code,1,118081624
patent::118081624,ipc_group::B01J,patent_ipc_group,1,118081624
patent::118081624,ipc_group::C25B,patent_ipc_group,1,118081624
patent::118081624,ipc_code::B01J-023/00,patent_ipc_code,1,118081624
patent::118081624,ipc_code::B01J-037/02,patent_ipc_code,1,118081624
patent::118081624,ipc_code::B01J-037/08,patent_ipc_code,1,118081624
patent::118081624,ipc_code::C25B-001/04,patent_ipc_code,1,118081624
patent::118081624,ipc_code::C25B-001/23,patent_ipc_code,1,118081624
patent::118081624,ipc_code::C25B-001/27,patent_ipc_code,1,118081624
patent::118081624,ipc_code::C25B-003/03,patent_ipc_code,1,118081624
patent::118081624,ipc_code::C25B-003/07,patent_ipc_code,1,118081624
patent::118081624,concept::ELECTROLYSIS,patent_concept,1,118081624
patent::118081624,concept::ELECTROLYSIS CELL,patent_concept,1,118081624
patent::118081624,concept::ELECTROLYSIS CELL MANUFACTURE,patent_concept,1,118081624
patent::118081624,concept::ELECTROLYTIC CELL,patent_concept,1,118081624
patent::118081624,concept::ELECTROLYTIC DEVICE,patent_concept,1,118081624
patent::118081624,country::JP,patent_country,1,118081624
patent::118081624,priority_year::2024,patent_priority_year,1,118081624
patent::118081624,legal_state::ALIVE,patent_legal_state,1,118081624
patent::118081624,focus::AEM,patent_focus,1,118081624
patent::118081624,focus::Non-noble candidate,patent_focus,1,118081624
patent::105343084,assignee::DALIAN INSTITUTE OF CHEMICAL PHYSICS CHINESE ACADEMY OF SCIENCES,patent_assignee,1,105343084
patent::105343084,"domain::Materials, metallurgy",patent_domain,1,105343084
patent::105343084,"domain::Surface technology, coating",patent_domain,1,105343084
patent::105343084,cpc_group::C01G,patent_cpc_group,1,105343084
patent::105343084,cpc_group::C01P,patent_cpc_group,1,105343084
patent::105343084,cpc_group::C25B,patent_cpc_group,1,105343084
patent::105343084,cpc_group::Y02E,patent_cpc_group,1,105343084
patent::105343084,cpc_code::C01G-045/12/64,patent_cpc_code,1,105343084
patent::105343084,cpc_code::C01G-049/00,patent_cpc_code,1,105343084
patent::105343084,cpc_code::C01G-049/00/18,patent_cpc_code,1,105343084
patent::105343084,cpc_code::C01G-049/00/54,patent_cpc_code,1,105343084
patent::105343084,cpc_code::C01G-049/00/9,patent_cpc_code,1,105343084
patent::105343084,cpc_code::C01P-2002/72,patent_cpc_code,1,105343084
patent::105343084,cpc_code::C01P-2006/40,patent_cpc_code,1,105343084
patent::105343084,cpc_code::C25B-001/00,patent_cpc_code,1,105343084
patent::105343084,cpc_code::C25B-001/04,patent_cpc_code,1,105343084
patent::105343084,cpc_code::C25B-001/23,patent_cpc_code,1,105343084
patent::105343084,ipc_group::C01G,patent_ipc_group,1,105343084
patent::105343084,ipc_group::C25B,patent_ipc_group,1,105343084
patent::105343084,ipc_code::C01G-049/00,patent_ipc_code,1,105343084
patent::105343084,ipc_code::C25B-001/23,patent_ipc_code,1,105343084
patent::105343084,ipc_code::C25B-001/50,patent_ipc_code,1,105343084
patent::105343084,ipc_code::C25B-003/03,patent_ipc_code,1,105343084
patent::105343084,ipc_code::C25B-003/26,patent_ipc_code,1,105343084
patent::105343084,ipc_code::C25B-011/091,patent_ipc_code,1,105343084
patent::105343084,concept::ELECTROLYTIC CELL CATHODE MATERIAL,patent_concept,1,105343084
patent::105343084,concept::ELECTROLYTIC CELL SIDE MATERIAL,patent_concept,1,105343084
patent::105343084,concept::FERRIERITE TYPE STRUCTURE,patent_concept,1,105343084
patent::105343084,concept::FERRIERITE TYPE STRUCTURE OXIDE,patent_concept,1,105343084
patent::105343084,concept::OXIDE,patent_concept,1,105343084
patent::105343084,concept::OXYGEN VACANCY,patent_concept,1,105343084
patent::105343084,concept::PEROVSKITE STRUCTURE,patent_concept,1,105343084
patent::105343084,country::CN,patent_country,1,105343084
patent::105343084,priority_year::2021,patent_priority_year,1,105343084
patent::105343084,legal_state::ALIVE,patent_legal_state,1,105343084
patent::105343084,focus::Non-noble candidate,patent_focus,1,105343084
patent::87919517,assignee::TOSHIBA,patent_assignee,1,87919517
patent::87919517,domain::Analysis of biological materials,patent_domain,1,87919517
patent::87919517,domain::Organic fine chemistry,patent_domain,1,87919517
patent::87919517,"domain::Surface technology, coating",patent_domain,1,87919517
patent::87919517,cpc_group::C07C,patent_cpc_group,1,87919517
patent::87919517,cpc_group::C25B,patent_cpc_group,1,87919517
patent::87919517,cpc_group::G01N,patent_cpc_group,1,87919517
patent::87919517,cpc_group::Y02E,patent_cpc_group,1,87919517
patent::87919517,cpc_code::C07C-029/153,patent_cpc_code,1,87919517
patent::87919517,cpc_code::C25B-001/04,patent_cpc_code,1,87919517
patent::87919517,cpc_code::C25B-001/10,patent_cpc_code,1,87919517
patent::87919517,cpc_code::C25B-001/23,patent_cpc_code,1,87919517
patent::87919517,cpc_code::C25B-003/03,patent_cpc_code,1,87919517
patent::87919517,cpc_code::C25B-003/04,patent_cpc_code,1,87919517
patent::87919517,cpc_code::C25B-003/07,patent_cpc_code,1,87919517
patent::87919517,cpc_code::C25B-003/25,patent_cpc_code,1,87919517
patent::87919517,cpc_code::C25B-003/26,patent_cpc_code,1,87919517
patent::87919517,cpc_code::C25B-009/19,patent_cpc_code,1,87919517
patent::87919517,ipc_group::C07C,patent_ipc_group,1,87919517
patent::87919517,ipc_group::C25B,patent_ipc_group,1,87919517
patent::87919517,ipc_group::G01N,patent_ipc_group,1,87919517
patent::87919517,ipc_code::C07C-029/153,patent_ipc_code,1,87919517
patent::87919517,ipc_code::C25B-001/23,patent_ipc_code,1,87919517
patent::87919517,ipc_code::C25B-003/03,patent_ipc_code,1,87919517
patent::87919517,ipc_code::C25B-003/07,patent_ipc_code,1,87919517
patent::87919517,ipc_code::C25B-003/25,patent_ipc_code,1,87919517
patent::87919517,ipc_code::C25B-003/26,patent_ipc_code,1,87919517
patent::87919517,ipc_code::C25B-009/19,patent_ipc_code,1,87919517
patent::87919517,ipc_code::C25B-009/73,patent_ipc_code,1,87919517
patent::87919517,concept::CARBON DIOXIDE ELECTROLYTIC DEVICE,patent_concept,1,87919517
patent::87919517,concept::CARBON DIOXIDE ELECTROLYTIC EQUIPMENT,patent_concept,1,87919517
patent::87919517,concept::CARBON DIOXIDE ELECTROLYZER,patent_concept,1,87919517
patent::87919517,concept::CATHODE FLOW PATH,patent_concept,1,87919517
patent::87919517,concept::ELECTROLYTIC DEVICE,patent_concept,1,87919517
patent::87919517,country::JP,patent_country,1,87919517
patent::87919517,priority_year::2018,patent_priority_year,1,87919517
patent::87919517,legal_state::ALIVE,patent_legal_state,1,87919517
patent::87919517,focus::Non-noble candidate,patent_focus,1,87919517
patent::87919517,focus::GDE,patent_focus,1,87919517
patent::86130749,assignee::TOSHIBA,patent_assignee,1,86130749
patent::86130749,"domain::Surface technology, coating",patent_domain,1,86130749
patent::86130749,cpc_group::C25B,patent_cpc_group,1,86130749
patent::86130749,cpc_group::Y02E,patent_cpc_group,1,86130749
patent::86130749,cpc_code::C25B-001/00,patent_cpc_code,1,86130749
patent::86130749,cpc_code::C25B-001/04,patent_cpc_code,1,86130749
patent::86130749,cpc_code::C25B-001/10,patent_cpc_code,1,86130749
patent::86130749,cpc_code::C25B-001/12,patent_cpc_code,1,86130749
patent::86130749,cpc_code::C25B-001/23,patent_cpc_code,1,86130749
patent::86130749,cpc_code::C25B-003/26,patent_cpc_code,1,86130749
patent::86130749,cpc_code::C25B-009/00,patent_cpc_code,1,86130749
patent::86130749,cpc_code::C25B-009/04,patent_cpc_code,1,86130749
patent::86130749,cpc_code::C25B-009/05,patent_cpc_code,1,86130749
patent::86130749,cpc_code::C25B-009/10,patent_cpc_code,1,86130749
patent::86130749,ipc_group::C25B,patent_ipc_group,1,86130749
patent::86130749,ipc_code::C25B-001/23,patent_ipc_code,1,86130749
patent::86130749,ipc_code::C25B-003/26,patent_ipc_code,1,86130749
patent::86130749,ipc_code::C25B-009/05,patent_ipc_code,1,86130749
patent::86130749,ipc_code::C25B-009/23,patent_ipc_code,1,86130749
patent::86130749,ipc_code::C25B-009/65,patent_ipc_code,1,86130749
patent::86130749,ipc_code::C25B-009/73,patent_ipc_code,1,86130749
patent::86130749,ipc_code::C25B-015/029,patent_ipc_code,1,86130749
patent::86130749,ipc_code::C25B-015/08,patent_ipc_code,1,86130749
patent::86130749,concept::ANODE FLOW PATH,patent_concept,1,86130749
patent::86130749,concept::ANODE VICINITY,patent_concept,1,86130749
patent::86130749,concept::CARBON COMPOUND,patent_concept,1,86130749
patent::86130749,concept::CARBON DIOXIDE ELECTROLYSIS,patent_concept,1,86130749
patent::86130749,concept::CARBON DIOXIDE ELECTROLYTIC DEVICE,patent_concept,1,86130749
patent::86130749,concept::CARBON DIOXIDE ELECTROLYZER,patent_concept,1,86130749
patent::86130749,concept::CATHODE FLOW PATH,patent_concept,1,86130749
patent::86130749,concept::CATHODE VICINITY,patent_concept,1,86130749
patent::86130749,country::JP,patent_country,1,86130749
patent::86130749,priority_year::2018,patent_priority_year,1,86130749
patent::86130749,legal_state::ALIVE,patent_legal_state,1,86130749
patent::86130749,focus::Non-noble candidate,patent_focus,1,86130749
patent::86130749,focus::GDE,patent_focus,1,86130749
patent::107513925,assignee::ELECTROCHEMICALS ZRT,patent_assignee,1,107513925
patent::107513925,assignee::UNIVERSITY OF SZEGED,patent_assignee,1,107513925
patent::107513925,assignee::THALESNANO,patent_assignee,1,107513925
patent::107513925,"domain::Surface technology, coating",patent_domain,1,107513925
patent::107513925,cpc_group::C25B,patent_cpc_group,1,107513925
patent::107513925,cpc_code::C25B-001/02,patent_cpc_code,1,107513925
patent::107513925,cpc_code::C25B-001/04,patent_cpc_code,1,107513925
patent::107513925,cpc_code::C25B-001/135,patent_cpc_code,1,107513925
patent::107513925,cpc_code::C25B-001/23,patent_cpc_code,1,107513925
patent::107513925,cpc_code::C25B-003/03,patent_cpc_code,1,107513925
patent::107513925,cpc_code::C25B-003/26,patent_cpc_code,1,107513925
patent::107513925,cpc_code::C25B-009/17,patent_cpc_code,1,107513925
patent::107513925,cpc_code::C25B-009/19,patent_cpc_code,1,107513925
patent::107513925,cpc_code::C25B-009/21,patent_cpc_code,1,107513925
patent::107513925,cpc_code::C25B-009/60,patent_cpc_code,1,107513925
patent::107513925,ipc_group::C25B,patent_ipc_group,1,107513925
patent::107513925,ipc_code::C25B-001/00,patent_ipc_code,1,107513925
patent::107513925,ipc_code::C25B-001/02,patent_ipc_code,1,107513925
patent::107513925,ipc_code::C25B-001/04,patent_ipc_code,1,107513925
patent::107513925,ipc_code::C25B-001/08,patent_ipc_code,1,107513925
patent::107513925,ipc_code::C25B-001/135,patent_ipc_code,1,107513925
patent::107513925,ipc_code::C25B-001/23,patent_ipc_code,1,107513925
patent::107513925,ipc_code::C25B-003/03,patent_ipc_code,1,107513925
patent::107513925,ipc_code::C25B-003/04,patent_ipc_code,1,107513925
patent::107513925,concept::CONVERSION RATE,patent_concept,1,107513925
patent::107513925,concept::ELECTROLYZER STACK,patent_concept,1,107513925
patent::107513925,concept::GAS PHASE PRODUCTION,patent_concept,1,107513925
patent::107513925,concept::GASEOUS CARBON DIOXIDE,patent_concept,1,107513925
patent::107513925,concept::GASEOUS PRODUCT,patent_concept,1,107513925
patent::107513925,country::RU,patent_country,1,107513925
patent::107513925,country::HU,patent_country,1,107513925
patent::107513925,country::RS,patent_country,1,107513925
patent::107513925,priority_year::2019,patent_priority_year,1,107513925
patent::107513925,legal_state::ALIVE,patent_legal_state,1,107513925
patent::107513925,focus::MEA,patent_focus,1,107513925
patent::107513925,focus::Non-noble candidate,patent_focus,1,107513925
patent::107513925,focus::GDE,patent_focus,1,107513925
patent::114057507,assignee::REGENTS OF THE UNIVERSITY OF CALIFORNIA,patent_assignee,1,114057507
patent::114057507,"domain::Surface technology, coating",patent_domain,1,114057507
patent::114057507,cpc_group::C25B,patent_cpc_group,1,114057507
patent::114057507,cpc_code::C25B-001/00,patent_cpc_code,1,114057507
patent::114057507,cpc_code::C25B-001/02,patent_cpc_code,1,114057507
patent::114057507,cpc_code::C25B-001/27,patent_cpc_code,1,114057507
patent::114057507,cpc_code::C25B-003/09,patent_cpc_code,1,114057507
patent::114057507,cpc_code::C25B-003/26,patent_cpc_code,1,114057507
patent::114057507,cpc_code::C25B-013/05,patent_cpc_code,1,114057507
patent::114057507,cpc_code::C25B-015/08,patent_cpc_code,1,114057507
patent::114057507,cpc_code::C25B-015/083,patent_cpc_code,1,114057507
patent::114057507,ipc_group::C25B,patent_ipc_group,1,114057507
patent::114057507,ipc_code::C25B-001/02,patent_ipc_code,1,114057507
patent::114057507,ipc_code::C25B-001/27,patent_ipc_code,1,114057507
patent::114057507,ipc_code::C25B-003/09,patent_ipc_code,1,114057507
patent::114057507,ipc_code::C25B-003/26,patent_ipc_code,1,114057507
patent::114057507,ipc_code::C25B-013/05,patent_ipc_code,1,114057507
patent::114057507,ipc_code::C25B-015/08,patent_ipc_code,1,114057507
patent::114057507,concept::REMOVING HYDROGEN,patent_concept,1,114057507
patent::114057507,concept::ELECTROCHEMICAL HYDROGEN PUMP,patent_concept,1,114057507
patent::114057507,concept::PRODUCT STREAM,patent_concept,1,114057507
patent::114057507,concept::GAS REDUCTION,patent_concept,1,114057507
patent::114057507,concept::ACCUMULATION CHAMBER,patent_concept,1,114057507
patent::114057507,concept::ELECTROLYZER PERFORMANCE,patent_concept,1,114057507
patent::114057507,concept::PALLADIUM MEMBRANE,patent_concept,1,114057507
patent::114057507,concept::GAS REDUCTION INLET,patent_concept,1,114057507
patent::114057507,concept::HYDROGEN REMOVAL INLET,patent_concept,1,114057507
patent::114057507,concept::GAS REDUCTION OUTLET,patent_concept,1,114057507
patent::114057507,country::US,patent_country,1,114057507
patent::114057507,priority_year::2023,patent_priority_year,1,114057507
patent::114057507,legal_state::ALIVE,patent_legal_state,1,114057507
patent::114057507,focus::Non-noble candidate,patent_focus,1,114057507
patent::108569271,assignee::HENAN UNIVERSITY,patent_assignee,1,108569271
patent::108569271,"domain::Surface technology, coating",patent_domain,1,108569271
patent::108569271,cpc_group::C25B,patent_cpc_group,1,108569271
patent::108569271,cpc_code::C25B-001/23,patent_cpc_code,1,108569271
patent::108569271,cpc_code::C25B-011/091,patent_cpc_code,1,108569271
patent::108569271,ipc_group::C25B,patent_ipc_group,1,108569271
patent::108569271,ipc_code::C25B-001/23,patent_ipc_code,1,108569271
patent::108569271,ipc_code::C25B-011/091,patent_ipc_code,1,108569271
patent::108569271,concept::CARBON DIOXIDE ELECTROCATALYTIC REDUCTION,patent_concept,1,108569271
patent::108569271,concept::CODOPED NI MONOATOMIC CATALYST,patent_concept,1,108569271
patent::108569271,concept::ELECTROCATALYTIC REDUCTION,patent_concept,1,108569271
patent::108569271,concept::NITROGEN,patent_concept,1,108569271
patent::108569271,concept::PHOSPHORUS,patent_concept,1,108569271
patent::108569271,concept::NI CATALYST ATOM,patent_concept,1,108569271
patent::108569271,concept::ELECTROCATALYTIC SELECTIVITY,patent_concept,1,108569271
patent::108569271,concept::TRIPHENYLPHOSPHINE,patent_concept,1,108569271
patent::108569271,concept::ELECTROCATALYTICALLY REDUCING CARBON DIOXIDE,patent_concept,1,108569271
patent::108569271,concept::NI ATOM,patent_concept,1,108569271
patent::108569271,country::CN,patent_country,1,108569271
patent::108569271,priority_year::2023,patent_priority_year,1,108569271
patent::108569271,legal_state::ALIVE,patent_legal_state,1,108569271
patent::108569271,focus::Non-noble candidate,patent_focus,1,108569271
patent::77856556,assignee::SIEMENS ENERGY,patent_assignee,1,77856556
patent::77856556,"domain::Surface technology, coating",patent_domain,1,77856556
patent::77856556,cpc_group::C25B,patent_cpc_group,1,77856556
patent::77856556,cpc_code::C25B-001/00,patent_cpc_code,1,77856556
patent::77856556,cpc_code::C25B-003/04,patent_cpc_code,1,77856556
patent::77856556,cpc_code::C25B-003/25,patent_cpc_code,1,77856556
patent::77856556,cpc_code::C25B-009/08,patent_cpc_code,1,77856556
patent::77856556,cpc_code::C25B-009/19,patent_cpc_code,1,77856556
patent::77856556,cpc_code::C25B-013/02,patent_cpc_code,1,77856556
patent::77856556,cpc_code::C25B-015/08,patent_cpc_code,1,77856556
patent::77856556,ipc_group::C25B,patent_ipc_group,1,77856556
patent::77856556,ipc_code::C25B-001/00,patent_ipc_code,1,77856556
patent::77856556,ipc_code::C25B-001/23,patent_ipc_code,1,77856556
patent::77856556,ipc_code::C25B-003/03,patent_ipc_code,1,77856556
patent::77856556,ipc_code::C25B-003/04,patent_ipc_code,1,77856556
patent::77856556,ipc_code::C25B-003/07,patent_ipc_code,1,77856556
patent::77856556,ipc_code::C25B-003/25,patent_ipc_code,1,77856556
patent::77856556,ipc_code::C25B-003/26,patent_ipc_code,1,77856556
patent::77856556,ipc_code::C25B-009/08,patent_ipc_code,1,77856556
patent::77856556,concept::CARBON DIOXIDE ELECTROCHEMICAL UTILIZATION,patent_concept,1,77856556
patent::77856556,concept::CATION PERMEABLE MEMBRANE,patent_concept,1,77856556
patent::77856556,concept::ELECTRO CHEMICAL UTILIZATION,patent_concept,1,77856556
patent::77856556,country::DE,patent_country,1,77856556
patent::77856556,priority_year::2016,patent_priority_year,1,77856556
patent::77856556,legal_state::ALIVE,patent_legal_state,1,77856556
patent::77856556,focus::Non-noble candidate,patent_focus,1,77856556
patent::77856556,focus::GDE,patent_focus,1,77856556
patent::116181184,assignee::ROYAL MELBOURNE INSTITUTE OF TECHNOLOGY,patent_assignee,1,116181184
patent::116181184,domain::Environmental technology,patent_domain,1,116181184
patent::116181184,"domain::Surface technology, coating",patent_domain,1,116181184
patent::116181184,cpc_group::B01D,patent_cpc_group,1,116181184
patent::116181184,cpc_group::C25B,patent_cpc_group,1,116181184
patent::116181184,cpc_code::B01D-053/14/75,patent_cpc_code,1,116181184
patent::116181184,cpc_code::B01D-053/14/93,patent_cpc_code,1,116181184
patent::116181184,cpc_code::B01D-053/32/6,patent_cpc_code,1,116181184
patent::116181184,cpc_code::B01D-2252/204,patent_cpc_code,1,116181184
patent::116181184,cpc_code::B01D-2252/20447,patent_cpc_code,1,116181184
patent::116181184,cpc_code::B01D-2257/504,patent_cpc_code,1,116181184
patent::116181184,cpc_code::C25B-001/00,patent_cpc_code,1,116181184
patent::116181184,cpc_code::C25B-001/23,patent_cpc_code,1,116181184
patent::116181184,cpc_code::C25B-003/03,patent_cpc_code,1,116181184
patent::116181184,cpc_code::C25B-003/07,patent_cpc_code,1,116181184
patent::116181184,ipc_group::B01D,patent_ipc_group,1,116181184
patent::116181184,ipc_group::C25B,patent_ipc_group,1,116181184
patent::116181184,ipc_code::B01D-053/14,patent_ipc_code,1,116181184
patent::116181184,ipc_code::B01D-053/32,patent_ipc_code,1,116181184
patent::116181184,ipc_code::C25B-001/23,patent_ipc_code,1,116181184
patent::116181184,ipc_code::C25B-003/26,patent_ipc_code,1,116181184
patent::116181184,concept::CO2 ELECTROLYSIS,patent_concept,1,116181184
patent::116181184,concept::CATHODE COMPARTMENT,patent_concept,1,116181184
patent::116181184,concept::ANODE COMPARTMENT,patent_concept,1,116181184
patent::116181184,concept::CONVERTING AMINE CAPTURED CO2,patent_concept,1,116181184
patent::116181184,concept::CCH AMINE COMPLEX,patent_concept,1,116181184
patent::116181184,concept::ELECTROLYZER,patent_concept,1,116181184
patent::116181184,concept::ELECTROLYTE,patent_concept,1,116181184
patent::116181184,concept::AMINE CO2 CAPTURE,patent_concept,1,116181184
patent::116181184,concept::CO2 CAPTURE,patent_concept,1,116181184
patent::116181184,concept::AMINE CAPTURED CO2,patent_concept,1,116181184
patent::116181184,country::AU,patent_country,1,116181184
patent::116181184,priority_year::2024,patent_priority_year,1,116181184
patent::116181184,legal_state::ALIVE,patent_legal_state,1,116181184
patent::116181184,focus::AEM,patent_focus,1,116181184
patent::116181184,focus::Non-noble candidate,patent_focus,1,116181184
patent::112323322,assignee::DALIAN INSTITUTE OF CHEMICAL PHYSICS CHINESE ACADEMY OF SCIENCES,patent_assignee,1,112323322
patent::112323322,"domain::Surface technology, coating",patent_domain,1,112323322
patent::112323322,cpc_group::C25B,patent_cpc_group,1,112323322
patent::112323322,cpc_code::C25B-001/23,patent_cpc_code,1,112323322
patent::112323322,cpc_code::C25B-011/065,patent_cpc_code,1,112323322
patent::112323322,cpc_code::C25B-011/091,patent_cpc_code,1,112323322
patent::112323322,ipc_group::C25B,patent_ipc_group,1,112323322
patent::112323322,ipc_code::C25B-001/23,patent_ipc_code,1,112323322
patent::112323322,ipc_code::C25B-011/065,patent_ipc_code,1,112323322
patent::112323322,ipc_code::C25B-011/091,patent_ipc_code,1,112323322
patent::112323322,concept::CATALYST ATOM,patent_concept,1,112323322
patent::112323322,concept::ROASTING ATMOSPHERE,patent_concept,1,112323322
patent::112323322,concept::MONOATOMIC CATALYST PRECURSOR,patent_concept,1,112323322
patent::112323322,concept::EXTENSIVE UTILIZATION,patent_concept,1,112323322
patent::112323322,concept::INSOLUBLE SUBSTANCE,patent_concept,1,112323322
patent::112323322,concept::POROUS CARBON CARRIER,patent_concept,1,112323322
patent::112323322,concept::CATALYST DEVELOPMENT,patent_concept,1,112323322
patent::112323322,concept::CATALYST PRECURSOR,patent_concept,1,112323322
patent::112323322,concept::CARBON DIOXIDE COMPREHENSIVE UTILIZATION,patent_concept,1,112323322
patent::112323322,concept::CARBON MONOXIDE SELECTIVITY,patent_concept,1,112323322
patent::112323322,country::CN,patent_country,1,112323322
patent::112323322,priority_year::2023,patent_priority_year,1,112323322
patent::112323322,legal_state::ALIVE,patent_legal_state,1,112323322
patent::112323322,focus::Non-noble candidate,patent_focus,1,112323322
patent::106495795,assignee::TOSHIBA,patent_assignee,1,106495795
patent::106495795,domain::Chemical engineering,patent_domain,1,106495795
patent::106495795,"domain::Surface technology, coating",patent_domain,1,106495795
patent::106495795,cpc_group::B01D,patent_cpc_group,1,106495795
patent::106495795,cpc_group::C25B,patent_cpc_group,1,106495795
patent::106495795,cpc_group::Y02E,patent_cpc_group,1,106495795
patent::106495795,cpc_code::B01D-061/42/2,patent_cpc_code,1,106495795
patent::106495795,cpc_code::B01D-061/423,patent_cpc_code,1,106495795
patent::106495795,cpc_code::B01D-061/44/5,patent_cpc_code,1,106495795
patent::106495795,cpc_code::B01D-061/463,patent_cpc_code,1,106495795
patent::106495795,cpc_code::B01D-061/465,patent_cpc_code,1,106495795
patent::106495795,cpc_code::B01D-061/466,patent_cpc_code,1,106495795
patent::106495795,cpc_code::B01D-2311/04,patent_cpc_code,1,106495795
patent::106495795,cpc_code::C25B-001/23,patent_cpc_code,1,106495795
patent::106495795,cpc_code::C25B-003/03,patent_cpc_code,1,106495795
patent::106495795,cpc_code::C25B-003/07,patent_cpc_code,1,106495795
patent::106495795,ipc_group::B01D,patent_ipc_group,1,106495795
patent::106495795,ipc_group::C25B,patent_ipc_group,1,106495795
patent::106495795,ipc_code::B01D-061/42,patent_ipc_code,1,106495795
patent::106495795,ipc_code::C25B-001/23,patent_ipc_code,1,106495795
patent::106495795,ipc_code::C25B-003/03,patent_ipc_code,1,106495795
patent::106495795,ipc_code::C25B-003/07,patent_ipc_code,1,106495795
patent::106495795,ipc_code::C25B-003/25,patent_ipc_code,1,106495795
patent::106495795,ipc_code::C25B-003/26,patent_ipc_code,1,106495795
patent::106495795,ipc_code::C25B-009/00,patent_ipc_code,1,106495795
patent::106495795,ipc_code::C25B-009/19,patent_ipc_code,1,106495795
patent::106495795,concept::ADJUSTER,patent_concept,1,106495795
patent::106495795,concept::ANDAN ELECTRODIALYSIS CELL,patent_concept,1,106495795
patent::106495795,concept::ANODE FLOW,patent_concept,1,106495795
patent::106495795,concept::ANODE PASSAGE,patent_concept,1,106495795
patent::106495795,concept::CARBON COMPOUND,patent_concept,1,106495795
patent::106495795,concept::CARBON DIOXIDE ELECTROLYSIS,patent_concept,1,106495795
patent::106495795,concept::CARBON DIOXIDE ELECTROLYTIC CELL,patent_concept,1,106495795
patent::106495795,concept::CARBON DIOXIDE ELECTROLYTIC DEVICE,patent_concept,1,106495795
patent::106495795,country::JP,patent_country,1,106495795
patent::106495795,priority_year::2022,patent_priority_year,1,106495795
patent::106495795,legal_state::ALIVE,patent_legal_state,1,106495795
patent::106495795,focus::AEM,patent_focus,1,106495795
patent::106495795,focus::Non-noble candidate,patent_focus,1,106495795
patent::108808107,assignee::ZHEJIANG BAIMA LAKE LABORATORY,patent_assignee,1,108808107
patent::108808107,"domain::Surface technology, coating",patent_domain,1,108808107
patent::108808107,cpc_group::C25B,patent_cpc_group,1,108808107
patent::108808107,cpc_code::C25B-003/07,patent_cpc_code,1,108808107
patent::108808107,cpc_code::C25B-003/26,patent_cpc_code,1,108808107
patent::108808107,cpc_code::C25B-009/60,patent_cpc_code,1,108808107
patent::108808107,cpc_code::C25B-009/65,patent_cpc_code,1,108808107
patent::108808107,cpc_code::C25B-011/02,patent_cpc_code,1,108808107
patent::108808107,cpc_code::C25B-011/081,patent_cpc_code,1,108808107
patent::108808107,cpc_code::C25B-011/091,patent_cpc_code,1,108808107
patent::108808107,ipc_group::C25B,patent_ipc_group,1,108808107
patent::108808107,ipc_code::C25B-003/07,patent_ipc_code,1,108808107
patent::108808107,ipc_code::C25B-003/26,patent_ipc_code,1,108808107
patent::108808107,ipc_code::C25B-009/60,patent_ipc_code,1,108808107
patent::108808107,ipc_code::C25B-009/65,patent_ipc_code,1,108808107
patent::108808107,ipc_code::C25B-011/02,patent_ipc_code,1,108808107
patent::108808107,ipc_code::C25B-011/081,patent_ipc_code,1,108808107
patent::108808107,ipc_code::C25B-011/091,patent_ipc_code,1,108808107
patent::108808107,concept::ELECTROLYTIC TANK,patent_concept,1,108808107
patent::108808107,concept::HIGH TEMPERATURE ELECTROLYTIC TANK,patent_concept,1,108808107
patent::108808107,concept::MEMBRANE ELECTRODE REACTOR,patent_concept,1,108808107
patent::108808107,concept::MULTICARBON,patent_concept,1,108808107
patent::108808107,concept::SERIES MEMBRANE ELECTRODE REACTOR,patent_concept,1,108808107
patent::108808107,concept::ELECTROLYSIS CATALYSIS,patent_concept,1,108808107
patent::108808107,concept::CARBON DIOXIDE ELECTROLYSIS CATALYSIS,patent_concept,1,108808107
patent::108808107,concept::COMPREHENSIVE ENERGY,patent_concept,1,108808107
patent::108808107,concept::MEMBRANE ELECTRODE,patent_concept,1,108808107
patent::108808107,concept::CATHODE CATALYST,patent_concept,1,108808107
patent::108808107,country::CN,patent_country,1,108808107
patent::108808107,priority_year::2023,patent_priority_year,1,108808107
patent::108808107,legal_state::ALIVE,patent_legal_state,1,108808107
patent::108808107,focus::AEM,patent_focus,1,108808107
patent::108808107,focus::Non-noble candidate,patent_focus,1,108808107
patent::85758103,assignee::LINDE,patent_assignee,1,85758103
patent::85758103,assignee::SIEMENS ENERGY,patent_assignee,1,85758103
patent::85758103,domain::Environmental technology,patent_domain,1,85758103
patent::85758103,"domain::Materials, metallurgy",patent_domain,1,85758103
patent::85758103,"domain::Surface technology, coating",patent_domain,1,85758103
patent::85758103,cpc_group::B01D,patent_cpc_group,1,85758103
patent::85758103,cpc_group::C25B,patent_cpc_group,1,85758103
patent::85758103,cpc_group::Y02C,patent_cpc_group,1,85758103
patent::85758103,cpc_group::Y02P,patent_cpc_group,1,85758103
patent::85758103,cpc_code::B01D-053/04,patent_cpc_code,1,85758103
patent::85758103,cpc_code::B01D-053/14/87,patent_cpc_code,1,85758103
patent::85758103,cpc_code::B01D-053/22/9,patent_cpc_code,1,85758103
patent::85758103,cpc_code::B01D-053/32/6,patent_cpc_code,1,85758103
patent::85758103,cpc_code::B01D-053/75,patent_cpc_code,1,85758103
patent::85758103,cpc_code::B01D-2253/102,patent_cpc_code,1,85758103
patent::85758103,cpc_code::B01D-2253/108,patent_cpc_code,1,85758103
patent::85758103,cpc_code::B01D-2256/20,patent_cpc_code,1,85758103
patent::85758103,cpc_code::B01D-2256/22,patent_cpc_code,1,85758103
patent::85758103,cpc_code::B01D-2257/504,patent_cpc_code,1,85758103
patent::85758103,ipc_group::B01D,patent_ipc_group,1,85758103
patent::85758103,ipc_group::C01B,patent_ipc_group,1,85758103
patent::85758103,ipc_group::C25B,patent_ipc_group,1,85758103
patent::85758103,ipc_code::B01D-053/04,patent_ipc_code,1,85758103
patent::85758103,ipc_code::B01D-053/047,patent_ipc_code,1,85758103
patent::85758103,ipc_code::B01D-053/22,patent_ipc_code,1,85758103
patent::85758103,ipc_code::B01D-053/32,patent_ipc_code,1,85758103
patent::85758103,ipc_code::B01D-053/75,patent_ipc_code,1,85758103
patent::85758103,ipc_code::C01B-032/40,patent_ipc_code,1,85758103
patent::85758103,ipc_code::C25B-001/00,patent_ipc_code,1,85758103
patent::85758103,ipc_code::C25B-001/23,patent_ipc_code,1,85758103
patent::85758103,concept::AMENDSTATUS,patent_concept,1,85758103
patent::85758103,concept::EDUCT STREAM,patent_concept,1,85758103
patent::85758103,concept::ELECTROCHEMICAL GENERATION,patent_concept,1,85758103
patent::85758103,concept::ELECTROLYSIS CELL,patent_concept,1,85758103
patent::85758103,concept::FACILITY,patent_concept,1,85758103
patent::85758103,concept::GAS PRODUCT PRODUCTION,patent_concept,1,85758103
patent::85758103,country::DE,patent_country,1,85758103
patent::85758103,priority_year::2018,patent_priority_year,1,85758103
patent::85758103,legal_state::ALIVE,patent_legal_state,1,85758103
patent::85758103,focus::Non-noble candidate,patent_focus,1,85758103
patent::85758103,focus::GDE,patent_focus,1,85758103
patent::112969726,assignee::KRICT KOREA RESEARCH INSTITUTE OF CHEMICAL TECHNOLOGY,patent_assignee,1,112969726
patent::112969726,"domain::Surface technology, coating",patent_domain,1,112969726
patent::112969726,cpc_group::C25B,patent_cpc_group,1,112969726
patent::112969726,cpc_code::C25B-001/23,patent_cpc_code,1,112969726
patent::112969726,cpc_code::C25B-009/19,patent_cpc_code,1,112969726
patent::112969726,cpc_code::C25B-009/65,patent_cpc_code,1,112969726
patent::112969726,cpc_code::C25B-011/051,patent_cpc_code,1,112969726
patent::112969726,cpc_code::C25B-013/07,patent_cpc_code,1,112969726
patent::112969726,ipc_group::C25B,patent_ipc_group,1,112969726
patent::112969726,ipc_code::C25B-001/23,patent_ipc_code,1,112969726
patent::112969726,ipc_code::C25B-009/19,patent_ipc_code,1,112969726
patent::112969726,ipc_code::C25B-009/65,patent_ipc_code,1,112969726
patent::112969726,ipc_code::C25B-011/051,patent_ipc_code,1,112969726
patent::112969726,ipc_code::C25B-013/07,patent_ipc_code,1,112969726
patent::112969726,concept::BOUDOUARD REACTION REVERSE,patent_concept,1,112969726
patent::112969726,concept::CARBON DEPOSITION,patent_concept,1,112969726
patent::112969726,concept::CARBON DEPOSITION PHENOMENON,patent_concept,1,112969726
patent::112969726,concept::ELECTROLYTIC REACTION,patent_concept,1,112969726
patent::112969726,concept::POWER CONTROL,patent_concept,1,112969726
patent::112969726,concept::POWER INTERRUPTION,patent_concept,1,112969726
patent::112969726,concept::REDUCTION ELECTRODE,patent_concept,1,112969726
patent::112969726,concept::REMOVING DEPOSIT CARBON,patent_concept,1,112969726
patent::112969726,country::KR,patent_country,1,112969726
patent::112969726,priority_year::2023,patent_priority_year,1,112969726
patent::112969726,legal_state::ALIVE,patent_legal_state,1,112969726
patent::112969726,focus::Non-noble candidate,patent_focus,1,112969726
patent::86637940,assignee::DALIAN UNIVERSITY OF TECHNOLOGY,patent_assignee,1,86637940
patent::86637940,assignee::GLOBAL ENERGY INTERCONNECTION RESEARCH INSTITUTE,patent_assignee,1,86637940
patent::86637940,assignee::STATE GRID CORPORATION OF CHINA,patent_assignee,1,86637940
patent::86637940,"domain::Surface technology, coating",patent_domain,1,86637940
patent::86637940,cpc_group::C25B,patent_cpc_group,1,86637940
patent::86637940,cpc_code::C25B-001/00,patent_cpc_code,1,86637940
patent::86637940,cpc_code::C25B-003/25,patent_cpc_code,1,86637940
patent::86637940,cpc_code::C25B-009/19,patent_cpc_code,1,86637940
patent::86637940,cpc_code::C25B-011/02,patent_cpc_code,1,86637940
patent::86637940,cpc_code::C25B-011/055,patent_cpc_code,1,86637940
patent::86637940,ipc_group::C25B,patent_ipc_group,1,86637940
patent::86637940,ipc_code::C25B-003/25,patent_ipc_code,1,86637940
patent::86637940,ipc_code::C25B-009/19,patent_ipc_code,1,86637940
patent::86637940,concept::ELECTROLYTIC CELL,patent_concept,1,86637940
patent::86637940,concept::ELECTROREDUCTION CELL,patent_concept,1,86637940
patent::86637940,concept::ENHANCED CO2AN ELECTROREDUCTION CELL,patent_concept,1,86637940
patent::86637940,concept::MASS TRANSFER,patent_concept,1,86637940
patent::86637940,concept::ELECTROLYTE CAVITY,patent_concept,1,86637940
patent::86637940,concept::CO2AN ELECTROLYTE CHAMBER,patent_concept,1,86637940
patent::86637940,concept::ELECTROLYTE,patent_concept,1,86637940
patent::86637940,concept::CO2THE ELECTROLYTE CAVITY,patent_concept,1,86637940
patent::86637940,concept::FEED GROOVE,patent_concept,1,86637940
patent::86637940,concept::DISCHARGING GROOVE,patent_concept,1,86637940
patent::86637940,country::CN,patent_country,1,86637940
patent::86637940,priority_year::2019,patent_priority_year,1,86637940
patent::86637940,legal_state::DEAD,patent_legal_state,1,86637940
patent::86637940,focus::Non-noble candidate,patent_focus,1,86637940
patent::86637940,focus::GDE,patent_focus,1,86637940
patent::96314074,assignee::HITACHI,patent_assignee,1,96314074
patent::96314074,domain::Basic materials chemistry,patent_domain,1,96314074
patent::96314074,"domain::Surface technology, coating",patent_domain,1,96314074
patent::96314074,cpc_group::C10G,patent_cpc_group,1,96314074
patent::96314074,cpc_group::C10K,patent_cpc_group,1,96314074
patent::96314074,cpc_group::C25B,patent_cpc_group,1,96314074
patent::96314074,cpc_group::Y02E,patent_cpc_group,1,96314074
patent::96314074,cpc_code::C10G-002/32,patent_cpc_code,1,96314074
patent::96314074,cpc_code::C10K-003/02/6,patent_cpc_code,1,96314074
patent::96314074,cpc_code::C25B-001/02,patent_cpc_code,1,96314074
patent::96314074,cpc_code::C25B-001/04,patent_cpc_code,1,96314074
patent::96314074,cpc_code::C25B-003/03,patent_cpc_code,1,96314074
patent::96314074,cpc_code::C25B-003/26,patent_cpc_code,1,96314074
patent::96314074,cpc_code::C25B-009/23,patent_cpc_code,1,96314074
patent::96314074,cpc_code::C25B-011/031,patent_cpc_code,1,96314074
patent::96314074,cpc_code::C25B-011/053,patent_cpc_code,1,96314074
patent::96314074,cpc_code::C25B-011/091,patent_cpc_code,1,96314074
patent::96314074,ipc_group::C10G,patent_ipc_group,1,96314074
patent::96314074,ipc_group::C10K,patent_ipc_group,1,96314074
patent::96314074,ipc_group::C10L,patent_ipc_group,1,96314074
patent::96314074,ipc_group::C25B,patent_ipc_group,1,96314074
patent::96314074,ipc_code::C10G-002/00,patent_ipc_code,1,96314074
patent::96314074,ipc_code::C10K-003/02,patent_ipc_code,1,96314074
patent::96314074,ipc_code::C10L-003/08,patent_ipc_code,1,96314074
patent::96314074,ipc_code::C25B-001/00,patent_ipc_code,1,96314074
patent::96314074,ipc_code::C25B-001/02,patent_ipc_code,1,96314074
patent::96314074,ipc_code::C25B-003/03,patent_ipc_code,1,96314074
patent::96314074,ipc_code::C25B-003/26,patent_ipc_code,1,96314074
patent::96314074,ipc_code::C25B-009/00,patent_ipc_code,1,96314074
patent::96314074,concept::CATALYST ELECTRODE,patent_concept,1,96314074
patent::96314074,concept::ELECTROLYTIC CELL,patent_concept,1,96314074
patent::96314074,concept::FUEL,patent_concept,1,96314074
patent::96314074,concept::FUEL SYNTHESIS CATALYST,patent_concept,1,96314074
patent::96314074,concept::FUEL PRODUCTION,patent_concept,1,96314074
patent::96314074,country::WO,patent_country,1,96314074
patent::96314074,country::JP,patent_country,1,96314074
patent::96314074,priority_year::2020,patent_priority_year,1,96314074
patent::96314074,legal_state::ALIVE,patent_legal_state,1,96314074
patent::96314074,focus::Non-noble candidate,patent_focus,1,96314074
patent::96314074,focus::GDE,patent_focus,1,96314074
patent::67443260,assignee::ALLIANCE FOR SUSTAINABLE ENERGY,patent_assignee,1,67443260
patent::67443260,assignee::COLORADO SCHOOL OF MINES,patent_assignee,1,67443260
patent::67443260,domain::Basic materials chemistry,patent_domain,1,67443260
patent::67443260,domain::Environmental technology,patent_domain,1,67443260
patent::67443260,"domain::Materials, metallurgy",patent_domain,1,67443260
patent::67443260,"domain::Surface technology, coating",patent_domain,1,67443260
patent::67443260,cpc_group::B01D,patent_cpc_group,1,67443260
patent::67443260,cpc_group::C01B,patent_cpc_group,1,67443260
patent::67443260,cpc_group::C10G,patent_cpc_group,1,67443260
patent::67443260,cpc_group::C10K,patent_cpc_group,1,67443260
patent::67443260,cpc_group::C25B,patent_cpc_group,1,67443260
patent::67443260,cpc_group::F23C,patent_cpc_group,1,67443260
patent::67443260,cpc_group::F23L,patent_cpc_group,1,67443260
patent::67443260,cpc_group::Y02C,patent_cpc_group,1,67443260
patent::67443260,cpc_group::Y02E,patent_cpc_group,1,67443260
patent::67443260,cpc_group::Y02P,patent_cpc_group,1,67443260
patent::67443260,cpc_code::B01D-053/14/18,patent_cpc_code,1,67443260
patent::67443260,cpc_code::B01D-053/14/75,patent_cpc_code,1,67443260
patent::67443260,cpc_code::B01D-053/52,patent_cpc_code,1,67443260
patent::67443260,cpc_code::B01D-2251/602,patent_cpc_code,1,67443260
patent::67443260,cpc_code::B01D-2253/1124,patent_cpc_code,1,67443260
patent::67443260,cpc_code::B01D-2257/504,patent_cpc_code,1,67443260
patent::67443260,cpc_code::B01D-2258/0283,patent_cpc_code,1,67443260
patent::67443260,cpc_code::C01B-003/38/4,patent_cpc_code,1,67443260
patent::67443260,cpc_code::C01B-2203/0233,patent_cpc_code,1,67443260
patent::67443260,cpc_code::C01B-2203/0238,patent_cpc_code,1,67443260
patent::67443260,ipc_group::B01D,patent_ipc_group,1,67443260
patent::67443260,ipc_group::C01B,patent_ipc_group,1,67443260
patent::67443260,ipc_group::C10G,patent_ipc_group,1,67443260
patent::67443260,ipc_group::C10K,patent_ipc_group,1,67443260
patent::67443260,ipc_group::C25B,patent_ipc_group,1,67443260
patent::67443260,ipc_code::B01D-053/14,patent_ipc_code,1,67443260
patent::67443260,ipc_code::B01D-053/52,patent_ipc_code,1,67443260
patent::67443260,ipc_code::C01B-003/38,patent_ipc_code,1,67443260
patent::67443260,ipc_code::C10G-002/00,patent_ipc_code,1,67443260
patent::67443260,ipc_code::C10K-001/04,patent_ipc_code,1,67443260
patent::67443260,ipc_code::C10K-003/04,patent_ipc_code,1,67443260
patent::67443260,ipc_code::C25B-001/00,patent_ipc_code,1,67443260
patent::67443260,ipc_code::C25B-001/12,patent_ipc_code,1,67443260
patent::67443260,concept::DEHYDRATED SYNGA,patent_concept,1,67443260
patent::67443260,concept::ELECTROCHEMICAL DEVICE,patent_concept,1,67443260
patent::67443260,concept::LIQUID FUEL,patent_concept,1,67443260
patent::67443260,concept::LIQUID FUEL PRODUCTION,patent_concept,1,67443260
patent::67443260,concept::SYNGA,patent_concept,1,67443260
patent::67443260,concept::SYNGA PRESSURIZATION,patent_concept,1,67443260
patent::67443260,country::US,patent_country,1,67443260
patent::67443260,priority_year::2013,patent_priority_year,1,67443260
patent::67443260,legal_state::DEAD,patent_legal_state,1,67443260
patent::67443260,focus::Non-noble candidate,patent_focus,1,67443260
patent::109306159,assignee::TECHNISCHE UNIVERSITEIT DELFT,patent_assignee,1,109306159
patent::109306159,domain::Chemical engineering,patent_domain,1,109306159
patent::109306159,domain::Other special machines,patent_domain,1,109306159
patent::109306159,cpc_group::B01D,patent_cpc_group,1,109306159
patent::109306159,cpc_group::C08J,patent_cpc_group,1,109306159
patent::109306159,cpc_group::C25B,patent_cpc_group,1,109306159
patent::109306159,cpc_group::H01M,patent_cpc_group,1,109306159
patent::109306159,cpc_code::B01D-053/32/6,patent_cpc_code,1,109306159
patent::109306159,cpc_code::B01D-061/42,patent_cpc_code,1,109306159
patent::109306159,cpc_code::B01D-067/00/06,patent_cpc_code,1,109306159
patent::109306159,cpc_code::B01D-069/02,patent_cpc_code,1,109306159
patent::109306159,cpc_code::B01D-069/12,patent_cpc_code,1,109306159
patent::109306159,cpc_code::B01D-069/1251,patent_cpc_code,1,109306159
patent::109306159,cpc_code::B01D-071/56,patent_cpc_code,1,109306159
patent::109306159,cpc_code::B01D-2257/504,patent_cpc_code,1,109306159
patent::109306159,cpc_code::B01D-2325/42,patent_cpc_code,1,109306159
patent::109306159,cpc_code::C08J-005/22,patent_cpc_code,1,109306159
patent::109306159,ipc_group::B01D,patent_ipc_group,1,109306159
patent::109306159,ipc_group::C08J,patent_ipc_group,1,109306159
patent::109306159,ipc_code::B01D-067/00,patent_ipc_code,1,109306159
patent::109306159,ipc_code::C08J-005/22,patent_ipc_code,1,109306159
patent::109306159,ipc_code::C08J-007/16,patent_ipc_code,1,109306159
patent::109306159,concept::BIFUNCTIONAL MEMBRANE,patent_concept,1,109306159
patent::109306159,concept::CO2 ELECTROLYSIS,patent_concept,1,109306159
patent::109306159,concept::THIN FILM COMPOSITE,patent_concept,1,109306159
patent::109306159,concept::THIN FILM COMPOSITE MEMBRANE,patent_concept,1,109306159
patent::109306159,concept::PERFLUOROSULFONATE POLYMER,patent_concept,1,109306159
patent::109306159,concept::POLYMERIC FILM,patent_concept,1,109306159
patent::109306159,concept::CONVERTING CO2,patent_concept,1,109306159
patent::109306159,concept::ELECTROOSMOTIC FLUX,patent_concept,1,109306159
patent::109306159,concept::SEMIPERMEABLE MEMBRANE,patent_concept,1,109306159
patent::109306159,concept::PERFLUOROSULFONATE POLYMER INTERFACE,patent_concept,1,109306159
patent::109306159,country::NL,patent_country,1,109306159
patent::109306159,priority_year::2022,patent_priority_year,1,109306159
patent::109306159,legal_state::ALIVE,patent_legal_state,1,109306159
patent::109306159,focus::MEA,patent_focus,1,109306159
patent::109306159,focus::AEM,patent_focus,1,109306159
patent::109306159,focus::Non-noble candidate,patent_focus,1,109306159
patent::106413185,assignee::INFINIUM,patent_assignee,1,106413185
patent::106413185,domain::Basic materials chemistry,patent_domain,1,106413185
patent::106413185,"domain::Materials, metallurgy",patent_domain,1,106413185
patent::106413185,"domain::Surface technology, coating",patent_domain,1,106413185
patent::106413185,cpc_group::C01B,patent_cpc_group,1,106413185
patent::106413185,cpc_group::C10G,patent_cpc_group,1,106413185
patent::106413185,cpc_group::C10K,patent_cpc_group,1,106413185
patent::106413185,cpc_group::C10L,patent_cpc_group,1,106413185
patent::106413185,cpc_group::C25B,patent_cpc_group,1,106413185
patent::106413185,cpc_group::Y02E,patent_cpc_group,1,106413185
patent::106413185,cpc_code::C01B-003/12,patent_cpc_code,1,106413185
patent::106413185,cpc_code::C01B-2203/0415,patent_cpc_code,1,106413185
patent::106413185,cpc_code::C01B-2203/043,patent_cpc_code,1,106413185
patent::106413185,cpc_code::C01B-2203/046,patent_cpc_code,1,106413185
patent::106413185,cpc_code::C01B-2203/0475,patent_cpc_code,1,106413185
patent::106413185,cpc_code::C01B-2203/062,patent_cpc_code,1,106413185
patent::106413185,cpc_code::C10G-002/32,patent_cpc_code,1,106413185
patent::106413185,cpc_code::C10G-002/341,patent_cpc_code,1,106413185
patent::106413185,cpc_code::C10G-2300/307,patent_cpc_code,1,106413185
patent::106413185,cpc_code::C10G-2400/02,patent_cpc_code,1,106413185
patent::106413185,ipc_group::C01B,patent_ipc_group,1,106413185
patent::106413185,ipc_group::C10G,patent_ipc_group,1,106413185
patent::106413185,ipc_group::C10K,patent_ipc_group,1,106413185
patent::106413185,ipc_group::C10L,patent_ipc_group,1,106413185
patent::106413185,ipc_group::C25B,patent_ipc_group,1,106413185
patent::106413185,ipc_code::C01B-003/32,patent_ipc_code,1,106413185
patent::106413185,ipc_code::C10G-002/00,patent_ipc_code,1,106413185
patent::106413185,ipc_code::C10K-001/00,patent_ipc_code,1,106413185
patent::106413185,ipc_code::C10K-003/00,patent_ipc_code,1,106413185
patent::106413185,ipc_code::C10K-003/04,patent_ipc_code,1,106413185
patent::106413185,ipc_code::C10L-001/04,patent_ipc_code,1,106413185
patent::106413185,ipc_code::C10L-001/06,patent_ipc_code,1,106413185
patent::106413185,ipc_code::C10L-001/08,patent_ipc_code,1,106413185
patent::106413185,concept::BED CATALYTIC REACTOR,patent_concept,1,106413185
patent::106413185,concept::DOPED CEO,patent_concept,1,106413185
patent::106413185,concept::ELECTROLYSIS FEED,patent_concept,1,106413185
patent::106413185,concept::HEAT INTEGRATION,patent_concept,1,106413185
patent::106413185,concept::INTEGRATION,patent_concept,1,106413185
patent::106413185,concept::LANTHANUM STRONTIUM,patent_concept,1,106413185
patent::106413185,concept::LANTHANUM STRONTIUM MANGANATE,patent_concept,1,106413185
patent::106413185,concept::LANTHANUM STRONTIUM MANGANITE,patent_concept,1,106413185
patent::106413185,concept::LIQUID FUEL,patent_concept,1,106413185
patent::106413185,country::US,patent_country,1,106413185
patent::106413185,priority_year::2022,patent_priority_year,1,106413185
patent::106413185,legal_state::ALIVE,patent_legal_state,1,106413185
patent::106413185,focus::Non-noble candidate,patent_focus,1,106413185
patent::113653423,assignee::LG CHEM,patent_assignee,1,113653423
patent::113653423,"domain::Macromolecular chemistry, polymers",patent_domain,1,113653423
patent::113653423,domain::Other special machines,patent_domain,1,113653423
patent::113653423,"domain::Surface technology, coating",patent_domain,1,113653423
patent::113653423,cpc_group::C08G,patent_cpc_group,1,113653423
patent::113653423,cpc_group::C08J,patent_cpc_group,1,113653423
patent::113653423,cpc_group::C25B,patent_cpc_group,1,113653423
patent::113653423,cpc_code::C08G-010/00,patent_cpc_code,1,113653423
patent::113653423,cpc_code::C08J-005/22/62,patent_cpc_code,1,113653423
patent::113653423,cpc_code::C08J-2361/18,patent_cpc_code,1,113653423
patent::113653423,cpc_code::C25B-009/19,patent_cpc_code,1,113653423
patent::113653423,cpc_code::C25B-009/77,patent_cpc_code,1,113653423
patent::113653423,cpc_code::C25B-013/08,patent_cpc_code,1,113653423
patent::113653423,ipc_group::C08G,patent_ipc_group,1,113653423
patent::113653423,ipc_group::C08J,patent_ipc_group,1,113653423
patent::113653423,ipc_group::C25B,patent_ipc_group,1,113653423
patent::113653423,ipc_code::C08G-010/00,patent_ipc_code,1,113653423
patent::113653423,ipc_code::C08J-005/22,patent_ipc_code,1,113653423
patent::113653423,ipc_code::C25B-009/19,patent_ipc_code,1,113653423
patent::113653423,ipc_code::C25B-009/77,patent_ipc_code,1,113653423
patent::113653423,ipc_code::C25B-013/08,patent_ipc_code,1,113653423
patent::113653423,concept::ELECTROLYSIS CELL,patent_concept,1,113653423
patent::113653423,concept::POLYMER,patent_concept,1,113653423
patent::113653423,concept::SEPARATOR,patent_concept,1,113653423
patent::113653423,concept::SUSTAINION ANION EXCHANGE SEPARATOR,patent_concept,1,113653423
patent::113653423,concept::DIOXIDE MATERAL,patent_concept,1,113653423
patent::113653423,concept::MOLAR RATIO,patent_concept,1,113653423
patent::113653423,concept::WORK PROCESSABILITY,patent_concept,1,113653423
patent::113653423,concept::DIOXIDE MATERAL CO,patent_concept,1,113653423
patent::113653423,concept::LINKING SITE,patent_concept,1,113653423
patent::113653423,concept::SEPARATION MEMBRANE,patent_concept,1,113653423
patent::113653423,country::KR,patent_country,1,113653423
patent::113653423,priority_year::2023,patent_priority_year,1,113653423
patent::113653423,legal_state::ALIVE,patent_legal_state,1,113653423
patent::113653423,focus::AEM,patent_focus,1,113653423
patent::113653423,focus::Non-noble candidate,patent_focus,1,113653423
patent::114750156,assignee::ZHEJIANG UNIVERSITY OF TECHNOLOGY,patent_assignee,1,114750156
patent::114750156,"domain::Surface technology, coating",patent_domain,1,114750156
patent::114750156,cpc_group::B01J,patent_cpc_group,1,114750156
patent::114750156,cpc_group::C25B,patent_cpc_group,1,114750156
patent::114750156,cpc_code::B01J-027/24,patent_cpc_code,1,114750156
patent::114750156,cpc_code::B01J-035/00/33,patent_cpc_code,1,114750156
patent::114750156,cpc_code::C25B-001/04,patent_cpc_code,1,114750156
patent::114750156,cpc_code::C25B-001/23,patent_cpc_code,1,114750156
patent::114750156,cpc_code::C25B-011/04,patent_cpc_code,1,114750156
patent::114750156,cpc_code::C25B-011/04/47,patent_cpc_code,1,114750156
patent::114750156,cpc_code::C25B-011/04/78,patent_cpc_code,1,114750156
patent::114750156,cpc_code::C25B-011/065,patent_cpc_code,1,114750156
patent::114750156,cpc_code::C25B-011/091,patent_cpc_code,1,114750156
patent::114750156,ipc_group::C25B,patent_ipc_group,1,114750156
patent::114750156,ipc_code::C25B-001/23,patent_ipc_code,1,114750156
patent::114750156,ipc_code::C25B-011/065,patent_ipc_code,1,114750156
patent::114750156,ipc_code::C25B-011/091,patent_ipc_code,1,114750156
patent::114750156,concept::METAL CATALYST ATOM,patent_concept,1,114750156
patent::114750156,concept::POROUS CARBON SUBSTRATE,patent_concept,1,114750156
patent::114750156,concept::PORCELAIN BOAT,patent_concept,1,114750156
patent::114750156,concept::SEAWATER ACIDIFICATION,patent_concept,1,114750156
patent::114750156,concept::NITROGEN ATMOSPHERE,patent_concept,1,114750156
patent::114750156,concept::ULTRASONIC STIRRING,patent_concept,1,114750156
patent::114750156,country::CN,patent_country,1,114750156
patent::114750156,priority_year::2025,patent_priority_year,1,114750156
patent::114750156,legal_state::ALIVE,patent_legal_state,1,114750156
patent::114750156,focus::Non-noble candidate,patent_focus,1,114750156
patent::105438541,assignee::XIAMEN UNIVERSITY,patent_assignee,1,105438541
patent::105438541,"domain::Surface technology, coating",patent_domain,1,105438541
patent::105438541,cpc_group::C25B,patent_cpc_group,1,105438541
patent::105438541,cpc_code::C25B-001/00,patent_cpc_code,1,105438541
patent::105438541,cpc_code::C25B-003/04,patent_cpc_code,1,105438541
patent::105438541,cpc_code::C25B-003/26,patent_cpc_code,1,105438541
patent::105438541,cpc_code::C25B-011/04,patent_cpc_code,1,105438541
patent::105438541,cpc_code::C25B-011/091,patent_cpc_code,1,105438541
patent::105438541,ipc_group::C25B,patent_ipc_group,1,105438541
patent::105438541,ipc_code::C25B-003/26,patent_ipc_code,1,105438541
patent::105438541,ipc_code::C25B-011/091,patent_ipc_code,1,105438541
patent::105438541,concept::CU NANO PARTICLE,patent_concept,1,105438541
patent::105438541,concept::CU NANOPARTICLE,patent_concept,1,105438541
patent::105438541,concept::ELECTRICALLY REDUCED ZNFE,patent_concept,1,105438541
patent::105438541,concept::ELECTRICALLY REDUCED ZNFE CO2PREPARATION,patent_concept,1,105438541
patent::105438541,concept::ZNFE MONOATOMIC CATALYST,patent_concept,1,105438541
patent::105438541,concept::ZNFE MONOATOMIC LOAD,patent_concept,1,105438541
patent::105438541,country::CN,patent_country,1,105438541
patent::105438541,priority_year::2023,patent_priority_year,1,105438541
patent::105438541,legal_state::ALIVE,patent_legal_state,1,105438541
patent::105438541,focus::Non-noble candidate,patent_focus,1,105438541
patent::111953180,assignee::CENTRAL SOUTH UNIVERSITY,patent_assignee,1,111953180
patent::111953180,"domain::Surface technology, coating",patent_domain,1,111953180
patent::111953180,cpc_group::C25B,patent_cpc_group,1,111953180
patent::111953180,cpc_code::C25B-001/23,patent_cpc_code,1,111953180
patent::111953180,cpc_code::C25B-001/50,patent_cpc_code,1,111953180
patent::111953180,cpc_code::C25B-011/091,patent_cpc_code,1,111953180
patent::111953180,ipc_group::C25B,patent_ipc_group,1,111953180
patent::111953180,ipc_code::C25B-001/23,patent_ipc_code,1,111953180
patent::111953180,ipc_code::C25B-001/50,patent_ipc_code,1,111953180
patent::111953180,ipc_code::C25B-011/091,patent_ipc_code,1,111953180
patent::111953180,concept::CARBON DIOXIDE REDUCTION,patent_concept,1,111953180
patent::111953180,concept::COMPOSITE MATERIAL,patent_concept,1,111953180
patent::111953180,concept::GRADIENT DEFECT,patent_concept,1,111953180
patent::111953180,concept::M N C,patent_concept,1,111953180
patent::111953180,concept::ELECTROCATALYTIC CO2RR,patent_concept,1,111953180
patent::111953180,concept::TEMPLATE,patent_concept,1,111953180
patent::111953180,concept::REALIZING ARTIFICIAL CARBON CIRCULATION,patent_concept,1,111953180
patent::111953180,concept::CO2RR ELECTROCATALYSIS,patent_concept,1,111953180
patent::111953180,concept::CO2 EMISSION,patent_concept,1,111953180
patent::111953180,concept::ICEBERG MELTING,patent_concept,1,111953180
patent::111953180,country::CN,patent_country,1,111953180
patent::111953180,priority_year::2024,patent_priority_year,1,111953180
patent::111953180,legal_state::ALIVE,patent_legal_state,1,111953180
patent::111953180,focus::Non-noble candidate,patent_focus,1,111953180
patent::116013304,assignee::DALIAN UNIVERSITY,patent_assignee,1,116013304
patent::116013304,"domain::Surface technology, coating",patent_domain,1,116013304
patent::116013304,cpc_group::C07C,patent_cpc_group,1,116013304
patent::116013304,cpc_group::C25B,patent_cpc_group,1,116013304
patent::116013304,cpc_code::C07C-053/02,patent_cpc_code,1,116013304
patent::116013304,cpc_code::C25B-001/00,patent_cpc_code,1,116013304
patent::116013304,cpc_code::C25B-003/04,patent_cpc_code,1,116013304
patent::116013304,cpc_code::C25B-011/04/05,patent_cpc_code,1,116013304
patent::116013304,cpc_code::C25B-011/04/47,patent_cpc_code,1,116013304
patent::116013304,ipc_group::C25B,patent_ipc_group,1,116013304
patent::116013304,ipc_code::C25B-001/23,patent_ipc_code,1,116013304
patent::116013304,ipc_code::C25B-001/50,patent_ipc_code,1,116013304
patent::116013304,ipc_code::C25B-003/03,patent_ipc_code,1,116013304
patent::116013304,ipc_code::C25B-003/07,patent_ipc_code,1,116013304
patent::116013304,ipc_code::C25B-003/26,patent_ipc_code,1,116013304
patent::116013304,ipc_code::C25B-011/031,patent_ipc_code,1,116013304
patent::116013304,ipc_code::C25B-011/054,patent_ipc_code,1,116013304
patent::116013304,ipc_code::C25B-011/061,patent_ipc_code,1,116013304
patent::116013304,concept::BIMETALLIC THIN FILM ELECTRODE,patent_concept,1,116013304
patent::116013304,concept::CARBON DIOXIDE ELECTROREDUCTION,patent_concept,1,116013304
patent::116013304,concept::COPPER OXIDE ZINC,patent_concept,1,116013304
patent::116013304,concept::THIN FILM ELECTRODE,patent_concept,1,116013304
patent::116013304,concept::VERSA STAT ELECTROCHEMICAL WORKSTATION,patent_concept,1,116013304
patent::116013304,concept::COOPERATIVE CONSTRUCTION STRATEGY,patent_concept,1,116013304
patent::116013304,concept::PULSE CODEPOSITION,patent_concept,1,116013304
patent::116013304,concept::ALKALINE ELECTROLYTE,patent_concept,1,116013304
patent::116013304,concept::PRETREATED COPPER MESH,patent_concept,1,116013304
patent::116013304,concept::PULSE CURRENT ELECTRODEPOSIT,patent_concept,1,116013304
patent::116013304,country::CN,patent_country,1,116013304
patent::116013304,priority_year::2025,patent_priority_year,1,116013304
patent::116013304,legal_state::ALIVE,patent_legal_state,1,116013304
patent::116013304,focus::Non-noble candidate,patent_focus,1,116013304
patent::112678154,assignee::LG CHEM,patent_assignee,1,112678154
patent::112678154,"domain::Surface technology, coating",patent_domain,1,112678154
patent::112678154,cpc_group::C25B,patent_cpc_group,1,112678154
patent::112678154,cpc_code::C25B-001/00,patent_cpc_code,1,112678154
patent::112678154,cpc_code::C25B-001/23,patent_cpc_code,1,112678154
patent::112678154,cpc_code::C25B-003/03,patent_cpc_code,1,112678154
patent::112678154,cpc_code::C25B-003/07,patent_cpc_code,1,112678154
patent::112678154,cpc_code::C25B-003/25,patent_cpc_code,1,112678154
patent::112678154,cpc_code::C25B-003/26,patent_cpc_code,1,112678154
patent::112678154,cpc_code::C25B-009/19,patent_cpc_code,1,112678154
patent::112678154,cpc_code::C25B-009/60,patent_cpc_code,1,112678154
patent::112678154,cpc_code::C25B-015/08,patent_cpc_code,1,112678154
patent::112678154,cpc_code::C25B-015/083,patent_cpc_code,1,112678154
patent::112678154,ipc_group::C25B,patent_ipc_group,1,112678154
patent::112678154,ipc_code::C25B-001/23,patent_ipc_code,1,112678154
patent::112678154,ipc_code::C25B-003/03,patent_ipc_code,1,112678154
patent::112678154,ipc_code::C25B-003/07,patent_ipc_code,1,112678154
patent::112678154,ipc_code::C25B-003/26,patent_ipc_code,1,112678154
patent::112678154,ipc_code::C25B-009/00,patent_ipc_code,1,112678154
patent::112678154,ipc_code::C25B-009/19,patent_ipc_code,1,112678154
patent::112678154,ipc_code::C25B-009/23,patent_ipc_code,1,112678154
patent::112678154,ipc_code::C25B-009/60,patent_ipc_code,1,112678154
patent::112678154,concept::ELECTROLYSIS,patent_concept,1,112678154
patent::112678154,concept::ELECTROLYSIS CELL,patent_concept,1,112678154
patent::112678154,concept::ELECTROLYZER,patent_concept,1,112678154
patent::112678154,concept::CATION SEPARATION MEMBRANE,patent_concept,1,112678154
patent::112678154,country::KR,patent_country,1,112678154
patent::112678154,priority_year::2023,patent_priority_year,1,112678154
patent::112678154,legal_state::ALIVE,patent_legal_state,1,112678154
patent::112678154,focus::MEA,patent_focus,1,112678154
patent::112678154,focus::AEM,patent_focus,1,112678154
patent::112678154,focus::Non-noble candidate,patent_focus,1,112678154
patent::112678154,focus::GDE,patent_focus,1,112678154
patent::103607055,assignee::TOPSOE,patent_assignee,1,103607055
patent::103607055,"domain::Surface technology, coating",patent_domain,1,103607055
patent::103607055,cpc_group::C25B,patent_cpc_group,1,103607055
patent::103607055,cpc_group::Y02E,patent_cpc_group,1,103607055
patent::103607055,cpc_code::C25B-001/042,patent_cpc_code,1,103607055
patent::103607055,cpc_code::C25B-003/26,patent_cpc_code,1,103607055
patent::103607055,cpc_code::C25B-009/70,patent_cpc_code,1,103607055
patent::103607055,cpc_code::C25B-009/77,patent_cpc_code,1,103607055
patent::103607055,cpc_code::C25B-015/00,patent_cpc_code,1,103607055
patent::103607055,cpc_code::C25B-015/02,patent_cpc_code,1,103607055
patent::103607055,cpc_code::C25B-015/08,patent_cpc_code,1,103607055
patent::103607055,cpc_code::Y02E-060/36,patent_cpc_code,1,103607055
patent::103607055,ipc_group::C25B,patent_ipc_group,1,103607055
patent::103607055,ipc_code::C25B-001/042,patent_ipc_code,1,103607055
patent::103607055,ipc_code::C25B-003/26,patent_ipc_code,1,103607055
patent::103607055,ipc_code::C25B-009/23,patent_ipc_code,1,103607055
patent::103607055,ipc_code::C25B-009/70,patent_ipc_code,1,103607055
patent::103607055,ipc_code::C25B-009/77,patent_ipc_code,1,103607055
patent::103607055,ipc_code::C25B-015/00,patent_ipc_code,1,103607055
patent::103607055,ipc_code::C25B-015/02,patent_ipc_code,1,103607055
patent::103607055,ipc_code::C25B-015/08,patent_ipc_code,1,103607055
patent::103607055,concept::ACTIVE CELL,patent_concept,1,103607055
patent::103607055,concept::ACTIVE CELL AREA,patent_concept,1,103607055
patent::103607055,concept::ANODE SIDE,patent_concept,1,103607055
patent::103607055,concept::CATHODE SIDE,patent_concept,1,103607055
patent::103607055,country::EP,patent_country,1,103607055
patent::103607055,country::DK,patent_country,1,103607055
patent::103607055,country::EE,patent_country,1,103607055
patent::103607055,priority_year::2021,patent_priority_year,1,103607055
patent::103607055,legal_state::ALIVE,patent_legal_state,1,103607055
patent::103607055,focus::Non-noble candidate,patent_focus,1,103607055
patent::113067654,assignee::LG CHEM,patent_assignee,1,113067654
patent::113067654,"domain::Macromolecular chemistry, polymers",patent_domain,1,113067654
patent::113067654,domain::Other special machines,patent_domain,1,113067654
patent::113067654,"domain::Surface technology, coating",patent_domain,1,113067654
patent::113067654,cpc_group::C08G,patent_cpc_group,1,113067654
patent::113067654,cpc_group::C08J,patent_cpc_group,1,113067654
patent::113067654,cpc_group::C25B,patent_cpc_group,1,113067654
patent::113067654,cpc_code::C08G-010/00,patent_cpc_code,1,113067654
patent::113067654,cpc_code::C08J-005/22/62,patent_cpc_code,1,113067654
patent::113067654,cpc_code::C08J-2361/18,patent_cpc_code,1,113067654
patent::113067654,cpc_code::C25B-009/19,patent_cpc_code,1,113067654
patent::113067654,cpc_code::C25B-009/77,patent_cpc_code,1,113067654
patent::113067654,cpc_code::C25B-013/08,patent_cpc_code,1,113067654
patent::113067654,ipc_group::C08G,patent_ipc_group,1,113067654
patent::113067654,ipc_group::C08J,patent_ipc_group,1,113067654
patent::113067654,ipc_group::C25B,patent_ipc_group,1,113067654
patent::113067654,ipc_code::C08G-010/00,patent_ipc_code,1,113067654
patent::113067654,ipc_code::C08J-005/22,patent_ipc_code,1,113067654
patent::113067654,ipc_code::C25B-009/19,patent_ipc_code,1,113067654
patent::113067654,ipc_code::C25B-009/77,patent_ipc_code,1,113067654
patent::113067654,ipc_code::C25B-013/08,patent_ipc_code,1,113067654
patent::113067654,concept::ELECTROLYSIS CELL,patent_concept,1,113067654
patent::113067654,concept::POLYMER,patent_concept,1,113067654
patent::113067654,concept::SEPARATOR,patent_concept,1,113067654
patent::113067654,concept::SUSTAINION ANION EXCHANGE SEPARATOR,patent_concept,1,113067654
patent::113067654,concept::DIOXIDE MATERAL,patent_concept,1,113067654
patent::113067654,concept::DIOXIDE MATERAL CO,patent_concept,1,113067654
patent::113067654,concept::ALKYL GROUP,patent_concept,1,113067654
patent::113067654,concept::SEPARATION MEMBRANE,patent_concept,1,113067654
patent::113067654,concept::CHEMICAL FORMULA,patent_concept,1,113067654
patent::113067654,concept::PROCESSABILITY,patent_concept,1,113067654
patent::113067654,country::KR,patent_country,1,113067654
patent::113067654,priority_year::2023,patent_priority_year,1,113067654
patent::113067654,legal_state::ALIVE,patent_legal_state,1,113067654
patent::113067654,focus::AEM,patent_focus,1,113067654
patent::113067654,focus::Non-noble candidate,patent_focus,1,113067654
patent::95930332,assignee::ZHEJIANG ZHONGXIN DEGU NEW MATERIAL TECHNOLOGY,patent_assignee,1,95930332
patent::95930332,"domain::Surface technology, coating",patent_domain,1,95930332
patent::95930332,cpc_group::C25B,patent_cpc_group,1,95930332
patent::95930332,cpc_group::Y02P,patent_cpc_group,1,95930332
patent::95930332,cpc_code::C25B-001/04,patent_cpc_code,1,95930332
patent::95930332,cpc_code::C25B-001/23,patent_cpc_code,1,95930332
patent::95930332,cpc_code::C25B-009/19,patent_cpc_code,1,95930332
patent::95930332,cpc_code::C25B-011/032,patent_cpc_code,1,95930332
patent::95930332,cpc_code::C25B-011/047,patent_cpc_code,1,95930332
patent::95930332,cpc_code::Y02P-020/133,patent_cpc_code,1,95930332
patent::95930332,ipc_group::C25B,patent_ipc_group,1,95930332
patent::95930332,ipc_code::C25B-001/04,patent_ipc_code,1,95930332
patent::95930332,ipc_code::C25B-001/23,patent_ipc_code,1,95930332
patent::95930332,ipc_code::C25B-009/19,patent_ipc_code,1,95930332
patent::95930332,ipc_code::C25B-011/032,patent_ipc_code,1,95930332
patent::95930332,ipc_code::C25B-011/047,patent_ipc_code,1,95930332
patent::95930332,concept::ASYMMETRIC STRUCTURE ELECTROLYTIC CELL,patent_concept,1,95930332
patent::95930332,concept::ASYMMETRICAL STRUCTURE,patent_concept,1,95930332
patent::95930332,concept::ELECTRODE SOLID OXIDE,patent_concept,1,95930332
patent::95930332,concept::ELECTROLYTIC CELL,patent_concept,1,95930332
patent::95930332,concept::POROUS ELECTRODE LAYER,patent_concept,1,95930332
patent::95930332,country::CN,patent_country,1,95930332
patent::95930332,priority_year::2021,patent_priority_year,1,95930332
patent::95930332,legal_state::ALIVE,patent_legal_state,1,95930332
patent::95930332,focus::Non-noble candidate,patent_focus,1,95930332
patent::95930332,focus::GDE,patent_focus,1,95930332
patent::110304393,assignee::HENAN UNIVERSITY OF TECHNOLOGY,patent_assignee,1,110304393
patent::110304393,"domain::Materials, metallurgy",patent_domain,1,110304393
patent::110304393,"domain::Surface technology, coating",patent_domain,1,110304393
patent::110304393,cpc_group::C22C,patent_cpc_group,1,110304393
patent::110304393,cpc_group::C25B,patent_cpc_group,1,110304393
patent::110304393,cpc_code::C22C-001/00,patent_cpc_code,1,110304393
patent::110304393,cpc_code::C25B-001/23,patent_cpc_code,1,110304393
patent::110304393,cpc_code::C25B-003/03,patent_cpc_code,1,110304393
patent::110304393,cpc_code::C25B-003/07,patent_cpc_code,1,110304393
patent::110304393,cpc_code::C25B-003/26,patent_cpc_code,1,110304393
patent::110304393,cpc_code::C25B-011/075,patent_cpc_code,1,110304393
patent::110304393,cpc_code::C25B-011/081,patent_cpc_code,1,110304393
patent::110304393,ipc_group::C22C,patent_ipc_group,1,110304393
patent::110304393,ipc_group::C25B,patent_ipc_group,1,110304393
patent::110304393,ipc_code::C22C-001/00,patent_ipc_code,1,110304393
patent::110304393,ipc_code::C25B-001/23,patent_ipc_code,1,110304393
patent::110304393,ipc_code::C25B-003/03,patent_ipc_code,1,110304393
patent::110304393,ipc_code::C25B-003/07,patent_ipc_code,1,110304393
patent::110304393,ipc_code::C25B-003/26,patent_ipc_code,1,110304393
patent::110304393,ipc_code::C25B-011/075,patent_ipc_code,1,110304393
patent::110304393,ipc_code::C25B-011/081,patent_ipc_code,1,110304393
patent::110304393,concept::BATCH,patent_concept,1,110304393
patent::110304393,concept::CO2CU AG NANO CATALYST,patent_concept,1,110304393
patent::110304393,concept::CU AG NANO CATALYST,patent_concept,1,110304393
patent::110304393,concept::ELECTROCATALYTIC REDUCTION,patent_concept,1,110304393
patent::110304393,concept::CU AG NANOCATALYST BATCH,patent_concept,1,110304393
patent::110304393,concept::NANO CATALYST,patent_concept,1,110304393
patent::110304393,concept::VIOLENT STIRRING,patent_concept,1,110304393
patent::110304393,concept::SALT PRECURSOR SOLUTION,patent_concept,1,110304393
patent::110304393,concept::AG CATALYST,patent_concept,1,110304393
patent::110304393,concept::CU AG CATALYST,patent_concept,1,110304393
patent::110304393,country::CN,patent_country,1,110304393
patent::110304393,priority_year::2024,patent_priority_year,1,110304393
patent::110304393,legal_state::ALIVE,patent_legal_state,1,110304393
patent::110304393,focus::Non-noble candidate,patent_focus,1,110304393
patent::113653441,assignee::LG CHEM,patent_assignee,1,113653441
patent::113653441,"domain::Macromolecular chemistry, polymers",patent_domain,1,113653441
patent::113653441,domain::Other special machines,patent_domain,1,113653441
patent::113653441,"domain::Surface technology, coating",patent_domain,1,113653441
patent::113653441,cpc_group::C08G,patent_cpc_group,1,113653441
patent::113653441,cpc_group::C08J,patent_cpc_group,1,113653441
patent::113653441,cpc_group::C25B,patent_cpc_group,1,113653441
patent::113653441,cpc_code::C08G-010/00,patent_cpc_code,1,113653441
patent::113653441,cpc_code::C08J-005/22/62,patent_cpc_code,1,113653441
patent::113653441,cpc_code::C08J-2361/18,patent_cpc_code,1,113653441
patent::113653441,cpc_code::C25B-009/19,patent_cpc_code,1,113653441
patent::113653441,cpc_code::C25B-009/77,patent_cpc_code,1,113653441
patent::113653441,cpc_code::C25B-013/08,patent_cpc_code,1,113653441
patent::113653441,ipc_group::C08G,patent_ipc_group,1,113653441
patent::113653441,ipc_group::C08J,patent_ipc_group,1,113653441
patent::113653441,ipc_group::C25B,patent_ipc_group,1,113653441
patent::113653441,ipc_code::C08G-010/00,patent_ipc_code,1,113653441
patent::113653441,ipc_code::C08J-005/22,patent_ipc_code,1,113653441
patent::113653441,ipc_code::C25B-009/19,patent_ipc_code,1,113653441
patent::113653441,ipc_code::C25B-009/77,patent_ipc_code,1,113653441
patent::113653441,ipc_code::C25B-013/08,patent_ipc_code,1,113653441
patent::113653441,concept::ELECTROLYSIS CELL,patent_concept,1,113653441
patent::113653441,concept::POLYMER,patent_concept,1,113653441
patent::113653441,concept::SEPARATOR,patent_concept,1,113653441
patent::113653441,concept::SUSTAINION ANION EXCHANGE SEPARATOR,patent_concept,1,113653441
patent::113653441,concept::DIOXIDE MATERAL,patent_concept,1,113653441
patent::113653441,concept::ALKYL GROUP,patent_concept,1,113653441
patent::113653441,concept::WORK PROCESSABILITY,patent_concept,1,113653441
patent::113653441,concept::DIOXIDE MATERAL CO,patent_concept,1,113653441
patent::113653441,concept::CHEMICAL FORMULA,patent_concept,1,113653441
patent::113653441,concept::LINKING SITE,patent_concept,1,113653441
patent::113653441,country::KR,patent_country,1,113653441
patent::113653441,priority_year::2023,patent_priority_year,1,113653441
patent::113653441,legal_state::ALIVE,patent_legal_state,1,113653441
patent::113653441,focus::AEM,patent_focus,1,113653441
patent::113653441,focus::Non-noble candidate,patent_focus,1,113653441
patent::112678146,assignee::LG CHEM,patent_assignee,1,112678146
patent::112678146,"domain::Surface technology, coating",patent_domain,1,112678146
patent::112678146,cpc_group::C25B,patent_cpc_group,1,112678146
patent::112678146,cpc_code::C25B-001/00,patent_cpc_code,1,112678146
patent::112678146,cpc_code::C25B-001/04,patent_cpc_code,1,112678146
patent::112678146,cpc_code::C25B-001/23,patent_cpc_code,1,112678146
patent::112678146,cpc_code::C25B-003/03,patent_cpc_code,1,112678146
patent::112678146,cpc_code::C25B-003/07,patent_cpc_code,1,112678146
patent::112678146,cpc_code::C25B-003/25,patent_cpc_code,1,112678146
patent::112678146,cpc_code::C25B-003/26,patent_cpc_code,1,112678146
patent::112678146,cpc_code::C25B-009/19,patent_cpc_code,1,112678146
patent::112678146,cpc_code::C25B-009/23,patent_cpc_code,1,112678146
patent::112678146,cpc_code::C25B-009/60,patent_cpc_code,1,112678146
patent::112678146,ipc_group::C25B,patent_ipc_group,1,112678146
patent::112678146,ipc_code::C25B-001/23,patent_ipc_code,1,112678146
patent::112678146,ipc_code::C25B-003/03,patent_ipc_code,1,112678146
patent::112678146,ipc_code::C25B-003/07,patent_ipc_code,1,112678146
patent::112678146,ipc_code::C25B-003/26,patent_ipc_code,1,112678146
patent::112678146,ipc_code::C25B-009/00,patent_ipc_code,1,112678146
patent::112678146,ipc_code::C25B-009/19,patent_ipc_code,1,112678146
patent::112678146,ipc_code::C25B-009/23,patent_ipc_code,1,112678146
patent::112678146,ipc_code::C25B-009/60,patent_ipc_code,1,112678146
patent::112678146,concept::ELECTROLYSIS,patent_concept,1,112678146
patent::112678146,concept::ELECTROLYSIS CELL,patent_concept,1,112678146
patent::112678146,concept::ELECTROLYZER,patent_concept,1,112678146
patent::112678146,country::KR,patent_country,1,112678146
patent::112678146,priority_year::2023,patent_priority_year,1,112678146
patent::112678146,legal_state::ALIVE,patent_legal_state,1,112678146
patent::112678146,focus::MEA,patent_focus,1,112678146
patent::112678146,focus::AEM,patent_focus,1,112678146
patent::112678146,focus::Non-noble candidate,patent_focus,1,112678146
patent::112678146,focus::GDE,patent_focus,1,112678146
patent::95617533,assignee::TOPSOE,patent_assignee,1,95617533
patent::95617533,"domain::Materials, metallurgy",patent_domain,1,95617533
patent::95617533,"domain::Surface technology, coating",patent_domain,1,95617533
patent::95617533,domain::Thermal processes and apparatus,patent_domain,1,95617533
patent::95617533,cpc_group::C04B,patent_cpc_group,1,95617533
patent::95617533,cpc_group::C25B,patent_cpc_group,1,95617533
patent::95617533,cpc_group::F23L,patent_cpc_group,1,95617533
patent::95617533,cpc_group::Y02E,patent_cpc_group,1,95617533
patent::95617533,cpc_group::Y02P,patent_cpc_group,1,95617533
patent::95617533,cpc_code::C04B-002/10,patent_cpc_code,1,95617533
patent::95617533,cpc_code::C04B-007/43,patent_cpc_code,1,95617533
patent::95617533,cpc_code::C25B-001/02,patent_cpc_code,1,95617533
patent::95617533,cpc_code::C25B-001/042,patent_cpc_code,1,95617533
patent::95617533,cpc_code::C25B-001/23,patent_cpc_code,1,95617533
patent::95617533,cpc_code::C25B-009/19,patent_cpc_code,1,95617533
patent::95617533,cpc_code::C25B-013/07,patent_cpc_code,1,95617533
patent::95617533,cpc_code::C25B-015/02,patent_cpc_code,1,95617533
patent::95617533,cpc_code::C25B-015/081,patent_cpc_code,1,95617533
patent::95617533,cpc_code::C25B-015/087,patent_cpc_code,1,95617533
patent::95617533,ipc_group::C04B,patent_ipc_group,1,95617533
patent::95617533,ipc_group::C25B,patent_ipc_group,1,95617533
patent::95617533,ipc_group::F23L,patent_ipc_group,1,95617533
patent::95617533,ipc_code::C04B-002/10,patent_ipc_code,1,95617533
patent::95617533,ipc_code::C04B-007/43,patent_ipc_code,1,95617533
patent::95617533,ipc_code::C25B-001/02,patent_ipc_code,1,95617533
patent::95617533,ipc_code::C25B-001/042,patent_ipc_code,1,95617533
patent::95617533,ipc_code::C25B-001/23,patent_ipc_code,1,95617533
patent::95617533,ipc_code::C25B-009/00,patent_ipc_code,1,95617533
patent::95617533,ipc_code::C25B-009/19,patent_ipc_code,1,95617533
patent::95617533,ipc_code::C25B-013/07,patent_ipc_code,1,95617533
patent::95617533,concept::ANODE SIDE,patent_concept,1,95617533
patent::95617533,concept::CATHODE SIDE,patent_concept,1,95617533
patent::95617533,concept::GAS STREAM,patent_concept,1,95617533
patent::95617533,concept::OXY CALCINING,patent_concept,1,95617533
patent::95617533,country::DK,patent_country,1,95617533
patent::95617533,country::EE,patent_country,1,95617533
patent::95617533,priority_year::2020,patent_priority_year,1,95617533
patent::95617533,legal_state::ALIVE,patent_legal_state,1,95617533
patent::95617533,focus::Non-noble candidate,patent_focus,1,95617533
patent::114305656,assignee::LG CHEM,patent_assignee,1,114305656
patent::114305656,"domain::Macromolecular chemistry, polymers",patent_domain,1,114305656
patent::114305656,domain::Other special machines,patent_domain,1,114305656
patent::114305656,"domain::Surface technology, coating",patent_domain,1,114305656
patent::114305656,cpc_group::C08G,patent_cpc_group,1,114305656
patent::114305656,cpc_group::C08J,patent_cpc_group,1,114305656
patent::114305656,cpc_group::C25B,patent_cpc_group,1,114305656
patent::114305656,cpc_code::C08G-010/00,patent_cpc_code,1,114305656
patent::114305656,cpc_code::C08J-005/22/62,patent_cpc_code,1,114305656
patent::114305656,cpc_code::C08J-2361/18,patent_cpc_code,1,114305656
patent::114305656,cpc_code::C25B-003/26,patent_cpc_code,1,114305656
patent::114305656,cpc_code::C25B-009/19,patent_cpc_code,1,114305656
patent::114305656,cpc_code::C25B-013/08,patent_cpc_code,1,114305656
patent::114305656,ipc_group::C08G,patent_ipc_group,1,114305656
patent::114305656,ipc_group::C08J,patent_ipc_group,1,114305656
patent::114305656,ipc_group::C25B,patent_ipc_group,1,114305656
patent::114305656,ipc_code::C08G-010/00,patent_ipc_code,1,114305656
patent::114305656,ipc_code::C08J-005/22,patent_ipc_code,1,114305656
patent::114305656,ipc_code::C25B-003/26,patent_ipc_code,1,114305656
patent::114305656,ipc_code::C25B-009/19,patent_ipc_code,1,114305656
patent::114305656,ipc_code::C25B-013/08,patent_ipc_code,1,114305656
patent::114305656,concept::ELECTROLYSIS CELL,patent_concept,1,114305656
patent::114305656,concept::POLYMER,patent_concept,1,114305656
patent::114305656,concept::SEPARATOR,patent_concept,1,114305656
patent::114305656,concept::SUSTAINION ANION EXCHANGE SEPARATOR,patent_concept,1,114305656
patent::114305656,concept::DIOXIDE MATERAL,patent_concept,1,114305656
patent::114305656,concept::ALKYLENE GROUP,patent_concept,1,114305656
patent::114305656,concept::DIOXIDE MATERAL CO,patent_concept,1,114305656
patent::114305656,concept::LINKING SITE,patent_concept,1,114305656
patent::114305656,concept::ANION EXCHANGE SEPARATOR,patent_concept,1,114305656
patent::114305656,concept::ALKYL GROUP,patent_concept,1,114305656
patent::114305656,country::KR,patent_country,1,114305656
patent::114305656,priority_year::2023,patent_priority_year,1,114305656
patent::114305656,legal_state::ALIVE,patent_legal_state,1,114305656
patent::114305656,focus::AEM,patent_focus,1,114305656
patent::114305656,focus::Non-noble candidate,patent_focus,1,114305656
patent::118157483,assignee::LG CHEM,patent_assignee,1,118157483
patent::118157483,"domain::Macromolecular chemistry, polymers",patent_domain,1,118157483
patent::118157483,domain::Other special machines,patent_domain,1,118157483
patent::118157483,"domain::Surface technology, coating",patent_domain,1,118157483
patent::118157483,cpc_group::C08G,patent_cpc_group,1,118157483
patent::118157483,cpc_group::C08J,patent_cpc_group,1,118157483
patent::118157483,cpc_group::C25B,patent_cpc_group,1,118157483
patent::118157483,cpc_code::C08G-073/06/27,patent_cpc_code,1,118157483
patent::118157483,cpc_code::C08J-005/22/56,patent_cpc_code,1,118157483
patent::118157483,cpc_code::C08J-2379/04,patent_cpc_code,1,118157483
patent::118157483,cpc_code::C25B-013/08,patent_cpc_code,1,118157483
patent::118157483,ipc_group::C08G,patent_ipc_group,1,118157483
patent::118157483,ipc_group::C08J,patent_ipc_group,1,118157483
patent::118157483,ipc_group::C25B,patent_ipc_group,1,118157483
patent::118157483,ipc_code::C08G-073/06,patent_ipc_code,1,118157483
patent::118157483,ipc_code::C08J-005/22,patent_ipc_code,1,118157483
patent::118157483,ipc_code::C25B-013/08,patent_ipc_code,1,118157483
patent::118157483,concept::ELECTROLYSIS CELL,patent_concept,1,118157483
patent::118157483,concept::POLYMER,patent_concept,1,118157483
patent::118157483,concept::SEPARATOR,patent_concept,1,118157483
patent::118157483,concept::POLYARYL PIPERIDINIUM,patent_concept,1,118157483
patent::118157483,concept::SUSTAINION ANION EXCHANGE SEPARATOR,patent_concept,1,118157483
patent::118157483,concept::POLYARYL PIPERIDINE POLYMER,patent_concept,1,118157483
patent::118157483,concept::TETRAVALENT HYDROCARBON,patent_concept,1,118157483
patent::118157483,concept::TETRAVALENT SATURATED HYDROCARBON,patent_concept,1,118157483
patent::118157483,concept::DIOXIDE MATERAL,patent_concept,1,118157483
patent::118157483,concept::WORK PROCESSABILITY,patent_concept,1,118157483
patent::118157483,country::KR,patent_country,1,118157483
patent::118157483,priority_year::2024,patent_priority_year,1,118157483
patent::118157483,legal_state::ALIVE,patent_legal_state,1,118157483
patent::118157483,focus::AEM,patent_focus,1,118157483
patent::118157483,focus::Non-noble candidate,patent_focus,1,118157483
patent::66367131,assignee::CEA - COMMISSARIAT A L ENERGIE ATOMIQUE & AUX ENERGIES ALTERNATIVES,patent_assignee,1,66367131
patent::66367131,"domain::Electrical machinery, apparatus, energy",patent_domain,1,66367131
patent::66367131,"domain::Materials, metallurgy",patent_domain,1,66367131
patent::66367131,"domain::Surface technology, coating",patent_domain,1,66367131
patent::66367131,cpc_group::C25B,patent_cpc_group,1,66367131
patent::66367131,cpc_group::H01M,patent_cpc_group,1,66367131
patent::66367131,cpc_group::Y02E,patent_cpc_group,1,66367131
patent::66367131,cpc_code::C25B-001/00,patent_cpc_code,1,66367131
patent::66367131,cpc_code::C25B-001/04,patent_cpc_code,1,66367131
patent::66367131,cpc_code::C25B-001/042,patent_cpc_code,1,66367131
patent::66367131,cpc_code::C25B-001/06,patent_cpc_code,1,66367131
patent::66367131,cpc_code::C25B-001/10,patent_cpc_code,1,66367131
patent::66367131,cpc_code::C25B-001/23,patent_cpc_code,1,66367131
patent::66367131,cpc_code::C25B-009/04,patent_cpc_code,1,66367131
patent::66367131,cpc_code::C25B-009/08,patent_cpc_code,1,66367131
patent::66367131,cpc_code::C25B-009/18,patent_cpc_code,1,66367131
patent::66367131,cpc_code::C25B-009/19,patent_cpc_code,1,66367131
patent::66367131,ipc_group::C01B,patent_ipc_group,1,66367131
patent::66367131,ipc_group::C25B,patent_ipc_group,1,66367131
patent::66367131,ipc_group::H01M,patent_ipc_group,1,66367131
patent::66367131,ipc_code::C01B-003/02,patent_ipc_code,1,66367131
patent::66367131,ipc_code::C25B-001/02,patent_ipc_code,1,66367131
patent::66367131,ipc_code::C25B-001/23,patent_ipc_code,1,66367131
patent::66367131,ipc_code::C25B-001/27,patent_ipc_code,1,66367131
patent::66367131,ipc_code::C25B-003/25,patent_ipc_code,1,66367131
patent::66367131,ipc_code::C25B-009/19,patent_ipc_code,1,66367131
patent::66367131,ipc_code::C25B-009/65,patent_ipc_code,1,66367131
patent::66367131,ipc_code::C25B-009/75,patent_ipc_code,1,66367131
patent::66367131,concept::CARBON DIOXIDE CO2,patent_concept,1,66367131
patent::66367131,concept::ELECTRICAL INTERCONNECTOR,patent_concept,1,66367131
patent::66367131,concept::ELECTROLYSIS REACTOR,patent_concept,1,66367131
patent::66367131,country::FR,patent_country,1,66367131
patent::66367131,priority_year::2012,patent_priority_year,1,66367131
patent::66367131,legal_state::ALIVE,patent_legal_state,1,66367131
patent::66367131,focus::Non-noble candidate,patent_focus,1,66367131
patent::104127510,assignee::MITSUBISHI ELECTRIC,patent_assignee,1,104127510
patent::104127510,domain::Basic materials chemistry,patent_domain,1,104127510
patent::104127510,domain::Chemical engineering,patent_domain,1,104127510
patent::104127510,domain::Organic fine chemistry,patent_domain,1,104127510
patent::104127510,"domain::Surface technology, coating",patent_domain,1,104127510
patent::104127510,cpc_group::B01J,patent_cpc_group,1,104127510
patent::104127510,cpc_group::C10L,patent_cpc_group,1,104127510
patent::104127510,cpc_group::C25B,patent_cpc_group,1,104127510
patent::104127510,cpc_code::B01J-019/00/13,patent_cpc_code,1,104127510
patent::104127510,cpc_code::B01J-019/24,patent_cpc_code,1,104127510
patent::104127510,cpc_code::B01J-2219/00087,patent_cpc_code,1,104127510
patent::104127510,cpc_code::B01J-2219/00103,patent_cpc_code,1,104127510
patent::104127510,cpc_code::B01J-2219/00108,patent_cpc_code,1,104127510
patent::104127510,cpc_code::B01J-2219/0011,patent_cpc_code,1,104127510
patent::104127510,cpc_code::B01J-2219/00117,patent_cpc_code,1,104127510
patent::104127510,cpc_code::C10L-003/08,patent_cpc_code,1,104127510
patent::104127510,cpc_code::C25B-001/23,patent_cpc_code,1,104127510
patent::104127510,cpc_code::C25B-009/19,patent_cpc_code,1,104127510
patent::104127510,ipc_group::B01J,patent_ipc_group,1,104127510
patent::104127510,ipc_group::C07C,patent_ipc_group,1,104127510
patent::104127510,ipc_group::C10L,patent_ipc_group,1,104127510
patent::104127510,ipc_group::C25B,patent_ipc_group,1,104127510
patent::104127510,ipc_code::B01J-019/00,patent_ipc_code,1,104127510
patent::104127510,ipc_code::B01J-019/24,patent_ipc_code,1,104127510
patent::104127510,ipc_code::C07C-001/00,patent_ipc_code,1,104127510
patent::104127510,ipc_code::C07C-009/04,patent_ipc_code,1,104127510
patent::104127510,ipc_code::C10L-003/08,patent_ipc_code,1,104127510
patent::104127510,ipc_code::C25B-001/23,patent_ipc_code,1,104127510
patent::104127510,ipc_code::C25B-009/19,patent_ipc_code,1,104127510
patent::104127510,ipc_code::C25B-009/67,patent_ipc_code,1,104127510
patent::104127510,concept::CARBON DIOXIDE SUPPLY PATH,patent_concept,1,104127510
patent::104127510,concept::COELECTROLYSIS,patent_concept,1,104127510
patent::104127510,concept::COELECTROLYTIC,patent_concept,1,104127510
patent::104127510,concept::CONNECTION PATH,patent_concept,1,104127510
patent::104127510,concept::ELECTRICAL POWER SUPPLY,patent_concept,1,104127510
patent::104127510,concept::ELECTRICAL POWER SUPPLY PATH,patent_concept,1,104127510
patent::104127510,country::WO,patent_country,1,104127510
patent::104127510,country::JP,patent_country,1,104127510
patent::104127510,priority_year::2022,patent_priority_year,1,104127510
patent::104127510,legal_state::ALIVE,patent_legal_state,1,104127510
patent::104127510,focus::Non-noble candidate,patent_focus,1,104127510
patent::101968427,assignee::HONDA MOTOR,patent_assignee,1,101968427
patent::101968427,domain::Basic materials chemistry,patent_domain,1,101968427
patent::101968427,domain::Organic fine chemistry,patent_domain,1,101968427
patent::101968427,"domain::Surface technology, coating",patent_domain,1,101968427
patent::101968427,cpc_group::C07C,patent_cpc_group,1,101968427
patent::101968427,cpc_group::C25B,patent_cpc_group,1,101968427
patent::101968427,cpc_group::Y02E,patent_cpc_group,1,101968427
patent::101968427,cpc_code::C07C-001/04/25,patent_cpc_code,1,101968427
patent::101968427,cpc_code::C07C-001/04/85,patent_cpc_code,1,101968427
patent::101968427,cpc_code::C25B-001/042,patent_cpc_code,1,101968427
patent::101968427,cpc_code::C25B-001/23,patent_cpc_code,1,101968427
patent::101968427,cpc_code::C25B-009/19,patent_cpc_code,1,101968427
patent::101968427,cpc_code::C25B-015/083,patent_cpc_code,1,101968427
patent::101968427,cpc_code::C25B-015/087,patent_cpc_code,1,101968427
patent::101968427,cpc_code::Y02E-060/36,patent_cpc_code,1,101968427
patent::101968427,ipc_group::C07C,patent_ipc_group,1,101968427
patent::101968427,ipc_group::C10L,patent_ipc_group,1,101968427
patent::101968427,ipc_group::C25B,patent_ipc_group,1,101968427
patent::101968427,ipc_code::C07C-001/04,patent_ipc_code,1,101968427
patent::101968427,ipc_code::C10L-003/08,patent_ipc_code,1,101968427
patent::101968427,ipc_code::C25B-001/042,patent_ipc_code,1,101968427
patent::101968427,ipc_code::C25B-001/23,patent_ipc_code,1,101968427
patent::101968427,ipc_code::C25B-009/00,patent_ipc_code,1,101968427
patent::101968427,ipc_code::C25B-009/19,patent_ipc_code,1,101968427
patent::101968427,ipc_code::C25B-015/023,patent_ipc_code,1,101968427
patent::101968427,ipc_code::C25B-015/08,patent_ipc_code,1,101968427
patent::101968427,concept::ELECTROLYSIS,patent_concept,1,101968427
patent::101968427,concept::ELECTROLYSIS SECTION,patent_concept,1,101968427
patent::101968427,concept::ELECTROLYZER,patent_concept,1,101968427
patent::101968427,concept::FUEL,patent_concept,1,101968427
patent::101968427,concept::FUEL MANUFACTURING SYSTEM,patent_concept,1,101968427
patent::101968427,concept::MANUFACTURING SYSTEM,patent_concept,1,101968427
patent::101968427,country::JP,patent_country,1,101968427
patent::101968427,priority_year::2021,patent_priority_year,1,101968427
patent::101968427,legal_state::ALIVE,patent_legal_state,1,101968427
patent::101968427,focus::Non-noble candidate,patent_focus,1,101968427
patent::114398667,assignee::FUELCELL ENERGY,patent_assignee,1,114398667
patent::114398667,"domain::Electrical machinery, apparatus, energy",patent_domain,1,114398667
patent::114398667,"domain::Surface technology, coating",patent_domain,1,114398667
patent::114398667,cpc_group::C01B,patent_cpc_group,1,114398667
patent::114398667,cpc_group::C25B,patent_cpc_group,1,114398667
patent::114398667,cpc_group::H01M,patent_cpc_group,1,114398667
patent::114398667,cpc_group::Y02E,patent_cpc_group,1,114398667
patent::114398667,cpc_code::C01B-003/12,patent_cpc_code,1,114398667
patent::114398667,cpc_code::C01B-2203/043,patent_cpc_code,1,114398667
patent::114398667,cpc_code::C01B-2203/0475,patent_cpc_code,1,114398667
patent::114398667,cpc_code::C01B-2203/0495,patent_cpc_code,1,114398667
patent::114398667,cpc_code::C01B-2203/062,patent_cpc_code,1,114398667
patent::114398667,cpc_code::C01B-2203/066,patent_cpc_code,1,114398667
patent::114398667,cpc_code::C01B-2203/147,patent_cpc_code,1,114398667
patent::114398667,cpc_code::C25B-001/042,patent_cpc_code,1,114398667
patent::114398667,cpc_code::C25B-001/23,patent_cpc_code,1,114398667
patent::114398667,cpc_code::C25B-009/19,patent_cpc_code,1,114398667
patent::114398667,ipc_group::C25B,patent_ipc_group,1,114398667
patent::114398667,ipc_group::H01M,patent_ipc_group,1,114398667
patent::114398667,ipc_code::C25B-001/04,patent_ipc_code,1,114398667
patent::114398667,ipc_code::C25B-001/042,patent_ipc_code,1,114398667
patent::114398667,ipc_code::C25B-001/23,patent_ipc_code,1,114398667
patent::114398667,ipc_code::C25B-009/19,patent_ipc_code,1,114398667
patent::114398667,ipc_code::C25B-015/021,patent_ipc_code,1,114398667
patent::114398667,ipc_code::C25B-015/08,patent_ipc_code,1,114398667
patent::114398667,ipc_code::H01M-008/14,patent_ipc_code,1,114398667
patent::114398667,concept::CARBONATE FUEL CELL,patent_concept,1,114398667
patent::114398667,concept::FUEL CELL,patent_concept,1,114398667
patent::114398667,concept::MOLTEN CARBONATE FUEL CELL,patent_concept,1,114398667
patent::114398667,concept::SOLID OXIDE ELECTROLYSIS CELL,patent_concept,1,114398667
patent::114398667,concept::SYNGA,patent_concept,1,114398667
patent::114398667,country::US,patent_country,1,114398667
patent::114398667,priority_year::2023,patent_priority_year,1,114398667
patent::114398667,legal_state::ALIVE,patent_legal_state,1,114398667
patent::71609954,assignee::SUNFIRE,patent_assignee,1,71609954
patent::71609954,"domain::Surface technology, coating",patent_domain,1,71609954
patent::71609954,cpc_group::C25B,patent_cpc_group,1,71609954
patent::71609954,cpc_group::Y02E,patent_cpc_group,1,71609954
patent::71609954,cpc_code::C25B-001/00,patent_cpc_code,1,71609954
patent::71609954,cpc_code::C25B-001/02,patent_cpc_code,1,71609954
patent::71609954,cpc_code::C25B-001/04,patent_cpc_code,1,71609954
patent::71609954,cpc_code::C25B-001/10,patent_cpc_code,1,71609954
patent::71609954,cpc_code::C25B-001/12,patent_cpc_code,1,71609954
patent::71609954,cpc_code::C25B-009/05,patent_cpc_code,1,71609954
patent::71609954,cpc_code::C25B-009/06,patent_cpc_code,1,71609954
patent::71609954,cpc_code::C25B-009/08,patent_cpc_code,1,71609954
patent::71609954,cpc_code::C25B-009/10,patent_cpc_code,1,71609954
patent::71609954,cpc_code::C25B-009/17,patent_cpc_code,1,71609954
patent::71609954,ipc_group::C25B,patent_ipc_group,1,71609954
patent::71609954,ipc_group::C25C,patent_ipc_group,1,71609954
patent::71609954,ipc_code::C25B-001/02,patent_ipc_code,1,71609954
patent::71609954,ipc_code::C25B-009/17,patent_ipc_code,1,71609954
patent::71609954,ipc_code::C25B-009/19,patent_ipc_code,1,71609954
patent::71609954,ipc_code::C25B-009/23,patent_ipc_code,1,71609954
patent::71609954,ipc_code::C25B-013/00,patent_ipc_code,1,71609954
patent::71609954,ipc_code::C25B-015/00,patent_ipc_code,1,71609954
patent::71609954,ipc_code::C25B-015/08,patent_ipc_code,1,71609954
patent::71609954,ipc_code::C25C-003/08,patent_ipc_code,1,71609954
patent::71609954,concept::CELL,patent_concept,1,71609954
patent::71609954,concept::CLEANING MEDIUM,patent_concept,1,71609954
patent::71609954,concept::ELECTROLYSIS,patent_concept,1,71609954
patent::71609954,country::DE,patent_country,1,71609954
patent::71609954,priority_year::2014,patent_priority_year,1,71609954
patent::71609954,legal_state::ALIVE,patent_legal_state,1,71609954
patent::71609954,focus::Non-noble candidate,patent_focus,1,71609954
patent::96169624,assignee::DALIAN UNIVERSITY OF TECHNOLOGY,patent_assignee,1,96169624
patent::96169624,"domain::Surface technology, coating",patent_domain,1,96169624
patent::96169624,cpc_group::C25B,patent_cpc_group,1,96169624
patent::96169624,cpc_code::C25B-001/23,patent_cpc_code,1,96169624
patent::96169624,cpc_code::C25B-001/50,patent_cpc_code,1,96169624
patent::96169624,cpc_code::C25B-011/091,patent_cpc_code,1,96169624
patent::96169624,ipc_group::C25B,patent_ipc_group,1,96169624
patent::96169624,ipc_code::C25B-001/23,patent_ipc_code,1,96169624
patent::96169624,ipc_code::C25B-001/50,patent_ipc_code,1,96169624
patent::96169624,ipc_code::C25B-011/091,patent_ipc_code,1,96169624
patent::96169624,concept::CATALYST CO2THE,patent_concept,1,96169624
patent::96169624,concept::CO2THE CATALYST,patent_concept,1,96169624
patent::96169624,concept::CO2THE CATALYST ELECTROREDUCTION,patent_concept,1,96169624
patent::96169624,concept::ELECTROREDUCTION,patent_concept,1,96169624
patent::96169624,concept::MOFS SUSPENSION,patent_concept,1,96169624
patent::96169624,concept::CO2AND ELECTROREDUCTION,patent_concept,1,96169624
patent::96169624,concept::CO2LAYS ELECTROREDUCTION,patent_concept,1,96169624
patent::96169624,concept::TRISHYDROXYMETHYL AMINOMETHANE HYDROCHLORIC ACID,patent_concept,1,96169624
patent::96169624,country::CN,patent_country,1,96169624
patent::96169624,priority_year::2021,patent_priority_year,1,96169624
patent::96169624,legal_state::ALIVE,patent_legal_state,1,96169624
patent::96169624,focus::Non-noble candidate,patent_focus,1,96169624
patent::87171430,assignee::SIEMENS ENERGY,patent_assignee,1,87171430
patent::87171430,"domain::Electrical machinery, apparatus, energy",patent_domain,1,87171430
patent::87171430,"domain::Materials, metallurgy",patent_domain,1,87171430
patent::87171430,"domain::Surface technology, coating",patent_domain,1,87171430
patent::87171430,cpc_group::C25B,patent_cpc_group,1,87171430
patent::87171430,cpc_group::H01M,patent_cpc_group,1,87171430
patent::87171430,cpc_group::Y02E,patent_cpc_group,1,87171430
patent::87171430,cpc_group::Y02P,patent_cpc_group,1,87171430
patent::87171430,cpc_code::C25B-001/00,patent_cpc_code,1,87171430
patent::87171430,cpc_code::C25B-001/04,patent_cpc_code,1,87171430
patent::87171430,cpc_code::C25B-009/19,patent_cpc_code,1,87171430
patent::87171430,cpc_code::C25B-009/70,patent_cpc_code,1,87171430
patent::87171430,cpc_code::C25B-011/04,patent_cpc_code,1,87171430
patent::87171430,cpc_code::C25B-015/08,patent_cpc_code,1,87171430
patent::87171430,cpc_code::H01M-008/06/56,patent_cpc_code,1,87171430
patent::87171430,cpc_code::H01M-008/06/68,patent_cpc_code,1,87171430
patent::87171430,cpc_code::H01M-008/06/81,patent_cpc_code,1,87171430
patent::87171430,cpc_code::Y02E-060/36,patent_cpc_code,1,87171430
patent::87171430,ipc_group::C01B,patent_ipc_group,1,87171430
patent::87171430,ipc_group::C25B,patent_ipc_group,1,87171430
patent::87171430,ipc_group::H01M,patent_ipc_group,1,87171430
patent::87171430,ipc_code::C01B-032/40,patent_ipc_code,1,87171430
patent::87171430,ipc_code::C25B-009/19,patent_ipc_code,1,87171430
patent::87171430,ipc_code::C25B-009/23,patent_ipc_code,1,87171430
patent::87171430,ipc_code::C25B-015/08,patent_ipc_code,1,87171430
patent::87171430,ipc_code::H01M-008/0606,patent_ipc_code,1,87171430
patent::87171430,concept::CATHODE COMPARTMENT,patent_concept,1,87171430
patent::87171430,concept::ELECTROCHEMICAL REACTION,patent_concept,1,87171430
patent::87171430,concept::ELECTROLYSIS CELL,patent_concept,1,87171430
patent::87171430,concept::GAS CONVERSION,patent_concept,1,87171430
patent::87171430,concept::METAL,patent_concept,1,87171430
patent::87171430,concept::OXIDE,patent_concept,1,87171430
patent::87171430,concept::PORPHYRIN,patent_concept,1,87171430
patent::87171430,concept::TEMPERATURE REVERSE,patent_concept,1,87171430
patent::87171430,concept::WATER GAS,patent_concept,1,87171430
patent::87171430,country::DE,patent_country,1,87171430
patent::87171430,priority_year::2018,patent_priority_year,1,87171430
patent::87171430,legal_state::DEAD,patent_legal_state,1,87171430
patent::87171430,focus::AEM,patent_focus,1,87171430
patent::87171430,focus::Non-noble candidate,patent_focus,1,87171430
patent::87171430,focus::GDE,patent_focus,1,87171430
patent::107089672,assignee::HITACHI,patent_assignee,1,107089672
patent::107089672,domain::Organic fine chemistry,patent_domain,1,107089672
patent::107089672,"domain::Surface technology, coating",patent_domain,1,107089672
patent::107089672,cpc_group::C07C,patent_cpc_group,1,107089672
patent::107089672,cpc_group::C25B,patent_cpc_group,1,107089672
patent::107089672,cpc_code::C07C-001/12,patent_cpc_code,1,107089672
patent::107089672,cpc_code::C07C-002/84,patent_cpc_code,1,107089672
patent::107089672,cpc_code::C07C-009/04,patent_cpc_code,1,107089672
patent::107089672,cpc_code::C07C-009/06,patent_cpc_code,1,107089672
patent::107089672,cpc_code::C07C-009/08,patent_cpc_code,1,107089672
patent::107089672,cpc_code::C25B-001/042,patent_cpc_code,1,107089672
patent::107089672,cpc_code::C25B-001/23,patent_cpc_code,1,107089672
patent::107089672,cpc_code::C25B-003/03,patent_cpc_code,1,107089672
patent::107089672,cpc_code::C25B-003/26,patent_cpc_code,1,107089672
patent::107089672,cpc_code::C25B-009/00,patent_cpc_code,1,107089672
patent::107089672,ipc_group::C07C,patent_ipc_group,1,107089672
patent::107089672,ipc_group::C25B,patent_ipc_group,1,107089672
patent::107089672,ipc_code::C07C-001/12,patent_ipc_code,1,107089672
patent::107089672,ipc_code::C07C-002/84,patent_ipc_code,1,107089672
patent::107089672,ipc_code::C07C-009/04,patent_ipc_code,1,107089672
patent::107089672,ipc_code::C07C-009/06,patent_ipc_code,1,107089672
patent::107089672,ipc_code::C07C-009/08,patent_ipc_code,1,107089672
patent::107089672,ipc_code::C25B-001/042,patent_ipc_code,1,107089672
patent::107089672,ipc_code::C25B-001/23,patent_ipc_code,1,107089672
patent::107089672,ipc_code::C25B-003/03,patent_ipc_code,1,107089672
patent::107089672,concept::CATALYST REACTOR,patent_concept,1,107089672
patent::107089672,concept::ENERGY SUPPLY,patent_concept,1,107089672
patent::107089672,concept::EVAPORATOR,patent_concept,1,107089672
patent::107089672,concept::FLOW RATE,patent_concept,1,107089672
patent::107089672,concept::HEAT,patent_concept,1,107089672
patent::107089672,concept::HEAT ENERGY,patent_concept,1,107089672
patent::107089672,concept::HEAT ENERGY SUPPLY,patent_concept,1,107089672
patent::107089672,concept::HEATING MEDIUM,patent_concept,1,107089672
patent::107089672,concept::HEATING MEDIUM HEAT ENERGY,patent_concept,1,107089672
patent::107089672,country::JP,patent_country,1,107089672
patent::107089672,priority_year::2022,patent_priority_year,1,107089672
patent::107089672,legal_state::ALIVE,patent_legal_state,1,107089672
patent::107089672,focus::Non-noble candidate,patent_focus,1,107089672
patent::80803000,assignee::TECHNICAL INSTITUTE OF PHYSICS & CHEMISTRY - CHINESE ACADEMY OF SCIENCES,patent_assignee,1,80803000
patent::80803000,domain::Chemical engineering,patent_domain,1,80803000
patent::80803000,"domain::Surface technology, coating",patent_domain,1,80803000
patent::80803000,cpc_group::B01J,patent_cpc_group,1,80803000
patent::80803000,cpc_group::C25B,patent_cpc_group,1,80803000
patent::80803000,cpc_group::Y02E,patent_cpc_group,1,80803000
patent::80803000,cpc_code::B01J-027/24,patent_cpc_code,1,80803000
patent::80803000,cpc_code::B01J-035/33,patent_cpc_code,1,80803000
patent::80803000,cpc_code::B01J-035/40,patent_cpc_code,1,80803000
patent::80803000,cpc_code::B01J-035/615,patent_cpc_code,1,80803000
patent::80803000,cpc_code::C25B-001/00,patent_cpc_code,1,80803000
patent::80803000,cpc_code::C25B-001/04,patent_cpc_code,1,80803000
patent::80803000,cpc_code::C25B-011/091,patent_cpc_code,1,80803000
patent::80803000,cpc_code::Y02E-060/36,patent_cpc_code,1,80803000
patent::80803000,ipc_group::B01J,patent_ipc_group,1,80803000
patent::80803000,ipc_group::C25B,patent_ipc_group,1,80803000
patent::80803000,ipc_code::B01J-027/24,patent_ipc_code,1,80803000
patent::80803000,ipc_code::B01J-035/00,patent_ipc_code,1,80803000
patent::80803000,ipc_code::C25B-001/00,patent_ipc_code,1,80803000
patent::80803000,ipc_code::C25B-001/04,patent_ipc_code,1,80803000
patent::80803000,ipc_code::C25B-011/06,patent_ipc_code,1,80803000
patent::80803000,concept::BINARY NITRIDE CATALYST,patent_concept,1,80803000
patent::80803000,concept::CARBON DIOXIDE ELECTROCATALYTIC REDUCTION,patent_concept,1,80803000
patent::80803000,concept::ELECTROCATALYTIC REDUCTION,patent_concept,1,80803000
patent::80803000,concept::NICKEL COPPER BINARY NITRIDE CATALYST,patent_concept,1,80803000
patent::80803000,concept::SYNTHESIS GAS,patent_concept,1,80803000
patent::80803000,concept::BINARY NITRIDE NANOPARTICLE,patent_concept,1,80803000
patent::80803000,concept::NICKEL COPPER BINARY NITRIDE NANOPARTICLE,patent_concept,1,80803000
patent::80803000,country::CN,patent_country,1,80803000
patent::80803000,priority_year::2018,patent_priority_year,1,80803000
patent::80803000,legal_state::DEAD,patent_legal_state,1,80803000
patent::80803000,focus::Non-noble candidate,patent_focus,1,80803000
patent::88193055,assignee::AIST - NATIONAL INSTITUTE OF ADVANCED INDUSTRIAL SCIENCE & TECHNOLOGY,patent_assignee,1,88193055
patent::88193055,domain::Chemical engineering,patent_domain,1,88193055
patent::88193055,"domain::Surface technology, coating",patent_domain,1,88193055
patent::88193055,cpc_group::C25B,patent_cpc_group,1,88193055
patent::88193055,cpc_group::Y02E,patent_cpc_group,1,88193055
patent::88193055,cpc_code::C25B-001/04,patent_cpc_code,1,88193055
patent::88193055,cpc_code::C25B-001/042,patent_cpc_code,1,88193055
patent::88193055,cpc_code::C25B-001/23,patent_cpc_code,1,88193055
patent::88193055,cpc_code::C25B-003/03,patent_cpc_code,1,88193055
patent::88193055,cpc_code::C25B-003/25,patent_cpc_code,1,88193055
patent::88193055,cpc_code::C25B-003/26,patent_cpc_code,1,88193055
patent::88193055,cpc_code::C25B-009/01,patent_cpc_code,1,88193055
patent::88193055,cpc_code::C25B-009/19,patent_cpc_code,1,88193055
patent::88193055,cpc_code::C25B-009/67,patent_cpc_code,1,88193055
patent::88193055,cpc_code::C25B-009/70,patent_cpc_code,1,88193055
patent::88193055,ipc_group::B01J,patent_ipc_group,1,88193055
patent::88193055,ipc_group::C25B,patent_ipc_group,1,88193055
patent::88193055,ipc_code::B01J-023/10,patent_ipc_code,1,88193055
patent::88193055,ipc_code::B01J-023/83,patent_ipc_code,1,88193055
patent::88193055,ipc_code::C25B-001/04,patent_ipc_code,1,88193055
patent::88193055,ipc_code::C25B-001/042,patent_ipc_code,1,88193055
patent::88193055,ipc_code::C25B-001/23,patent_ipc_code,1,88193055
patent::88193055,ipc_code::C25B-003/03,patent_ipc_code,1,88193055
patent::88193055,ipc_code::C25B-003/25,patent_ipc_code,1,88193055
patent::88193055,ipc_code::C25B-003/26,patent_ipc_code,1,88193055
patent::88193055,concept::CATALYST,patent_concept,1,88193055
patent::88193055,concept::COELECTROLYSIS CELL,patent_concept,1,88193055
patent::88193055,concept::COELECTROLYSIS TANK,patent_concept,1,88193055
patent::88193055,concept::COELECTROLYTIC CELL,patent_concept,1,88193055
patent::88193055,concept::ELECTROCHEMICAL CATALYST,patent_concept,1,88193055
patent::88193055,country::JP,patent_country,1,88193055
patent::88193055,priority_year::2018,patent_priority_year,1,88193055
patent::88193055,legal_state::ALIVE,patent_legal_state,1,88193055
patent::88193055,focus::Non-noble candidate,patent_focus,1,88193055
patent::111204819,assignee::QINGDAO UNIVERSITY OF SCIENCE & TECHNOLOGY,patent_assignee,1,111204819
patent::111204819,domain::Environmental technology,patent_domain,1,111204819
patent::111204819,"domain::Materials, metallurgy",patent_domain,1,111204819
patent::111204819,"domain::Surface technology, coating",patent_domain,1,111204819
patent::111204819,cpc_group::B01D,patent_cpc_group,1,111204819
patent::111204819,cpc_group::C01B,patent_cpc_group,1,111204819
patent::111204819,cpc_group::C25B,patent_cpc_group,1,111204819
patent::111204819,cpc_code::B01D-053/60,patent_cpc_code,1,111204819
patent::111204819,cpc_code::B01D-053/62,patent_cpc_code,1,111204819
patent::111204819,cpc_code::B01D-053/78,patent_cpc_code,1,111204819
patent::111204819,cpc_code::B01D-2257/504,patent_cpc_code,1,111204819
patent::111204819,cpc_code::C01B-032/50,patent_cpc_code,1,111204819
patent::111204819,cpc_code::C25B-003/26,patent_cpc_code,1,111204819
patent::111204819,ipc_group::B01D,patent_ipc_group,1,111204819
patent::111204819,ipc_group::C01B,patent_ipc_group,1,111204819
patent::111204819,ipc_group::C25B,patent_ipc_group,1,111204819
patent::111204819,ipc_code::B01D-053/60,patent_ipc_code,1,111204819
patent::111204819,ipc_code::B01D-053/62,patent_ipc_code,1,111204819
patent::111204819,ipc_code::B01D-053/78,patent_ipc_code,1,111204819
patent::111204819,ipc_code::C01B-032/50,patent_ipc_code,1,111204819
patent::111204819,ipc_code::C25B-003/26,patent_ipc_code,1,111204819
patent::111204819,concept::CO2INTEGRATED PURIFICATION CATALYSIS,patent_concept,1,111204819
patent::111204819,concept::COAL FIRED FLUE GAS,patent_concept,1,111204819
patent::111204819,concept::FLUE GAS,patent_concept,1,111204819
patent::111204819,concept::PURIFICATION CATALYSIS,patent_concept,1,111204819
patent::111204819,concept::ELECTROLYZER ANODE ELECTROLYTE,patent_concept,1,111204819
patent::111204819,concept::MEMBRANE ELECTRODE ELECTROLYZER ANOLYTE,patent_concept,1,111204819
patent::111204819,concept::BIPOLAR MEMBRANE ELECTROLYZER,patent_concept,1,111204819
patent::111204819,concept::BICARBONATE,patent_concept,1,111204819
patent::111204819,concept::BICARBONATE ELECTROCATALYTIC CONVERSION,patent_concept,1,111204819
patent::111204819,concept::MEMBRANE ELECTRODE ELECTROLYZER,patent_concept,1,111204819
patent::111204819,country::CN,patent_country,1,111204819
patent::111204819,priority_year::2024,patent_priority_year,1,111204819
patent::111204819,legal_state::ALIVE,patent_legal_state,1,111204819
patent::116298732,assignee::INSTITUTE OF PROCESS ENGINEERING - CHINESE ACADEMY OF SCIENCES,patent_assignee,1,116298732
patent::116298732,domain::Environmental technology,patent_domain,1,116298732
patent::116298732,domain::Micro-structure and nano-technology,patent_domain,1,116298732
patent::116298732,"domain::Surface technology, coating",patent_domain,1,116298732
patent::116298732,cpc_group::B01D,patent_cpc_group,1,116298732
patent::116298732,cpc_group::B01J,patent_cpc_group,1,116298732
patent::116298732,cpc_group::B82Y,patent_cpc_group,1,116298732
patent::116298732,cpc_group::C25B,patent_cpc_group,1,116298732
patent::116298732,cpc_group::Y02E,patent_cpc_group,1,116298732
patent::116298732,cpc_group::Y02P,patent_cpc_group,1,116298732
patent::116298732,cpc_code::B01D-053/62,patent_cpc_code,1,116298732
patent::116298732,cpc_code::B01D-2257/504,patent_cpc_code,1,116298732
patent::116298732,cpc_code::B01J-035/00/13,patent_cpc_code,1,116298732
patent::116298732,cpc_code::B01J-035/00/33,patent_cpc_code,1,116298732
patent::116298732,cpc_code::B82Y-030/00,patent_cpc_code,1,116298732
patent::116298732,cpc_code::B82Y-040/00,patent_cpc_code,1,116298732
patent::116298732,cpc_code::C25B-001/00,patent_cpc_code,1,116298732
patent::116298732,cpc_code::C25B-001/00/3,patent_cpc_code,1,116298732
patent::116298732,cpc_code::C25B-001/04,patent_cpc_code,1,116298732
patent::116298732,cpc_code::C25B-003/04,patent_cpc_code,1,116298732
patent::116298732,ipc_group::B01D,patent_ipc_group,1,116298732
patent::116298732,ipc_group::B82Y,patent_ipc_group,1,116298732
patent::116298732,ipc_group::C25B,patent_ipc_group,1,116298732
patent::116298732,ipc_code::B01D-053/62,patent_ipc_code,1,116298732
patent::116298732,ipc_code::B01D-053/86,patent_ipc_code,1,116298732
patent::116298732,ipc_code::B82Y-030/00,patent_ipc_code,1,116298732
patent::116298732,ipc_code::C25B-001/23,patent_ipc_code,1,116298732
patent::116298732,ipc_code::C25B-011/02,patent_ipc_code,1,116298732
patent::116298732,ipc_code::C25B-011/091,patent_ipc_code,1,116298732
patent::116298732,concept::BIMETALLIC CATALYST,patent_concept,1,116298732
patent::116298732,concept::CU BIMETALLIC CATALYST,patent_concept,1,116298732
patent::116298732,concept::ELECTROREDUCTION CARBON SHELL,patent_concept,1,116298732
patent::116298732,concept::BIMETALLIC MOF PRECURSOR,patent_concept,1,116298732
patent::116298732,concept::CATALYST PREPARATION STRATEGY,patent_concept,1,116298732
patent::116298732,concept::PREPARATION STRATEGY,patent_concept,1,116298732
patent::116298732,concept::CARBON SHELL,patent_concept,1,116298732
patent::116298732,concept::CATALYTIC PERFORMANCE,patent_concept,1,116298732
patent::116298732,concept::ELECTROREDUCTION,patent_concept,1,116298732
patent::116298732,concept::BIMETALLIC CARBON,patent_concept,1,116298732
patent::116298732,country::CN,patent_country,1,116298732
patent::116298732,priority_year::2025,patent_priority_year,1,116298732
patent::116298732,legal_state::ALIVE,patent_legal_state,1,116298732
patent::116298732,focus::Non-noble candidate,patent_focus,1,116298732
patent::35372708,assignee::KOREA ADVANCED INSTITUTE OF SCIENCE & TECHNOLOGY,patent_assignee,1,35372708
patent::35372708,domain::Chemical engineering,patent_domain,1,35372708
patent::35372708,"domain::Materials, metallurgy",patent_domain,1,35372708
patent::35372708,"domain::Surface technology, coating",patent_domain,1,35372708
patent::35372708,cpc_group::C01B,patent_cpc_group,1,35372708
patent::35372708,cpc_group::C25B,patent_cpc_group,1,35372708
patent::35372708,cpc_group::Y02E,patent_cpc_group,1,35372708
patent::35372708,cpc_code::C01B-032/40,patent_cpc_code,1,35372708
patent::35372708,cpc_code::C25B-001/042,patent_cpc_code,1,35372708
patent::35372708,cpc_code::C25B-009/19,patent_cpc_code,1,35372708
patent::35372708,cpc_code::C25B-011/031,patent_cpc_code,1,35372708
patent::35372708,cpc_code::C25B-011/091,patent_cpc_code,1,35372708
patent::35372708,cpc_code::C25B-013/05,patent_cpc_code,1,35372708
patent::35372708,cpc_code::Y02E-060/36,patent_cpc_code,1,35372708
patent::35372708,ipc_group::B01J,patent_ipc_group,1,35372708
patent::35372708,ipc_group::C01B,patent_ipc_group,1,35372708
patent::35372708,ipc_group::C25B,patent_ipc_group,1,35372708
patent::35372708,ipc_code::B01J-019/08,patent_ipc_code,1,35372708
patent::35372708,ipc_code::C01B-003/06,patent_ipc_code,1,35372708
patent::35372708,ipc_code::C01B-032/40,patent_ipc_code,1,35372708
patent::35372708,ipc_code::C25B-001/04,patent_ipc_code,1,35372708
patent::35372708,concept::ELECTROCHEMICAL REACTION,patent_concept,1,35372708
patent::35372708,concept::IMPREGNATING PORE,patent_concept,1,35372708
patent::35372708,concept::METAL FOAM,patent_concept,1,35372708
patent::35372708,concept::METAL FOAM SUPPORT,patent_concept,1,35372708
patent::35372708,concept::STEAM GENERATOR,patent_concept,1,35372708
patent::35372708,concept::REACTION IMPREGNATING PORE,patent_concept,1,35372708
patent::35372708,country::KR,patent_country,1,35372708
patent::35372708,priority_year::2011,patent_priority_year,1,35372708
patent::35372708,legal_state::ALIVE,patent_legal_state,1,35372708
patent::35372708,focus::Non-noble candidate,patent_focus,1,35372708
patent::100224447,assignee::UNIVERSITY SOUTH SCIENCE & TECHNOLOGY CHINA,patent_assignee,1,100224447
patent::100224447,domain::Organic fine chemistry,patent_domain,1,100224447
patent::100224447,"domain::Surface technology, coating",patent_domain,1,100224447
patent::100224447,cpc_group::C07C,patent_cpc_group,1,100224447
patent::100224447,cpc_group::C25B,patent_cpc_group,1,100224447
patent::100224447,cpc_group::Y02P,patent_cpc_group,1,100224447
patent::100224447,cpc_code::C07C-029/151/8,patent_cpc_code,1,100224447
patent::100224447,cpc_code::C07C-029/152,patent_cpc_code,1,100224447
patent::100224447,cpc_code::C25B-001/04,patent_cpc_code,1,100224447
patent::100224447,cpc_code::C25B-001/23,patent_cpc_code,1,100224447
patent::100224447,cpc_code::C25B-009/19,patent_cpc_code,1,100224447
patent::100224447,cpc_code::C25B-015/00,patent_cpc_code,1,100224447
patent::100224447,cpc_code::C25B-015/02,patent_cpc_code,1,100224447
patent::100224447,cpc_code::Y02P-020/52,patent_cpc_code,1,100224447
patent::100224447,ipc_group::C07C,patent_ipc_group,1,100224447
patent::100224447,ipc_group::C25B,patent_ipc_group,1,100224447
patent::100224447,ipc_code::C07C-029/151,patent_ipc_code,1,100224447
patent::100224447,ipc_code::C07C-029/152,patent_ipc_code,1,100224447
patent::100224447,ipc_code::C07C-031/04,patent_ipc_code,1,100224447
patent::100224447,ipc_code::C25B-001/04,patent_ipc_code,1,100224447
patent::100224447,ipc_code::C25B-001/23,patent_ipc_code,1,100224447
patent::100224447,ipc_code::C25B-009/19,patent_ipc_code,1,100224447
patent::100224447,ipc_code::C25B-015/00,patent_ipc_code,1,100224447
patent::100224447,ipc_code::C25B-015/02,patent_ipc_code,1,100224447
patent::100224447,concept::FIX RATIO PRODUCTION SYSTEM,patent_concept,1,100224447
patent::100224447,concept::FIXED RATIO PRODUCTION,patent_concept,1,100224447
patent::100224447,concept::PRODUCTION SYSTEM,patent_concept,1,100224447
patent::100224447,concept::STRONTIUM DOPED LANTHANUM MANGANATE,patent_concept,1,100224447
patent::100224447,concept::SYNGA,patent_concept,1,100224447
patent::100224447,concept::SYNTHESIS GAS,patent_concept,1,100224447
patent::100224447,concept::COAL GASIFICATION,patent_concept,1,100224447
patent::100224447,concept::GAS CONDITIONING,patent_concept,1,100224447
patent::100224447,concept::ELECTROLYTIC TANK,patent_concept,1,100224447
patent::100224447,concept::SAMARIUM CODOPED CERIA,patent_concept,1,100224447
patent::100224447,country::CN,patent_country,1,100224447
patent::100224447,priority_year::2022,patent_priority_year,1,100224447
patent::100224447,legal_state::ALIVE,patent_legal_state,1,100224447
patent::113753877,assignee::TOSHIBA,patent_assignee,1,113753877
patent::113753877,"domain::Surface technology, coating",patent_domain,1,113753877
patent::113753877,cpc_group::C25B,patent_cpc_group,1,113753877
patent::113753877,cpc_code::C25B-001/23,patent_cpc_code,1,113753877
patent::113753877,cpc_code::C25B-001/27,patent_cpc_code,1,113753877
patent::113753877,cpc_code::C25B-003/25,patent_cpc_code,1,113753877
patent::113753877,cpc_code::C25B-003/26,patent_cpc_code,1,113753877
patent::113753877,cpc_code::C25B-009/70,patent_cpc_code,1,113753877
patent::113753877,cpc_code::C25B-009/73,patent_cpc_code,1,113753877
patent::113753877,cpc_code::C25B-009/77,patent_cpc_code,1,113753877
patent::113753877,cpc_code::C25B-015/02,patent_cpc_code,1,113753877
patent::113753877,cpc_code::C25B-015/08,patent_cpc_code,1,113753877
patent::113753877,ipc_group::C25B,patent_ipc_group,1,113753877
patent::113753877,ipc_code::C25B-001/04,patent_ipc_code,1,113753877
patent::113753877,ipc_code::C25B-001/23,patent_ipc_code,1,113753877
patent::113753877,ipc_code::C25B-001/27,patent_ipc_code,1,113753877
patent::113753877,ipc_code::C25B-003/03,patent_ipc_code,1,113753877
patent::113753877,ipc_code::C25B-003/09,patent_ipc_code,1,113753877
patent::113753877,ipc_code::C25B-003/25,patent_ipc_code,1,113753877
patent::113753877,ipc_code::C25B-003/26,patent_ipc_code,1,113753877
patent::113753877,ipc_code::C25B-009/00,patent_ipc_code,1,113753877
patent::113753877,concept::AMMONIA,patent_concept,1,113753877
patent::113753877,concept::CARBON COMPOUND,patent_concept,1,113753877
patent::113753877,concept::CARBON DIOXIDE GAS,patent_concept,1,113753877
patent::113753877,concept::CARBON DIOXIDE REDUCTION POTENTIAL,patent_concept,1,113753877
patent::113753877,concept::CURRENT DENSITY,patent_concept,1,113753877
patent::113753877,concept::ELECTROLYSIS,patent_concept,1,113753877
patent::113753877,country::JP,patent_country,1,113753877
patent::113753877,priority_year::2023,patent_priority_year,1,113753877
patent::113753877,legal_state::ALIVE,patent_legal_state,1,113753877
patent::113753877,focus::MEA,patent_focus,1,113753877
patent::113753877,focus::Non-noble candidate,patent_focus,1,113753877
patent::113753877,focus::GDE,patent_focus,1,113753877
patent::81386940,assignee::TOSHIBA,patent_assignee,1,81386940
patent::81386940,"domain::Surface technology, coating",patent_domain,1,81386940
patent::81386940,cpc_group::C25B,patent_cpc_group,1,81386940
patent::81386940,cpc_group::Y02E,patent_cpc_group,1,81386940
patent::81386940,cpc_code::C25B-001/00,patent_cpc_code,1,81386940
patent::81386940,cpc_code::C25B-001/00/3,patent_cpc_code,1,81386940
patent::81386940,cpc_code::C25B-001/04,patent_cpc_code,1,81386940
patent::81386940,cpc_code::C25B-001/10,patent_cpc_code,1,81386940
patent::81386940,cpc_code::C25B-001/55,patent_cpc_code,1,81386940
patent::81386940,cpc_code::C25B-003/04,patent_cpc_code,1,81386940
patent::81386940,cpc_code::C25B-003/25,patent_cpc_code,1,81386940
patent::81386940,cpc_code::C25B-009/00,patent_cpc_code,1,81386940
patent::81386940,cpc_code::C25B-009/08,patent_cpc_code,1,81386940
patent::81386940,cpc_code::C25B-009/10,patent_cpc_code,1,81386940
patent::81386940,ipc_group::C25B,patent_ipc_group,1,81386940
patent::81386940,ipc_code::C25B-003/25,patent_ipc_code,1,81386940
patent::81386940,ipc_code::C25B-009/19,patent_ipc_code,1,81386940
patent::81386940,ipc_code::C25B-009/23,patent_ipc_code,1,81386940
patent::81386940,ipc_code::C25B-015/00,patent_ipc_code,1,81386940
patent::81386940,concept::CARBON COMPOUND,patent_concept,1,81386940
patent::81386940,concept::CARBON COMPOUND GENERATION,patent_concept,1,81386940
patent::81386940,concept::COUNTER ELECTRODE,patent_concept,1,81386940
patent::81386940,concept::ELECTROCHEMICAL REACTION,patent_concept,1,81386940
patent::81386940,country::JP,patent_country,1,81386940
patent::81386940,priority_year::2017,patent_priority_year,1,81386940
patent::81386940,legal_state::ALIVE,patent_legal_state,1,81386940
patent::81386940,focus::Non-noble candidate,patent_focus,1,81386940
patent::112719442,assignee::ZHEJIANG WANLI UNIVERSITY,patent_assignee,1,112719442
patent::112719442,"domain::Surface technology, coating",patent_domain,1,112719442
patent::112719442,cpc_group::C25B,patent_cpc_group,1,112719442
patent::112719442,cpc_code::C25B-001/23,patent_cpc_code,1,112719442
patent::112719442,cpc_code::C25B-011/054,patent_cpc_code,1,112719442
patent::112719442,cpc_code::C25B-011/055,patent_cpc_code,1,112719442
patent::112719442,cpc_code::C25B-011/091,patent_cpc_code,1,112719442
patent::112719442,ipc_group::C25B,patent_ipc_group,1,112719442
patent::112719442,ipc_code::C25B-001/23,patent_ipc_code,1,112719442
patent::112719442,ipc_code::C25B-011/054,patent_ipc_code,1,112719442
patent::112719442,ipc_code::C25B-011/055,patent_ipc_code,1,112719442
patent::112719442,ipc_code::C25B-011/091,patent_ipc_code,1,112719442
patent::112719442,concept::BIMETALLIC NANO CATALYST,patent_concept,1,112719442
patent::112719442,concept::BIMETALLIC NANOCATALYST,patent_concept,1,112719442
patent::112719442,concept::NICKEL COPPER BIMETALLIC NANO CATALYST,patent_concept,1,112719442
patent::112719442,concept::NICKEL COPPER BIMETALLIC NANOCATALYST,patent_concept,1,112719442
patent::112719442,concept::NITROGEN DOPED GRAPHENE,patent_concept,1,112719442
patent::112719442,concept::NITROGEN DOPED GRAPHENE LAYER,patent_concept,1,112719442
patent::112719442,concept::ELECTROREDUCTION CATALYST,patent_concept,1,112719442
patent::112719442,concept::COPPER METAL PARTICLE,patent_concept,1,112719442
patent::112719442,concept::CARBON DIOXIDE ELECTROREDUCTION,patent_concept,1,112719442
patent::112719442,concept::CARBON DIOXIDE ELECTROREDUCTION CATALYST,patent_concept,1,112719442
patent::112719442,country::CN,patent_country,1,112719442
patent::112719442,priority_year::2023,patent_priority_year,1,112719442
patent::112719442,legal_state::ALIVE,patent_legal_state,1,112719442
patent::112719442,focus::Non-noble candidate,patent_focus,1,112719442
patent::104121451,assignee::FAIRBRICS,patent_assignee,1,104121451
patent::104121451,"domain::Surface technology, coating",patent_domain,1,104121451
patent::104121451,cpc_group::C25B,patent_cpc_group,1,104121451
patent::104121451,cpc_code::C25B-001/23,patent_cpc_code,1,104121451
patent::104121451,cpc_code::C25B-003/07,patent_cpc_code,1,104121451
patent::104121451,cpc_code::C25B-003/23,patent_cpc_code,1,104121451
patent::104121451,cpc_code::C25B-009/05,patent_cpc_code,1,104121451
patent::104121451,cpc_code::C25B-009/07,patent_cpc_code,1,104121451
patent::104121451,cpc_code::C25B-009/13,patent_cpc_code,1,104121451
patent::104121451,cpc_code::C25B-009/17,patent_cpc_code,1,104121451
patent::104121451,cpc_code::C25B-009/60,patent_cpc_code,1,104121451
patent::104121451,cpc_code::C25B-009/67,patent_cpc_code,1,104121451
patent::104121451,cpc_code::C25B-011/031,patent_cpc_code,1,104121451
patent::104121451,ipc_group::C25B,patent_ipc_group,1,104121451
patent::104121451,ipc_code::C25B-001/23,patent_ipc_code,1,104121451
patent::104121451,ipc_code::C25B-003/07,patent_ipc_code,1,104121451
patent::104121451,ipc_code::C25B-003/23,patent_ipc_code,1,104121451
patent::104121451,ipc_code::C25B-009/00,patent_ipc_code,1,104121451
patent::104121451,ipc_code::C25B-009/015,patent_ipc_code,1,104121451
patent::104121451,ipc_code::C25B-009/05,patent_ipc_code,1,104121451
patent::104121451,ipc_code::C25B-009/07,patent_ipc_code,1,104121451
patent::104121451,ipc_code::C25B-009/13,patent_ipc_code,1,104121451
patent::104121451,concept::3D ELECTROLYSIS CELL,patent_concept,1,104121451
patent::104121451,concept::3D ELECTROLYTIC CELL,patent_concept,1,104121451
patent::104121451,concept::ELECTROLYSIS CELL,patent_concept,1,104121451
patent::104121451,country::FR,patent_country,1,104121451
patent::104121451,priority_year::2021,patent_priority_year,1,104121451
patent::104121451,legal_state::ALIVE,patent_legal_state,1,104121451
patent::104121451,focus::Non-noble candidate,patent_focus,1,104121451
patent::108896443,assignee::TOSHIBA,patent_assignee,1,108896443
patent::108896443,"domain::Surface technology, coating",patent_domain,1,108896443
patent::108896443,cpc_group::C25B,patent_cpc_group,1,108896443
patent::108896443,cpc_group::Y02E,patent_cpc_group,1,108896443
patent::108896443,cpc_code::C25B-001/00,patent_cpc_code,1,108896443
patent::108896443,cpc_code::C25B-001/04,patent_cpc_code,1,108896443
patent::108896443,cpc_code::C25B-001/23,patent_cpc_code,1,108896443
patent::108896443,cpc_code::C25B-001/27,patent_cpc_code,1,108896443
patent::108896443,cpc_code::C25B-003/07,patent_cpc_code,1,108896443
patent::108896443,cpc_code::C25B-003/26,patent_cpc_code,1,108896443
patent::108896443,cpc_code::C25B-009/00,patent_cpc_code,1,108896443
patent::108896443,cpc_code::C25B-009/19,patent_cpc_code,1,108896443
patent::108896443,cpc_code::C25B-009/23,patent_cpc_code,1,108896443
patent::108896443,cpc_code::C25B-009/65,patent_cpc_code,1,108896443
patent::108896443,ipc_group::C25B,patent_ipc_group,1,108896443
patent::108896443,ipc_code::C25B-001/00,patent_ipc_code,1,108896443
patent::108896443,ipc_code::C25B-001/04,patent_ipc_code,1,108896443
patent::108896443,ipc_code::C25B-001/23,patent_ipc_code,1,108896443
patent::108896443,ipc_code::C25B-001/27,patent_ipc_code,1,108896443
patent::108896443,ipc_code::C25B-003/07,patent_ipc_code,1,108896443
patent::108896443,ipc_code::C25B-003/26,patent_ipc_code,1,108896443
patent::108896443,ipc_code::C25B-009/00,patent_ipc_code,1,108896443
patent::108896443,ipc_code::C25B-009/19,patent_ipc_code,1,108896443
patent::108896443,concept::AMMONIA,patent_concept,1,108896443
patent::108896443,concept::ANODE FLOW PATH,patent_concept,1,108896443
patent::108896443,concept::CARBON COMPOUND,patent_concept,1,108896443
patent::108896443,concept::CATHODE CATALYST,patent_concept,1,108896443
patent::108896443,concept::CATHODE CATALYST LAYER,patent_concept,1,108896443
patent::108896443,concept::CATHODE FLOW PATH,patent_concept,1,108896443
patent::108896443,concept::ELECTROLYSIS,patent_concept,1,108896443
patent::108896443,country::JP,patent_country,1,108896443
patent::108896443,priority_year::2022,patent_priority_year,1,108896443
patent::108896443,legal_state::ALIVE,patent_legal_state,1,108896443
patent::108896443,focus::AEM,patent_focus,1,108896443
patent::108896443,focus::Non-noble candidate,patent_focus,1,108896443
patent::108896443,focus::GDE,patent_focus,1,108896443
patent::110888177,assignee::TIANJIN UNIVERSITY OF TECHNOLOGY,patent_assignee,1,110888177
patent::110888177,"domain::Surface technology, coating",patent_domain,1,110888177
patent::110888177,cpc_group::C25B,patent_cpc_group,1,110888177
patent::110888177,cpc_code::C25B-001/23,patent_cpc_code,1,110888177
patent::110888177,cpc_code::C25B-001/50,patent_cpc_code,1,110888177
patent::110888177,cpc_code::C25B-003/26,patent_cpc_code,1,110888177
patent::110888177,cpc_code::C25B-011/054,patent_cpc_code,1,110888177
patent::110888177,cpc_code::C25B-011/055,patent_cpc_code,1,110888177
patent::110888177,cpc_code::C25B-011/065,patent_cpc_code,1,110888177
patent::110888177,cpc_code::C25B-011/075,patent_cpc_code,1,110888177
patent::110888177,ipc_group::C25B,patent_ipc_group,1,110888177
patent::110888177,ipc_code::C25B-001/23,patent_ipc_code,1,110888177
patent::110888177,ipc_code::C25B-001/50,patent_ipc_code,1,110888177
patent::110888177,ipc_code::C25B-003/26,patent_ipc_code,1,110888177
patent::110888177,ipc_code::C25B-011/054,patent_ipc_code,1,110888177
patent::110888177,ipc_code::C25B-011/055,patent_ipc_code,1,110888177
patent::110888177,ipc_code::C25B-011/065,patent_ipc_code,1,110888177
patent::110888177,ipc_code::C25B-011/075,patent_ipc_code,1,110888177
patent::110888177,concept::CATALYST,patent_concept,1,110888177
patent::110888177,concept::ELECTROCATALYTIC OXIDATION,patent_concept,1,110888177
patent::110888177,concept::REDUCTION FUNCTION,patent_concept,1,110888177
patent::110888177,concept::ORDERED MESOPOROUS TEMPLATE,patent_concept,1,110888177
patent::110888177,concept::ELECTROCATALYTIC CATALYST POOR,patent_concept,1,110888177
patent::110888177,concept::ELECTROCATALYTIC CATALYST,patent_concept,1,110888177
patent::110888177,concept::SACRIFICIAL TEMPLATE STRATEGY,patent_concept,1,110888177
patent::110888177,concept::CATALYST PRODUCTIVITY,patent_concept,1,110888177
patent::110888177,concept::NICKEL ATOM,patent_concept,1,110888177
patent::110888177,concept::REAGENT,patent_concept,1,110888177
patent::110888177,country::CN,patent_country,1,110888177
patent::110888177,priority_year::2024,patent_priority_year,1,110888177
patent::110888177,legal_state::ALIVE,patent_legal_state,1,110888177
patent::110888177,focus::Non-noble candidate,patent_focus,1,110888177
patent::93172692,assignee::TOSHIBA,patent_assignee,1,93172692
patent::93172692,"domain::Surface technology, coating",patent_domain,1,93172692
patent::93172692,cpc_group::C25B,patent_cpc_group,1,93172692
patent::93172692,cpc_group::Y02E,patent_cpc_group,1,93172692
patent::93172692,cpc_group::Y02P,patent_cpc_group,1,93172692
patent::93172692,cpc_code::C25B-001/00,patent_cpc_code,1,93172692
patent::93172692,cpc_code::C25B-001/04,patent_cpc_code,1,93172692
patent::93172692,cpc_code::C25B-001/23,patent_cpc_code,1,93172692
patent::93172692,cpc_code::C25B-003/03,patent_cpc_code,1,93172692
patent::93172692,cpc_code::C25B-003/07,patent_cpc_code,1,93172692
patent::93172692,cpc_code::C25B-003/25,patent_cpc_code,1,93172692
patent::93172692,cpc_code::C25B-003/26,patent_cpc_code,1,93172692
patent::93172692,cpc_code::C25B-009/08,patent_cpc_code,1,93172692
patent::93172692,cpc_code::C25B-009/19,patent_cpc_code,1,93172692
patent::93172692,cpc_code::C25B-009/73,patent_cpc_code,1,93172692
patent::93172692,ipc_group::C25B,patent_ipc_group,1,93172692
patent::93172692,ipc_group::C25C,patent_ipc_group,1,93172692
patent::93172692,ipc_code::C25B-001/00,patent_ipc_code,1,93172692
patent::93172692,ipc_code::C25B-001/04,patent_ipc_code,1,93172692
patent::93172692,ipc_code::C25B-001/23,patent_ipc_code,1,93172692
patent::93172692,ipc_code::C25B-003/03,patent_ipc_code,1,93172692
patent::93172692,ipc_code::C25B-003/07,patent_ipc_code,1,93172692
patent::93172692,ipc_code::C25B-003/25,patent_ipc_code,1,93172692
patent::93172692,ipc_code::C25B-003/26,patent_ipc_code,1,93172692
patent::93172692,ipc_code::C25B-009/00,patent_ipc_code,1,93172692
patent::93172692,concept::CESIUM HYDROGEN CARBONATE,patent_concept,1,93172692
patent::93172692,concept::CONTROL SECTION,patent_concept,1,93172692
patent::93172692,concept::DIAPHRAGM,patent_concept,1,93172692
patent::93172692,concept::ELECTROCHEMICAL REACTION,patent_concept,1,93172692
patent::93172692,concept::ELECTROCHEMICAL REACTOR,patent_concept,1,93172692
patent::93172692,country::JP,patent_country,1,93172692
patent::93172692,priority_year::2019,patent_priority_year,1,93172692
patent::93172692,legal_state::ALIVE,patent_legal_state,1,93172692
patent::93172692,focus::Non-noble candidate,patent_focus,1,93172692
patent::116434365,assignee::KUNMING UNIVERSITY OF SCIENCE & TECHNOLOGY,patent_assignee,1,116434365
patent::116434365,"domain::Surface technology, coating",patent_domain,1,116434365
patent::116434365,cpc_group::C25B,patent_cpc_group,1,116434365
patent::116434365,cpc_code::C25B-001/00,patent_cpc_code,1,116434365
patent::116434365,cpc_code::C25B-011/04/47,patent_cpc_code,1,116434365
patent::116434365,ipc_group::C25B,patent_ipc_group,1,116434365
patent::116434365,ipc_code::C25B-001/23,patent_ipc_code,1,116434365
patent::116434365,ipc_code::C25B-011/052,patent_ipc_code,1,116434365
patent::116434365,ipc_code::C25B-011/054,patent_ipc_code,1,116434365
patent::116434365,ipc_code::C25B-011/065,patent_ipc_code,1,116434365
patent::116434365,ipc_code::C25B-011/091,patent_ipc_code,1,116434365
patent::116434365,concept::CATALYTIC ELECTRODE,patent_concept,1,116434365
patent::116434365,concept::GAOOH,patent_concept,1,116434365
patent::116434365,concept::LIQUID METAL,patent_concept,1,116434365
patent::116434365,concept::LIQUID METAL CATALYTIC ELECTRODE,patent_concept,1,116434365
patent::116434365,concept::ELECTROCHEMICAL CATALYSIS,patent_concept,1,116434365
patent::116434365,concept::GA ELECTRODE,patent_concept,1,116434365
patent::116434365,concept::ACETYLENE BLACK,patent_concept,1,116434365
patent::116434365,concept::ANODE ELECTROLYTE,patent_concept,1,116434365
patent::116434365,concept::PLATINUM ELECTRODE,patent_concept,1,116434365
patent::116434365,concept::CATHODE ELECTROLYTE,patent_concept,1,116434365
patent::116434365,country::CN,patent_country,1,116434365
patent::116434365,priority_year::2025,patent_priority_year,1,116434365
patent::116434365,legal_state::ALIVE,patent_legal_state,1,116434365
patent::116434365,focus::Non-noble candidate,patent_focus,1,116434365
patent::101335911,assignee::HUAZHONG UNIVERSITY OF SCIENCE & TECHNOLOGY,patent_assignee,1,101335911
patent::101335911,"domain::Electrical machinery, apparatus, energy",patent_domain,1,101335911
patent::101335911,"domain::Surface technology, coating",patent_domain,1,101335911
patent::101335911,cpc_group::C25B,patent_cpc_group,1,101335911
patent::101335911,cpc_group::H01M,patent_cpc_group,1,101335911
patent::101335911,cpc_group::Y02P,patent_cpc_group,1,101335911
patent::101335911,cpc_code::C25B-001/04,patent_cpc_code,1,101335911
patent::101335911,cpc_code::C25B-001/23,patent_cpc_code,1,101335911
patent::101335911,cpc_code::C25B-003/07,patent_cpc_code,1,101335911
patent::101335911,cpc_code::C25B-003/26,patent_cpc_code,1,101335911
patent::101335911,cpc_code::C25B-009/00,patent_cpc_code,1,101335911
patent::101335911,cpc_code::C25B-015/00,patent_cpc_code,1,101335911
patent::101335911,cpc_code::H01M-010/24,patent_cpc_code,1,101335911
patent::101335911,cpc_code::H01M-012/06,patent_cpc_code,1,101335911
patent::101335911,cpc_code::Y02P-020/133,patent_cpc_code,1,101335911
patent::101335911,ipc_group::C25B,patent_ipc_group,1,101335911
patent::101335911,ipc_group::H01M,patent_ipc_group,1,101335911
patent::101335911,ipc_code::C25B-001/04,patent_ipc_code,1,101335911
patent::101335911,ipc_code::C25B-001/23,patent_ipc_code,1,101335911
patent::101335911,ipc_code::C25B-003/07,patent_ipc_code,1,101335911
patent::101335911,ipc_code::C25B-003/26,patent_ipc_code,1,101335911
patent::101335911,ipc_code::C25B-009/00,patent_ipc_code,1,101335911
patent::101335911,ipc_code::C25B-015/00,patent_ipc_code,1,101335911
patent::101335911,ipc_code::H01M-010/24,patent_ipc_code,1,101335911
patent::101335911,ipc_code::H01M-012/06,patent_ipc_code,1,101335911
patent::101335911,concept::ELECTROCATALYSIS ELECTROLYTIC CELL,patent_concept,1,101335911
patent::101335911,concept::ELECTROCATALYTIC REACTION TANK,patent_concept,1,101335911
patent::101335911,concept::SECONDARY BATTERY,patent_concept,1,101335911
patent::101335911,concept::ELECTROCATALYTIC REACTION,patent_concept,1,101335911
patent::101335911,concept::ELECTROCATALYTIC ELECTROLYSISTHE CELL,patent_concept,1,101335911
patent::101335911,concept::ELECTROCATALYSIS MODE,patent_concept,1,101335911
patent::101335911,concept::ELECTROCATALYTIC ELECTROLYSIS CELL HYBRID,patent_concept,1,101335911
patent::101335911,concept::ELECTROCATALYTIC REACTION TANK ANODE,patent_concept,1,101335911
patent::101335911,concept::ELECTROCATALYTIC REACTION TANK CATHODE,patent_concept,1,101335911
patent::101335911,concept::ELECTROLYTE,patent_concept,1,101335911
patent::101335911,country::CN,patent_country,1,101335911
patent::101335911,priority_year::2022,patent_priority_year,1,101335911
patent::101335911,legal_state::DEAD,patent_legal_state,1,101335911
patent::101335911,focus::Non-noble candidate,patent_focus,1,101335911
patent::106586888,assignee::TOSHIBA,patent_assignee,1,106586888
patent::106586888,"domain::Surface technology, coating",patent_domain,1,106586888
patent::106586888,cpc_group::C25B,patent_cpc_group,1,106586888
patent::106586888,cpc_code::C25B-001/04,patent_cpc_code,1,106586888
patent::106586888,cpc_code::C25B-001/23,patent_cpc_code,1,106586888
patent::106586888,cpc_code::C25B-001/27,patent_cpc_code,1,106586888
patent::106586888,cpc_code::C25B-003/26,patent_cpc_code,1,106586888
patent::106586888,cpc_code::C25B-009/00,patent_cpc_code,1,106586888
patent::106586888,cpc_code::C25B-009/19,patent_cpc_code,1,106586888
patent::106586888,cpc_code::C25B-009/60,patent_cpc_code,1,106586888
patent::106586888,cpc_code::C25B-015/02,patent_cpc_code,1,106586888
patent::106586888,cpc_code::C25B-015/08,patent_cpc_code,1,106586888
patent::106586888,ipc_group::C25B,patent_ipc_group,1,106586888
patent::106586888,ipc_code::C25B-001/04,patent_ipc_code,1,106586888
patent::106586888,ipc_code::C25B-001/135,patent_ipc_code,1,106586888
patent::106586888,ipc_code::C25B-001/23,patent_ipc_code,1,106586888
patent::106586888,ipc_code::C25B-001/27,patent_ipc_code,1,106586888
patent::106586888,ipc_code::C25B-003/26,patent_ipc_code,1,106586888
patent::106586888,ipc_code::C25B-009/00,patent_ipc_code,1,106586888
patent::106586888,ipc_code::C25B-009/19,patent_ipc_code,1,106586888
patent::106586888,ipc_code::C25B-009/23,patent_ipc_code,1,106586888
patent::106586888,concept::ACCOMMODATION,patent_concept,1,106586888
patent::106586888,concept::ANODE OUTLET,patent_concept,1,106586888
patent::106586888,concept::ANODE PASSAGE,patent_concept,1,106586888
patent::106586888,concept::CATHODE OUTLET,patent_concept,1,106586888
patent::106586888,concept::CATHODE PASSAGE,patent_concept,1,106586888
patent::106586888,concept::DRIVING ELECTROLYTIC DEVICE,patent_concept,1,106586888
patent::106586888,country::JP,patent_country,1,106586888
patent::106586888,priority_year::2022,patent_priority_year,1,106586888
patent::106586888,legal_state::ALIVE,patent_legal_state,1,106586888
patent::106586888,focus::AEM,patent_focus,1,106586888
patent::106586888,focus::Non-noble candidate,patent_focus,1,106586888
patent::106586888,focus::GDE,patent_focus,1,106586888
patent::101871166,assignee::IDEMITSU KOSAN,patent_assignee,1,101871166
patent::101871166,"domain::Surface technology, coating",patent_domain,1,101871166
patent::101871166,cpc_group::C25B,patent_cpc_group,1,101871166
patent::101871166,cpc_code::C25B-001/23,patent_cpc_code,1,101871166
patent::101871166,cpc_code::C25B-003/26,patent_cpc_code,1,101871166
patent::101871166,cpc_code::C25B-009/23,patent_cpc_code,1,101871166
patent::101871166,cpc_code::C25B-015/085,patent_cpc_code,1,101871166
patent::101871166,ipc_group::C25B,patent_ipc_group,1,101871166
patent::101871166,ipc_code::C25B-001/23,patent_ipc_code,1,101871166
patent::101871166,ipc_code::C25B-003/26,patent_ipc_code,1,101871166
patent::101871166,ipc_code::C25B-009/00,patent_ipc_code,1,101871166
patent::101871166,ipc_code::C25B-009/23,patent_ipc_code,1,101871166
patent::101871166,ipc_code::C25B-015/00,patent_ipc_code,1,101871166
patent::101871166,ipc_code::C25B-015/08,patent_ipc_code,1,101871166
patent::101871166,concept::AQUEOUS SOLUTION,patent_concept,1,101871166
patent::101871166,concept::BORIC ACID,patent_concept,1,101871166
patent::101871166,concept::BORIC ACID BUFFER SOLUTION,patent_concept,1,101871166
patent::101871166,concept::BUFFER SOLUTION,patent_concept,1,101871166
patent::101871166,concept::CATION,patent_concept,1,101871166
patent::101871166,country::JP,patent_country,1,101871166
patent::101871166,priority_year::2021,patent_priority_year,1,101871166
patent::101871166,legal_state::ALIVE,patent_legal_state,1,101871166
patent::101871166,focus::AEM,patent_focus,1,101871166
patent::101871166,focus::Non-noble candidate,patent_focus,1,101871166
patent::109306069,assignee::LG CHEM,patent_assignee,1,109306069
patent::109306069,"domain::Surface technology, coating",patent_domain,1,109306069
patent::109306069,cpc_group::C25B,patent_cpc_group,1,109306069
patent::109306069,cpc_code::C25B-001/04,patent_cpc_code,1,109306069
patent::109306069,cpc_code::C25B-001/23,patent_cpc_code,1,109306069
patent::109306069,cpc_code::C25B-003/03,patent_cpc_code,1,109306069
patent::109306069,cpc_code::C25B-003/07,patent_cpc_code,1,109306069
patent::109306069,cpc_code::C25B-003/25,patent_cpc_code,1,109306069
patent::109306069,cpc_code::C25B-003/26,patent_cpc_code,1,109306069
patent::109306069,cpc_code::C25B-009/19,patent_cpc_code,1,109306069
patent::109306069,cpc_code::C25B-009/23,patent_cpc_code,1,109306069
patent::109306069,cpc_code::C25B-009/77,patent_cpc_code,1,109306069
patent::109306069,cpc_code::C25B-011/032,patent_cpc_code,1,109306069
patent::109306069,ipc_group::C25B,patent_ipc_group,1,109306069
patent::109306069,ipc_code::C25B-001/04,patent_ipc_code,1,109306069
patent::109306069,ipc_code::C25B-001/23,patent_ipc_code,1,109306069
patent::109306069,ipc_code::C25B-003/03,patent_ipc_code,1,109306069
patent::109306069,ipc_code::C25B-003/07,patent_ipc_code,1,109306069
patent::109306069,ipc_code::C25B-003/26,patent_ipc_code,1,109306069
patent::109306069,ipc_code::C25B-009/00,patent_ipc_code,1,109306069
patent::109306069,ipc_code::C25B-009/19,patent_ipc_code,1,109306069
patent::109306069,ipc_code::C25B-009/23,patent_ipc_code,1,109306069
patent::109306069,concept::ELECTROLYSIS,patent_concept,1,109306069
patent::109306069,concept::ELECTROLYSIS CELL,patent_concept,1,109306069
patent::109306069,concept::ELECTROLYSIS STACK,patent_concept,1,109306069
patent::109306069,concept::ELECTROLYTE SOLUTION,patent_concept,1,109306069
patent::109306069,concept::UNREACTED REACTANT,patent_concept,1,109306069
patent::109306069,country::KR,patent_country,1,109306069
patent::109306069,priority_year::2022,patent_priority_year,1,109306069
patent::109306069,legal_state::ALIVE,patent_legal_state,1,109306069
patent::109306069,focus::MEA,patent_focus,1,109306069
patent::109306069,focus::AEM,patent_focus,1,109306069
patent::109306069,focus::Non-noble candidate,patent_focus,1,109306069
patent::109306069,focus::GDE,patent_focus,1,109306069
patent::108863955,assignee::TOSHIBA,patent_assignee,1,108863955
patent::108863955,"domain::Surface technology, coating",patent_domain,1,108863955
patent::108863955,cpc_group::C25B,patent_cpc_group,1,108863955
patent::108863955,cpc_code::C25B-001/00,patent_cpc_code,1,108863955
patent::108863955,cpc_code::C25B-001/04,patent_cpc_code,1,108863955
patent::108863955,cpc_code::C25B-001/23,patent_cpc_code,1,108863955
patent::108863955,cpc_code::C25B-003/25,patent_cpc_code,1,108863955
patent::108863955,cpc_code::C25B-003/26,patent_cpc_code,1,108863955
patent::108863955,cpc_code::C25B-009/19,patent_cpc_code,1,108863955
patent::108863955,cpc_code::C25B-009/23,patent_cpc_code,1,108863955
patent::108863955,cpc_code::C25B-009/65,patent_cpc_code,1,108863955
patent::108863955,cpc_code::C25B-009/67,patent_cpc_code,1,108863955
patent::108863955,cpc_code::C25B-015/02,patent_cpc_code,1,108863955
patent::108863955,ipc_group::C25B,patent_ipc_group,1,108863955
patent::108863955,ipc_code::C25B-001/00,patent_ipc_code,1,108863955
patent::108863955,ipc_code::C25B-001/04,patent_ipc_code,1,108863955
patent::108863955,ipc_code::C25B-001/23,patent_ipc_code,1,108863955
patent::108863955,ipc_code::C25B-001/27,patent_ipc_code,1,108863955
patent::108863955,ipc_code::C25B-003/03,patent_ipc_code,1,108863955
patent::108863955,ipc_code::C25B-003/07,patent_ipc_code,1,108863955
patent::108863955,ipc_code::C25B-003/25,patent_ipc_code,1,108863955
patent::108863955,ipc_code::C25B-003/26,patent_ipc_code,1,108863955
patent::108863955,concept::ACQUIRING TEMPERATURE,patent_concept,1,108863955
patent::108863955,concept::ACQUISITION,patent_concept,1,108863955
patent::108863955,concept::ANODE SECTION,patent_concept,1,108863955
patent::108863955,concept::CARBON DIOXIDE REDUCING SUBSTANCE,patent_concept,1,108863955
patent::108863955,concept::CATHODE SECTION,patent_concept,1,108863955
patent::108863955,concept::CLOUD,patent_concept,1,108863955
patent::108863955,concept::CURRENT DENSITY,patent_concept,1,108863955
patent::108863955,concept::DATA PROCESSING UNIT,patent_concept,1,108863955
patent::108863955,concept::DEGRADATION DETECTION,patent_concept,1,108863955
patent::108863955,concept::DETERIORATION DEGREE,patent_concept,1,108863955
patent::108863955,country::JP,patent_country,1,108863955
patent::108863955,priority_year::2022,patent_priority_year,1,108863955
patent::108863955,legal_state::ALIVE,patent_legal_state,1,108863955
patent::108863955,focus::AEM,patent_focus,1,108863955
patent::108863955,focus::Non-noble candidate,patent_focus,1,108863955
patent::85684691,assignee::SIEMENS ENERGY,patent_assignee,1,85684691
patent::85684691,"domain::Surface technology, coating",patent_domain,1,85684691
patent::85684691,cpc_group::C25B,patent_cpc_group,1,85684691
patent::85684691,cpc_group::Y02E,patent_cpc_group,1,85684691
patent::85684691,cpc_group::Y02P,patent_cpc_group,1,85684691
patent::85684691,cpc_code::C25B-001/00,patent_cpc_code,1,85684691
patent::85684691,cpc_code::C25B-001/04,patent_cpc_code,1,85684691
patent::85684691,cpc_code::C25B-001/26,patent_cpc_code,1,85684691
patent::85684691,cpc_code::C25B-003/25,patent_cpc_code,1,85684691
patent::85684691,cpc_code::C25B-009/06,patent_cpc_code,1,85684691
patent::85684691,cpc_code::C25B-009/17,patent_cpc_code,1,85684691
patent::85684691,cpc_code::C25B-009/19,patent_cpc_code,1,85684691
patent::85684691,cpc_code::C25B-011/03/5,patent_cpc_code,1,85684691
patent::85684691,cpc_code::C25B-011/031,patent_cpc_code,1,85684691
patent::85684691,cpc_code::C25B-013/02,patent_cpc_code,1,85684691
patent::85684691,ipc_group::C25B,patent_ipc_group,1,85684691
patent::85684691,ipc_code::C25B-001/04,patent_ipc_code,1,85684691
patent::85684691,ipc_code::C25B-001/23,patent_ipc_code,1,85684691
patent::85684691,ipc_code::C25B-001/26,patent_ipc_code,1,85684691
patent::85684691,ipc_code::C25B-003/07,patent_ipc_code,1,85684691
patent::85684691,ipc_code::C25B-003/25,patent_ipc_code,1,85684691
patent::85684691,ipc_code::C25B-003/26,patent_ipc_code,1,85684691
patent::85684691,ipc_code::C25B-009/17,patent_ipc_code,1,85684691
patent::85684691,ipc_code::C25B-011/031,patent_ipc_code,1,85684691
patent::85684691,concept::ANODE COMPARTMENT,patent_concept,1,85684691
patent::85684691,concept::CELL,patent_concept,1,85684691
patent::85684691,concept::ELECTROCHEMICAL CONVERSION,patent_concept,1,85684691
patent::85684691,country::DE,patent_country,1,85684691
patent::85684691,priority_year::2018,patent_priority_year,1,85684691
patent::85684691,legal_state::ALIVE,patent_legal_state,1,85684691
patent::85684691,focus::Non-noble candidate,patent_focus,1,85684691
patent::85684691,focus::GDE,patent_focus,1,85684691
patent::94627574,assignee::UNIVERSITEIT ANTWERPEN,patent_assignee,1,94627574
patent::94627574,"domain::Surface technology, coating",patent_domain,1,94627574
patent::94627574,cpc_group::C25B,patent_cpc_group,1,94627574
patent::94627574,cpc_code::C25B-003/03,patent_cpc_code,1,94627574
patent::94627574,cpc_code::C25B-003/07,patent_cpc_code,1,94627574
patent::94627574,cpc_code::C25B-003/26,patent_cpc_code,1,94627574
patent::94627574,cpc_code::C25B-009/05,patent_cpc_code,1,94627574
patent::94627574,cpc_code::C25B-009/23,patent_cpc_code,1,94627574
patent::94627574,cpc_code::C25B-009/65,patent_cpc_code,1,94627574
patent::94627574,cpc_code::C25B-009/75,patent_cpc_code,1,94627574
patent::94627574,cpc_code::C25B-009/77,patent_cpc_code,1,94627574
patent::94627574,cpc_code::C25B-013/02,patent_cpc_code,1,94627574
patent::94627574,cpc_code::C25B-015/083,patent_cpc_code,1,94627574
patent::94627574,ipc_group::C25B,patent_ipc_group,1,94627574
patent::94627574,ipc_code::C25B-003/07,patent_ipc_code,1,94627574
patent::94627574,ipc_code::C25B-003/25,patent_ipc_code,1,94627574
patent::94627574,ipc_code::C25B-003/26,patent_ipc_code,1,94627574
patent::94627574,ipc_code::C25B-009/05,patent_ipc_code,1,94627574
patent::94627574,ipc_code::C25B-009/19,patent_ipc_code,1,94627574
patent::94627574,ipc_code::C25B-009/23,patent_ipc_code,1,94627574
patent::94627574,ipc_code::C25B-009/73,patent_ipc_code,1,94627574
patent::94627574,ipc_code::C25B-013/02,patent_ipc_code,1,94627574
patent::94627574,concept::ELECTROCHEMICAL CONVERSION,patent_concept,1,94627574
patent::94627574,concept::GASEOUS COMPOUND,patent_concept,1,94627574
patent::94627574,concept::GASEOUS COMPOUND CONVERSION,patent_concept,1,94627574
patent::94627574,country::EP,patent_country,1,94627574
patent::94627574,country::BE,patent_country,1,94627574
patent::94627574,priority_year::2019,patent_priority_year,1,94627574
patent::94627574,legal_state::ALIVE,patent_legal_state,1,94627574
patent::94627574,focus::MEA,patent_focus,1,94627574
patent::94627574,focus::Non-noble candidate,patent_focus,1,94627574
patent::115109027,assignee::KOREA ADVANCED INSTITUTE OF SCIENCE & TECHNOLOGY,patent_assignee,1,115109027
patent::115109027,domain::Micro-structure and nano-technology,patent_domain,1,115109027
patent::115109027,"domain::Surface technology, coating",patent_domain,1,115109027
patent::115109027,cpc_group::B82Y,patent_cpc_group,1,115109027
patent::115109027,cpc_group::C25B,patent_cpc_group,1,115109027
patent::115109027,cpc_group::Y02E,patent_cpc_group,1,115109027
patent::115109027,cpc_code::B82Y-040/00,patent_cpc_code,1,115109027
patent::115109027,cpc_code::C25B-001/04,patent_cpc_code,1,115109027
patent::115109027,cpc_code::C25B-003/26,patent_cpc_code,1,115109027
patent::115109027,cpc_code::C25B-009/17,patent_cpc_code,1,115109027
patent::115109027,cpc_code::C25B-011/031,patent_cpc_code,1,115109027
patent::115109027,cpc_code::C25B-011/067,patent_cpc_code,1,115109027
patent::115109027,cpc_code::C25B-011/0773,patent_cpc_code,1,115109027
patent::115109027,cpc_code::C25B-011/089,patent_cpc_code,1,115109027
patent::115109027,cpc_code::C25B-013/07,patent_cpc_code,1,115109027
patent::115109027,cpc_code::C25B-015/02,patent_cpc_code,1,115109027
patent::115109027,ipc_group::B82Y,patent_ipc_group,1,115109027
patent::115109027,ipc_group::C25B,patent_ipc_group,1,115109027
patent::115109027,ipc_code::B82Y-040/00,patent_ipc_code,1,115109027
patent::115109027,ipc_code::C25B-001/04,patent_ipc_code,1,115109027
patent::115109027,ipc_code::C25B-003/26,patent_ipc_code,1,115109027
patent::115109027,ipc_code::C25B-009/17,patent_ipc_code,1,115109027
patent::115109027,ipc_code::C25B-011/031,patent_ipc_code,1,115109027
patent::115109027,ipc_code::C25B-011/067,patent_ipc_code,1,115109027
patent::115109027,ipc_code::C25B-011/077,patent_ipc_code,1,115109027
patent::115109027,ipc_code::C25B-011/089,patent_ipc_code,1,115109027
patent::115109027,concept::PEROVSKITE ANODE,patent_concept,1,115109027
patent::115109027,concept::PEROVSKITE ANODE MATERIAL,patent_concept,1,115109027
patent::115109027,concept::PEROVSKITE FUEL ELECTRODE MATERIAL,patent_concept,1,115109027
patent::115109027,concept::COBALT PEROVSKITE,patent_concept,1,115109027
patent::115109027,concept::COBALTITE PEROVSKITE,patent_concept,1,115109027
patent::115109027,concept::ELECTROLYTE PELLET,patent_concept,1,115109027
patent::115109027,concept::CO2 ELECTROLYSIS,patent_concept,1,115109027
patent::115109027,concept::BA PRECURSOR,patent_concept,1,115109027
patent::115109027,concept::PR PRECURSOR,patent_concept,1,115109027
patent::115109027,concept::FE PRECURSOR,patent_concept,1,115109027
patent::115109027,country::KR,patent_country,1,115109027
patent::115109027,priority_year::2023,patent_priority_year,1,115109027
patent::115109027,legal_state::ALIVE,patent_legal_state,1,115109027
patent::115109027,focus::Non-noble candidate,patent_focus,1,115109027
patent::117651217,assignee::TIANJING UNIVERSITY,patent_assignee,1,117651217
patent::117651217,"domain::Surface technology, coating",patent_domain,1,117651217
patent::117651217,cpc_group::Y02P,patent_cpc_group,1,117651217
patent::117651217,cpc_code::Y02P-020/54,patent_cpc_code,1,117651217
patent::117651217,ipc_group::C25B,patent_ipc_group,1,117651217
patent::117651217,ipc_code::C25B-001/23,patent_ipc_code,1,117651217
patent::117651217,ipc_code::C25B-003/03,patent_ipc_code,1,117651217
patent::117651217,ipc_code::C25B-003/07,patent_ipc_code,1,117651217
patent::117651217,ipc_code::C25B-003/26,patent_ipc_code,1,117651217
patent::117651217,ipc_code::C25B-009/00,patent_ipc_code,1,117651217
patent::117651217,ipc_code::C25B-009/60,patent_ipc_code,1,117651217
patent::117651217,ipc_code::C25B-015/02,patent_ipc_code,1,117651217
patent::117651217,ipc_code::C25B-015/08,patent_ipc_code,1,117651217
patent::117651217,concept::CATHOLYTE CIRCULATION SUBSYSTEM,patent_concept,1,117651217
patent::117651217,concept::CO2ELECTROREDUCTION REACTION,patent_concept,1,117651217
patent::117651217,concept::SUPERCRITICAL CO2ELECTROREDUCTION REACTION,patent_concept,1,117651217
patent::117651217,concept::ANOLYTE CIRCULATION SUBSYSTEM,patent_concept,1,117651217
patent::117651217,concept::ANOLYTE CHAMBER,patent_concept,1,117651217
patent::117651217,concept::CATHOLYTE CHAMBER,patent_concept,1,117651217
patent::117651217,concept::ELECTROREDUCTION REACTION,patent_concept,1,117651217
patent::117651217,concept::ELECTROBATH ANOLYTE CHAMBER,patent_concept,1,117651217
patent::117651217,concept::ELECTROBATH CATHOLYTE CHAMBER,patent_concept,1,117651217
patent::117651217,concept::LIQUID OUTLET,patent_concept,1,117651217
patent::117651217,country::CN,patent_country,1,117651217
patent::117651217,priority_year::2025,patent_priority_year,1,117651217
patent::117651217,legal_state::ALIVE,patent_legal_state,1,117651217
patent::117651217,focus::AEM,patent_focus,1,117651217
patent::117651217,focus::Non-noble candidate,patent_focus,1,117651217
patent::100868293,assignee::BEIJING UNIVERSITY OF TECHNOLOGY,patent_assignee,1,100868293
patent::100868293,"domain::Electrical machinery, apparatus, energy",patent_domain,1,100868293
patent::100868293,"domain::Materials, metallurgy",patent_domain,1,100868293
patent::100868293,"domain::Surface technology, coating",patent_domain,1,100868293
patent::100868293,cpc_group::C01B,patent_cpc_group,1,100868293
patent::100868293,cpc_group::C25B,patent_cpc_group,1,100868293
patent::100868293,cpc_group::H01M,patent_cpc_group,1,100868293
patent::100868293,cpc_group::Y02P,patent_cpc_group,1,100868293
patent::100868293,cpc_code::C01B-032/15,patent_cpc_code,1,100868293
patent::100868293,cpc_code::C25B-001/23,patent_cpc_code,1,100868293
patent::100868293,cpc_code::C25B-011/091,patent_cpc_code,1,100868293
patent::100868293,cpc_code::H01M-004/88/25,patent_cpc_code,1,100868293
patent::100868293,cpc_code::H01M-004/90/41,patent_cpc_code,1,100868293
patent::100868293,cpc_code::H01M-004/90/83,patent_cpc_code,1,100868293
patent::100868293,cpc_code::H01M-012/06,patent_cpc_code,1,100868293
patent::100868293,cpc_code::H01M-2004/8689,patent_cpc_code,1,100868293
patent::100868293,cpc_code::Y02P-020/133,patent_cpc_code,1,100868293
patent::100868293,ipc_group::C01B,patent_ipc_group,1,100868293
patent::100868293,ipc_group::C25B,patent_ipc_group,1,100868293
patent::100868293,ipc_group::H01M,patent_ipc_group,1,100868293
patent::100868293,ipc_code::C01B-032/15,patent_ipc_code,1,100868293
patent::100868293,ipc_code::C25B-001/23,patent_ipc_code,1,100868293
patent::100868293,ipc_code::C25B-011/091,patent_ipc_code,1,100868293
patent::100868293,ipc_code::H01M-004/88,patent_ipc_code,1,100868293
patent::100868293,ipc_code::H01M-004/90,patent_ipc_code,1,100868293
patent::100868293,ipc_code::H01M-012/06,patent_ipc_code,1,100868293
patent::100868293,concept::ATOMIC LEVEL MANGANESE METAL,patent_concept,1,100868293
patent::100868293,concept::ATOMIC SCALE MANGANESE METAL,patent_concept,1,100868293
patent::100868293,concept::CARBON NANO MICROSPHERE,patent_concept,1,100868293
patent::100868293,concept::CARBON NANOSPHERE,patent_concept,1,100868293
patent::100868293,concept::MANGANESE METAL,patent_concept,1,100868293
patent::100868293,concept::OPALESCENT NANO MICROEMULSION,patent_concept,1,100868293
patent::100868293,concept::MESOPOROUS CARBON NANOMICROSPHERE,patent_concept,1,100868293
patent::100868293,concept::MILKY NANOMETER MICROEMULSION,patent_concept,1,100868293
patent::100868293,concept::MILKY NANO MICROEMULSION,patent_concept,1,100868293
patent::100868293,country::CN,patent_country,1,100868293
patent::100868293,priority_year::2022,patent_priority_year,1,100868293
patent::100868293,legal_state::ALIVE,patent_legal_state,1,100868293
patent::100868293,focus::Non-noble candidate,patent_focus,1,100868293
patent::106316002,assignee::IDEMITSU KOSAN,patent_assignee,1,106316002
patent::106316002,assignee::OSAKA UNIVERSITY,patent_assignee,1,106316002
patent::106316002,domain::Chemical engineering,patent_domain,1,106316002
patent::106316002,"domain::Materials, metallurgy",patent_domain,1,106316002
patent::106316002,"domain::Surface technology, coating",patent_domain,1,106316002
patent::106316002,cpc_group::C01B,patent_cpc_group,1,106316002
patent::106316002,cpc_group::C01P,patent_cpc_group,1,106316002
patent::106316002,cpc_group::C25B,patent_cpc_group,1,106316002
patent::106316002,cpc_group::Y02E,patent_cpc_group,1,106316002
patent::106316002,cpc_code::C01B-032/05,patent_cpc_code,1,106316002
patent::106316002,cpc_code::C01B-032/40,patent_cpc_code,1,106316002
patent::106316002,cpc_code::C01P-2002/60,patent_cpc_code,1,106316002
patent::106316002,cpc_code::C01P-2004/60,patent_cpc_code,1,106316002
patent::106316002,cpc_code::C25B-001/23,patent_cpc_code,1,106316002
patent::106316002,cpc_code::C25B-003/26,patent_cpc_code,1,106316002
patent::106316002,cpc_code::C25B-009/23,patent_cpc_code,1,106316002
patent::106316002,cpc_code::C25B-011/032,patent_cpc_code,1,106316002
patent::106316002,cpc_code::C25B-011/037,patent_cpc_code,1,106316002
patent::106316002,cpc_code::C25B-011/054,patent_cpc_code,1,106316002
patent::106316002,ipc_group::B01J,patent_ipc_group,1,106316002
patent::106316002,ipc_group::C01B,patent_ipc_group,1,106316002
patent::106316002,ipc_group::C25B,patent_ipc_group,1,106316002
patent::106316002,ipc_code::B01J-027/24,patent_ipc_code,1,106316002
patent::106316002,ipc_code::B01J-037/04,patent_ipc_code,1,106316002
patent::106316002,ipc_code::B01J-037/08,patent_ipc_code,1,106316002
patent::106316002,ipc_code::C01B-032/05,patent_ipc_code,1,106316002
patent::106316002,ipc_code::C01B-032/40,patent_ipc_code,1,106316002
patent::106316002,ipc_code::C25B-001/23,patent_ipc_code,1,106316002
patent::106316002,ipc_code::C25B-003/26,patent_ipc_code,1,106316002
patent::106316002,ipc_code::C25B-009/23,patent_ipc_code,1,106316002
patent::106316002,concept::CARBON,patent_concept,1,106316002
patent::106316002,concept::CARRIER,patent_concept,1,106316002
patent::106316002,concept::CATALYST,patent_concept,1,106316002
patent::106316002,concept::CATALYST PARTICLE SIZE,patent_concept,1,106316002
patent::106316002,concept::ION EXCHANGE,patent_concept,1,106316002
patent::106316002,country::JP,patent_country,1,106316002
patent::106316002,country::CN,patent_country,1,106316002
patent::106316002,priority_year::2022,patent_priority_year,1,106316002
patent::106316002,legal_state::ALIVE,patent_legal_state,1,106316002
patent::106316002,focus::MEA,patent_focus,1,106316002
patent::106316002,focus::AEM,patent_focus,1,106316002
patent::106316002,focus::Non-noble candidate,patent_focus,1,106316002
patent::106316002,focus::GDE,patent_focus,1,106316002
patent::116773798,assignee::CHINA ELECTRONIC TECHNOLOGY,patent_assignee,1,116773798
patent::116773798,assignee::HARBIN INSTITUTE OF TECHNOLOGY,patent_assignee,1,116773798
patent::116773798,"domain::Electrical machinery, apparatus, energy",patent_domain,1,116773798
patent::116773798,"domain::Surface technology, coating",patent_domain,1,116773798
patent::116773798,cpc_group::C25B,patent_cpc_group,1,116773798
patent::116773798,cpc_group::H01M,patent_cpc_group,1,116773798
patent::116773798,cpc_group::Y02E,patent_cpc_group,1,116773798
patent::116773798,cpc_code::C25B-001/00/3,patent_cpc_code,1,116773798
patent::116773798,cpc_code::C25B-001/04,patent_cpc_code,1,116773798
patent::116773798,cpc_code::C25B-011/04,patent_cpc_code,1,116773798
patent::116773798,cpc_code::C25B-011/04/52,patent_cpc_code,1,116773798
patent::116773798,cpc_code::C25B-011/04/78,patent_cpc_code,1,116773798
patent::116773798,cpc_code::C25B-011/04/84,patent_cpc_code,1,116773798
patent::116773798,cpc_code::H01M-004/90/16,patent_cpc_code,1,116773798
patent::116773798,cpc_code::Y02E-060/366,patent_cpc_code,1,116773798
patent::116773798,ipc_group::C25B,patent_ipc_group,1,116773798
patent::116773798,ipc_group::H01M,patent_ipc_group,1,116773798
patent::116773798,ipc_code::C25B-001/04,patent_ipc_code,1,116773798
patent::116773798,ipc_code::C25B-001/23,patent_ipc_code,1,116773798
patent::116773798,ipc_code::C25B-003/26,patent_ipc_code,1,116773798
patent::116773798,ipc_code::C25B-011/061,patent_ipc_code,1,116773798
patent::116773798,ipc_code::C25B-011/067,patent_ipc_code,1,116773798
patent::116773798,ipc_code::C25B-011/081,patent_ipc_code,1,116773798
patent::116773798,ipc_code::C25B-011/089,patent_ipc_code,1,116773798
patent::116773798,ipc_code::H01M-004/90,patent_ipc_code,1,116773798
patent::116773798,concept::ALLOY CATALYST,patent_concept,1,116773798
patent::116773798,concept::TIN ALLOY CATALYST,patent_concept,1,116773798
patent::116773798,concept::SELECTIVITY CHALLENGE,patent_concept,1,116773798
patent::116773798,concept::ANODE OER,patent_concept,1,116773798
patent::116773798,concept::CATALYST DEACTIVATION,patent_concept,1,116773798
patent::116773798,concept::TIN DIOXIDE,patent_concept,1,116773798
patent::116773798,concept::ULTRAFINE GRINDER,patent_concept,1,116773798
patent::116773798,concept::METALLIC TIN,patent_concept,1,116773798
patent::116773798,concept::SLOW DYNAMICS,patent_concept,1,116773798
patent::116773798,concept::COMPETITION,patent_concept,1,116773798
patent::116773798,country::CN,patent_country,1,116773798
patent::116773798,priority_year::2025,patent_priority_year,1,116773798
patent::116773798,legal_state::ALIVE,patent_legal_state,1,116773798
patent::79172273,assignee::INSTITUTE OF COAL CHEMISTRY - CHINESE ACADEMY OF SCIENCE,patent_assignee,1,79172273
patent::79172273,"domain::Surface technology, coating",patent_domain,1,79172273
patent::79172273,cpc_group::C25B,patent_cpc_group,1,79172273
patent::79172273,cpc_code::C25B-001/00,patent_cpc_code,1,79172273
patent::79172273,cpc_code::C25B-003/25,patent_cpc_code,1,79172273
patent::79172273,cpc_code::C25B-011/091,patent_cpc_code,1,79172273
patent::79172273,ipc_group::C25B,patent_ipc_group,1,79172273
patent::79172273,ipc_code::C25B-003/25,patent_ipc_code,1,79172273
patent::79172273,concept::ATOM COMPOSITE CATALYST,patent_concept,1,79172273
patent::79172273,concept::ATOMIC COMPOSITE CATALYST,patent_concept,1,79172273
patent::79172273,concept::CARBON NANOTUBE,patent_concept,1,79172273
patent::79172273,concept::CARBON NANOTUBE LOADED MONODISPERSE,patent_concept,1,79172273
patent::79172273,concept::DISPERSION METAL,patent_concept,1,79172273
patent::79172273,country::CN,patent_country,1,79172273
patent::79172273,priority_year::2017,patent_priority_year,1,79172273
patent::79172273,legal_state::ALIVE,patent_legal_state,1,79172273
patent::79172273,focus::Non-noble candidate,patent_focus,1,79172273
patent::79172273,focus::GDE,patent_focus,1,79172273
patent::108863961,assignee::TOSHIBA,patent_assignee,1,108863961
patent::108863961,"domain::Surface technology, coating",patent_domain,1,108863961
patent::108863961,cpc_group::C25B,patent_cpc_group,1,108863961
patent::108863961,cpc_group::Y02E,patent_cpc_group,1,108863961
patent::108863961,cpc_code::C25B-001/04,patent_cpc_code,1,108863961
patent::108863961,cpc_code::C25B-001/23,patent_cpc_code,1,108863961
patent::108863961,cpc_code::C25B-001/27,patent_cpc_code,1,108863961
patent::108863961,cpc_code::C25B-003/03,patent_cpc_code,1,108863961
patent::108863961,cpc_code::C25B-003/26,patent_cpc_code,1,108863961
patent::108863961,cpc_code::C25B-009/05,patent_cpc_code,1,108863961
patent::108863961,cpc_code::C25B-009/19,patent_cpc_code,1,108863961
patent::108863961,cpc_code::C25B-009/67,patent_cpc_code,1,108863961
patent::108863961,cpc_code::C25B-015/02,patent_cpc_code,1,108863961
patent::108863961,cpc_code::C25B-015/021,patent_cpc_code,1,108863961
patent::108863961,ipc_group::C25B,patent_ipc_group,1,108863961
patent::108863961,ipc_group::C25C,patent_ipc_group,1,108863961
patent::108863961,ipc_code::C25B-001/04,patent_ipc_code,1,108863961
patent::108863961,ipc_code::C25B-001/23,patent_ipc_code,1,108863961
patent::108863961,ipc_code::C25B-001/27,patent_ipc_code,1,108863961
patent::108863961,ipc_code::C25B-003/03,patent_ipc_code,1,108863961
patent::108863961,ipc_code::C25B-003/07,patent_ipc_code,1,108863961
patent::108863961,ipc_code::C25B-003/26,patent_ipc_code,1,108863961
patent::108863961,ipc_code::C25B-009/00,patent_ipc_code,1,108863961
patent::108863961,ipc_code::C25B-009/05,patent_ipc_code,1,108863961
patent::108863961,concept::AMMONIA,patent_concept,1,108863961
patent::108863961,concept::ANODE DISCHARGE,patent_concept,1,108863961
patent::108863961,concept::ANODE FLOW PATH,patent_concept,1,108863961
patent::108863961,concept::ANODE FLOW PATH PRESSURE,patent_concept,1,108863961
patent::108863961,concept::ANODE FLUID,patent_concept,1,108863961
patent::108863961,concept::ANODE INLET,patent_concept,1,108863961
patent::108863961,concept::ANODE MEASURED PRESSURE,patent_concept,1,108863961
patent::108863961,concept::ANODE OUTLET,patent_concept,1,108863961
patent::108863961,concept::ANODE PRESSURE,patent_concept,1,108863961
patent::108863961,concept::ANODE SOLUTION,patent_concept,1,108863961
patent::108863961,country::JP,patent_country,1,108863961
patent::108863961,priority_year::2022,patent_priority_year,1,108863961
patent::108863961,legal_state::ALIVE,patent_legal_state,1,108863961
patent::108863961,focus::AEM,patent_focus,1,108863961
patent::108863961,focus::Non-noble candidate,patent_focus,1,108863961
patent::111493424,assignee::TOSHIBA,patent_assignee,1,111493424
patent::111493424,"domain::Electrical machinery, apparatus, energy",patent_domain,1,111493424
patent::111493424,"domain::Surface technology, coating",patent_domain,1,111493424
patent::111493424,cpc_group::C25B,patent_cpc_group,1,111493424
patent::111493424,cpc_code::C25B-001/04,patent_cpc_code,1,111493424
patent::111493424,cpc_code::C25B-001/23,patent_cpc_code,1,111493424
patent::111493424,cpc_code::C25B-001/50,patent_cpc_code,1,111493424
patent::111493424,cpc_code::C25B-003/03,patent_cpc_code,1,111493424
patent::111493424,cpc_code::C25B-003/07,patent_cpc_code,1,111493424
patent::111493424,cpc_code::C25B-003/26,patent_cpc_code,1,111493424
patent::111493424,cpc_code::C25B-009/19,patent_cpc_code,1,111493424
patent::111493424,cpc_code::C25B-009/23,patent_cpc_code,1,111493424
patent::111493424,cpc_code::C25B-011/031,patent_cpc_code,1,111493424
patent::111493424,cpc_code::C25B-011/032,patent_cpc_code,1,111493424
patent::111493424,ipc_group::C25B,patent_ipc_group,1,111493424
patent::111493424,ipc_group::H01M,patent_ipc_group,1,111493424
patent::111493424,ipc_code::C25B-001/02,patent_ipc_code,1,111493424
patent::111493424,ipc_code::C25B-001/04,patent_ipc_code,1,111493424
patent::111493424,ipc_code::C25B-001/23,patent_ipc_code,1,111493424
patent::111493424,ipc_code::C25B-001/27,patent_ipc_code,1,111493424
patent::111493424,ipc_code::C25B-001/50,patent_ipc_code,1,111493424
patent::111493424,ipc_code::C25B-003/03,patent_ipc_code,1,111493424
patent::111493424,ipc_code::C25B-003/07,patent_ipc_code,1,111493424
patent::111493424,ipc_code::C25B-003/26,patent_ipc_code,1,111493424
patent::111493424,concept::CATHODE FLOW PATH,patent_concept,1,111493424
patent::111493424,concept::DIAPHRAGM,patent_concept,1,111493424
patent::111493424,concept::DIAPHRAGM SURFACE,patent_concept,1,111493424
patent::111493424,concept::ELECTROLYSIS,patent_concept,1,111493424
patent::111493424,country::JP,patent_country,1,111493424
patent::111493424,priority_year::2023,patent_priority_year,1,111493424
patent::111493424,legal_state::ALIVE,patent_legal_state,1,111493424
patent::111493424,focus::Non-noble candidate,patent_focus,1,111493424
patent::101955362,assignee::TOPSOE,patent_assignee,1,101955362
patent::101955362,"domain::Electrical machinery, apparatus, energy",patent_domain,1,101955362
patent::101955362,"domain::Surface technology, coating",patent_domain,1,101955362
patent::101955362,cpc_group::C25B,patent_cpc_group,1,101955362
patent::101955362,cpc_group::Y02E,patent_cpc_group,1,101955362
patent::101955362,cpc_code::C25B-001/04,patent_cpc_code,1,101955362
patent::101955362,cpc_code::C25B-001/042,patent_cpc_code,1,101955362
patent::101955362,cpc_code::C25B-001/23,patent_cpc_code,1,101955362
patent::101955362,cpc_code::C25B-003/26,patent_cpc_code,1,101955362
patent::101955362,cpc_code::C25B-009/01,patent_cpc_code,1,101955362
patent::101955362,cpc_code::C25B-009/015,patent_cpc_code,1,101955362
patent::101955362,cpc_code::C25B-009/65,patent_cpc_code,1,101955362
patent::101955362,cpc_code::C25B-009/70,patent_cpc_code,1,101955362
patent::101955362,cpc_code::C25B-009/75,patent_cpc_code,1,101955362
patent::101955362,cpc_code::C25B-015/027,patent_cpc_code,1,101955362
patent::101955362,ipc_group::C25B,patent_ipc_group,1,101955362
patent::101955362,ipc_group::H01M,patent_ipc_group,1,101955362
patent::101955362,ipc_code::C25B-001/04,patent_ipc_code,1,101955362
patent::101955362,ipc_code::C25B-001/042,patent_ipc_code,1,101955362
patent::101955362,ipc_code::C25B-001/23,patent_ipc_code,1,101955362
patent::101955362,ipc_code::C25B-003/26,patent_ipc_code,1,101955362
patent::101955362,ipc_code::C25B-009/00,patent_ipc_code,1,101955362
patent::101955362,ipc_code::C25B-009/01,patent_ipc_code,1,101955362
patent::101955362,ipc_code::C25B-009/015,patent_ipc_code,1,101955362
patent::101955362,ipc_code::C25B-009/23,patent_ipc_code,1,101955362
patent::101955362,concept::A CELL LAYER,patent_concept,1,101955362
patent::101955362,concept::CELL,patent_concept,1,101955362
patent::101955362,concept::CELL STACK,patent_concept,1,101955362
patent::101955362,concept::CONDUCTIVE SOLID OXIDE ELECTROLYSIS,patent_concept,1,101955362
patent::101955362,concept::ELECTROLYSIS CELL,patent_concept,1,101955362
patent::101955362,concept::ELECTROLYTIC CELL STACK,patent_concept,1,101955362
patent::101955362,concept::FUEL FLOW,patent_concept,1,101955362
patent::101955362,country::EP,patent_country,1,101955362
patent::101955362,country::DK,patent_country,1,101955362
patent::101955362,country::EE,patent_country,1,101955362
patent::101955362,priority_year::2021,patent_priority_year,1,101955362
patent::101955362,legal_state::ALIVE,patent_legal_state,1,101955362
patent::101955362,focus::Non-noble candidate,patent_focus,1,101955362
patent::79824105,assignee::FRAUNHOFER,patent_assignee,1,79824105
patent::79824105,"domain::Electrical machinery, apparatus, energy",patent_domain,1,79824105
patent::79824105,domain::Measurement,patent_domain,1,79824105
patent::79824105,"domain::Surface technology, coating",patent_domain,1,79824105
patent::79824105,cpc_group::C25B,patent_cpc_group,1,79824105
patent::79824105,cpc_group::G01N,patent_cpc_group,1,79824105
patent::79824105,cpc_group::H01M,patent_cpc_group,1,79824105
patent::79824105,cpc_group::Y02E,patent_cpc_group,1,79824105
patent::79824105,cpc_code::C25B-011/03/5,patent_cpc_code,1,79824105
patent::79824105,cpc_code::C25B-011/031,patent_cpc_code,1,79824105
patent::79824105,cpc_code::C25B-011/04/78,patent_cpc_code,1,79824105
patent::79824105,cpc_code::C25B-011/091,patent_cpc_code,1,79824105
patent::79824105,cpc_code::G01N-027/30,patent_cpc_code,1,79824105
patent::79824105,cpc_code::H01M-004/86/1,patent_cpc_code,1,79824105
patent::79824105,cpc_code::H01M-004/86/42,patent_cpc_code,1,79824105
patent::79824105,cpc_code::H01M-004/86/57,patent_cpc_code,1,79824105
patent::79824105,cpc_code::H01M-004/88/28,patent_cpc_code,1,79824105
patent::79824105,cpc_code::H01M-004/88/85,patent_cpc_code,1,79824105
patent::79824105,ipc_group::C25B,patent_ipc_group,1,79824105
patent::79824105,ipc_group::G01N,patent_ipc_group,1,79824105
patent::79824105,ipc_group::H01M,patent_ipc_group,1,79824105
patent::79824105,ipc_code::C25B-011/03,patent_ipc_code,1,79824105
patent::79824105,ipc_code::C25B-011/031,patent_ipc_code,1,79824105
patent::79824105,ipc_code::C25B-011/04,patent_ipc_code,1,79824105
patent::79824105,ipc_code::C25B-011/06,patent_ipc_code,1,79824105
patent::79824105,ipc_code::C25B-011/069,patent_ipc_code,1,79824105
patent::79824105,ipc_code::C25B-011/075,patent_ipc_code,1,79824105
patent::79824105,ipc_code::C25B-011/091,patent_ipc_code,1,79824105
patent::79824105,ipc_code::G01N-027/26,patent_ipc_code,1,79824105
patent::79824105,concept::ACTIVE CONSTITUENT,patent_concept,1,79824105
patent::79824105,concept::CERAMIC COMPONENT,patent_concept,1,79824105
patent::79824105,concept::CERIUM OXIDE,patent_concept,1,79824105
patent::79824105,concept::COMPOSITE,patent_concept,1,79824105
patent::79824105,concept::DOPED CERIUM OXIDE,patent_concept,1,79824105
patent::79824105,country::DE,patent_country,1,79824105
patent::79824105,priority_year::2016,patent_priority_year,1,79824105
patent::79824105,legal_state::ALIVE,patent_legal_state,1,79824105
patent::79824105,focus::Non-noble candidate,patent_focus,1,79824105
patent::106729837,assignee::ZHENGZHOU UNIVERSITY OF LIGHT INDUSTRY,patent_assignee,1,106729837
patent::106729837,"domain::Surface technology, coating",patent_domain,1,106729837
patent::106729837,cpc_group::C25B,patent_cpc_group,1,106729837
patent::106729837,cpc_code::C25B-001/23,patent_cpc_code,1,106729837
patent::106729837,cpc_code::C25B-011/091,patent_cpc_code,1,106729837
patent::106729837,ipc_group::C25B,patent_ipc_group,1,106729837
patent::106729837,ipc_code::C25B-001/23,patent_ipc_code,1,106729837
patent::106729837,ipc_code::C25B-011/091,patent_ipc_code,1,106729837
patent::106729837,concept::HETEROJUNCTION ELECTROCATALYST,patent_concept,1,106729837
patent::106729837,concept::MESOPOROUS MACROPOROUS HIERARCHIC PORE,patent_concept,1,106729837
patent::106729837,concept::NI MONOATOM AGGREGATION,patent_concept,1,106729837
patent::106729837,concept::RICH OXYGEN VACANCY,patent_concept,1,106729837
patent::106729837,concept::NI NX COORDINATION,patent_concept,1,106729837
patent::106729837,concept::CARBON NI MGAL,patent_concept,1,106729837
patent::106729837,concept::MAXIMIZED ATOMIC UTILIZATION,patent_concept,1,106729837
patent::106729837,concept::NI MONOATOM,patent_concept,1,106729837
patent::106729837,concept::NI MGAL,patent_concept,1,106729837
patent::106729837,concept::HETEROJUNCTION ELECTROCATALYST CARBON PAPER,patent_concept,1,106729837
patent::106729837,country::CN,patent_country,1,106729837
patent::106729837,priority_year::2023,patent_priority_year,1,106729837
patent::106729837,legal_state::ALIVE,patent_legal_state,1,106729837
patent::106729837,focus::Non-noble candidate,patent_focus,1,106729837
patent::104933063,assignee::SOUTH CHINA NORMAL UNIVERSITY,patent_assignee,1,104933063
patent::104933063,"domain::Surface technology, coating",patent_domain,1,104933063
patent::104933063,cpc_group::C25B,patent_cpc_group,1,104933063
patent::104933063,cpc_group::C25C,patent_cpc_group,1,104933063
patent::104933063,cpc_group::C25D,patent_cpc_group,1,104933063
patent::104933063,cpc_code::C25B-003/26,patent_cpc_code,1,104933063
patent::104933063,cpc_code::C25B-011/065,patent_cpc_code,1,104933063
patent::104933063,cpc_code::C25B-011/075,patent_cpc_code,1,104933063
patent::104933063,cpc_code::C25C-001/12,patent_cpc_code,1,104933063
patent::104933063,cpc_code::C25D-003/38,patent_cpc_code,1,104933063
patent::104933063,ipc_group::C25B,patent_ipc_group,1,104933063
patent::104933063,ipc_group::C25C,patent_ipc_group,1,104933063
patent::104933063,ipc_group::C25D,patent_ipc_group,1,104933063
patent::104933063,ipc_code::C25B-003/26,patent_ipc_code,1,104933063
patent::104933063,ipc_code::C25B-011/065,patent_ipc_code,1,104933063
patent::104933063,ipc_code::C25B-011/075,patent_ipc_code,1,104933063
patent::104933063,ipc_code::C25C-001/12,patent_ipc_code,1,104933063
patent::104933063,ipc_code::C25D-003/38,patent_ipc_code,1,104933063
patent::104933063,concept::COPPER ELECTROCATALYST,patent_concept,1,104933063
patent::104933063,concept::PREPARED COPPER ELECTROCATALYST,patent_concept,1,104933063
patent::104933063,concept::H ELECTROLYTIC CELL,patent_concept,1,104933063
patent::104933063,concept::ELECTROLYTIC CELL,patent_concept,1,104933063
patent::104933063,concept::ADSORPTION ENERGY,patent_concept,1,104933063
patent::104933063,concept::CARBON CLOTH,patent_concept,1,104933063
patent::104933063,concept::CATHOLYTE PH,patent_concept,1,104933063
patent::104933063,concept::COPPER TARTRATE SOLUTION,patent_concept,1,104933063
patent::104933063,concept::ELECTROCATALYST REDUCING AGENT,patent_concept,1,104933063
patent::104933063,concept::OPERABILITY,patent_concept,1,104933063
patent::104933063,country::CN,patent_country,1,104933063
patent::104933063,priority_year::2022,patent_priority_year,1,104933063
patent::104933063,legal_state::ALIVE,patent_legal_state,1,104933063
patent::104933063,focus::Non-noble candidate,patent_focus,1,104933063
patent::98667734,assignee::UNIVERSITY OF ELECTRONIC SCIENCE & TECHNOLOGY OF CHINA,patent_assignee,1,98667734
patent::98667734,"domain::Surface technology, coating",patent_domain,1,98667734
patent::98667734,cpc_group::C25B,patent_cpc_group,1,98667734
patent::98667734,cpc_code::C25B-001/23,patent_cpc_code,1,98667734
patent::98667734,cpc_code::C25B-003/03,patent_cpc_code,1,98667734
patent::98667734,cpc_code::C25B-003/07,patent_cpc_code,1,98667734
patent::98667734,cpc_code::C25B-003/26,patent_cpc_code,1,98667734
patent::98667734,cpc_code::C25B-011/031,patent_cpc_code,1,98667734
patent::98667734,cpc_code::C25B-011/054,patent_cpc_code,1,98667734
patent::98667734,cpc_code::C25B-011/065,patent_cpc_code,1,98667734
patent::98667734,cpc_code::C25B-011/075,patent_cpc_code,1,98667734
patent::98667734,ipc_group::C25B,patent_ipc_group,1,98667734
patent::98667734,ipc_code::C25B-001/23,patent_ipc_code,1,98667734
patent::98667734,ipc_code::C25B-003/03,patent_ipc_code,1,98667734
patent::98667734,ipc_code::C25B-003/07,patent_ipc_code,1,98667734
patent::98667734,ipc_code::C25B-003/26,patent_ipc_code,1,98667734
patent::98667734,ipc_code::C25B-011/031,patent_ipc_code,1,98667734
patent::98667734,ipc_code::C25B-011/054,patent_ipc_code,1,98667734
patent::98667734,ipc_code::C25B-011/065,patent_ipc_code,1,98667734
patent::98667734,ipc_code::C25B-011/075,patent_ipc_code,1,98667734
patent::98667734,concept::CARRIER COUPLED IRON,patent_concept,1,98667734
patent::98667734,concept::DEFECT NANOFIBER CARBON,patent_concept,1,98667734
patent::98667734,concept::MONATOMIC CATALYST,patent_concept,1,98667734
patent::98667734,concept::ISOCALORIC GASESTHE EMISSION,patent_concept,1,98667734
patent::98667734,concept::ELECTROSTATIC SPINNING,patent_concept,1,98667734
patent::98667734,concept::FE MONATOMIC CATALYST,patent_concept,1,98667734
patent::98667734,concept::DICYANDIAMIDE ASSISTANCE,patent_concept,1,98667734
patent::98667734,country::CN,patent_country,1,98667734
patent::98667734,priority_year::2021,patent_priority_year,1,98667734
patent::98667734,legal_state::ALIVE,patent_legal_state,1,98667734
patent::98667734,focus::Non-noble candidate,patent_focus,1,98667734
patent::110939894,assignee::IDEMITSU KOSAN,patent_assignee,1,110939894
patent::110939894,"domain::Electrical machinery, apparatus, energy",patent_domain,1,110939894
patent::110939894,"domain::Surface technology, coating",patent_domain,1,110939894
patent::110939894,cpc_group::C25B,patent_cpc_group,1,110939894
patent::110939894,cpc_group::H01M,patent_cpc_group,1,110939894
patent::110939894,cpc_group::Y02E,patent_cpc_group,1,110939894
patent::110939894,cpc_group::Y02P,patent_cpc_group,1,110939894
patent::110939894,cpc_code::C25B-001/00,patent_cpc_code,1,110939894
patent::110939894,cpc_code::C25B-001/04,patent_cpc_code,1,110939894
patent::110939894,cpc_code::C25B-001/10,patent_cpc_code,1,110939894
patent::110939894,cpc_code::C25B-001/46,patent_cpc_code,1,110939894
patent::110939894,cpc_code::C25B-003/03,patent_cpc_code,1,110939894
patent::110939894,cpc_code::C25B-003/26,patent_cpc_code,1,110939894
patent::110939894,cpc_code::C25B-009/08,patent_cpc_code,1,110939894
patent::110939894,cpc_code::C25B-009/10,patent_cpc_code,1,110939894
patent::110939894,cpc_code::C25B-009/23,patent_cpc_code,1,110939894
patent::110939894,cpc_code::C25B-011/02,patent_cpc_code,1,110939894
patent::110939894,ipc_group::C25B,patent_ipc_group,1,110939894
patent::110939894,ipc_group::H01M,patent_ipc_group,1,110939894
patent::110939894,ipc_code::C25B-001/23,patent_ipc_code,1,110939894
patent::110939894,ipc_code::C25B-003/26,patent_ipc_code,1,110939894
patent::110939894,ipc_code::C25B-009/00,patent_ipc_code,1,110939894
patent::110939894,ipc_code::C25B-009/23,patent_ipc_code,1,110939894
patent::110939894,ipc_code::C25B-011/032,patent_ipc_code,1,110939894
patent::110939894,ipc_code::C25B-011/052,patent_ipc_code,1,110939894
patent::110939894,ipc_code::C25B-011/055,patent_ipc_code,1,110939894
patent::110939894,ipc_code::C25B-011/065,patent_ipc_code,1,110939894
patent::110939894,concept::BINDER RESIN,patent_concept,1,110939894
patent::110939894,concept::CARBON FIBER,patent_concept,1,110939894
patent::110939894,concept::CARBON FIBER LAYER,patent_concept,1,110939894
patent::110939894,concept::CONDUCTIVE SUBSTANCE,patent_concept,1,110939894
patent::110939894,country::JP,patent_country,1,110939894
patent::110939894,priority_year::2023,patent_priority_year,1,110939894
patent::110939894,legal_state::ALIVE,patent_legal_state,1,110939894
patent::110939894,focus::MEA,patent_focus,1,110939894
patent::110939894,focus::AEM,patent_focus,1,110939894
patent::110939894,focus::Non-noble candidate,patent_focus,1,110939894
patent::110939894,focus::GDE,patent_focus,1,110939894
patent::108109771,assignee::UNIVERSITY OF NORTHUMBRIA,patent_assignee,1,108109771
patent::108109771,"domain::Surface technology, coating",patent_domain,1,108109771
patent::108109771,cpc_group::C25B,patent_cpc_group,1,108109771
patent::108109771,cpc_code::C25B-001/23,patent_cpc_code,1,108109771
patent::108109771,cpc_code::C25B-003/26,patent_cpc_code,1,108109771
patent::108109771,cpc_code::C25B-009/17,patent_cpc_code,1,108109771
patent::108109771,cpc_code::C25B-009/21,patent_cpc_code,1,108109771
patent::108109771,cpc_code::C25B-009/70,patent_cpc_code,1,108109771
patent::108109771,cpc_code::C25B-009/77,patent_cpc_code,1,108109771
patent::108109771,cpc_code::C25B-015/08,patent_cpc_code,1,108109771
patent::108109771,ipc_group::C25B,patent_ipc_group,1,108109771
patent::108109771,ipc_code::C25B-001/23,patent_ipc_code,1,108109771
patent::108109771,ipc_code::C25B-003/26,patent_ipc_code,1,108109771
patent::108109771,ipc_code::C25B-009/17,patent_ipc_code,1,108109771
patent::108109771,ipc_code::C25B-009/21,patent_ipc_code,1,108109771
patent::108109771,ipc_code::C25B-009/70,patent_ipc_code,1,108109771
patent::108109771,ipc_code::C25B-009/77,patent_ipc_code,1,108109771
patent::108109771,ipc_code::C25B-015/08,patent_ipc_code,1,108109771
patent::108109771,concept::ARRAY PORE,patent_concept,1,108109771
patent::108109771,concept::CAPILLARY ELECTROLYZER,patent_concept,1,108109771
patent::108109771,concept::CORE,patent_concept,1,108109771
patent::108109771,concept::CORE STRUCTURE,patent_concept,1,108109771
patent::108109771,concept::ELECTROLYZER,patent_concept,1,108109771
patent::108109771,concept::STACKED ELECTROLYZER,patent_concept,1,108109771
patent::108109771,country::GB,patent_country,1,108109771
patent::108109771,priority_year::2023,patent_priority_year,1,108109771
patent::108109771,legal_state::ALIVE,patent_legal_state,1,108109771
patent::108109771,focus::Non-noble candidate,patent_focus,1,108109771
patent::108109771,focus::GDE,patent_focus,1,108109771
patent::118081631,assignee::TOSHIBA,patent_assignee,1,118081631
patent::118081631,"domain::Surface technology, coating",patent_domain,1,118081631
patent::118081631,cpc_group::C25B,patent_cpc_group,1,118081631
patent::118081631,cpc_group::Y02E,patent_cpc_group,1,118081631
patent::118081631,cpc_code::C25B-001/00,patent_cpc_code,1,118081631
patent::118081631,cpc_code::C25B-001/04,patent_cpc_code,1,118081631
patent::118081631,cpc_code::C25B-001/23,patent_cpc_code,1,118081631
patent::118081631,cpc_code::C25B-001/27,patent_cpc_code,1,118081631
patent::118081631,cpc_code::C25B-003/04,patent_cpc_code,1,118081631
patent::118081631,cpc_code::C25B-003/26,patent_cpc_code,1,118081631
patent::118081631,cpc_code::C25B-009/00,patent_cpc_code,1,118081631
patent::118081631,cpc_code::C25B-009/08,patent_cpc_code,1,118081631
patent::118081631,cpc_code::C25B-009/23,patent_cpc_code,1,118081631
patent::118081631,cpc_code::C25B-009/75,patent_cpc_code,1,118081631
patent::118081631,ipc_group::C25B,patent_ipc_group,1,118081631
patent::118081631,ipc_code::C25B-001/01,patent_ipc_code,1,118081631
patent::118081631,ipc_code::C25B-001/04,patent_ipc_code,1,118081631
patent::118081631,ipc_code::C25B-001/23,patent_ipc_code,1,118081631
patent::118081631,ipc_code::C25B-001/27,patent_ipc_code,1,118081631
patent::118081631,ipc_code::C25B-003/03,patent_ipc_code,1,118081631
patent::118081631,ipc_code::C25B-003/07,patent_ipc_code,1,118081631
patent::118081631,ipc_code::C25B-003/09,patent_ipc_code,1,118081631
patent::118081631,ipc_code::C25B-003/26,patent_ipc_code,1,118081631
patent::118081631,concept::ELECTROLYSIS,patent_concept,1,118081631
patent::118081631,concept::ELECTROLYTE LAYER,patent_concept,1,118081631
patent::118081631,concept::ELECTROLYZER,patent_concept,1,118081631
patent::118081631,concept::OXIDIZING OXIDATION TARGET,patent_concept,1,118081631
patent::118081631,concept::ST ION,patent_concept,1,118081631
patent::118081631,country::JP,patent_country,1,118081631
patent::118081631,priority_year::2024,patent_priority_year,1,118081631
patent::118081631,legal_state::ALIVE,patent_legal_state,1,118081631
patent::118081631,focus::Non-noble candidate,patent_focus,1,118081631
patent::118081631,focus::GDE,patent_focus,1,118081631
patent::105437834,assignee::JIANGSU UNIVERSITY,patent_assignee,1,105437834
patent::105437834,"domain::Surface technology, coating",patent_domain,1,105437834
patent::105437834,cpc_group::C25B,patent_cpc_group,1,105437834
patent::105437834,cpc_code::C25B-001/23,patent_cpc_code,1,105437834
patent::105437834,cpc_code::C25B-001/55,patent_cpc_code,1,105437834
patent::105437834,cpc_code::C25B-003/07,patent_cpc_code,1,105437834
patent::105437834,cpc_code::C25B-003/26,patent_cpc_code,1,105437834
patent::105437834,cpc_code::C25B-011/091,patent_cpc_code,1,105437834
patent::105437834,ipc_group::C25B,patent_ipc_group,1,105437834
patent::105437834,ipc_code::C25B-001/23,patent_ipc_code,1,105437834
patent::105437834,ipc_code::C25B-001/55,patent_ipc_code,1,105437834
patent::105437834,ipc_code::C25B-003/07,patent_ipc_code,1,105437834
patent::105437834,ipc_code::C25B-003/26,patent_ipc_code,1,105437834
patent::105437834,ipc_code::C25B-011/091,patent_ipc_code,1,105437834
patent::105437834,concept::CARBON DIOXIDE PHOTOELECTROCATALYTIC REDUCTION,patent_concept,1,105437834
patent::105437834,concept::COMPOSITE NANO CATALYST,patent_concept,1,105437834
patent::105437834,concept::CUPROUS OXIDE,patent_concept,1,105437834
patent::105437834,concept::PHOTOELECTRIC CATALYTIC REDUCTION,patent_concept,1,105437834
patent::105437834,concept::PHOTOELECTROCATALYTIC REDUCTION,patent_concept,1,105437834
patent::105437834,concept::TIN DIOXIDE,patent_concept,1,105437834
patent::105437834,concept::CONCAVE OCTAHEDRAL CU,patent_concept,1,105437834
patent::105437834,concept::NANO PARTICLE COMPOSITE,patent_concept,1,105437834
patent::105437834,concept::CONCAVE OCTAHEDRALBULK CU,patent_concept,1,105437834
patent::105437834,concept::FTO TABLET,patent_concept,1,105437834
patent::105437834,country::CN,patent_country,1,105437834
patent::105437834,priority_year::2022,patent_priority_year,1,105437834
patent::105437834,legal_state::ALIVE,patent_legal_state,1,105437834
patent::105437834,focus::Non-noble candidate,patent_focus,1,105437834
patent::115866554,assignee::LIQUID SUN,patent_assignee,1,115866554
patent::115866554,"domain::Surface technology, coating",patent_domain,1,115866554
patent::115866554,cpc_group::C25B,patent_cpc_group,1,115866554
patent::115866554,cpc_code::C25B-001/23,patent_cpc_code,1,115866554
patent::115866554,cpc_code::C25B-003/26,patent_cpc_code,1,115866554
patent::115866554,cpc_code::C25B-009/23,patent_cpc_code,1,115866554
patent::115866554,cpc_code::C25B-009/77,patent_cpc_code,1,115866554
patent::115866554,cpc_code::C25B-011/081,patent_cpc_code,1,115866554
patent::115866554,cpc_code::C25B-011/089,patent_cpc_code,1,115866554
patent::115866554,cpc_code::C25B-015/00,patent_cpc_code,1,115866554
patent::115866554,ipc_group::C25B,patent_ipc_group,1,115866554
patent::115866554,ipc_code::C25B-001/23,patent_ipc_code,1,115866554
patent::115866554,ipc_code::C25B-003/26,patent_ipc_code,1,115866554
patent::115866554,ipc_code::C25B-009/23,patent_ipc_code,1,115866554
patent::115866554,ipc_code::C25B-009/73,patent_ipc_code,1,115866554
patent::115866554,ipc_code::C25B-009/77,patent_ipc_code,1,115866554
patent::115866554,ipc_code::C25B-011/075,patent_ipc_code,1,115866554
patent::115866554,ipc_code::C25B-011/081,patent_ipc_code,1,115866554
patent::115866554,ipc_code::C25B-011/089,patent_ipc_code,1,115866554
patent::115866554,concept::ACTIVATED ELECTROLYSIS CELL,patent_concept,1,115866554
patent::115866554,concept::CO2 ELECTROLYTIC DEVICE,patent_concept,1,115866554
patent::115866554,concept::ELECTROLYSIS CELL ACTIVATION,patent_concept,1,115866554
patent::115866554,concept::ELECTROLYTIC DEVICE,patent_concept,1,115866554
patent::115866554,concept::ELECTROLYSIS CELL,patent_concept,1,115866554
patent::115866554,concept::GAP CO2 ELECTROLYZER,patent_concept,1,115866554
patent::115866554,country::EP,patent_country,1,115866554
patent::115866554,country::FI,patent_country,1,115866554
patent::115866554,priority_year::2024,patent_priority_year,1,115866554
patent::115866554,legal_state::ALIVE,patent_legal_state,1,115866554
patent::115866554,focus::MEA,patent_focus,1,115866554
patent::115866554,focus::AEM,patent_focus,1,115866554
patent::115866554,focus::Non-noble candidate,patent_focus,1,115866554
patent::115866554,focus::GDE,patent_focus,1,115866554
patent::108306014,assignee::DALIAN UNIVERSITY OF TECHNOLOGY,patent_assignee,1,108306014
patent::108306014,"domain::Surface technology, coating",patent_domain,1,108306014
patent::108306014,cpc_group::C25B,patent_cpc_group,1,108306014
patent::108306014,cpc_code::C25B-003/26,patent_cpc_code,1,108306014
patent::108306014,cpc_code::C25B-009/21,patent_cpc_code,1,108306014
patent::108306014,cpc_code::C25B-009/23,patent_cpc_code,1,108306014
patent::108306014,cpc_code::C25B-009/63,patent_cpc_code,1,108306014
patent::108306014,cpc_code::C25B-009/65,patent_cpc_code,1,108306014
patent::108306014,cpc_code::C25B-011/02,patent_cpc_code,1,108306014
patent::108306014,cpc_code::C25B-011/032,patent_cpc_code,1,108306014
patent::108306014,cpc_code::C25B-015/023,patent_cpc_code,1,108306014
patent::108306014,cpc_code::C25B-015/025,patent_cpc_code,1,108306014
patent::108306014,ipc_group::C25B,patent_ipc_group,1,108306014
patent::108306014,ipc_code::C25B-003/26,patent_ipc_code,1,108306014
patent::108306014,ipc_code::C25B-009/21,patent_ipc_code,1,108306014
patent::108306014,ipc_code::C25B-009/23,patent_ipc_code,1,108306014
patent::108306014,ipc_code::C25B-009/63,patent_ipc_code,1,108306014
patent::108306014,ipc_code::C25B-009/65,patent_ipc_code,1,108306014
patent::108306014,ipc_code::C25B-011/02,patent_ipc_code,1,108306014
patent::108306014,ipc_code::C25B-011/032,patent_ipc_code,1,108306014
patent::108306014,ipc_code::C25B-015/023,patent_ipc_code,1,108306014
patent::108306014,concept::CARBON DIOXIDE ELECTROREDUCTION,patent_concept,1,108306014
patent::108306014,concept::CATHODE CAVITY,patent_concept,1,108306014
patent::108306014,concept::COMBINED OXYGEN GENERATION REACTOR,patent_concept,1,108306014
patent::108306014,concept::OXYGEN GENERATION REACTOR,patent_concept,1,108306014
patent::108306014,concept::OXYGEN PRODUCTION REACTOR,patent_concept,1,108306014
patent::108306014,country::CN,patent_country,1,108306014
patent::108306014,priority_year::2023,patent_priority_year,1,108306014
patent::108306014,legal_state::ALIVE,patent_legal_state,1,108306014
patent::108306014,focus::AEM,patent_focus,1,108306014
patent::108306014,focus::Non-noble candidate,patent_focus,1,108306014
patent::108306014,focus::GDE,patent_focus,1,108306014
patent::90361734,assignee::TOSHIBA,patent_assignee,1,90361734
patent::90361734,domain::Chemical engineering,patent_domain,1,90361734
patent::90361734,"domain::Surface technology, coating",patent_domain,1,90361734
patent::90361734,cpc_group::B01J,patent_cpc_group,1,90361734
patent::90361734,cpc_group::C25B,patent_cpc_group,1,90361734
patent::90361734,cpc_group::Y02E,patent_cpc_group,1,90361734
patent::90361734,cpc_code::B01J-021/18/5,patent_cpc_code,1,90361734
patent::90361734,cpc_code::B01J-023/52,patent_cpc_code,1,90361734
patent::90361734,cpc_code::C25B-001/04,patent_cpc_code,1,90361734
patent::90361734,cpc_code::C25B-003/02,patent_cpc_code,1,90361734
patent::90361734,cpc_code::C25B-003/04,patent_cpc_code,1,90361734
patent::90361734,cpc_code::C25B-003/23,patent_cpc_code,1,90361734
patent::90361734,cpc_code::C25B-003/25,patent_cpc_code,1,90361734
patent::90361734,cpc_code::C25B-009/10,patent_cpc_code,1,90361734
patent::90361734,cpc_code::C25B-009/19,patent_cpc_code,1,90361734
patent::90361734,cpc_code::C25B-009/23,patent_cpc_code,1,90361734
patent::90361734,ipc_group::B01J,patent_ipc_group,1,90361734
patent::90361734,ipc_group::C25B,patent_ipc_group,1,90361734
patent::90361734,ipc_code::B01J-021/18,patent_ipc_code,1,90361734
patent::90361734,ipc_code::B01J-023/52,patent_ipc_code,1,90361734
patent::90361734,ipc_code::C25B-003/23,patent_ipc_code,1,90361734
patent::90361734,ipc_code::C25B-003/25,patent_ipc_code,1,90361734
patent::90361734,ipc_code::C25B-003/26,patent_ipc_code,1,90361734
patent::90361734,ipc_code::C25B-009/23,patent_ipc_code,1,90361734
patent::90361734,ipc_code::C25B-011/03,patent_ipc_code,1,90361734
patent::90361734,ipc_code::C25B-011/031,patent_ipc_code,1,90361734
patent::90361734,concept::CARBON DIOXIDE ELECTROLYSIS,patent_concept,1,90361734
patent::90361734,concept::CARBON DIOXIDE ELECTROLYSIS CELL,patent_concept,1,90361734
patent::90361734,concept::CARBONACEOUS CATALYST CARRIER,patent_concept,1,90361734
patent::90361734,concept::CATALYST LAYER,patent_concept,1,90361734
patent::90361734,concept::CATALYST LAYER UNIT AREA,patent_concept,1,90361734
patent::90361734,concept::CATALYST SUPPORT,patent_concept,1,90361734
patent::90361734,concept::ELECTRODE,patent_concept,1,90361734
patent::90361734,country::JP,patent_country,1,90361734
patent::90361734,priority_year::2019,patent_priority_year,1,90361734
patent::90361734,legal_state::ALIVE,patent_legal_state,1,90361734
patent::90361734,focus::AEM,patent_focus,1,90361734
patent::90361734,focus::Non-noble candidate,patent_focus,1,90361734
patent::114240811,assignee::DAICEL,patent_assignee,1,114240811
patent::114240811,assignee::HONDA MOTOR,patent_assignee,1,114240811
patent::114240811,assignee::MITSUI KINZOKU,patent_assignee,1,114240811
patent::114240811,assignee::MITSUI MINING & SMELTING,patent_assignee,1,114240811
patent::114240811,"domain::Surface technology, coating",patent_domain,1,114240811
patent::114240811,cpc_group::C25B,patent_cpc_group,1,114240811
patent::114240811,cpc_code::C25B-003/26,patent_cpc_code,1,114240811
patent::114240811,cpc_code::C25B-011/032,patent_cpc_code,1,114240811
patent::114240811,cpc_code::C25B-011/065,patent_cpc_code,1,114240811
patent::114240811,cpc_code::C25B-011/075,patent_cpc_code,1,114240811
patent::114240811,cpc_code::C25B-011/081,patent_cpc_code,1,114240811
patent::114240811,ipc_group::C25B,patent_ipc_group,1,114240811
patent::114240811,ipc_code::C25B-003/03,patent_ipc_code,1,114240811
patent::114240811,ipc_code::C25B-003/07,patent_ipc_code,1,114240811
patent::114240811,ipc_code::C25B-003/26,patent_ipc_code,1,114240811
patent::114240811,ipc_code::C25B-009/00,patent_ipc_code,1,114240811
patent::114240811,ipc_code::C25B-009/23,patent_ipc_code,1,114240811
patent::114240811,ipc_code::C25B-011/032,patent_ipc_code,1,114240811
patent::114240811,ipc_code::C25B-011/052,patent_ipc_code,1,114240811
patent::114240811,ipc_code::C25B-011/054,patent_ipc_code,1,114240811
patent::114240811,concept::CARBON DIOXIDE ELECTROLYTIC REDUCTION,patent_concept,1,114240811
patent::114240811,concept::CATHODE MANUFACTURE,patent_concept,1,114240811
patent::114240811,concept::CATHODE PRODUCTION,patent_concept,1,114240811
patent::114240811,concept::ELECTROLYSIS,patent_concept,1,114240811
patent::114240811,concept::ELECTROLYTIC DEVICE,patent_concept,1,114240811
patent::114240811,concept::ELECTROLYTIC REDUCTION,patent_concept,1,114240811
patent::114240811,concept::ELECTROLYZER,patent_concept,1,114240811
patent::114240811,concept::MANUFACTURING CATHODE,patent_concept,1,114240811
patent::114240811,country::JP,patent_country,1,114240811
patent::114240811,priority_year::2023,patent_priority_year,1,114240811
patent::114240811,legal_state::ALIVE,patent_legal_state,1,114240811
patent::114240811,focus::AEM,patent_focus,1,114240811
patent::114240811,focus::Non-noble candidate,patent_focus,1,114240811
patent::114240811,focus::GDE,patent_focus,1,114240811
patent::101790589,assignee::TOSHIBA,patent_assignee,1,101790589
patent::101790589,domain::Environmental technology,patent_domain,1,101790589
patent::101790589,"domain::Surface technology, coating",patent_domain,1,101790589
patent::101790589,cpc_group::C25B,patent_cpc_group,1,101790589
patent::101790589,cpc_group::Y02E,patent_cpc_group,1,101790589
patent::101790589,cpc_code::C25B-001/04,patent_cpc_code,1,101790589
patent::101790589,cpc_code::C25B-001/23,patent_cpc_code,1,101790589
patent::101790589,cpc_code::C25B-003/26,patent_cpc_code,1,101790589
patent::101790589,cpc_code::C25B-009/19,patent_cpc_code,1,101790589
patent::101790589,cpc_code::C25B-009/23,patent_cpc_code,1,101790589
patent::101790589,cpc_code::C25B-009/60,patent_cpc_code,1,101790589
patent::101790589,cpc_code::C25B-011/02,patent_cpc_code,1,101790589
patent::101790589,cpc_code::C25B-011/052,patent_cpc_code,1,101790589
patent::101790589,cpc_code::C25B-011/063,patent_cpc_code,1,101790589
patent::101790589,cpc_code::C25B-011/065,patent_cpc_code,1,101790589
patent::101790589,ipc_group::C02F,patent_ipc_group,1,101790589
patent::101790589,ipc_group::C25B,patent_ipc_group,1,101790589
patent::101790589,ipc_code::C02F-001/461,patent_ipc_code,1,101790589
patent::101790589,ipc_code::C25B-001/04,patent_ipc_code,1,101790589
patent::101790589,ipc_code::C25B-001/23,patent_ipc_code,1,101790589
patent::101790589,ipc_code::C25B-003/26,patent_ipc_code,1,101790589
patent::101790589,ipc_code::C25B-009/19,patent_ipc_code,1,101790589
patent::101790589,ipc_code::C25B-009/23,patent_ipc_code,1,101790589
patent::101790589,ipc_code::C25B-009/60,patent_ipc_code,1,101790589
patent::101790589,ipc_code::C25B-011/052,patent_ipc_code,1,101790589
patent::101790589,concept::ANODE SOLUTION,patent_concept,1,101790589
patent::101790589,concept::CARBON COMPOUND,patent_concept,1,101790589
patent::101790589,concept::CARBON DIOXIDE ELECTROLYSIS,patent_concept,1,101790589
patent::101790589,concept::CARBON DIOXIDE ELECTROLYTIC DEVICE,patent_concept,1,101790589
patent::101790589,country::JP,patent_country,1,101790589
patent::101790589,priority_year::2021,patent_priority_year,1,101790589
patent::101790589,legal_state::ALIVE,patent_legal_state,1,101790589
patent::101790589,focus::Non-noble candidate,patent_focus,1,101790589
patent::112354020,assignee::ZHEJIANG BAIMA LAKE LABORATORY,patent_assignee,1,112354020
patent::112354020,assignee::ZHEJIANG ZHENENG TECHNOLOGY ENVIRONMENTAL PROTECTION GROUP,patent_assignee,1,112354020
patent::112354020,"domain::Surface technology, coating",patent_domain,1,112354020
patent::112354020,cpc_group::C25B,patent_cpc_group,1,112354020
patent::112354020,cpc_code::C25B-001/23,patent_cpc_code,1,112354020
patent::112354020,cpc_code::C25B-001/50,patent_cpc_code,1,112354020
patent::112354020,cpc_code::C25B-003/03,patent_cpc_code,1,112354020
patent::112354020,cpc_code::C25B-003/07,patent_cpc_code,1,112354020
patent::112354020,cpc_code::C25B-003/26,patent_cpc_code,1,112354020
patent::112354020,cpc_code::C25B-009/23,patent_cpc_code,1,112354020
patent::112354020,cpc_code::C25B-009/60,patent_cpc_code,1,112354020
patent::112354020,ipc_group::C25B,patent_ipc_group,1,112354020
patent::112354020,ipc_code::C25B-001/23,patent_ipc_code,1,112354020
patent::112354020,ipc_code::C25B-001/50,patent_ipc_code,1,112354020
patent::112354020,ipc_code::C25B-003/03,patent_ipc_code,1,112354020
patent::112354020,ipc_code::C25B-003/07,patent_ipc_code,1,112354020
patent::112354020,ipc_code::C25B-003/26,patent_ipc_code,1,112354020
patent::112354020,ipc_code::C25B-009/23,patent_ipc_code,1,112354020
patent::112354020,ipc_code::C25B-009/60,patent_ipc_code,1,112354020
patent::112354020,concept::ANION EXCHANGE MEMBRANE,patent_concept,1,112354020
patent::112354020,concept::ELECTRICAL REDUCTION,patent_concept,1,112354020
patent::112354020,concept::MEMBRANE ELECTRODE ELECTROLYSIS TROUGH,patent_concept,1,112354020
patent::112354020,concept::NEGATIVE POLE CAVITY,patent_concept,1,112354020
patent::112354020,concept::POSITIVE POLE CAVITY,patent_concept,1,112354020
patent::112354020,concept::PURE WATER,patent_concept,1,112354020
patent::112354020,concept::ELECTROREDUCTION,patent_concept,1,112354020
patent::112354020,concept::CATHODE CHAMBER,patent_concept,1,112354020
patent::112354020,concept::MEMBRANE ELECTRODE ELECTROLYZER,patent_concept,1,112354020
patent::112354020,concept::ELECTROCATALYTIC REDUCTION,patent_concept,1,112354020
patent::112354020,country::CN,patent_country,1,112354020
patent::112354020,priority_year::2024,patent_priority_year,1,112354020
patent::112354020,legal_state::ALIVE,patent_legal_state,1,112354020
patent::112354020,focus::AEM,patent_focus,1,112354020
patent::89550408,assignee::ZHEJIANG UNIVERSITY,patent_assignee,1,89550408
patent::89550408,domain::Chemical engineering,patent_domain,1,89550408
patent::89550408,"domain::Surface technology, coating",patent_domain,1,89550408
patent::89550408,cpc_group::B01J,patent_cpc_group,1,89550408
patent::89550408,cpc_group::C25B,patent_cpc_group,1,89550408
patent::89550408,cpc_code::B01J-023/755,patent_cpc_code,1,89550408
patent::89550408,cpc_code::B01J-027/24,patent_cpc_code,1,89550408
patent::89550408,cpc_code::B01J-035/23,patent_cpc_code,1,89550408
patent::89550408,cpc_code::B01J-035/33,patent_cpc_code,1,89550408
patent::89550408,cpc_code::B01J-035/61,patent_cpc_code,1,89550408
patent::89550408,cpc_code::C25B-001/00,patent_cpc_code,1,89550408
patent::89550408,cpc_code::C25B-011/091,patent_cpc_code,1,89550408
patent::89550408,ipc_group::B01J,patent_ipc_group,1,89550408
patent::89550408,ipc_group::C25B,patent_ipc_group,1,89550408
patent::89550408,ipc_code::B01J-023/755,patent_ipc_code,1,89550408
patent::89550408,ipc_code::B01J-027/24,patent_ipc_code,1,89550408
patent::89550408,ipc_code::B01J-035/10,patent_ipc_code,1,89550408
patent::89550408,ipc_code::C25B-001/23,patent_ipc_code,1,89550408
patent::89550408,ipc_code::C25B-001/50,patent_ipc_code,1,89550408
patent::89550408,ipc_code::C25B-011/091,patent_ipc_code,1,89550408
patent::89550408,concept::CARBON GEL ELECTROCATALYST,patent_concept,1,89550408
patent::89550408,concept::COORDINATED CARBON GEL ELECTROCATALYST,patent_concept,1,89550408
patent::89550408,concept::NITROGEN,patent_concept,1,89550408
patent::89550408,concept::TRANSITION METAL,patent_concept,1,89550408
patent::89550408,concept::CO2THE CONVERSION ELECTROREDUCTION,patent_concept,1,89550408
patent::89550408,concept::NITROGEN COORDINATION CARBON ELECTROCATALYST,patent_concept,1,89550408
patent::89550408,country::CN,patent_country,1,89550408
patent::89550408,priority_year::2020,patent_priority_year,1,89550408
patent::89550408,legal_state::ALIVE,patent_legal_state,1,89550408
patent::89550408,focus::Non-noble candidate,patent_focus,1,89550408
patent::82922217,assignee::AIR COMPANY HOLDINGS,patent_assignee,1,82922217
patent::82922217,assignee::CONCORD SPIRITS,patent_assignee,1,82922217
patent::82922217,domain::Biotechnology,patent_domain,1,82922217
patent::82922217,domain::Micro-structure and nano-technology,patent_domain,1,82922217
patent::82922217,domain::Organic fine chemistry,patent_domain,1,82922217
patent::82922217,"domain::Surface technology, coating",patent_domain,1,82922217
patent::82922217,cpc_group::B82Y,patent_cpc_group,1,82922217
patent::82922217,cpc_group::C07C,patent_cpc_group,1,82922217
patent::82922217,cpc_group::C25B,patent_cpc_group,1,82922217
patent::82922217,cpc_group::Y02P,patent_cpc_group,1,82922217
patent::82922217,cpc_code::B82Y-030/00,patent_cpc_code,1,82922217
patent::82922217,cpc_code::B82Y-040/00,patent_cpc_code,1,82922217
patent::82922217,cpc_code::C07C-029/151,patent_cpc_code,1,82922217
patent::82922217,cpc_code::C07C-029/158,patent_cpc_code,1,82922217
patent::82922217,cpc_code::C07C-031/08,patent_cpc_code,1,82922217
patent::82922217,cpc_code::C25B-001/04,patent_cpc_code,1,82922217
patent::82922217,cpc_code::C25B-009/19,patent_cpc_code,1,82922217
patent::82922217,cpc_code::Y02P-020/133,patent_cpc_code,1,82922217
patent::82922217,ipc_group::B82Y,patent_ipc_group,1,82922217
patent::82922217,ipc_group::C07C,patent_ipc_group,1,82922217
patent::82922217,ipc_group::C12P,patent_ipc_group,1,82922217
patent::82922217,ipc_group::C25B,patent_ipc_group,1,82922217
patent::82922217,ipc_code::B82Y-030/00,patent_ipc_code,1,82922217
patent::82922217,ipc_code::B82Y-040/00,patent_ipc_code,1,82922217
patent::82922217,ipc_code::C07C-029/151,patent_ipc_code,1,82922217
patent::82922217,ipc_code::C07C-029/158,patent_ipc_code,1,82922217
patent::82922217,ipc_code::C07C-031/08,patent_ipc_code,1,82922217
patent::82922217,ipc_code::C12P-007/06,patent_ipc_code,1,82922217
patent::82922217,ipc_code::C25B-001/04,patent_ipc_code,1,82922217
patent::82922217,concept::ALCOHOL PRODUCTION,patent_concept,1,82922217
patent::82922217,concept::CARBON FEEDSTOCK HYDROGENATION,patent_concept,1,82922217
patent::82922217,country::US,patent_country,1,82922217
patent::82922217,priority_year::2017,patent_priority_year,1,82922217
patent::82922217,legal_state::ALIVE,patent_legal_state,1,82922217
patent::82922217,focus::Non-noble candidate,patent_focus,1,82922217
patent::100582928,assignee::HANYANG UNIVERSITY,patent_assignee,1,100582928
patent::100582928,"domain::Electrical machinery, apparatus, energy",patent_domain,1,100582928
patent::100582928,domain::Other special machines,patent_domain,1,100582928
patent::100582928,"domain::Surface technology, coating",patent_domain,1,100582928
patent::100582928,cpc_group::C08J,patent_cpc_group,1,100582928
patent::100582928,cpc_group::C25B,patent_cpc_group,1,100582928
patent::100582928,cpc_group::H01M,patent_cpc_group,1,100582928
patent::100582928,cpc_group::Y02E,patent_cpc_group,1,100582928
patent::100582928,cpc_code::C08J-005/22/06,patent_cpc_code,1,100582928
patent::100582928,cpc_code::C08J-005/22/56,patent_cpc_code,1,100582928
patent::100582928,cpc_code::C08J-2365/00,patent_cpc_code,1,100582928
patent::100582928,cpc_code::C25B-001/04,patent_cpc_code,1,100582928
patent::100582928,cpc_code::C25B-013/02,patent_cpc_code,1,100582928
patent::100582928,cpc_code::C25B-013/08,patent_cpc_code,1,100582928
patent::100582928,cpc_code::H01M-008/08/3,patent_cpc_code,1,100582928
patent::100582928,cpc_code::H01M-008/10/39,patent_cpc_code,1,100582928
patent::100582928,cpc_code::H01M-008/10/53,patent_cpc_code,1,100582928
patent::100582928,cpc_code::H01M-008/10/6,patent_cpc_code,1,100582928
patent::100582928,ipc_group::C08J,patent_ipc_group,1,100582928
patent::100582928,ipc_group::C25B,patent_ipc_group,1,100582928
patent::100582928,ipc_group::H01M,patent_ipc_group,1,100582928
patent::100582928,ipc_code::C08J-005/22,patent_ipc_code,1,100582928
patent::100582928,ipc_code::C25B-001/04,patent_ipc_code,1,100582928
patent::100582928,ipc_code::C25B-013/02,patent_ipc_code,1,100582928
patent::100582928,ipc_code::C25B-013/08,patent_ipc_code,1,100582928
patent::100582928,ipc_code::H01M-008/083,patent_ipc_code,1,100582928
patent::100582928,ipc_code::H01M-008/1039,patent_ipc_code,1,100582928
patent::100582928,ipc_code::H01M-008/1053,patent_ipc_code,1,100582928
patent::100582928,ipc_code::H01M-008/106,patent_ipc_code,1,100582928
patent::100582928,concept::AMENDSTATUS,patent_concept,1,100582928
patent::100582928,concept::ANION COMPOSITE MEMBRANE,patent_concept,1,100582928
patent::100582928,concept::ANION EXCHANGE COMPOSITE MEMBRANE,patent_concept,1,100582928
patent::100582928,concept::POLYFLUORENE ANION COMPOSITE MEMBRANE,patent_concept,1,100582928
patent::100582928,concept::POLYFLUORENE ANION MEMBRANE,patent_concept,1,100582928
patent::100582928,concept::APOLYMERPOLYMERPOLYMER POLYMER POLYMERNONC,patent_concept,1,100582928
patent::100582928,concept::POLYFLUORENE COPOLYMER IONOMER,patent_concept,1,100582928
patent::100582928,concept::POLYFLUORENE ANION EXCHANGE MEMBRANE,patent_concept,1,100582928
patent::100582928,concept::ACCPOLYMER EXCHANGECOPOLYMER,patent_concept,1,100582928
patent::100582928,country::KR,patent_country,1,100582928
patent::100582928,priority_year::2020,patent_priority_year,1,100582928
patent::100582928,legal_state::ALIVE,patent_legal_state,1,100582928
patent::100582928,focus::MEA,patent_focus,1,100582928
patent::100582928,focus::AEM,patent_focus,1,100582928
patent::100582928,focus::Non-noble candidate,patent_focus,1,100582928
patent::93812412,assignee::SIEMENS ENERGY,patent_assignee,1,93812412
patent::93812412,"domain::Surface technology, coating",patent_domain,1,93812412
patent::93812412,cpc_group::C25B,patent_cpc_group,1,93812412
patent::93812412,cpc_group::Y02P,patent_cpc_group,1,93812412
patent::93812412,cpc_code::C25B-001/23,patent_cpc_code,1,93812412
patent::93812412,cpc_code::C25B-003/03,patent_cpc_code,1,93812412
patent::93812412,cpc_code::C25B-003/07,patent_cpc_code,1,93812412
patent::93812412,cpc_code::C25B-003/26,patent_cpc_code,1,93812412
patent::93812412,cpc_code::C25B-009/19,patent_cpc_code,1,93812412
patent::93812412,cpc_code::C25B-011/032,patent_cpc_code,1,93812412
patent::93812412,cpc_code::C25B-015/083,patent_cpc_code,1,93812412
patent::93812412,cpc_code::Y02P-020/129,patent_cpc_code,1,93812412
patent::93812412,ipc_group::C25B,patent_ipc_group,1,93812412
patent::93812412,ipc_code::C25B-001/00,patent_ipc_code,1,93812412
patent::93812412,ipc_code::C25B-003/25,patent_ipc_code,1,93812412
patent::93812412,ipc_code::C25B-009/00,patent_ipc_code,1,93812412
patent::93812412,ipc_code::C25B-015/08,patent_ipc_code,1,93812412
patent::93812412,concept::CARBON DIOXIDE ELECTROCHEMICAL CONVERSION,patent_concept,1,93812412
patent::93812412,concept::CARBON DIOXIDE ELECTROCHEMICAL REACTION,patent_concept,1,93812412
patent::93812412,concept::DISSOLVED GAS,patent_concept,1,93812412
patent::93812412,concept::EDUCT GAS,patent_concept,1,93812412
patent::93812412,concept::ELECTROCHEMICAL CONVERSION,patent_concept,1,93812412
patent::93812412,concept::ELECTROCHEMICAL REACTION,patent_concept,1,93812412
patent::93812412,concept::ELECTROLYTE,patent_concept,1,93812412
patent::93812412,concept::ELECTROLYZER,patent_concept,1,93812412
patent::93812412,concept::METHANEDIONE REDUCTION,patent_concept,1,93812412
patent::93812412,concept::REACTANT GAS,patent_concept,1,93812412
patent::93812412,country::DE,patent_country,1,93812412
patent::93812412,priority_year::2019,patent_priority_year,1,93812412
patent::93812412,legal_state::DEAD,patent_legal_state,1,93812412
patent::93812412,focus::Non-noble candidate,patent_focus,1,93812412
patent::93812412,focus::GDE,patent_focus,1,93812412
patent::116688896,assignee::DALIAN INSTITUTE OF CHEMICAL PHYSICS CHINESE ACADEMY OF SCIENCES,patent_assignee,1,116688896
patent::116688896,"domain::Macromolecular chemistry, polymers",patent_domain,1,116688896
patent::116688896,"domain::Surface technology, coating",patent_domain,1,116688896
patent::116688896,domain::Textile and paper machines,patent_domain,1,116688896
patent::116688896,cpc_group::B01J,patent_cpc_group,1,116688896
patent::116688896,cpc_group::C01B,patent_cpc_group,1,116688896
patent::116688896,cpc_group::C08G,patent_cpc_group,1,116688896
patent::116688896,cpc_group::C09K,patent_cpc_group,1,116688896
patent::116688896,cpc_group::C25B,patent_cpc_group,1,116688896
patent::116688896,cpc_group::D01F,patent_cpc_group,1,116688896
patent::116688896,cpc_code::B01J-035/00/33,patent_cpc_code,1,116688896
patent::116688896,cpc_code::C01B-032/40,patent_cpc_code,1,116688896
patent::116688896,cpc_code::C08G-083/00/8,patent_cpc_code,1,116688896
patent::116688896,cpc_code::C09K-003/00,patent_cpc_code,1,116688896
patent::116688896,cpc_code::C25B-001/00,patent_cpc_code,1,116688896
patent::116688896,cpc_code::C25B-003/04,patent_cpc_code,1,116688896
patent::116688896,cpc_code::C25B-011/04,patent_cpc_code,1,116688896
patent::116688896,cpc_code::C25B-011/04/47,patent_cpc_code,1,116688896
patent::116688896,cpc_code::C25B-011/04/73,patent_cpc_code,1,116688896
patent::116688896,cpc_code::C25B-011/04/89,patent_cpc_code,1,116688896
patent::116688896,ipc_group::C08G,patent_ipc_group,1,116688896
patent::116688896,ipc_group::C25B,patent_ipc_group,1,116688896
patent::116688896,ipc_group::D01F,patent_ipc_group,1,116688896
patent::116688896,ipc_code::C08G-083/00,patent_ipc_code,1,116688896
patent::116688896,ipc_code::C25B-001/23,patent_ipc_code,1,116688896
patent::116688896,ipc_code::C25B-011/091,patent_ipc_code,1,116688896
patent::116688896,ipc_code::D01F-001/10,patent_ipc_code,1,116688896
patent::116688896,ipc_code::D01F-006/54,patent_ipc_code,1,116688896
patent::116688896,ipc_code::D01F-009/22,patent_ipc_code,1,116688896
patent::116688896,concept::CATALYST ATOM,patent_concept,1,116688896
patent::116688896,concept::TRANSITION METAL,patent_concept,1,116688896
patent::116688896,concept::TRANSITION METAL CATALYST ATOM,patent_concept,1,116688896
patent::116688896,concept::MONOATOMIC ELECTROCATALYST,patent_concept,1,116688896
patent::116688896,concept::MICROPORE PORE VOLUME,patent_concept,1,116688896
patent::116688896,concept::ELECTROCATALYSIS,patent_concept,1,116688896
patent::116688896,concept::MESOPORE PORE VOLUME,patent_concept,1,116688896
patent::116688896,concept::NITROGEN DOPING CARBON,patent_concept,1,116688896
patent::116688896,concept::MACROPORE,patent_concept,1,116688896
patent::116688896,concept::TRANSITION METAL MONOATOMIC ELECTROCATALYST,patent_concept,1,116688896
patent::116688896,country::CN,patent_country,1,116688896
patent::116688896,priority_year::2025,patent_priority_year,1,116688896
patent::116688896,legal_state::ALIVE,patent_legal_state,1,116688896
patent::116688896,focus::Non-noble candidate,patent_focus,1,116688896
patent::84413562,assignee::SIEMENS ENERGY,patent_assignee,1,84413562
patent::84413562,"domain::Materials, metallurgy",patent_domain,1,84413562
patent::84413562,"domain::Surface technology, coating",patent_domain,1,84413562
patent::84413562,cpc_group::C01B,patent_cpc_group,1,84413562
patent::84413562,cpc_group::C25B,patent_cpc_group,1,84413562
patent::84413562,cpc_group::Y02E,patent_cpc_group,1,84413562
patent::84413562,cpc_code::C01B-007/04,patent_cpc_code,1,84413562
patent::84413562,cpc_code::C01B-032/40,patent_cpc_code,1,84413562
patent::84413562,cpc_code::C01B-032/50,patent_cpc_code,1,84413562
patent::84413562,cpc_code::C01B-032/80,patent_cpc_code,1,84413562
patent::84413562,cpc_code::C25B-001/00,patent_cpc_code,1,84413562
patent::84413562,cpc_code::C25B-001/26,patent_cpc_code,1,84413562
patent::84413562,cpc_code::C25B-009/19,patent_cpc_code,1,84413562
patent::84413562,cpc_code::C25B-015/08,patent_cpc_code,1,84413562
patent::84413562,cpc_code::Y02E-060/36,patent_cpc_code,1,84413562
patent::84413562,ipc_group::C01B,patent_ipc_group,1,84413562
patent::84413562,ipc_group::C25B,patent_ipc_group,1,84413562
patent::84413562,ipc_code::C01B-007/04,patent_ipc_code,1,84413562
patent::84413562,ipc_code::C01B-032/40,patent_ipc_code,1,84413562
patent::84413562,ipc_code::C01B-032/50,patent_ipc_code,1,84413562
patent::84413562,ipc_code::C01B-032/80,patent_ipc_code,1,84413562
patent::84413562,ipc_code::C25B-001/04,patent_ipc_code,1,84413562
patent::84413562,ipc_code::C25B-001/26,patent_ipc_code,1,84413562
patent::84413562,ipc_code::C25B-003/06,patent_ipc_code,1,84413562
patent::84413562,ipc_code::C25B-009/00,patent_ipc_code,1,84413562
patent::84413562,concept::CARBONYL DICHLORIDE,patent_concept,1,84413562
patent::84413562,concept::CARBONYL DICHLORIDE SEPARATION,patent_concept,1,84413562
patent::84413562,concept::CHLORIDE CO2COMBINED ELECTROLYSIS,patent_concept,1,84413562
patent::84413562,concept::CHLORIDE ELECTROLYSIS,patent_concept,1,84413562
patent::84413562,country::DE,patent_country,1,84413562
patent::84413562,priority_year::2017,patent_priority_year,1,84413562
patent::84413562,legal_state::DEAD,patent_legal_state,1,84413562
patent::84413562,focus::MEA,patent_focus,1,84413562
patent::84413562,focus::AEM,patent_focus,1,84413562
patent::84413562,focus::Non-noble candidate,patent_focus,1,84413562
patent::67334411,assignee::CERAMATEC,patent_assignee,1,67334411
patent::67334411,assignee::ENLIGHTEN INNOVATIONS,patent_assignee,1,67334411
patent::67334411,"domain::Surface technology, coating",patent_domain,1,67334411
patent::67334411,cpc_group::C25B,patent_cpc_group,1,67334411
patent::67334411,cpc_code::C25B-003/04,patent_cpc_code,1,67334411
patent::67334411,cpc_code::C25B-003/25,patent_cpc_code,1,67334411
patent::67334411,cpc_code::C25B-009/08,patent_cpc_code,1,67334411
patent::67334411,cpc_code::C25B-009/19,patent_cpc_code,1,67334411
patent::67334411,ipc_group::C25B,patent_ipc_group,1,67334411
patent::67334411,ipc_code::C25B-001/02,patent_ipc_code,1,67334411
patent::67334411,ipc_code::C25B-003/25,patent_ipc_code,1,67334411
patent::67334411,ipc_code::C25B-009/19,patent_ipc_code,1,67334411
patent::67334411,concept::CATHODE COMPARTMENT,patent_concept,1,67334411
patent::67334411,concept::METHANEDIONE,patent_concept,1,67334411
patent::67334411,concept::METHANEDIONE ELECTROREDUCTION,patent_concept,1,67334411
patent::67334411,concept::NASICON CELL,patent_concept,1,67334411
patent::67334411,concept::USABLE CHEMICAL,patent_concept,1,67334411
patent::67334411,country::US,patent_country,1,67334411
patent::67334411,priority_year::2013,patent_priority_year,1,67334411
patent::67334411,legal_state::ALIVE,patent_legal_state,1,67334411
patent::67334411,focus::Non-noble candidate,patent_focus,1,67334411
patent::67334411,focus::GDE,patent_focus,1,67334411
patent::89416407,assignee::SIEMENS ENERGY,patent_assignee,1,89416407
patent::89416407,"domain::Surface technology, coating",patent_domain,1,89416407
patent::89416407,cpc_group::C25B,patent_cpc_group,1,89416407
patent::89416407,cpc_code::C25B-001/00,patent_cpc_code,1,89416407
patent::89416407,cpc_code::C25B-009/19,patent_cpc_code,1,89416407
patent::89416407,cpc_code::C25B-013/04,patent_cpc_code,1,89416407
patent::89416407,cpc_code::C25B-015/08,patent_cpc_code,1,89416407
patent::89416407,ipc_group::C25B,patent_ipc_group,1,89416407
patent::89416407,ipc_code::C25B-003/25,patent_ipc_code,1,89416407
patent::89416407,ipc_code::C25B-009/19,patent_ipc_code,1,89416407
patent::89416407,ipc_code::C25B-015/08,patent_ipc_code,1,89416407
patent::89416407,concept::ELECTROLYTE RESERVOIR,patent_concept,1,89416407
patent::89416407,concept::ELECTROLYZER,patent_concept,1,89416407
patent::89416407,concept::METHANEDIONE REDUCTION,patent_concept,1,89416407
patent::89416407,concept::GAS OUTLET,patent_concept,1,89416407
patent::89416407,country::DE,patent_country,1,89416407
patent::89416407,priority_year::2018,patent_priority_year,1,89416407
patent::89416407,legal_state::DEAD,patent_legal_state,1,89416407
patent::89416407,focus::GDE,patent_focus,1,89416407
patent::116414667,assignee::KOREA INSTITUTE OF SCIENCE & TECHNOLOGY,patent_assignee,1,116414667
patent::116414667,"domain::Surface technology, coating",patent_domain,1,116414667
patent::116414667,cpc_group::C25B,patent_cpc_group,1,116414667
patent::116414667,cpc_group::Y02E,patent_cpc_group,1,116414667
patent::116414667,cpc_code::C25B-001/23,patent_cpc_code,1,116414667
patent::116414667,cpc_code::C25B-003/26,patent_cpc_code,1,116414667
patent::116414667,cpc_code::C25B-009/23,patent_cpc_code,1,116414667
patent::116414667,cpc_code::C25B-011/032,patent_cpc_code,1,116414667
patent::116414667,cpc_code::C25B-011/043,patent_cpc_code,1,116414667
patent::116414667,cpc_code::C25B-011/052,patent_cpc_code,1,116414667
patent::116414667,cpc_code::C25B-011/065,patent_cpc_code,1,116414667
patent::116414667,cpc_code::C25B-011/075,patent_cpc_code,1,116414667
patent::116414667,cpc_code::C25B-011/081,patent_cpc_code,1,116414667
patent::116414667,cpc_code::C25B-013/08,patent_cpc_code,1,116414667
patent::116414667,ipc_group::C25B,patent_ipc_group,1,116414667
patent::116414667,ipc_code::C25B-003/26,patent_ipc_code,1,116414667
patent::116414667,ipc_code::C25B-009/23,patent_ipc_code,1,116414667
patent::116414667,ipc_code::C25B-011/032,patent_ipc_code,1,116414667
patent::116414667,ipc_code::C25B-011/043,patent_ipc_code,1,116414667
patent::116414667,ipc_code::C25B-011/052,patent_ipc_code,1,116414667
patent::116414667,ipc_code::C25B-011/075,patent_ipc_code,1,116414667
patent::116414667,ipc_code::C25B-011/081,patent_ipc_code,1,116414667
patent::116414667,ipc_code::C25B-013/08,patent_ipc_code,1,116414667
patent::116414667,concept::ANION EXCHANGE IONOMER,patent_concept,1,116414667
patent::116414667,concept::CARBON DIOXIDE REDUCTION,patent_concept,1,116414667
patent::116414667,concept::CATALYST LAYER,patent_concept,1,116414667
patent::116414667,concept::DOUBLE LAYER STRUCTURE,patent_concept,1,116414667
patent::116414667,concept::LAYER STRUCTURE REDUCTION,patent_concept,1,116414667
patent::116414667,concept::MEMBRANE,patent_concept,1,116414667
patent::116414667,concept::MEMBRANE ELECTRODE ASSEMBLY,patent_concept,1,116414667
patent::116414667,country::KR,patent_country,1,116414667
patent::116414667,priority_year::2024,patent_priority_year,1,116414667
patent::116414667,legal_state::ALIVE,patent_legal_state,1,116414667
patent::116414667,focus::MEA,patent_focus,1,116414667
patent::116414667,focus::AEM,patent_focus,1,116414667
patent::116414667,focus::Non-noble candidate,patent_focus,1,116414667
patent::116414667,focus::GDE,patent_focus,1,116414667
patent::101790586,assignee::TOSHIBA,patent_assignee,1,101790586
patent::101790586,"domain::Surface technology, coating",patent_domain,1,101790586
patent::101790586,cpc_group::C25B,patent_cpc_group,1,101790586
patent::101790586,cpc_group::Y02E,patent_cpc_group,1,101790586
patent::101790586,cpc_code::C25B-001/04,patent_cpc_code,1,101790586
patent::101790586,cpc_code::C25B-001/23,patent_cpc_code,1,101790586
patent::101790586,cpc_code::C25B-003/26,patent_cpc_code,1,101790586
patent::101790586,cpc_code::C25B-009/15,patent_cpc_code,1,101790586
patent::101790586,cpc_code::C25B-009/19,patent_cpc_code,1,101790586
patent::101790586,cpc_code::C25B-009/65,patent_cpc_code,1,101790586
patent::101790586,cpc_code::C25B-013/04,patent_cpc_code,1,101790586
patent::101790586,cpc_code::C25B-013/08,patent_cpc_code,1,101790586
patent::101790586,cpc_code::Y02E-060/36,patent_cpc_code,1,101790586
patent::101790586,ipc_group::C25B,patent_ipc_group,1,101790586
patent::101790586,ipc_code::C25B-001/04,patent_ipc_code,1,101790586
patent::101790586,ipc_code::C25B-001/23,patent_ipc_code,1,101790586
patent::101790586,ipc_code::C25B-003/26,patent_ipc_code,1,101790586
patent::101790586,ipc_code::C25B-009/15,patent_ipc_code,1,101790586
patent::101790586,ipc_code::C25B-009/19,patent_ipc_code,1,101790586
patent::101790586,ipc_code::C25B-009/65,patent_ipc_code,1,101790586
patent::101790586,ipc_code::C25B-011/054,patent_ipc_code,1,101790586
patent::101790586,ipc_code::C25B-013/04,patent_ipc_code,1,101790586
patent::101790586,concept::ANODE SOLUTION,patent_concept,1,101790586
patent::101790586,concept::ANODE SOLUTION SUPPLY,patent_concept,1,101790586
patent::101790586,concept::CARBON COMPOUND,patent_concept,1,101790586
patent::101790586,concept::CARBON DIOXIDE ELECTROLYSIS,patent_concept,1,101790586
patent::101790586,country::JP,patent_country,1,101790586
patent::101790586,priority_year::2021,patent_priority_year,1,101790586
patent::101790586,legal_state::ALIVE,patent_legal_state,1,101790586
patent::101790586,focus::GDE,patent_focus,1,101790586
patent::79181464,assignee::DALIAN INSTITUTE OF CHEMICAL PHYSICS CHINESE ACADEMY OF SCIENCES,patent_assignee,1,79181464
patent::79181464,"domain::Surface technology, coating",patent_domain,1,79181464
patent::79181464,cpc_group::C25B,patent_cpc_group,1,79181464
patent::79181464,cpc_code::C25B-003/25,patent_cpc_code,1,79181464
patent::79181464,cpc_code::C25B-011/055,patent_cpc_code,1,79181464
patent::79181464,cpc_code::C25B-011/091,patent_cpc_code,1,79181464
patent::79181464,ipc_group::C25B,patent_ipc_group,1,79181464
patent::79181464,ipc_code::C25B-003/25,patent_ipc_code,1,79181464
patent::79181464,concept::ELECTROREDUCTION CATHODE,patent_concept,1,79181464
patent::79181464,concept::ELECTROREDUCTION NEGATIVE ELECTRODE,patent_concept,1,79181464
patent::79181464,concept::METHANEDIONE ELECTROREDUCTION CATHODE,patent_concept,1,79181464
patent::79181464,concept::METHANEDIONE ELECTROREDUCTION NEGATIVE ELECTRODE,patent_concept,1,79181464
patent::79181464,concept::NANO CARBON LAYER,patent_concept,1,79181464
patent::79181464,concept::METHANEDIONE ELECTROREDUCTION,patent_concept,1,79181464
patent::79181464,concept::HETEROATOM DOPED NANO CARBON,patent_concept,1,79181464
patent::79181464,country::CN,patent_country,1,79181464
patent::79181464,priority_year::2016,patent_priority_year,1,79181464
patent::79181464,legal_state::ALIVE,patent_legal_state,1,79181464
patent::79181464,focus::Non-noble candidate,patent_focus,1,79181464
patent::106866991,assignee::ZHEJIANG BAIMA LAKE LABORATORY,patent_assignee,1,106866991
patent::106866991,assignee::ZHEJIANG TIANDI ENV PROT TECHNOLOGY,patent_assignee,1,106866991
patent::106866991,"domain::Surface technology, coating",patent_domain,1,106866991
patent::106866991,cpc_group::C25B,patent_cpc_group,1,106866991
patent::106866991,cpc_code::C25B-001/23,patent_cpc_code,1,106866991
patent::106866991,cpc_code::C25B-003/07,patent_cpc_code,1,106866991
patent::106866991,cpc_code::C25B-003/26,patent_cpc_code,1,106866991
patent::106866991,cpc_code::C25B-015/00,patent_cpc_code,1,106866991
patent::106866991,ipc_group::C25B,patent_ipc_group,1,106866991
patent::106866991,ipc_code::C25B-001/23,patent_ipc_code,1,106866991
patent::106866991,ipc_code::C25B-003/07,patent_ipc_code,1,106866991
patent::106866991,ipc_code::C25B-003/26,patent_ipc_code,1,106866991
patent::106866991,ipc_code::C25B-015/00,patent_ipc_code,1,106866991
patent::106866991,concept::CARBON DIOXIDE ELECTROCATALYTIC REACTOR,patent_concept,1,106866991
patent::106866991,concept::ELECTROCATALYTIC REACTOR,patent_concept,1,106866991
patent::106866991,concept::CATHODE CAVITY,patent_concept,1,106866991
patent::106866991,concept::DEHUMIDIFYING,patent_concept,1,106866991
patent::106866991,concept::PRESET DEHUMIDIFYING,patent_concept,1,106866991
patent::106866991,concept::CATALYST MICROPORE,patent_concept,1,106866991
patent::106866991,concept::REMOVING IMPURITY,patent_concept,1,106866991
patent::106866991,concept::PRESET DEHUMIDIFYING COMPLETION VALUE,patent_concept,1,106866991
patent::106866991,concept::BICARBONATE ION,patent_concept,1,106866991
patent::106866991,concept::CATHODE ELECTRODE,patent_concept,1,106866991
patent::106866991,country::CN,patent_country,1,106866991
patent::106866991,priority_year::2023,patent_priority_year,1,106866991
patent::106866991,legal_state::ALIVE,patent_legal_state,1,106866991
patent::106866991,focus::Non-noble candidate,patent_focus,1,106866991
patent::106866991,focus::GDE,patent_focus,1,106866991
patent::98849845,assignee::NORTHERN ILLINOIS UNIVERSITY,patent_assignee,1,98849845
patent::98849845,assignee::UCHICAGO ARGONNE,patent_assignee,1,98849845
patent::98849845,domain::Chemical engineering,patent_domain,1,98849845
patent::98849845,domain::Organic fine chemistry,patent_domain,1,98849845
patent::98849845,"domain::Surface technology, coating",patent_domain,1,98849845
patent::98849845,cpc_group::B01J,patent_cpc_group,1,98849845
patent::98849845,cpc_group::C07C,patent_cpc_group,1,98849845
patent::98849845,cpc_group::C25B,patent_cpc_group,1,98849845
patent::98849845,cpc_code::B01J-021/18,patent_cpc_code,1,98849845
patent::98849845,cpc_code::B01J-023/14,patent_cpc_code,1,98849845
patent::98849845,cpc_code::B01J-023/18,patent_cpc_code,1,98849845
patent::98849845,cpc_code::B01J-023/72,patent_cpc_code,1,98849845
patent::98849845,cpc_code::B01J-023/78,patent_cpc_code,1,98849845
patent::98849845,cpc_code::B01J-035/00/33,patent_cpc_code,1,98849845
patent::98849845,cpc_code::B01J-035/10,patent_cpc_code,1,98849845
patent::98849845,cpc_code::B01J-035/10/28,patent_cpc_code,1,98849845
patent::98849845,cpc_code::B01J-035/33,patent_cpc_code,1,98849845
patent::98849845,cpc_code::B01J-035/60,patent_cpc_code,1,98849845
patent::98849845,ipc_group::B01J,patent_ipc_group,1,98849845
patent::98849845,ipc_group::C07C,patent_ipc_group,1,98849845
patent::98849845,ipc_group::C25B,patent_ipc_group,1,98849845
patent::98849845,ipc_code::B01J-021/18,patent_ipc_code,1,98849845
patent::98849845,ipc_code::B01J-023/14,patent_ipc_code,1,98849845
patent::98849845,ipc_code::B01J-023/18,patent_ipc_code,1,98849845
patent::98849845,ipc_code::B01J-023/72,patent_ipc_code,1,98849845
patent::98849845,ipc_code::B01J-023/78,patent_ipc_code,1,98849845
patent::98849845,ipc_code::B01J-035/00,patent_ipc_code,1,98849845
patent::98849845,ipc_code::B01J-035/10,patent_ipc_code,1,98849845
patent::98849845,ipc_code::B01J-037/00,patent_ipc_code,1,98849845
patent::98849845,concept::CATALYST,patent_concept,1,98849845
patent::98849845,concept::CATALYTIC METAL,patent_concept,1,98849845
patent::98849845,concept::CONVERTING CARBON DIOXIDE,patent_concept,1,98849845
patent::98849845,concept::ELECTROCATALYST,patent_concept,1,98849845
patent::98849845,country::US,patent_country,1,98849845
patent::98849845,priority_year::2020,patent_priority_year,1,98849845
patent::98849845,legal_state::ALIVE,patent_legal_state,1,98849845
patent::98849845,focus::Non-noble candidate,patent_focus,1,98849845
patent::116876860,assignee::DALIAN UNIVERSITY OF TECHNOLOGY,patent_assignee,1,116876860
patent::116876860,domain::Micro-structure and nano-technology,patent_domain,1,116876860
patent::116876860,"domain::Surface technology, coating",patent_domain,1,116876860
patent::116876860,cpc_group::B82Y,patent_cpc_group,1,116876860
patent::116876860,cpc_group::C23C,patent_cpc_group,1,116876860
patent::116876860,cpc_group::C25B,patent_cpc_group,1,116876860
patent::116876860,cpc_code::B82Y-030/00,patent_cpc_code,1,116876860
patent::116876860,cpc_code::B82Y-040/00,patent_cpc_code,1,116876860
patent::116876860,cpc_code::C23C-028/34,patent_cpc_code,1,116876860
patent::116876860,cpc_code::C25B-001/00,patent_cpc_code,1,116876860
patent::116876860,cpc_code::C25B-001/00/3,patent_cpc_code,1,116876860
patent::116876860,cpc_code::C25B-003/00,patent_cpc_code,1,116876860
patent::116876860,cpc_code::C25B-003/04,patent_cpc_code,1,116876860
patent::116876860,cpc_code::C25B-011/03/5,patent_cpc_code,1,116876860
patent::116876860,cpc_code::C25B-011/04,patent_cpc_code,1,116876860
patent::116876860,cpc_code::C25B-011/04/05,patent_cpc_code,1,116876860
patent::116876860,ipc_group::B82Y,patent_ipc_group,1,116876860
patent::116876860,ipc_group::C25B,patent_ipc_group,1,116876860
patent::116876860,ipc_code::B82Y-030/00,patent_ipc_code,1,116876860
patent::116876860,ipc_code::C25B-001/23,patent_ipc_code,1,116876860
patent::116876860,ipc_code::C25B-009/19,patent_ipc_code,1,116876860
patent::116876860,ipc_code::C25B-011/091,patent_ipc_code,1,116876860
patent::116876860,concept::CARBON DIOXIDE MASS TRANSFER,patent_concept,1,116876860
patent::116876860,concept::ELECTROCHEMICAL REACTION,patent_concept,1,116876860
patent::116876860,concept::INTEGRAL CARBON ELECTROCATALYST,patent_concept,1,116876860
patent::116876860,concept::MASS TRANSFER,patent_concept,1,116876860
patent::116876860,concept::MATCHED ELECTROCHEMICAL REACTION,patent_concept,1,116876860
patent::116876860,concept::MONOLITHIC CARBON ELECTROCATALYST,patent_concept,1,116876860
patent::116876860,concept::GRAPHENE HYDROGEL,patent_concept,1,116876860
patent::116876860,concept::COOPERATIVE OPTIMIZATION,patent_concept,1,116876860
patent::116876860,concept::CATHODE CHAMBER,patent_concept,1,116876860
patent::116876860,concept::IMMERSED MONOLITHIC CARBON ELECTROCATALYST,patent_concept,1,116876860
patent::116876860,country::CN,patent_country,1,116876860
patent::116876860,priority_year::2025,patent_priority_year,1,116876860
patent::116876860,legal_state::ALIVE,patent_legal_state,1,116876860
patent::116876860,focus::Non-noble candidate,patent_focus,1,116876860
patent::116440098,assignee::CSSC HANDAN PERIC HYDROGEN ENERGY TECHNOLOGY,patent_assignee,1,116440098
patent::116440098,assignee::XIAN JIAOTONG UNIVERSITY,patent_assignee,1,116440098
patent::116440098,"domain::Surface technology, coating",patent_domain,1,116440098
patent::116440098,cpc_group::C25B,patent_cpc_group,1,116440098
patent::116440098,cpc_code::C25B-001/00,patent_cpc_code,1,116440098
patent::116440098,cpc_code::C25B-003/04,patent_cpc_code,1,116440098
patent::116440098,cpc_code::C25B-009/08,patent_cpc_code,1,116440098
patent::116440098,ipc_group::C25B,patent_ipc_group,1,116440098
patent::116440098,ipc_code::C25B-001/23,patent_ipc_code,1,116440098
patent::116440098,ipc_code::C25B-003/03,patent_ipc_code,1,116440098
patent::116440098,ipc_code::C25B-003/07,patent_ipc_code,1,116440098
patent::116440098,ipc_code::C25B-003/26,patent_ipc_code,1,116440098
patent::116440098,ipc_code::C25B-009/19,patent_ipc_code,1,116440098
patent::116440098,ipc_code::C25B-009/60,patent_ipc_code,1,116440098
patent::116440098,ipc_code::C25B-009/70,patent_ipc_code,1,116440098
patent::116440098,concept::CARBON DIOXIDE REDUCTION,patent_concept,1,116440098
patent::116440098,concept::ELECTROLYTIC CELL,patent_concept,1,116440098
patent::116440098,concept::ELECTROLYZER,patent_concept,1,116440098
patent::116440098,concept::MEMBRANE ELECTRODE ASSEMBLY,patent_concept,1,116440098
patent::116440098,concept::ANODE CATALYTIC ELECTRODE,patent_concept,1,116440098
patent::116440098,concept::INCLINED DIAGONAL APERTURE,patent_concept,1,116440098
patent::116440098,concept::ELECTROLYSIS CELL,patent_concept,1,116440098
patent::116440098,concept::INSULATING GASKET,patent_concept,1,116440098
patent::116440098,concept::MEMBRANE ELECTRODE,patent_concept,1,116440098
patent::116440098,concept::CATHODE ANODE COMPOSITE PLATE,patent_concept,1,116440098
patent::116440098,country::CN,patent_country,1,116440098
patent::116440098,priority_year::2025,patent_priority_year,1,116440098
patent::116440098,legal_state::ALIVE,patent_legal_state,1,116440098
patent::116440098,focus::MEA,patent_focus,1,116440098
patent::116440098,focus::AEM,patent_focus,1,116440098
patent::116440098,focus::Non-noble candidate,patent_focus,1,116440098
patent::116440098,focus::GDE,patent_focus,1,116440098
patent::100959754,assignee::UNIVERSIDADE DO PORTO,patent_assignee,1,100959754
patent::100959754,"domain::Surface technology, coating",patent_domain,1,100959754
patent::100959754,cpc_group::C25B,patent_cpc_group,1,100959754
patent::100959754,cpc_code::C25B-001/23,patent_cpc_code,1,100959754
patent::100959754,cpc_code::C25B-001/55,patent_cpc_code,1,100959754
patent::100959754,cpc_code::C25B-003/03,patent_cpc_code,1,100959754
patent::100959754,cpc_code::C25B-003/07,patent_cpc_code,1,100959754
patent::100959754,cpc_code::C25B-003/21,patent_cpc_code,1,100959754
patent::100959754,cpc_code::C25B-003/26,patent_cpc_code,1,100959754
patent::100959754,cpc_code::C25B-009/23,patent_cpc_code,1,100959754
patent::100959754,cpc_code::C25B-009/50,patent_cpc_code,1,100959754
patent::100959754,cpc_code::C25B-011/032,patent_cpc_code,1,100959754
patent::100959754,cpc_code::C25B-011/049,patent_cpc_code,1,100959754
patent::100959754,ipc_group::C25B,patent_ipc_group,1,100959754
patent::100959754,ipc_code::C25B-001/23,patent_ipc_code,1,100959754
patent::100959754,ipc_code::C25B-001/55,patent_ipc_code,1,100959754
patent::100959754,ipc_code::C25B-003/03,patent_ipc_code,1,100959754
patent::100959754,ipc_code::C25B-003/07,patent_ipc_code,1,100959754
patent::100959754,ipc_code::C25B-003/21,patent_ipc_code,1,100959754
patent::100959754,ipc_code::C25B-003/26,patent_ipc_code,1,100959754
patent::100959754,ipc_code::C25B-009/23,patent_ipc_code,1,100959754
patent::100959754,ipc_code::C25B-009/50,patent_ipc_code,1,100959754
patent::100959754,concept::CARBON DIOXIDE ELETROCHEMICAL REDUCTION,patent_concept,1,100959754
patent::100959754,concept::ELECTROLYZER,patent_concept,1,100959754
patent::100959754,concept::ELETROCHEMICAL REDUCTION,patent_concept,1,100959754
patent::100959754,concept::LIQUID PHASE,patent_concept,1,100959754
patent::100959754,concept::ORGANIC MOLECULE,patent_concept,1,100959754
patent::100959754,concept::PERIODICAL ELECTROLYTE REPLACEMENT,patent_concept,1,100959754
patent::100959754,concept::SELECTIVITY CONTROL,patent_concept,1,100959754
patent::100959754,concept::SEMICONDUCTOR,patent_concept,1,100959754
patent::100959754,concept::NANOSTRUCTURE MORPHOLOGY,patent_concept,1,100959754
patent::100959754,concept::MEAGER SELECTIVITY,patent_concept,1,100959754
patent::100959754,country::PT,patent_country,1,100959754
patent::100959754,priority_year::2021,patent_priority_year,1,100959754
patent::100959754,legal_state::DEAD,patent_legal_state,1,100959754
patent::100959754,focus::AEM,patent_focus,1,100959754
patent::100959754,focus::Non-noble candidate,patent_focus,1,100959754
patent::100959754,focus::GDE,patent_focus,1,100959754
patent::72680476,assignee::DIOXIDE MATERIALS,patent_assignee,1,72680476
patent::72680476,domain::Chemical engineering,patent_domain,1,72680476
patent::72680476,"domain::Electrical machinery, apparatus, energy",patent_domain,1,72680476
patent::72680476,domain::Environmental technology,patent_domain,1,72680476
patent::72680476,domain::Measurement,patent_domain,1,72680476
patent::72680476,domain::Other special machines,patent_domain,1,72680476
patent::72680476,"domain::Surface technology, coating",patent_domain,1,72680476
patent::72680476,cpc_group::B01J,patent_cpc_group,1,72680476
patent::72680476,cpc_group::C02F,patent_cpc_group,1,72680476
patent::72680476,cpc_group::C08J,patent_cpc_group,1,72680476
patent::72680476,cpc_group::C25B,patent_cpc_group,1,72680476
patent::72680476,cpc_group::G01N,patent_cpc_group,1,72680476
patent::72680476,cpc_group::H01M,patent_cpc_group,1,72680476
patent::72680476,cpc_group::Y02E,patent_cpc_group,1,72680476
patent::72680476,cpc_code::B01J-041/12/5,patent_cpc_code,1,72680476
patent::72680476,cpc_code::B01J-041/13,patent_cpc_code,1,72680476
patent::72680476,cpc_code::B01J-041/14,patent_cpc_code,1,72680476
patent::72680476,cpc_code::B01J-047/12,patent_cpc_code,1,72680476
patent::72680476,cpc_code::C02F-001/461,patent_cpc_code,1,72680476
patent::72680476,cpc_code::C08J-005/22/31,patent_cpc_code,1,72680476
patent::72680476,cpc_code::C08J-2325/08,patent_cpc_code,1,72680476
patent::72680476,cpc_code::C08J-2325/18,patent_cpc_code,1,72680476
patent::72680476,cpc_code::C25B-001/00,patent_cpc_code,1,72680476
patent::72680476,cpc_code::C25B-001/04,patent_cpc_code,1,72680476
patent::72680476,ipc_group::B01J,patent_ipc_group,1,72680476
patent::72680476,ipc_group::B29C,patent_ipc_group,1,72680476
patent::72680476,ipc_group::C02F,patent_ipc_group,1,72680476
patent::72680476,ipc_group::C25B,patent_ipc_group,1,72680476
patent::72680476,ipc_group::G01N,patent_ipc_group,1,72680476
patent::72680476,ipc_group::H01M,patent_ipc_group,1,72680476
patent::72680476,ipc_code::B01J-041/12,patent_ipc_code,1,72680476
patent::72680476,ipc_code::B01J-041/13,patent_ipc_code,1,72680476
patent::72680476,ipc_code::B01J-041/14,patent_ipc_code,1,72680476
patent::72680476,ipc_code::B29C-041/50,patent_ipc_code,1,72680476
patent::72680476,ipc_code::C02F-001/461,patent_ipc_code,1,72680476
patent::72680476,ipc_code::C25B-003/25,patent_ipc_code,1,72680476
patent::72680476,ipc_code::C25B-003/29,patent_ipc_code,1,72680476
patent::72680476,ipc_code::C25B-009/19,patent_ipc_code,1,72680476
patent::72680476,concept::ANION CONDUCTING POLYMERIC MEMBRANE,patent_concept,1,72680476
patent::72680476,concept::CATALYST LAYER,patent_concept,1,72680476
patent::72680476,concept::ELECTROCHEMICAL DEVICE,patent_concept,1,72680476
patent::72680476,concept::ELECTROCHEMICALLY REDUCING METHANEDIONE,patent_concept,1,72680476
patent::72680476,concept::ELECTROLYZER,patent_concept,1,72680476
patent::72680476,country::US,patent_country,1,72680476
patent::72680476,priority_year::2010,patent_priority_year,1,72680476
patent::72680476,legal_state::ALIVE,patent_legal_state,1,72680476
patent::72680476,focus::AEM,patent_focus,1,72680476
patent::72680476,focus::Non-noble candidate,patent_focus,1,72680476
patent::75262842,assignee::SIEMENS ENERGY,patent_assignee,1,75262842
patent::75262842,domain::Basic materials chemistry,patent_domain,1,75262842
patent::75262842,domain::Biotechnology,patent_domain,1,75262842
patent::75262842,"domain::Surface technology, coating",patent_domain,1,75262842
patent::75262842,cpc_group::C12M,patent_cpc_group,1,75262842
patent::75262842,cpc_group::C25B,patent_cpc_group,1,75262842
patent::75262842,cpc_group::Y02E,patent_cpc_group,1,75262842
patent::75262842,cpc_code::C12M-021/04,patent_cpc_code,1,75262842
patent::75262842,cpc_code::C12M-043/00,patent_cpc_code,1,75262842
patent::75262842,cpc_code::C12M-043/04,patent_cpc_code,1,75262842
patent::75262842,cpc_code::C12M-047/18,patent_cpc_code,1,75262842
patent::75262842,cpc_code::C25B-001/01,patent_cpc_code,1,75262842
patent::75262842,cpc_code::C25B-001/04,patent_cpc_code,1,75262842
patent::75262842,cpc_code::C25B-001/23,patent_cpc_code,1,75262842
patent::75262842,cpc_code::C25B-009/05,patent_cpc_code,1,75262842
patent::75262842,cpc_code::C25B-009/19,patent_cpc_code,1,75262842
patent::75262842,cpc_code::C25B-011/02,patent_cpc_code,1,75262842
patent::75262842,ipc_group::C10L,patent_ipc_group,1,75262842
patent::75262842,ipc_group::C12M,patent_ipc_group,1,75262842
patent::75262842,ipc_group::C12P,patent_ipc_group,1,75262842
patent::75262842,ipc_group::C25B,patent_ipc_group,1,75262842
patent::75262842,ipc_code::C10L-003/00,patent_ipc_code,1,75262842
patent::75262842,ipc_code::C10L-003/08,patent_ipc_code,1,75262842
patent::75262842,ipc_code::C12M-001/00,patent_ipc_code,1,75262842
patent::75262842,ipc_code::C12M-001/107,patent_ipc_code,1,75262842
patent::75262842,ipc_code::C12P-005/02,patent_ipc_code,1,75262842
patent::75262842,ipc_code::C25B-001/00,patent_ipc_code,1,75262842
patent::75262842,concept::CARBON DIOXIDE RECLAMATION,patent_concept,1,75262842
patent::75262842,concept::CARBON DIOXIDE UTILIZATION,patent_concept,1,75262842
patent::75262842,concept::CATHODE SPACING,patent_concept,1,75262842
patent::75262842,concept::CATHOLYTE,patent_concept,1,75262842
patent::75262842,concept::CATHOLYTE CIRCUIT,patent_concept,1,75262842
patent::75262842,concept::COAL,patent_concept,1,75262842
patent::75262842,country::DE,patent_country,1,75262842
patent::75262842,priority_year::2015,patent_priority_year,1,75262842
patent::75262842,legal_state::DEAD,patent_legal_state,1,75262842
patent::75262842,focus::Non-noble candidate,patent_focus,1,75262842
patent::112590590,assignee::ZHEJIANG UNIVERSITY,patent_assignee,1,112590590
patent::112590590,"domain::Surface technology, coating",patent_domain,1,112590590
patent::112590590,cpc_group::C25B,patent_cpc_group,1,112590590
patent::112590590,cpc_code::C25B-001/23,patent_cpc_code,1,112590590
patent::112590590,cpc_code::C25B-009/19,patent_cpc_code,1,112590590
patent::112590590,cpc_code::C25B-011/032,patent_cpc_code,1,112590590
patent::112590590,cpc_code::C25B-011/065,patent_cpc_code,1,112590590
patent::112590590,cpc_code::C25B-013/08,patent_cpc_code,1,112590590
patent::112590590,ipc_group::C25B,patent_ipc_group,1,112590590
patent::112590590,ipc_code::C25B-001/23,patent_ipc_code,1,112590590
patent::112590590,ipc_code::C25B-009/19,patent_ipc_code,1,112590590
patent::112590590,ipc_code::C25B-011/032,patent_ipc_code,1,112590590
patent::112590590,ipc_code::C25B-011/065,patent_ipc_code,1,112590590
patent::112590590,ipc_code::C25B-013/08,patent_ipc_code,1,112590590
patent::112590590,concept::ELECTROLYTE FREE CO2PREPARATION,patent_concept,1,112590590
patent::112590590,concept::ELECTROREDUCTION,patent_concept,1,112590590
patent::112590590,concept::MEMBRANE ELECTRODE,patent_concept,1,112590590
patent::112590590,concept::SYNTHESIS GAS,patent_concept,1,112590590
patent::112590590,concept::MIXED SLURRY,patent_concept,1,112590590
patent::112590590,concept::ELECTRODE SLURRY DISPERSING AGENT,patent_concept,1,112590590
patent::112590590,concept::NI CATALYST ATOM,patent_concept,1,112590590
patent::112590590,concept::ELECTRODE SLURRY DISPERSANT,patent_concept,1,112590590
patent::112590590,concept::TRANSITION METAL CATALYST,patent_concept,1,112590590
patent::112590590,concept::ULTRAPURE WATER ELECTROLYTE,patent_concept,1,112590590
patent::112590590,country::CN,patent_country,1,112590590
patent::112590590,priority_year::2024,patent_priority_year,1,112590590
patent::112590590,legal_state::ALIVE,patent_legal_state,1,112590590
patent::112590590,focus::MEA,patent_focus,1,112590590
patent::112590590,focus::Non-noble candidate,patent_focus,1,112590590
patent::112590590,focus::GDE,patent_focus,1,112590590
patent::101562974,assignee::QUZHOU RESEARCH INSTITUTE OF ZHEJIANG UNIVERSITY,patent_assignee,1,101562974
patent::101562974,assignee::ZHEJIANG UNIVERSITY,patent_assignee,1,101562974
patent::101562974,"domain::Surface technology, coating",patent_domain,1,101562974
patent::101562974,cpc_group::C25B,patent_cpc_group,1,101562974
patent::101562974,cpc_group::Y02E,patent_cpc_group,1,101562974
patent::101562974,cpc_code::C25B-001/23,patent_cpc_code,1,101562974
patent::101562974,cpc_code::C25B-003/07,patent_cpc_code,1,101562974
patent::101562974,cpc_code::C25B-003/26,patent_cpc_code,1,101562974
patent::101562974,cpc_code::C25B-011/091,patent_cpc_code,1,101562974
patent::101562974,cpc_code::Y02E-060/50,patent_cpc_code,1,101562974
patent::101562974,ipc_group::C25B,patent_ipc_group,1,101562974
patent::101562974,ipc_code::C25B-001/23,patent_ipc_code,1,101562974
patent::101562974,ipc_code::C25B-003/07,patent_ipc_code,1,101562974
patent::101562974,ipc_code::C25B-003/26,patent_ipc_code,1,101562974
patent::101562974,ipc_code::C25B-011/091,patent_ipc_code,1,101562974
patent::101562974,concept::CARBON GEL ELECTROCATALYST,patent_concept,1,101562974
patent::101562974,concept::IN FRAME,patent_concept,1,101562974
patent::101562974,concept::POLYMERIC MACROMOLECULAR CHAIN CROSSLINKING,patent_concept,1,101562974
patent::101562974,concept::FEOOH PANI PRECURSOR,patent_concept,1,101562974
patent::101562974,concept::NITROGEN PRECURSOR,patent_concept,1,101562974
patent::101562974,concept::POLYMERIC MACROMOLECULAR CHAIN,patent_concept,1,101562974
patent::101562974,concept::AEROGEL CATALYST,patent_concept,1,101562974
patent::101562974,concept::CODOPED CARBON CATALYST,patent_concept,1,101562974
patent::101562974,country::CN,patent_country,1,101562974
patent::101562974,priority_year::2022,patent_priority_year,1,101562974
patent::101562974,legal_state::ALIVE,patent_legal_state,1,101562974
patent::101562974,focus::Non-noble candidate,patent_focus,1,101562974
patent::87171527,assignee::SIEMENS ENERGY,patent_assignee,1,87171527
patent::87171527,"domain::Surface technology, coating",patent_domain,1,87171527
patent::87171527,cpc_group::C25B,patent_cpc_group,1,87171527
patent::87171527,cpc_code::C25B-001/23,patent_cpc_code,1,87171527
patent::87171527,cpc_code::C25B-003/03,patent_cpc_code,1,87171527
patent::87171527,cpc_code::C25B-003/07,patent_cpc_code,1,87171527
patent::87171527,cpc_code::C25B-003/26,patent_cpc_code,1,87171527
patent::87171527,cpc_code::C25B-011/032,patent_cpc_code,1,87171527
patent::87171527,cpc_code::C25B-011/081,patent_cpc_code,1,87171527
patent::87171527,cpc_code::C25B-011/095,patent_cpc_code,1,87171527
patent::87171527,ipc_group::C25B,patent_ipc_group,1,87171527
patent::87171527,ipc_code::C25B-001/23,patent_ipc_code,1,87171527
patent::87171527,ipc_code::C25B-003/03,patent_ipc_code,1,87171527
patent::87171527,ipc_code::C25B-003/07,patent_ipc_code,1,87171527
patent::87171527,ipc_code::C25B-003/25,patent_ipc_code,1,87171527
patent::87171527,ipc_code::C25B-003/26,patent_ipc_code,1,87171527
patent::87171527,ipc_code::C25B-011/032,patent_ipc_code,1,87171527
patent::87171527,ipc_code::C25B-011/081,patent_ipc_code,1,87171527
patent::87171527,concept::CARBON DIOXIDE TREATMENT,patent_concept,1,87171527
patent::87171527,concept::CARBON DIOXIDE UTILIZATION,patent_concept,1,87171527
patent::87171527,concept::CO2 TARGETED ELECTROCHEMICAL UTILIZATION,patent_concept,1,87171527
patent::87171527,concept::CO2 UTILIZATION,patent_concept,1,87171527
patent::87171527,concept::ELECTROLYSIS CELL,patent_concept,1,87171527
patent::87171527,concept::ELECTROOSMOSIS SUPPRESSION,patent_concept,1,87171527
patent::87171527,country::DE,patent_country,1,87171527
patent::87171527,country::DK,patent_country,1,87171527
patent::87171527,priority_year::2018,patent_priority_year,1,87171527
patent::87171527,legal_state::DEAD,patent_legal_state,1,87171527
patent::87171527,focus::Non-noble candidate,patent_focus,1,87171527
patent::87171527,focus::GDE,patent_focus,1,87171527
patent::105418286,assignee::CHN ENERGY NEW ENERGY TECHNOLOGY RESEARCH INSTITUTE,patent_assignee,1,105418286
patent::105418286,"domain::Materials, metallurgy",patent_domain,1,105418286
patent::105418286,domain::Micro-structure and nano-technology,patent_domain,1,105418286
patent::105418286,"domain::Surface technology, coating",patent_domain,1,105418286
patent::105418286,cpc_group::B01J,patent_cpc_group,1,105418286
patent::105418286,cpc_group::B82Y,patent_cpc_group,1,105418286
patent::105418286,cpc_group::C01B,patent_cpc_group,1,105418286
patent::105418286,cpc_group::C01G,patent_cpc_group,1,105418286
patent::105418286,cpc_group::C01P,patent_cpc_group,1,105418286
patent::105418286,cpc_group::C25B,patent_cpc_group,1,105418286
patent::105418286,cpc_group::Y02E,patent_cpc_group,1,105418286
patent::105418286,cpc_code::B01J-035/00/33,patent_cpc_code,1,105418286
patent::105418286,cpc_code::B01J-035/02/3,patent_cpc_code,1,105418286
patent::105418286,cpc_code::B82Y-030/00,patent_cpc_code,1,105418286
patent::105418286,cpc_code::B82Y-040/00,patent_cpc_code,1,105418286
patent::105418286,cpc_code::C01B-032/05,patent_cpc_code,1,105418286
patent::105418286,cpc_code::C01B-032/40,patent_cpc_code,1,105418286
patent::105418286,cpc_code::C01B-032/50,patent_cpc_code,1,105418286
patent::105418286,cpc_code::C01G-001/02,patent_cpc_code,1,105418286
patent::105418286,cpc_code::C01G-053/82,patent_cpc_code,1,105418286
patent::105418286,cpc_code::C01P-2002/72,patent_cpc_code,1,105418286
patent::105418286,ipc_group::B82Y,patent_ipc_group,1,105418286
patent::105418286,ipc_group::C01B,patent_ipc_group,1,105418286
patent::105418286,ipc_group::C01G,patent_ipc_group,1,105418286
patent::105418286,ipc_group::C25B,patent_ipc_group,1,105418286
patent::105418286,ipc_code::B82Y-030/00,patent_ipc_code,1,105418286
patent::105418286,ipc_code::C01B-032/05,patent_ipc_code,1,105418286
patent::105418286,ipc_code::C01G-053/82,patent_ipc_code,1,105418286
patent::105418286,ipc_code::C25B-001/23,patent_ipc_code,1,105418286
patent::105418286,ipc_code::C25B-003/03,patent_ipc_code,1,105418286
patent::105418286,ipc_code::C25B-003/07,patent_ipc_code,1,105418286
patent::105418286,ipc_code::C25B-003/26,patent_ipc_code,1,105418286
patent::105418286,ipc_code::C25B-011/091,patent_ipc_code,1,105418286
patent::105418286,concept::CARBON DIOXIDE ELECTROCATALYSIS,patent_concept,1,105418286
patent::105418286,concept::CARBON HYDROPHOBIC CATALYTIC ELECTRODE,patent_concept,1,105418286
patent::105418286,concept::ELECTRODE MATERIAL,patent_concept,1,105418286
patent::105418286,concept::ORGANIC LIGAND,patent_concept,1,105418286
patent::105418286,concept::AZA BICYCLO ALKANE,patent_concept,1,105418286
patent::105418286,concept::NI FE HYDROTALCITE,patent_concept,1,105418286
patent::105418286,country::CN,patent_country,1,105418286
patent::105418286,priority_year::2023,patent_priority_year,1,105418286
patent::105418286,legal_state::ALIVE,patent_legal_state,1,105418286
patent::105418286,focus::Non-noble candidate,patent_focus,1,105418286
patent::97217510,assignee::SIEMENS ENERGY,patent_assignee,1,97217510
patent::97217510,"domain::Materials, metallurgy",patent_domain,1,97217510
patent::97217510,"domain::Surface technology, coating",patent_domain,1,97217510
patent::97217510,cpc_group::C25B,patent_cpc_group,1,97217510
patent::97217510,cpc_group::Y02E,patent_cpc_group,1,97217510
patent::97217510,cpc_code::C25B-001/23,patent_cpc_code,1,97217510
patent::97217510,cpc_code::C25B-003/26,patent_cpc_code,1,97217510
patent::97217510,cpc_code::C25B-009/65,patent_cpc_code,1,97217510
patent::97217510,cpc_code::C25B-009/75,patent_cpc_code,1,97217510
patent::97217510,cpc_code::C25B-009/77,patent_cpc_code,1,97217510
patent::97217510,cpc_code::C25B-015/00,patent_cpc_code,1,97217510
patent::97217510,cpc_code::C25B-015/08,patent_cpc_code,1,97217510
patent::97217510,cpc_code::Y02E-060/36,patent_cpc_code,1,97217510
patent::97217510,ipc_group::C01B,patent_ipc_group,1,97217510
patent::97217510,ipc_group::C25B,patent_ipc_group,1,97217510
patent::97217510,ipc_code::C01B-032/40,patent_ipc_code,1,97217510
patent::97217510,ipc_code::C25B-001/00,patent_ipc_code,1,97217510
patent::97217510,ipc_code::C25B-001/23,patent_ipc_code,1,97217510
patent::97217510,ipc_code::C25B-003/25,patent_ipc_code,1,97217510
patent::97217510,ipc_code::C25B-003/26,patent_ipc_code,1,97217510
patent::97217510,ipc_code::C25B-009/00,patent_ipc_code,1,97217510
patent::97217510,ipc_code::C25B-009/75,patent_ipc_code,1,97217510
patent::97217510,ipc_code::C25B-009/77,patent_ipc_code,1,97217510
patent::97217510,concept::CCH ELECTROLYSIS STACK,patent_concept,1,97217510
patent::97217510,concept::CO2 ELECTROLYSIS,patent_concept,1,97217510
patent::97217510,concept::CO2 ELECTROLYSIS STACK,patent_concept,1,97217510
patent::97217510,concept::COELECTROLYSIS STACK,patent_concept,1,97217510
patent::97217510,concept::CORROSION,patent_concept,1,97217510
patent::97217510,concept::CORROSION PROTECTION,patent_concept,1,97217510
patent::97217510,country::DE,patent_country,1,97217510
patent::97217510,priority_year::2020,patent_priority_year,1,97217510
patent::97217510,legal_state::ALIVE,patent_legal_state,1,97217510
patent::97217510,focus::Non-noble candidate,patent_focus,1,97217510
patent::92569265,assignee::SIEMENS ENERGY,patent_assignee,1,92569265
patent::92569265,"domain::Materials, metallurgy",patent_domain,1,92569265
patent::92569265,"domain::Surface technology, coating",patent_domain,1,92569265
patent::92569265,cpc_group::C01B,patent_cpc_group,1,92569265
patent::92569265,cpc_group::C25B,patent_cpc_group,1,92569265
patent::92569265,cpc_code::C01B-032/50,patent_cpc_code,1,92569265
patent::92569265,cpc_code::C25B-001/23,patent_cpc_code,1,92569265
patent::92569265,cpc_code::C25B-009/13,patent_cpc_code,1,92569265
patent::92569265,cpc_code::C25B-009/19,patent_cpc_code,1,92569265
patent::92569265,cpc_code::C25B-015/087,patent_cpc_code,1,92569265
patent::92569265,ipc_group::C01B,patent_ipc_group,1,92569265
patent::92569265,ipc_group::C25B,patent_ipc_group,1,92569265
patent::92569265,ipc_code::C01B-032/40,patent_ipc_code,1,92569265
patent::92569265,ipc_code::C25B-001/00,patent_ipc_code,1,92569265
patent::92569265,ipc_code::C25B-009/19,patent_ipc_code,1,92569265
patent::92569265,concept::ANODE SPACE,patent_concept,1,92569265
patent::92569265,concept::CATHODE SPACING,patent_concept,1,92569265
patent::92569265,concept::ELECTRO CHEMICAL UTILIZATION,patent_concept,1,92569265
patent::92569265,concept::ELECTROLYSIS CELL,patent_concept,1,92569265
patent::92569265,concept::METHANEDIONE,patent_concept,1,92569265
patent::92569265,concept::METHANEDIONE ELECTROCHEMICAL UTILIZATION,patent_concept,1,92569265
patent::92569265,concept::METHANEDIONE ELECTROLYZER,patent_concept,1,92569265
patent::92569265,concept::CATHODE SUBSPACE,patent_concept,1,92569265
patent::92569265,concept::CATHODE COMPARTMENT,patent_concept,1,92569265
patent::92569265,concept::AMMONIA ABSORBER,patent_concept,1,92569265
patent::92569265,country::DE,patent_country,1,92569265
patent::92569265,priority_year::2019,patent_priority_year,1,92569265
patent::92569265,legal_state::DEAD,patent_legal_state,1,92569265
patent::92569265,focus::Non-noble candidate,patent_focus,1,92569265
patent::92569265,focus::GDE,patent_focus,1,92569265
patent::79163034,assignee::SIEMENS ENERGY,patent_assignee,1,79163034
patent::79163034,"domain::Materials, metallurgy",patent_domain,1,79163034
patent::79163034,domain::Organic fine chemistry,patent_domain,1,79163034
patent::79163034,"domain::Surface technology, coating",patent_domain,1,79163034
patent::79163034,cpc_group::B01D,patent_cpc_group,1,79163034
patent::79163034,cpc_group::C25B,patent_cpc_group,1,79163034
patent::79163034,cpc_group::Y02P,patent_cpc_group,1,79163034
patent::79163034,cpc_code::B01D-061/423,patent_cpc_code,1,79163034
patent::79163034,cpc_code::B01D-061/44/5,patent_cpc_code,1,79163034
patent::79163034,cpc_code::B01D-061/463,patent_cpc_code,1,79163034
patent::79163034,cpc_code::B01D-061/52,patent_cpc_code,1,79163034
patent::79163034,cpc_code::B01D-061/54,patent_cpc_code,1,79163034
patent::79163034,cpc_code::B01D-2257/504,patent_cpc_code,1,79163034
patent::79163034,cpc_code::C25B-001/00,patent_cpc_code,1,79163034
patent::79163034,cpc_code::C25B-001/01,patent_cpc_code,1,79163034
patent::79163034,cpc_code::C25B-001/23,patent_cpc_code,1,79163034
patent::79163034,cpc_code::C25B-003/26,patent_cpc_code,1,79163034
patent::79163034,ipc_group::C01B,patent_ipc_group,1,79163034
patent::79163034,ipc_group::C07C,patent_ipc_group,1,79163034
patent::79163034,ipc_group::C25B,patent_ipc_group,1,79163034
patent::79163034,ipc_code::C01B-032/40,patent_ipc_code,1,79163034
patent::79163034,ipc_code::C07C-011/04,patent_ipc_code,1,79163034
patent::79163034,ipc_code::C25B-003/25,patent_ipc_code,1,79163034
patent::79163034,ipc_code::C25B-015/08,patent_ipc_code,1,79163034
patent::79163034,concept::CARBON DIOXIDE ELECTROCHEMICAL UTILIZATION,patent_concept,1,79163034
patent::79163034,concept::ELECTRO CHEMICAL UTILIZATION,patent_concept,1,79163034
patent::79163034,concept::ELECTROCHEMICAL UTILIZATION,patent_concept,1,79163034
patent::79163034,concept::ABSORBENT REGENERATION,patent_concept,1,79163034
patent::79163034,concept::ELECTRODIALYSIS CELL,patent_concept,1,79163034
patent::79163034,concept::ELECTROLYZER,patent_concept,1,79163034
patent::79163034,concept::GAS SCRUBBING,patent_concept,1,79163034
patent::79163034,concept::BIPOLAR MEMBRANE,patent_concept,1,79163034
patent::79163034,concept::ELECTROLYSIS CELL,patent_concept,1,79163034
patent::79163034,concept::ABSORBENT,patent_concept,1,79163034
patent::79163034,country::DE,patent_country,1,79163034
patent::79163034,priority_year::2016,patent_priority_year,1,79163034
patent::79163034,legal_state::DEAD,patent_legal_state,1,79163034
patent::79163034,focus::GDE,patent_focus,1,79163034
patent::74496528,assignee::KOREA INSTITUTE OF ENERGY RESEARCH,patent_assignee,1,74496528
patent::74496528,"domain::Materials, metallurgy",patent_domain,1,74496528
patent::74496528,"domain::Surface technology, coating",patent_domain,1,74496528
patent::74496528,cpc_group::C01B,patent_cpc_group,1,74496528
patent::74496528,cpc_group::C25B,patent_cpc_group,1,74496528
patent::74496528,cpc_group::G05D,patent_cpc_group,1,74496528
patent::74496528,cpc_group::Y02E,patent_cpc_group,1,74496528
patent::74496528,cpc_code::C01B-003/02,patent_cpc_code,1,74496528
patent::74496528,cpc_code::C01B-003/22,patent_cpc_code,1,74496528
patent::74496528,cpc_code::C25B-001/00,patent_cpc_code,1,74496528
patent::74496528,cpc_code::C25B-001/04,patent_cpc_code,1,74496528
patent::74496528,cpc_code::C25B-001/042,patent_cpc_code,1,74496528
patent::74496528,cpc_code::C25B-001/12,patent_cpc_code,1,74496528
patent::74496528,cpc_code::C25B-001/23,patent_cpc_code,1,74496528
patent::74496528,cpc_code::C25B-009/00,patent_cpc_code,1,74496528
patent::74496528,cpc_code::C25B-009/05,patent_cpc_code,1,74496528
patent::74496528,cpc_code::C25B-009/10,patent_cpc_code,1,74496528
patent::74496528,ipc_group::C01B,patent_ipc_group,1,74496528
patent::74496528,ipc_group::C25B,patent_ipc_group,1,74496528
patent::74496528,ipc_code::C01B-003/02,patent_ipc_code,1,74496528
patent::74496528,ipc_code::C25B-009/23,patent_ipc_code,1,74496528
patent::74496528,concept::AMENDSTATUS,patent_concept,1,74496528
patent::74496528,concept::COELECTROLYSIS MODULE,patent_concept,1,74496528
patent::74496528,concept::ELECTROLYSIS MODULE,patent_concept,1,74496528
patent::74496528,concept::PRESSURE COELECTROLYSIS MODULE,patent_concept,1,74496528
patent::74496528,concept::PRESSURIZED COELECTROLYSIS MODULE,patent_concept,1,74496528
patent::74496528,concept::PRESSURIZED PNEUMATIC MODULE,patent_concept,1,74496528
patent::74496528,country::KR,patent_country,1,74496528
patent::74496528,priority_year::2015,patent_priority_year,1,74496528
patent::74496528,legal_state::ALIVE,patent_legal_state,1,74496528
patent::74496528,focus::Non-noble candidate,patent_focus,1,74496528
patent::114777530,assignee::ZHENGZHOU UNIVERSITY OF LIGHT INDUSTRY,patent_assignee,1,114777530
patent::114777530,"domain::Surface technology, coating",patent_domain,1,114777530
patent::114777530,cpc_group::C25B,patent_cpc_group,1,114777530
patent::114777530,cpc_code::C25B-003/03,patent_cpc_code,1,114777530
patent::114777530,cpc_code::C25B-003/26,patent_cpc_code,1,114777530
patent::114777530,cpc_code::C25B-009/17,patent_cpc_code,1,114777530
patent::114777530,cpc_code::C25B-011/091,patent_cpc_code,1,114777530
patent::114777530,ipc_group::C25B,patent_ipc_group,1,114777530
patent::114777530,ipc_code::C25B-003/03,patent_ipc_code,1,114777530
patent::114777530,ipc_code::C25B-003/26,patent_ipc_code,1,114777530
patent::114777530,ipc_code::C25B-009/17,patent_ipc_code,1,114777530
patent::114777530,ipc_code::C25B-011/091,patent_ipc_code,1,114777530
patent::114777530,concept::CARBON DIOXIDE REDUCTION,patent_concept,1,114777530
patent::114777530,concept::CATHODE TURNTABLE,patent_concept,1,114777530
patent::114777530,concept::REDUCING CARBON DIOXIDE,patent_concept,1,114777530
patent::114777530,concept::REDUCTION,patent_concept,1,114777530
patent::114777530,concept::STAGE REACTION CATALYST,patent_concept,1,114777530
patent::114777530,concept::ELECTROLYTE,patent_concept,1,114777530
patent::114777530,concept::GUIDE PIPE,patent_concept,1,114777530
patent::114777530,concept::INNER DISC,patent_concept,1,114777530
patent::114777530,concept::COMPOUNDING PROBABILITY,patent_concept,1,114777530
patent::114777530,concept::CATHODE ELECTRON CONDUCTOR,patent_concept,1,114777530
patent::114777530,country::CN,patent_country,1,114777530
patent::114777530,priority_year::2025,patent_priority_year,1,114777530
patent::114777530,legal_state::ALIVE,patent_legal_state,1,114777530
patent::114777530,focus::Non-noble candidate,patent_focus,1,114777530
patent::91738840,assignee::SIEMENS ENERGY,patent_assignee,1,91738840
patent::91738840,"domain::Surface technology, coating",patent_domain,1,91738840
patent::91738840,cpc_group::C25B,patent_cpc_group,1,91738840
patent::91738840,cpc_code::C25B-001/23,patent_cpc_code,1,91738840
patent::91738840,cpc_code::C25B-003/03,patent_cpc_code,1,91738840
patent::91738840,cpc_code::C25B-003/07,patent_cpc_code,1,91738840
patent::91738840,cpc_code::C25B-003/26,patent_cpc_code,1,91738840
patent::91738840,cpc_code::C25B-015/029,patent_cpc_code,1,91738840
patent::91738840,cpc_code::C25B-015/083,patent_cpc_code,1,91738840
patent::91738840,cpc_code::C25B-015/087,patent_cpc_code,1,91738840
patent::91738840,ipc_group::C25B,patent_ipc_group,1,91738840
patent::91738840,ipc_code::C25B-003/25,patent_ipc_code,1,91738840
patent::91738840,concept::ELECTROLYSIS PLANT,patent_concept,1,91738840
patent::91738840,concept::ELECTROLYTIC REDUCTION,patent_concept,1,91738840
patent::91738840,concept::ELECTROLYZER,patent_concept,1,91738840
patent::91738840,concept::METHANEDIONE ELECTROLYTIC REDUCTION,patent_concept,1,91738840
patent::91738840,concept::METHANEDIONE CONTENT,patent_concept,1,91738840
patent::91738840,concept::BOUND METHANEDIONE,patent_concept,1,91738840
patent::91738840,concept::ELECTROLYTIC CONVERSION,patent_concept,1,91738840
patent::91738840,concept::SEPARATING METHANEDIONE,patent_concept,1,91738840
patent::91738840,concept::METHANEDIONE,patent_concept,1,91738840
patent::91738840,concept::INTERMEDIATE PRODUCT,patent_concept,1,91738840
patent::91738840,country::DE,patent_country,1,91738840
patent::91738840,priority_year::2019,patent_priority_year,1,91738840
patent::91738840,legal_state::DEAD,patent_legal_state,1,91738840
patent::91738840,focus::Non-noble candidate,patent_focus,1,91738840
patent::101871167,assignee::IDEMITSU KOSAN,patent_assignee,1,101871167
patent::101871167,"domain::Surface technology, coating",patent_domain,1,101871167
patent::101871167,cpc_group::C25B,patent_cpc_group,1,101871167
patent::101871167,cpc_code::C25B-001/23,patent_cpc_code,1,101871167
patent::101871167,cpc_code::C25B-003/26,patent_cpc_code,1,101871167
patent::101871167,cpc_code::C25B-009/23,patent_cpc_code,1,101871167
patent::101871167,cpc_code::C25B-011/051,patent_cpc_code,1,101871167
patent::101871167,cpc_code::C25B-011/052,patent_cpc_code,1,101871167
patent::101871167,cpc_code::C25B-011/054,patent_cpc_code,1,101871167
patent::101871167,cpc_code::C25B-011/069,patent_cpc_code,1,101871167
patent::101871167,cpc_code::C25B-013/08,patent_cpc_code,1,101871167
patent::101871167,ipc_group::C25B,patent_ipc_group,1,101871167
patent::101871167,ipc_code::C25B-001/23,patent_ipc_code,1,101871167
patent::101871167,ipc_code::C25B-003/26,patent_ipc_code,1,101871167
patent::101871167,ipc_code::C25B-009/00,patent_ipc_code,1,101871167
patent::101871167,ipc_code::C25B-009/23,patent_ipc_code,1,101871167
patent::101871167,ipc_code::C25B-011/051,patent_ipc_code,1,101871167
patent::101871167,ipc_code::C25B-011/052,patent_ipc_code,1,101871167
patent::101871167,ipc_code::C25B-011/054,patent_ipc_code,1,101871167
patent::101871167,ipc_code::C25B-013/08,patent_ipc_code,1,101871167
patent::101871167,concept::CO2 ELECTROLYSIS,patent_concept,1,101871167
patent::101871167,concept::CO2 ELECTROLYSIS PRODUCT,patent_concept,1,101871167
patent::101871167,country::JP,patent_country,1,101871167
patent::101871167,priority_year::2021,patent_priority_year,1,101871167
patent::101871167,legal_state::ALIVE,patent_legal_state,1,101871167
patent::101871167,focus::MEA,patent_focus,1,101871167
patent::101871167,focus::AEM,patent_focus,1,101871167
patent::101871167,focus::Non-noble candidate,patent_focus,1,101871167
patent::85011701,assignee::SIEMENS ENERGY,patent_assignee,1,85011701
patent::85011701,"domain::Surface technology, coating",patent_domain,1,85011701
patent::85011701,cpc_group::C25B,patent_cpc_group,1,85011701
patent::85011701,cpc_code::C25B-001/00,patent_cpc_code,1,85011701
patent::85011701,cpc_code::C25B-001/23,patent_cpc_code,1,85011701
patent::85011701,cpc_code::C25B-003/25,patent_cpc_code,1,85011701
patent::85011701,cpc_code::C25B-003/26,patent_cpc_code,1,85011701
patent::85011701,cpc_code::C25B-009/19,patent_cpc_code,1,85011701
patent::85011701,cpc_code::C25B-009/23,patent_cpc_code,1,85011701
patent::85011701,cpc_code::C25B-013/02,patent_cpc_code,1,85011701
patent::85011701,ipc_group::C25B,patent_ipc_group,1,85011701
patent::85011701,ipc_code::C25B-003/25,patent_ipc_code,1,85011701
patent::85011701,ipc_code::C25B-003/26,patent_ipc_code,1,85011701
patent::85011701,ipc_code::C25B-009/19,patent_ipc_code,1,85011701
patent::85011701,ipc_code::C25B-009/23,patent_ipc_code,1,85011701
patent::85011701,concept::ANION EXCHANGER FILLING,patent_concept,1,85011701
patent::85011701,concept::ANION EXCHANGER PACKING,patent_concept,1,85011701
patent::85011701,concept::CO2 ELECTROLYSIS,patent_concept,1,85011701
patent::85011701,concept::CO2FLOWABLE ANION EXCHANGER PACKING,patent_concept,1,85011701
patent::85011701,concept::ELECTROLYSIS,patent_concept,1,85011701
patent::85011701,country::DE,patent_country,1,85011701
patent::85011701,priority_year::2017,patent_priority_year,1,85011701
patent::85011701,legal_state::DEAD,patent_legal_state,1,85011701
patent::85011701,focus::AEM,patent_focus,1,85011701
patent::85011701,focus::Non-noble candidate,patent_focus,1,85011701
patent::85011701,focus::GDE,patent_focus,1,85011701
patent::85758108,assignee::LINDE,patent_assignee,1,85758108
patent::85758108,assignee::SIEMENS ENERGY,patent_assignee,1,85758108
patent::85758108,"domain::Surface technology, coating",patent_domain,1,85758108
patent::85758108,cpc_group::C01B,patent_cpc_group,1,85758108
patent::85758108,cpc_group::C25B,patent_cpc_group,1,85758108
patent::85758108,cpc_group::Y02E,patent_cpc_group,1,85758108
patent::85758108,cpc_group::Y02P,patent_cpc_group,1,85758108
patent::85758108,cpc_code::C01B-032/40,patent_cpc_code,1,85758108
patent::85758108,cpc_code::C01B-032/50,patent_cpc_code,1,85758108
patent::85758108,cpc_code::C25B-001/00,patent_cpc_code,1,85758108
patent::85758108,cpc_code::C25B-001/04,patent_cpc_code,1,85758108
patent::85758108,cpc_code::C25B-001/23,patent_cpc_code,1,85758108
patent::85758108,cpc_code::C25B-009/08,patent_cpc_code,1,85758108
patent::85758108,cpc_code::C25B-009/19,patent_cpc_code,1,85758108
patent::85758108,cpc_code::C25B-009/20/6,patent_cpc_code,1,85758108
patent::85758108,cpc_code::C25B-009/70,patent_cpc_code,1,85758108
patent::85758108,cpc_code::C25B-009/73,patent_cpc_code,1,85758108
patent::85758108,ipc_group::C25B,patent_ipc_group,1,85758108
patent::85758108,ipc_code::C25B-001/02,patent_ipc_code,1,85758108
patent::85758108,ipc_code::C25B-009/19,patent_ipc_code,1,85758108
patent::85758108,ipc_code::C25B-015/08,patent_ipc_code,1,85758108
patent::85758108,concept::CO2AN,patent_concept,1,85758108
patent::85758108,concept::ELECTROLYSIS CELL,patent_concept,1,85758108
patent::85758108,concept::ELECTROLYTE,patent_concept,1,85758108
patent::85758108,concept::ELECTROLYTE INTERMEDIATE COOLING,patent_concept,1,85758108
patent::85758108,concept::ELECTROLYTIC CELL,patent_concept,1,85758108
patent::85758108,concept::GAS ELECTROCHEMICAL PRODUCTION,patent_concept,1,85758108
patent::85758108,country::DE,patent_country,1,85758108
patent::85758108,priority_year::2018,patent_priority_year,1,85758108
patent::85758108,legal_state::DEAD,patent_legal_state,1,85758108
patent::85758108,focus::AEM,patent_focus,1,85758108
patent::85758108,focus::Non-noble candidate,patent_focus,1,85758108
patent::85758108,focus::GDE,patent_focus,1,85758108
patent::94204081,assignee::SIEMENS ENERGY,patent_assignee,1,94204081
patent::94204081,"domain::Surface technology, coating",patent_domain,1,94204081
patent::94204081,cpc_group::C25B,patent_cpc_group,1,94204081
patent::94204081,cpc_code::C25B-001/23,patent_cpc_code,1,94204081
patent::94204081,cpc_code::C25B-003/03,patent_cpc_code,1,94204081
patent::94204081,cpc_code::C25B-003/07,patent_cpc_code,1,94204081
patent::94204081,cpc_code::C25B-003/26,patent_cpc_code,1,94204081
patent::94204081,cpc_code::C25B-009/05,patent_cpc_code,1,94204081
patent::94204081,cpc_code::C25B-009/23,patent_cpc_code,1,94204081
patent::94204081,cpc_code::C25B-009/75,patent_cpc_code,1,94204081
patent::94204081,cpc_code::C25B-009/77,patent_cpc_code,1,94204081
patent::94204081,cpc_code::C25B-013/02,patent_cpc_code,1,94204081
patent::94204081,cpc_code::C25B-015/085,patent_cpc_code,1,94204081
patent::94204081,ipc_group::C25B,patent_ipc_group,1,94204081
patent::94204081,ipc_code::C25B-001/00,patent_ipc_code,1,94204081
patent::94204081,ipc_code::C25B-003/00,patent_ipc_code,1,94204081
patent::94204081,ipc_code::C25B-009/19,patent_ipc_code,1,94204081
patent::94204081,ipc_code::C25B-011/04,patent_ipc_code,1,94204081
patent::94204081,ipc_code::C25B-015/00,patent_ipc_code,1,94204081
patent::94204081,concept::ELECTRO CHEMICAL UTILIZATION,patent_concept,1,94204081
patent::94204081,concept::ELECTROCHEMICAL CONVERSION,patent_concept,1,94204081
patent::94204081,concept::ELECTROLYSIS CELL,patent_concept,1,94204081
patent::94204081,concept::METHANEDIONE ELECTROCHEMICAL CONVERSION,patent_concept,1,94204081
patent::94204081,concept::METHANEDIONE ELECTROCHEMICAL UTILIZATION,patent_concept,1,94204081
patent::94204081,concept::MEMBRANE COMPOSITE,patent_concept,1,94204081
patent::94204081,concept::METHANEDIONE ELECTROLYSIS CELL,patent_concept,1,94204081
patent::94204081,concept::METHANEDIONE ELECTROLYSIS,patent_concept,1,94204081
patent::94204081,concept::METHANEDIONE,patent_concept,1,94204081
patent::94204081,concept::ELECTROLYTE,patent_concept,1,94204081
patent::94204081,country::DE,patent_country,1,94204081
patent::94204081,priority_year::2019,patent_priority_year,1,94204081
patent::94204081,legal_state::DEAD,patent_legal_state,1,94204081
patent::94204081,focus::Non-noble candidate,patent_focus,1,94204081
patent::110697556,assignee::SOUTH CHINA UNIVERSITY OF TECHNOLOGY,patent_assignee,1,110697556
patent::110697556,"domain::Surface technology, coating",patent_domain,1,110697556
patent::110697556,cpc_group::C25B,patent_cpc_group,1,110697556
patent::110697556,cpc_code::C25B-001/02,patent_cpc_code,1,110697556
patent::110697556,cpc_code::C25B-001/23,patent_cpc_code,1,110697556
patent::110697556,cpc_code::C25B-011/065,patent_cpc_code,1,110697556
patent::110697556,cpc_code::C25B-011/091,patent_cpc_code,1,110697556
patent::110697556,ipc_group::C25B,patent_ipc_group,1,110697556
patent::110697556,ipc_code::C25B-001/02,patent_ipc_code,1,110697556
patent::110697556,ipc_code::C25B-001/23,patent_ipc_code,1,110697556
patent::110697556,ipc_code::C25B-011/065,patent_ipc_code,1,110697556
patent::110697556,ipc_code::C25B-011/091,patent_ipc_code,1,110697556
patent::110697556,concept::BIMETALLIC MONOATOMIC CATALYST,patent_concept,1,110697556
patent::110697556,concept::BIMETALLIC SINGLE ATOM CATALYST,patent_concept,1,110697556
patent::110697556,concept::MOF PRECURSOR,patent_concept,1,110697556
patent::110697556,concept::MONOATOMIC CATALYST SELECTIVITY,patent_concept,1,110697556
patent::110697556,concept::FARAD IC,patent_concept,1,110697556
patent::110697556,concept::CATALYST ATOM,patent_concept,1,110697556
patent::110697556,concept::ELECTROCATALYTIC REDUCTION,patent_concept,1,110697556
patent::110697556,concept::MOFS DERIVED CATALYST,patent_concept,1,110697556
patent::110697556,concept::MONOATOMIC IRON CATALYST,patent_concept,1,110697556
patent::110697556,concept::PURITY ARGON,patent_concept,1,110697556
patent::110697556,country::CN,patent_country,1,110697556
patent::110697556,priority_year::2024,patent_priority_year,1,110697556
patent::110697556,legal_state::ALIVE,patent_legal_state,1,110697556
patent::110697556,focus::Non-noble candidate,patent_focus,1,110697556
patent::116709402,assignee::SHANGHAI INSTITUTE OF APPLIED PHYSICS - CHINESE ACADEMY OF SCIENCES,patent_assignee,1,116709402
patent::116709402,"domain::Surface technology, coating",patent_domain,1,116709402
patent::116709402,cpc_group::C25B,patent_cpc_group,1,116709402
patent::116709402,cpc_code::C25B-001/00,patent_cpc_code,1,116709402
patent::116709402,cpc_code::C25B-003/04,patent_cpc_code,1,116709402
patent::116709402,cpc_code::C25B-011/04,patent_cpc_code,1,116709402
patent::116709402,ipc_group::C25B,patent_ipc_group,1,116709402
patent::116709402,ipc_code::C25B-001/23,patent_ipc_code,1,116709402
patent::116709402,ipc_code::C25B-003/26,patent_ipc_code,1,116709402
patent::116709402,ipc_code::C25B-011/065,patent_ipc_code,1,116709402
patent::116709402,ipc_code::C25B-011/075,patent_ipc_code,1,116709402
patent::116709402,concept::CARBON DIOXIDE REDUCTION,patent_concept,1,116709402
patent::116709402,concept::ELECTROCATALYTIC CARBON DIOXIDE REDUCTION,patent_concept,1,116709402
patent::116709402,concept::MONOATOMIC NICKEL CATALYST,patent_concept,1,116709402
patent::116709402,concept::NI MONOATOMIC ANCHORING,patent_concept,1,116709402
patent::116709402,concept::NI MONOATOMIC CATALYST,patent_concept,1,116709402
patent::116709402,concept::ELECTROCATALYTIC CARBON DIOXIDE,patent_concept,1,116709402
patent::116709402,concept::CATALYST POPULARIZATION,patent_concept,1,116709402
patent::116709402,concept::INSUFFICIENT CATALYTIC SELECTIVITY,patent_concept,1,116709402
patent::116709402,concept::CATALYST ATOM UTILIZATION,patent_concept,1,116709402
patent::116709402,concept::RESISTIVE SUBSTRATE,patent_concept,1,116709402
patent::116709402,country::CN,patent_country,1,116709402
patent::116709402,priority_year::2025,patent_priority_year,1,116709402
patent::116709402,legal_state::ALIVE,patent_legal_state,1,116709402
patent::116709402,focus::Non-noble candidate,patent_focus,1,116709402
patent::115484302,assignee::DONGHUA UNIVERSITY,patent_assignee,1,115484302
patent::115484302,assignee::YANCHENG INSTITUTE OF TECHNOLOGY,patent_assignee,1,115484302
patent::115484302,"domain::Materials, metallurgy",patent_domain,1,115484302
patent::115484302,"domain::Surface technology, coating",patent_domain,1,115484302
patent::115484302,domain::Textile and paper machines,patent_domain,1,115484302
patent::115484302,cpc_group::B01J,patent_cpc_group,1,115484302
patent::115484302,cpc_group::B22F,patent_cpc_group,1,115484302
patent::115484302,cpc_group::B82Y,patent_cpc_group,1,115484302
patent::115484302,cpc_group::C25B,patent_cpc_group,1,115484302
patent::115484302,cpc_group::D01F,patent_cpc_group,1,115484302
patent::115484302,cpc_group::D10B,patent_cpc_group,1,115484302
patent::115484302,cpc_group::Y02E,patent_cpc_group,1,115484302
patent::115484302,cpc_code::B01J-023/66,patent_cpc_code,1,115484302
patent::115484302,cpc_code::B01J-035/00/33,patent_cpc_code,1,115484302
patent::115484302,cpc_code::B22F-001/00/18,patent_cpc_code,1,115484302
patent::115484302,cpc_code::B22F-009/24,patent_cpc_code,1,115484302
patent::115484302,cpc_code::B82Y-030/00,patent_cpc_code,1,115484302
patent::115484302,cpc_code::C25B-001/00,patent_cpc_code,1,115484302
patent::115484302,cpc_code::C25B-001/04,patent_cpc_code,1,115484302
patent::115484302,cpc_code::C25B-003/04,patent_cpc_code,1,115484302
patent::115484302,cpc_code::C25B-011/04/05,patent_cpc_code,1,115484302
patent::115484302,cpc_code::C25B-011/04/26,patent_cpc_code,1,115484302
patent::115484302,ipc_group::B22F,patent_ipc_group,1,115484302
patent::115484302,ipc_group::C25B,patent_ipc_group,1,115484302
patent::115484302,ipc_group::D01F,patent_ipc_group,1,115484302
patent::115484302,ipc_code::B22F-001/18,patent_ipc_code,1,115484302
patent::115484302,ipc_code::C25B-001/23,patent_ipc_code,1,115484302
patent::115484302,ipc_code::C25B-011/052,patent_ipc_code,1,115484302
patent::115484302,ipc_code::C25B-011/091,patent_ipc_code,1,115484302
patent::115484302,ipc_code::D01F-001/10,patent_ipc_code,1,115484302
patent::115484302,ipc_code::D01F-009/22,patent_ipc_code,1,115484302
patent::115484302,concept::CARBON DIOXIDE ELECTROCATALYTIC REDUCTION,patent_concept,1,115484302
patent::115484302,concept::CARBON FIBER,patent_concept,1,115484302
patent::115484302,concept::ELECTROCATALYTIC REDUCTION,patent_concept,1,115484302
patent::115484302,concept::NI ZN BIMETAL,patent_concept,1,115484302
patent::115484302,concept::ELECTROCHEMICAL CATALYST,patent_concept,1,115484302
patent::115484302,concept::NANOFIBER COMPOSITE MEMBRANE,patent_concept,1,115484302
patent::115484302,concept::ZN WEAK AFFINITY,patent_concept,1,115484302
patent::115484302,concept::ELECTROSTATIC SPINNING,patent_concept,1,115484302
patent::115484302,concept::NI ADSORPTION,patent_concept,1,115484302
patent::115484302,concept::CATALYST ATOM,patent_concept,1,115484302
patent::115484302,country::CN,patent_country,1,115484302
patent::115484302,priority_year::2025,patent_priority_year,1,115484302
patent::115484302,legal_state::ALIVE,patent_legal_state,1,115484302
patent::115484302,focus::MEA,patent_focus,1,115484302
patent::115484302,focus::Non-noble candidate,patent_focus,1,115484302
patent::94740357,assignee::SIEMENS ENERGY,patent_assignee,1,94740357
patent::94740357,"domain::Surface technology, coating",patent_domain,1,94740357
patent::94740357,cpc_group::C25B,patent_cpc_group,1,94740357
patent::94740357,cpc_code::C25B-001/23,patent_cpc_code,1,94740357
patent::94740357,cpc_code::C25B-009/19,patent_cpc_code,1,94740357
patent::94740357,cpc_code::C25B-015/087,patent_cpc_code,1,94740357
patent::94740357,ipc_group::C25B,patent_ipc_group,1,94740357
patent::94740357,ipc_code::C25B-001/00,patent_ipc_code,1,94740357
patent::94740357,ipc_code::C25B-009/19,patent_ipc_code,1,94740357
patent::94740357,ipc_code::C25B-015/08,patent_ipc_code,1,94740357
patent::94740357,concept::ANODE SPACE,patent_concept,1,94740357
patent::94740357,concept::CATHODE SPACING,patent_concept,1,94740357
patent::94740357,concept::ELECTROCHEMICAL CONVERSION,patent_concept,1,94740357
patent::94740357,concept::ELECTROLYZER,patent_concept,1,94740357
patent::94740357,concept::GAS DIFFUSION ELECTRODE,patent_concept,1,94740357
patent::94740357,concept::GAS SPACE,patent_concept,1,94740357
patent::94740357,concept::REACTANT GAS,patent_concept,1,94740357
patent::94740357,concept::REACTANT GAS CONVERSION,patent_concept,1,94740357
patent::94740357,concept::REDUCING METHANEDIONE,patent_concept,1,94740357
patent::94740357,concept::ANOLYTE,patent_concept,1,94740357
patent::94740357,country::DE,patent_country,1,94740357
patent::94740357,priority_year::2019,patent_priority_year,1,94740357
patent::94740357,legal_state::DEAD,patent_legal_state,1,94740357
patent::94740357,focus::GDE,patent_focus,1,94740357
patent::73079791,assignee::SIEMENS ENERGY,patent_assignee,1,73079791
patent::73079791,"domain::Surface technology, coating",patent_domain,1,73079791
patent::73079791,cpc_group::C25B,patent_cpc_group,1,73079791
patent::73079791,cpc_group::Y02P,patent_cpc_group,1,73079791
patent::73079791,cpc_code::C25B-001/00,patent_cpc_code,1,73079791
patent::73079791,cpc_code::C25B-003/25,patent_cpc_code,1,73079791
patent::73079791,cpc_code::C25B-009/19,patent_cpc_code,1,73079791
patent::73079791,cpc_code::C25B-011/04,patent_cpc_code,1,73079791
patent::73079791,cpc_code::C25B-015/02,patent_cpc_code,1,73079791
patent::73079791,cpc_code::Y02P-020/133,patent_cpc_code,1,73079791
patent::73079791,ipc_group::C25B,patent_ipc_group,1,73079791
patent::73079791,ipc_code::C25B-003/25,patent_ipc_code,1,73079791
patent::73079791,ipc_code::C25B-009/19,patent_ipc_code,1,73079791
patent::73079791,concept::CARBON DIOXIDE UTILIZATION,patent_concept,1,73079791
patent::73079791,concept::ELECTROLYSIS CELL,patent_concept,1,73079791
patent::73079791,concept::ELECTROLYZER,patent_concept,1,73079791
patent::73079791,concept::VOLTAGE PROTECTION,patent_concept,1,73079791
patent::73079791,concept::ELECTROLYSIS EDUCT,patent_concept,1,73079791
patent::73079791,country::DE,patent_country,1,73079791
patent::73079791,priority_year::2014,patent_priority_year,1,73079791
patent::73079791,legal_state::DEAD,patent_legal_state,1,73079791
patent::73079791,focus::Non-noble candidate,patent_focus,1,73079791
patent::91085959,assignee::SIEMENS ENERGY,patent_assignee,1,91085959
patent::91085959,"domain::Surface technology, coating",patent_domain,1,91085959
patent::91085959,cpc_group::C25B,patent_cpc_group,1,91085959
patent::91085959,cpc_group::Y02E,patent_cpc_group,1,91085959
patent::91085959,cpc_group::Y02P,patent_cpc_group,1,91085959
patent::91085959,cpc_code::C25B-001/00,patent_cpc_code,1,91085959
patent::91085959,cpc_code::C25B-003/25,patent_cpc_code,1,91085959
patent::91085959,cpc_code::C25B-009/19,patent_cpc_code,1,91085959
patent::91085959,cpc_code::C25B-011/02,patent_cpc_code,1,91085959
patent::91085959,cpc_code::Y02E-060/36,patent_cpc_code,1,91085959
patent::91085959,cpc_code::Y02P-020/133,patent_cpc_code,1,91085959
patent::91085959,ipc_group::C25B,patent_ipc_group,1,91085959
patent::91085959,ipc_code::C25B-003/25,patent_ipc_code,1,91085959
patent::91085959,ipc_code::C25B-009/19,patent_ipc_code,1,91085959
patent::91085959,concept::ANODE SPACE,patent_concept,1,91085959
patent::91085959,concept::CATHODE CHAMBER,patent_concept,1,91085959
patent::91085959,concept::CATHODE SPACING,patent_concept,1,91085959
patent::91085959,concept::ELECTRICAL ENERGY,patent_concept,1,91085959
patent::91085959,concept::ELECTROCHEMICAL CONVERSION,patent_concept,1,91085959
patent::91085959,concept::MEMBRANE,patent_concept,1,91085959
patent::91085959,country::EP,patent_country,1,91085959
patent::91085959,country::DE,patent_country,1,91085959
patent::91085959,priority_year::2019,patent_priority_year,1,91085959
patent::91085959,legal_state::DEAD,patent_legal_state,1,91085959
patent::91085959,focus::Non-noble candidate,patent_focus,1,91085959
patent::91085959,focus::GDE,patent_focus,1,91085959
patent::84993693,assignee::CEA - COMMISSARIAT A L ENERGIE ATOMIQUE & AUX ENERGIES ALTERNATIVES,patent_assignee,1,84993693
patent::84993693,domain::Basic materials chemistry,patent_domain,1,84993693
patent::84993693,"domain::Materials, metallurgy",patent_domain,1,84993693
patent::84993693,domain::Organic fine chemistry,patent_domain,1,84993693
patent::84993693,"domain::Surface technology, coating",patent_domain,1,84993693
patent::84993693,cpc_group::C10L,patent_cpc_group,1,84993693
patent::84993693,cpc_group::C25B,patent_cpc_group,1,84993693
patent::84993693,cpc_group::Y02E,patent_cpc_group,1,84993693
patent::84993693,cpc_group::Y02P,patent_cpc_group,1,84993693
patent::84993693,cpc_code::C10L-003/08,patent_cpc_code,1,84993693
patent::84993693,cpc_code::C25B-001/00,patent_cpc_code,1,84993693
patent::84993693,cpc_code::C25B-001/04,patent_cpc_code,1,84993693
patent::84993693,cpc_code::C25B-001/08,patent_cpc_code,1,84993693
patent::84993693,cpc_code::C25B-001/23,patent_cpc_code,1,84993693
patent::84993693,cpc_code::C25B-003/00,patent_cpc_code,1,84993693
patent::84993693,cpc_code::C25B-003/03,patent_cpc_code,1,84993693
patent::84993693,cpc_code::C25B-003/25,patent_cpc_code,1,84993693
patent::84993693,cpc_code::C25B-003/26,patent_cpc_code,1,84993693
patent::84993693,cpc_code::C25B-009/04,patent_cpc_code,1,84993693
patent::84993693,ipc_group::C01B,patent_ipc_group,1,84993693
patent::84993693,ipc_group::C07C,patent_ipc_group,1,84993693
patent::84993693,ipc_group::C10L,patent_ipc_group,1,84993693
patent::84993693,ipc_group::C25B,patent_ipc_group,1,84993693
patent::84993693,ipc_code::C01B-003/02,patent_ipc_code,1,84993693
patent::84993693,ipc_code::C07C-001/02,patent_ipc_code,1,84993693
patent::84993693,ipc_code::C07C-001/04,patent_ipc_code,1,84993693
patent::84993693,ipc_code::C07C-001/12,patent_ipc_code,1,84993693
patent::84993693,ipc_code::C10L-003/08,patent_ipc_code,1,84993693
patent::84993693,ipc_code::C25B-001/042,patent_ipc_code,1,84993693
patent::84993693,ipc_code::C25B-001/23,patent_ipc_code,1,84993693
patent::84993693,ipc_code::C25B-001/50,patent_ipc_code,1,84993693
patent::84993693,concept::ADJACENT BASIC CELL,patent_concept,1,84993693
patent::84993693,concept::BASIC CELL,patent_concept,1,84993693
patent::84993693,concept::COELECTROLYSIS REACTOR,patent_concept,1,84993693
patent::84993693,concept::COELECTROLYTIC REACTOR,patent_concept,1,84993693
patent::84993693,concept::ELECTRICAL CONTACT,patent_concept,1,84993693
patent::84993693,concept::ELECTROLYSIS REACTOR,patent_concept,1,84993693
patent::84993693,concept::ELECTROLYTE,patent_concept,1,84993693
patent::84993693,country::FR,patent_country,1,84993693
patent::84993693,priority_year::2017,patent_priority_year,1,84993693
patent::84993693,legal_state::ALIVE,patent_legal_state,1,84993693
patent::84993693,focus::Non-noble candidate,patent_focus,1,84993693
patent::1913318,assignee::DIOXIDE MATERIALS,patent_assignee,1,1913318
patent::1913318,domain::Analysis of biological materials,patent_domain,1,1913318
patent::1913318,domain::Chemical engineering,patent_domain,1,1913318
patent::1913318,"domain::Electrical machinery, apparatus, energy",patent_domain,1,1913318
patent::1913318,"domain::Materials, metallurgy",patent_domain,1,1913318
patent::1913318,domain::Measurement,patent_domain,1,1913318
patent::1913318,domain::Organic fine chemistry,patent_domain,1,1913318
patent::1913318,"domain::Surface technology, coating",patent_domain,1,1913318
patent::1913318,cpc_group::B01D,patent_cpc_group,1,1913318
patent::1913318,cpc_group::B01J,patent_cpc_group,1,1913318
patent::1913318,cpc_group::C01B,patent_cpc_group,1,1913318
patent::1913318,cpc_group::C07C,patent_cpc_group,1,1913318
patent::1913318,cpc_group::C25B,patent_cpc_group,1,1913318
patent::1913318,cpc_group::G01N,patent_cpc_group,1,1913318
patent::1913318,cpc_group::H01M,patent_cpc_group,1,1913318
patent::1913318,cpc_group::Y02A,patent_cpc_group,1,1913318
patent::1913318,cpc_group::Y02E,patent_cpc_group,1,1913318
patent::1913318,cpc_group::Y02P,patent_cpc_group,1,1913318
patent::1913318,cpc_code::B01D-053/32/6,patent_cpc_code,1,1913318
patent::1913318,cpc_code::B01J-019/08,patent_cpc_code,1,1913318
patent::1913318,cpc_code::B01J-031/02,patent_cpc_code,1,1913318
patent::1913318,cpc_code::B01J-031/02/02,patent_cpc_code,1,1913318
patent::1913318,cpc_code::B01J-031/02/04,patent_cpc_code,1,1913318
patent::1913318,cpc_code::B01J-031/02/09,patent_cpc_code,1,1913318
patent::1913318,cpc_code::B01J-031/02/39,patent_cpc_code,1,1913318
patent::1913318,cpc_code::B01J-031/02/68,patent_cpc_code,1,1913318
patent::1913318,cpc_code::B01J-031/02/75,patent_cpc_code,1,1913318
patent::1913318,cpc_code::B01J-031/02/78,patent_cpc_code,1,1913318
patent::1913318,ipc_group::B01J,patent_ipc_group,1,1913318
patent::1913318,ipc_group::C01B,patent_ipc_group,1,1913318
patent::1913318,ipc_group::C07C,patent_ipc_group,1,1913318
patent::1913318,ipc_group::C25B,patent_ipc_group,1,1913318
patent::1913318,ipc_group::C25D,patent_ipc_group,1,1913318
patent::1913318,ipc_group::G01N,patent_ipc_group,1,1913318
patent::1913318,ipc_group::H01M,patent_ipc_group,1,1913318
patent::1913318,ipc_code::B01J-019/08,patent_ipc_code,1,1913318
patent::1913318,ipc_code::B01J-023/00,patent_ipc_code,1,1913318
patent::1913318,ipc_code::B01J-025/00,patent_ipc_code,1,1913318
patent::1913318,ipc_code::B01J-029/00,patent_ipc_code,1,1913318
patent::1913318,ipc_code::B01J-031/00,patent_ipc_code,1,1913318
patent::1913318,ipc_code::B01J-031/02,patent_ipc_code,1,1913318
patent::1913318,ipc_code::B01J-031/12,patent_ipc_code,1,1913318
patent::1913318,ipc_code::B01J-031/22,patent_ipc_code,1,1913318
patent::1913318,concept::CATALYST,patent_concept,1,1913318
patent::1913318,concept::CHEMICAL REACTION PRODUCT,patent_concept,1,1913318
patent::1913318,concept::ELECTROCHEMICAL DEVICE,patent_concept,1,1913318
patent::1913318,country::US,patent_country,1,1913318
patent::1913318,priority_year::2010,patent_priority_year,1,1913318
patent::1913318,legal_state::ALIVE,patent_legal_state,1,1913318
patent::1913318,focus::Non-noble candidate,patent_focus,1,1913318
patent::101064694,assignee::TWELVE,patent_assignee,1,101064694
patent::101064694,"domain::Surface technology, coating",patent_domain,1,101064694
patent::101064694,cpc_group::C25B,patent_cpc_group,1,101064694
patent::101064694,cpc_group::Y02E,patent_cpc_group,1,101064694
patent::101064694,cpc_code::C25B-001/04,patent_cpc_code,1,101064694
patent::101064694,cpc_code::C25B-001/10,patent_cpc_code,1,101064694
patent::101064694,cpc_code::C25B-003/07,patent_cpc_code,1,101064694
patent::101064694,cpc_code::C25B-003/25,patent_cpc_code,1,101064694
patent::101064694,cpc_code::C25B-003/26,patent_cpc_code,1,101064694
patent::101064694,cpc_code::C25B-009/00,patent_cpc_code,1,101064694
patent::101064694,cpc_code::C25B-009/07,patent_cpc_code,1,101064694
patent::101064694,cpc_code::C25B-009/08,patent_cpc_code,1,101064694
patent::101064694,cpc_code::C25B-009/10,patent_cpc_code,1,101064694
patent::101064694,cpc_code::C25B-009/18,patent_cpc_code,1,101064694
patent::101064694,ipc_group::C25B,patent_ipc_group,1,101064694
patent::101064694,ipc_code::C25B-001/04,patent_ipc_code,1,101064694
patent::101064694,ipc_code::C25B-001/23,patent_ipc_code,1,101064694
patent::101064694,ipc_code::C25B-003/07,patent_ipc_code,1,101064694
patent::101064694,ipc_code::C25B-003/25,patent_ipc_code,1,101064694
patent::101064694,ipc_code::C25B-003/26,patent_ipc_code,1,101064694
patent::101064694,ipc_code::C25B-009/00,patent_ipc_code,1,101064694
patent::101064694,ipc_code::C25B-009/07,patent_ipc_code,1,101064694
patent::101064694,ipc_code::C25B-009/19,patent_ipc_code,1,101064694
patent::101064694,concept::ADJACENT LONGITUDINAL SEGMENT,patent_concept,1,101064694
patent::101064694,concept::ADJACENT SEGMENT,patent_concept,1,101064694
patent::101064694,concept::CATHODE CHANNEL,patent_concept,1,101064694
patent::101064694,concept::CATHODE FLOW,patent_concept,1,101064694
patent::101064694,concept::CATHODE FLOW FIELD,patent_concept,1,101064694
patent::101064694,concept::CATHODE INLET,patent_concept,1,101064694
patent::101064694,concept::CATHODE OUTLET,patent_concept,1,101064694
patent::101064694,concept::CORRESPONDING SIDE,patent_concept,1,101064694
patent::101064694,concept::COX ELECTROLYTIC CELL,patent_concept,1,101064694
patent::101064694,country::US,patent_country,1,101064694
patent::101064694,priority_year::2021,patent_priority_year,1,101064694
patent::101064694,legal_state::ALIVE,patent_legal_state,1,101064694
patent::101064694,focus::MEA,patent_focus,1,101064694
patent::101064694,focus::AEM,patent_focus,1,101064694
patent::101064694,focus::Non-noble candidate,patent_focus,1,101064694
patent::101064694,focus::GDE,patent_focus,1,101064694
patent::89672842,assignee::RESEARCH CENTER FOR ECO ENVIRONMENTAL SCIENCES - CHINESE ACADEMY OF SCIENCES,patent_assignee,1,89672842
patent::89672842,"domain::Materials, metallurgy",patent_domain,1,89672842
patent::89672842,domain::Micro-structure and nano-technology,patent_domain,1,89672842
patent::89672842,"domain::Surface technology, coating",patent_domain,1,89672842
patent::89672842,cpc_group::B01J,patent_cpc_group,1,89672842
patent::89672842,cpc_group::B22F,patent_cpc_group,1,89672842
patent::89672842,cpc_group::B82Y,patent_cpc_group,1,89672842
patent::89672842,cpc_group::C25B,patent_cpc_group,1,89672842
patent::89672842,cpc_code::B01J-023/00/2,patent_cpc_code,1,89672842
patent::89672842,cpc_code::B01J-023/889/2,patent_cpc_code,1,89672842
patent::89672842,cpc_code::B01J-035/33,patent_cpc_code,1,89672842
patent::89672842,cpc_code::B01J-2523/00,patent_cpc_code,1,89672842
patent::89672842,cpc_code::B22F-001/054,patent_cpc_code,1,89672842
patent::89672842,cpc_code::B22F-009/22,patent_cpc_code,1,89672842
patent::89672842,cpc_code::B82Y-030/00,patent_cpc_code,1,89672842
patent::89672842,cpc_code::C25B-001/00,patent_cpc_code,1,89672842
patent::89672842,cpc_code::C25B-011/091,patent_cpc_code,1,89672842
patent::89672842,ipc_group::B22F,patent_ipc_group,1,89672842
patent::89672842,ipc_group::B82Y,patent_ipc_group,1,89672842
patent::89672842,ipc_group::C25B,patent_ipc_group,1,89672842
patent::89672842,ipc_code::B22F-001/00,patent_ipc_code,1,89672842
patent::89672842,ipc_code::B22F-009/22,patent_ipc_code,1,89672842
patent::89672842,ipc_code::B82Y-030/00,patent_ipc_code,1,89672842
patent::89672842,ipc_code::B82Y-040/00,patent_ipc_code,1,89672842
patent::89672842,ipc_code::C25B-001/23,patent_ipc_code,1,89672842
patent::89672842,ipc_code::C25B-011/042,patent_ipc_code,1,89672842
patent::89672842,concept::ALLOY IN SITU DESOLVENTIZING,patent_concept,1,89672842
patent::89672842,concept::CO2ELECTROLYTIC SOLID OXIDE,patent_concept,1,89672842
patent::89672842,concept::ELECTROLYTIC CELL CATHODE MATERIAL,patent_concept,1,89672842
patent::89672842,concept::ELECTROLYTIC IRON NICKEL,patent_concept,1,89672842
patent::89672842,concept::LAYERED PEROVSKITE CATHODE MATERIAL,patent_concept,1,89672842
patent::89672842,country::CN,patent_country,1,89672842
patent::89672842,priority_year::2020,patent_priority_year,1,89672842
patent::89672842,legal_state::DEAD,patent_legal_state,1,89672842
patent::89672842,focus::Non-noble candidate,patent_focus,1,89672842
patent::110495249,assignee::SOOCHOW UNIVERSITY,patent_assignee,1,110495249
patent::110495249,"domain::Electrical machinery, apparatus, energy",patent_domain,1,110495249
patent::110495249,"domain::Materials, metallurgy",patent_domain,1,110495249
patent::110495249,"domain::Surface technology, coating",patent_domain,1,110495249
patent::110495249,cpc_group::C01G,patent_cpc_group,1,110495249
patent::110495249,cpc_group::C01P,patent_cpc_group,1,110495249
patent::110495249,cpc_group::C25B,patent_cpc_group,1,110495249
patent::110495249,cpc_group::H01M,patent_cpc_group,1,110495249
patent::110495249,cpc_group::Y02E,patent_cpc_group,1,110495249
patent::110495249,cpc_code::C01G-045/12,patent_cpc_code,1,110495249
patent::110495249,cpc_code::C01G-051/70,patent_cpc_code,1,110495249
patent::110495249,cpc_code::C01G-053/70,patent_cpc_code,1,110495249
patent::110495249,cpc_code::C01P-2002/34,patent_cpc_code,1,110495249
patent::110495249,cpc_code::C25B-001/042,patent_cpc_code,1,110495249
patent::110495249,cpc_code::C25B-001/23,patent_cpc_code,1,110495249
patent::110495249,cpc_code::C25B-001/50,patent_cpc_code,1,110495249
patent::110495249,cpc_code::C25B-011/091,patent_cpc_code,1,110495249
patent::110495249,cpc_code::H01M-004/86/57,patent_cpc_code,1,110495249
patent::110495249,cpc_code::H01M-004/88,patent_cpc_code,1,110495249
patent::110495249,ipc_group::C01G,patent_ipc_group,1,110495249
patent::110495249,ipc_group::C25B,patent_ipc_group,1,110495249
patent::110495249,ipc_group::H01M,patent_ipc_group,1,110495249
patent::110495249,ipc_code::C01G-045/12,patent_ipc_code,1,110495249
patent::110495249,ipc_code::C01G-051/00,patent_ipc_code,1,110495249
patent::110495249,ipc_code::C01G-053/00,patent_ipc_code,1,110495249
patent::110495249,ipc_code::C25B-001/042,patent_ipc_code,1,110495249
patent::110495249,ipc_code::C25B-001/23,patent_ipc_code,1,110495249
patent::110495249,ipc_code::C25B-001/50,patent_ipc_code,1,110495249
patent::110495249,ipc_code::C25B-011/091,patent_ipc_code,1,110495249
patent::110495249,ipc_code::H01M-004/86,patent_ipc_code,1,110495249
patent::110495249,concept::OXIDE ELECTROLYTIC CELL,patent_concept,1,110495249
patent::110495249,concept::PEROVSKITE OXIDE CATHODE,patent_concept,1,110495249
patent::110495249,concept::SOLID OXIDE ELECTROLYTIC CELL,patent_concept,1,110495249
patent::110495249,concept::SURFACE MODIFICATION,patent_concept,1,110495249
patent::110495249,concept::DOUBLE DESOLVENTIZING STRATEGY,patent_concept,1,110495249
patent::110495249,concept::PEROVSKITE DESOLVENTIZING,patent_concept,1,110495249
patent::110495249,concept::MODIFIED PEROVSKITE OXIDE CATHODE,patent_concept,1,110495249
patent::110495249,concept::MODIFIED PEROVSKITE CATHODE,patent_concept,1,110495249
patent::110495249,concept::DISSOCIATION CAPACITY,patent_concept,1,110495249
patent::110495249,concept::PEROVSKITE DOPED REACTION,patent_concept,1,110495249
patent::110495249,country::CN,patent_country,1,110495249
patent::110495249,priority_year::2024,patent_priority_year,1,110495249
patent::110495249,legal_state::ALIVE,patent_legal_state,1,110495249
patent::110495249,focus::Non-noble candidate,patent_focus,1,110495249
patent::113645537,assignee::LG CHEM,patent_assignee,1,113645537
patent::113645537,"domain::Surface technology, coating",patent_domain,1,113645537
patent::113645537,cpc_group::C25B,patent_cpc_group,1,113645537
patent::113645537,cpc_code::C25B-001/10,patent_cpc_code,1,113645537
patent::113645537,cpc_code::C25B-001/23,patent_cpc_code,1,113645537
patent::113645537,cpc_code::C25B-003/03,patent_cpc_code,1,113645537
patent::113645537,cpc_code::C25B-003/04,patent_cpc_code,1,113645537
patent::113645537,cpc_code::C25B-003/07,patent_cpc_code,1,113645537
patent::113645537,cpc_code::C25B-003/26,patent_cpc_code,1,113645537
patent::113645537,cpc_code::C25B-009/00,patent_cpc_code,1,113645537
patent::113645537,cpc_code::C25B-009/08,patent_cpc_code,1,113645537
patent::113645537,cpc_code::C25B-009/10,patent_cpc_code,1,113645537
patent::113645537,cpc_code::C25B-009/23,patent_cpc_code,1,113645537
patent::113645537,ipc_group::C25B,patent_ipc_group,1,113645537
patent::113645537,ipc_code::C25B-001/23,patent_ipc_code,1,113645537
patent::113645537,ipc_code::C25B-003/03,patent_ipc_code,1,113645537
patent::113645537,ipc_code::C25B-003/07,patent_ipc_code,1,113645537
patent::113645537,ipc_code::C25B-003/26,patent_ipc_code,1,113645537
patent::113645537,ipc_code::C25B-009/23,patent_ipc_code,1,113645537
patent::113645537,ipc_code::C25B-013/02,patent_ipc_code,1,113645537
patent::113645537,ipc_code::C25B-013/08,patent_ipc_code,1,113645537
patent::113645537,concept::COATING,patent_concept,1,113645537
patent::113645537,concept::COATING LAYER,patent_concept,1,113645537
patent::113645537,concept::ELECTROLYSIS CELL,patent_concept,1,113645537
patent::113645537,concept::ELECTROLYTE,patent_concept,1,113645537
patent::113645537,concept::ELECTROLYTIC CELL,patent_concept,1,113645537
patent::113645537,concept::GAS DIFFUSION LAYER,patent_concept,1,113645537
patent::113645537,concept::POROUS SUBSTRATE,patent_concept,1,113645537
patent::113645537,concept::SEPARATOR,patent_concept,1,113645537
patent::113645537,concept::SEPARATOR SURFACE,patent_concept,1,113645537
patent::113645537,country::KR,patent_country,1,113645537
patent::113645537,priority_year::2023,patent_priority_year,1,113645537
patent::113645537,legal_state::ALIVE,patent_legal_state,1,113645537
patent::113645537,focus::MEA,patent_focus,1,113645537
patent::113645537,focus::AEM,patent_focus,1,113645537
patent::113645537,focus::Non-noble candidate,patent_focus,1,113645537
patent::113645537,focus::GDE,patent_focus,1,113645537
patent::100072108,assignee::GUANGDONG POWER GRID,patent_assignee,1,100072108
patent::100072108,assignee::ZHONGSHAN POWER SUPPLY BUREAU OF GUANGDONG POWER GRID,patent_assignee,1,100072108
patent::100072108,"domain::Surface technology, coating",patent_domain,1,100072108
patent::100072108,cpc_group::C25B,patent_cpc_group,1,100072108
patent::100072108,cpc_code::C25B-001/23,patent_cpc_code,1,100072108
patent::100072108,cpc_code::C25B-011/02,patent_cpc_code,1,100072108
patent::100072108,cpc_code::C25B-011/065,patent_cpc_code,1,100072108
patent::100072108,cpc_code::C25B-011/091,patent_cpc_code,1,100072108
patent::100072108,ipc_group::C25B,patent_ipc_group,1,100072108
patent::100072108,ipc_code::C25B-001/23,patent_ipc_code,1,100072108
patent::100072108,ipc_code::C25B-011/02,patent_ipc_code,1,100072108
patent::100072108,ipc_code::C25B-011/065,patent_ipc_code,1,100072108
patent::100072108,ipc_code::C25B-011/091,patent_ipc_code,1,100072108
patent::100072108,concept::COPPER GOLD NANOWIRE,patent_concept,1,100072108
patent::100072108,concept::ELECTROCHEMISTRY,patent_concept,1,100072108
patent::100072108,concept::CU AU NANOWIRE,patent_concept,1,100072108
patent::100072108,concept::COPPER NANOWIRE,patent_concept,1,100072108
patent::100072108,concept::COPPER NANOWIRE SOLUTION,patent_concept,1,100072108
patent::100072108,concept::CATALYTIC PERFORMANCE,patent_concept,1,100072108
patent::100072108,concept::GOLD SOURCE,patent_concept,1,100072108
patent::100072108,concept::SURFACTANT,patent_concept,1,100072108
patent::100072108,concept::ELECTROCATALYTIC REACTION,patent_concept,1,100072108
patent::100072108,concept::CARBON MONOXIDE SELECTIVITY,patent_concept,1,100072108
patent::100072108,country::CN,patent_country,1,100072108
patent::100072108,priority_year::2022,patent_priority_year,1,100072108
patent::100072108,legal_state::DEAD,patent_legal_state,1,100072108
patent::100072108,focus::Non-noble candidate,patent_focus,1,100072108
patent::96558426,assignee::ISTITUTO ITALIANO DI TECNOLOGIA,patent_assignee,1,96558426
patent::96558426,domain::Chemical engineering,patent_domain,1,96558426
patent::96558426,"domain::Surface technology, coating",patent_domain,1,96558426
patent::96558426,cpc_group::B01J,patent_cpc_group,1,96558426
patent::96558426,cpc_group::C25B,patent_cpc_group,1,96558426
patent::96558426,cpc_code::B01J-023/72,patent_cpc_code,1,96558426
patent::96558426,cpc_code::B01J-023/843/5,patent_cpc_code,1,96558426
patent::96558426,cpc_code::B01J-035/00/33,patent_cpc_code,1,96558426
patent::96558426,cpc_code::B01J-037/03/1,patent_cpc_code,1,96558426
patent::96558426,cpc_code::B01J-037/08,patent_cpc_code,1,96558426
patent::96558426,cpc_code::C25B-001/23,patent_cpc_code,1,96558426
patent::96558426,cpc_code::C25B-011/02,patent_cpc_code,1,96558426
patent::96558426,cpc_code::C25B-011/037,patent_cpc_code,1,96558426
patent::96558426,cpc_code::C25B-011/043,patent_cpc_code,1,96558426
patent::96558426,cpc_code::C25B-011/061,patent_cpc_code,1,96558426
patent::96558426,ipc_group::B01J,patent_ipc_group,1,96558426
patent::96558426,ipc_group::C25B,patent_ipc_group,1,96558426
patent::96558426,ipc_code::B01J-023/18,patent_ipc_code,1,96558426
patent::96558426,ipc_code::B01J-023/72,patent_ipc_code,1,96558426
patent::96558426,ipc_code::B01J-023/843,patent_ipc_code,1,96558426
patent::96558426,ipc_code::B01J-035/00,patent_ipc_code,1,96558426
patent::96558426,ipc_code::B01J-037/03,patent_ipc_code,1,96558426
patent::96558426,ipc_code::B01J-037/08,patent_ipc_code,1,96558426
patent::96558426,ipc_code::C25B,patent_ipc_code,1,96558426
patent::96558426,ipc_code::C25B-001/23,patent_ipc_code,1,96558426
patent::96558426,concept::ANTIMONY,patent_concept,1,96558426
patent::96558426,concept::CARBON DIOXIDE CONVERSION,patent_concept,1,96558426
patent::96558426,concept::COPPER,patent_concept,1,96558426
patent::96558426,country::IT,patent_country,1,96558426
patent::96558426,priority_year::2020,patent_priority_year,1,96558426
patent::96558426,legal_state::ALIVE,patent_legal_state,1,96558426
patent::96558426,focus::Non-noble candidate,patent_focus,1,96558426
patent::115136805,assignee::NINGBO INSTITUTE OF MATERIALS TECHNOLOGY & ENGINEERING - CHINESE ACADEMY OF SCIENCES,patent_assignee,1,115136805
patent::115136805,"domain::Surface technology, coating",patent_domain,1,115136805
patent::115136805,cpc_group::C25B,patent_cpc_group,1,115136805
patent::115136805,cpc_code::C25B-001/00,patent_cpc_code,1,115136805
patent::115136805,cpc_code::C25B-001/10,patent_cpc_code,1,115136805
patent::115136805,cpc_code::C25B-003/04,patent_cpc_code,1,115136805
patent::115136805,cpc_code::C25B-009/10,patent_cpc_code,1,115136805
patent::115136805,cpc_code::C25B-011/02,patent_cpc_code,1,115136805
patent::115136805,cpc_code::C25B-011/03/5,patent_cpc_code,1,115136805
patent::115136805,cpc_code::C25B-011/04/05,patent_cpc_code,1,115136805
patent::115136805,cpc_code::C25B-011/04/15,patent_cpc_code,1,115136805
patent::115136805,cpc_code::C25B-011/04/47,patent_cpc_code,1,115136805
patent::115136805,ipc_group::C25B,patent_ipc_group,1,115136805
patent::115136805,ipc_code::C25B-001/23,patent_ipc_code,1,115136805
patent::115136805,ipc_code::C25B-003/26,patent_ipc_code,1,115136805
patent::115136805,ipc_code::C25B-009/19,patent_ipc_code,1,115136805
patent::115136805,ipc_code::C25B-011/02,patent_ipc_code,1,115136805
patent::115136805,ipc_code::C25B-011/036,patent_ipc_code,1,115136805
patent::115136805,ipc_code::C25B-011/052,patent_ipc_code,1,115136805
patent::115136805,ipc_code::C25B-011/065,patent_ipc_code,1,115136805
patent::115136805,ipc_code::C25B-011/081,patent_ipc_code,1,115136805
patent::115136805,concept::CARBON DIOXIDE REDUCTION ELECTRODE,patent_concept,1,115136805
patent::115136805,concept::CATHODE MEMBRANE ELECTRODE,patent_concept,1,115136805
patent::115136805,concept::REDUCTION ELECTRODE,patent_concept,1,115136805
patent::115136805,concept::ANODE MEMBRANE ELECTRODE,patent_concept,1,115136805
patent::115136805,concept::MULTIFUNCTIONAL PROTON,patent_concept,1,115136805
patent::115136805,concept::MEMBRANE ELECTRODE,patent_concept,1,115136805
patent::115136805,concept::VIGOROUS COMPETITION,patent_concept,1,115136805
patent::115136805,concept::MULTIFUNCTIONAL PROTON BUFFER LAYER,patent_concept,1,115136805
patent::115136805,concept::CATHODIC HYDROGEN EVOLUTION,patent_concept,1,115136805
patent::115136805,concept::COLLABORATIVE OPTIMIZATION,patent_concept,1,115136805
patent::115136805,country::CN,patent_country,1,115136805
patent::115136805,priority_year::2025,patent_priority_year,1,115136805
patent::115136805,legal_state::ALIVE,patent_legal_state,1,115136805
patent::115136805,focus::Non-noble candidate,patent_focus,1,115136805
patent::101368053,assignee::ARKRAY,patent_assignee,1,101368053
patent::101368053,assignee::DAIKIN INDUSTRIES,patent_assignee,1,101368053
patent::101368053,assignee::DOSHISHA UNIVERSITY,patent_assignee,1,101368053
patent::101368053,domain::Environmental technology,patent_domain,1,101368053
patent::101368053,"domain::Materials, metallurgy",patent_domain,1,101368053
patent::101368053,"domain::Surface technology, coating",patent_domain,1,101368053
patent::101368053,cpc_group::B01D,patent_cpc_group,1,101368053
patent::101368053,cpc_group::B01J,patent_cpc_group,1,101368053
patent::101368053,cpc_group::C01B,patent_cpc_group,1,101368053
patent::101368053,cpc_group::C07C,patent_cpc_group,1,101368053
patent::101368053,cpc_group::C22C,patent_cpc_group,1,101368053
patent::101368053,cpc_group::C25B,patent_cpc_group,1,101368053
patent::101368053,cpc_code::B01D-2252/30,patent_cpc_code,1,101368053
patent::101368053,cpc_code::B01J-035/00/2,patent_cpc_code,1,101368053
patent::101368053,cpc_code::B01J-041/13,patent_cpc_code,1,101368053
patent::101368053,cpc_code::C01B-032/40,patent_cpc_code,1,101368053
patent::101368053,cpc_code::C01B-032/50,patent_cpc_code,1,101368053
patent::101368053,cpc_code::C07C-051/00,patent_cpc_code,1,101368053
patent::101368053,cpc_code::C07C-053/02,patent_cpc_code,1,101368053
patent::101368053,cpc_code::C22C-001/05/8,patent_cpc_code,1,101368053
patent::101368053,cpc_code::C25B-001/00,patent_cpc_code,1,101368053
patent::101368053,cpc_code::C25B-001/23,patent_cpc_code,1,101368053
patent::101368053,ipc_group::C01B,patent_ipc_group,1,101368053
patent::101368053,ipc_group::C02F,patent_ipc_group,1,101368053
patent::101368053,ipc_group::C25B,patent_ipc_group,1,101368053
patent::101368053,ipc_code::C01B-032/40,patent_ipc_code,1,101368053
patent::101368053,ipc_code::C02F-001/461,patent_ipc_code,1,101368053
patent::101368053,ipc_code::C25B-001/23,patent_ipc_code,1,101368053
patent::101368053,ipc_code::C25B-001/50,patent_ipc_code,1,101368053
patent::101368053,ipc_code::C25B-003/03,patent_ipc_code,1,101368053
patent::101368053,ipc_code::C25B-003/05,patent_ipc_code,1,101368053
patent::101368053,ipc_code::C25B-003/07,patent_ipc_code,1,101368053
patent::101368053,ipc_code::C25B-003/25,patent_ipc_code,1,101368053
patent::101368053,concept::ANODE ELECTRODE,patent_concept,1,101368053
patent::101368053,concept::BASIC CATALYST,patent_concept,1,101368053
patent::101368053,concept::CARBON MONOXIDE PRODUCTION,patent_concept,1,101368053
patent::101368053,concept::CATHODE ELECTRODE,patent_concept,1,101368053
patent::101368053,country::JP,patent_country,1,101368053
patent::101368053,priority_year::2021,patent_priority_year,1,101368053
patent::101368053,legal_state::ALIVE,patent_legal_state,1,101368053
patent::101368053,focus::Non-noble candidate,patent_focus,1,101368053
patent::117920056,assignee::TOSHIBA,patent_assignee,1,117920056
patent::117920056,"domain::Electrical machinery, apparatus, energy",patent_domain,1,117920056
patent::117920056,"domain::Surface technology, coating",patent_domain,1,117920056
patent::117920056,cpc_group::C25B,patent_cpc_group,1,117920056
patent::117920056,cpc_group::H01M,patent_cpc_group,1,117920056
patent::117920056,cpc_group::Y02E,patent_cpc_group,1,117920056
patent::117920056,cpc_code::C25B-001/02,patent_cpc_code,1,117920056
patent::117920056,cpc_code::C25B-001/04,patent_cpc_code,1,117920056
patent::117920056,cpc_code::C25B-001/10,patent_cpc_code,1,117920056
patent::117920056,cpc_code::C25B-001/23,patent_cpc_code,1,117920056
patent::117920056,cpc_code::C25B-001/27,patent_cpc_code,1,117920056
patent::117920056,cpc_code::C25B-003/03,patent_cpc_code,1,117920056
patent::117920056,cpc_code::C25B-003/07,patent_cpc_code,1,117920056
patent::117920056,cpc_code::C25B-003/26,patent_cpc_code,1,117920056
patent::117920056,cpc_code::C25B-009/08,patent_cpc_code,1,117920056
patent::117920056,cpc_code::C25B-009/10,patent_cpc_code,1,117920056
patent::117920056,ipc_group::C25B,patent_ipc_group,1,117920056
patent::117920056,ipc_group::H01M,patent_ipc_group,1,117920056
patent::117920056,ipc_code::C25B-001/02,patent_ipc_code,1,117920056
patent::117920056,ipc_code::C25B-001/04,patent_ipc_code,1,117920056
patent::117920056,ipc_code::C25B-001/23,patent_ipc_code,1,117920056
patent::117920056,ipc_code::C25B-001/27,patent_ipc_code,1,117920056
patent::117920056,ipc_code::C25B-003/03,patent_ipc_code,1,117920056
patent::117920056,ipc_code::C25B-003/07,patent_ipc_code,1,117920056
patent::117920056,ipc_code::C25B-003/26,patent_ipc_code,1,117920056
patent::117920056,ipc_code::C25B-009/00,patent_ipc_code,1,117920056
patent::117920056,concept::ELECTROCHEMCIAL CELL,patent_concept,1,117920056
patent::117920056,concept::ELECTRODE,patent_concept,1,117920056
patent::117920056,concept::ELECTROLYZER,patent_concept,1,117920056
patent::117920056,concept::GAP LAYER,patent_concept,1,117920056
patent::117920056,country::JP,patent_country,1,117920056
patent::117920056,priority_year::2024,patent_priority_year,1,117920056
patent::117920056,legal_state::ALIVE,patent_legal_state,1,117920056
patent::117920056,focus::MEA,patent_focus,1,117920056
patent::117920056,focus::Non-noble candidate,patent_focus,1,117920056
patent::101555236,assignee::NINGBO CARBON NEW ENERGY TECHNOLOGY,patent_assignee,1,101555236
patent::101555236,"domain::Surface technology, coating",patent_domain,1,101555236
patent::101555236,cpc_group::C25B,patent_cpc_group,1,101555236
patent::101555236,cpc_group::Y02E,patent_cpc_group,1,101555236
patent::101555236,cpc_code::C25B-001/23,patent_cpc_code,1,101555236
patent::101555236,cpc_code::C25B-011/02,patent_cpc_code,1,101555236
patent::101555236,cpc_code::C25B-011/061,patent_cpc_code,1,101555236
patent::101555236,cpc_code::Y02E-060/36,patent_cpc_code,1,101555236
patent::101555236,ipc_group::C25B,patent_ipc_group,1,101555236
patent::101555236,ipc_code::C25B-001/23,patent_ipc_code,1,101555236
patent::101555236,ipc_code::C25B-011/02,patent_ipc_code,1,101555236
patent::101555236,ipc_code::C25B-011/061,patent_ipc_code,1,101555236
patent::101555236,concept::FIBER ELECTRODE,patent_concept,1,101555236
patent::101555236,concept::FIBER VITAMIN EMBRYO,patent_concept,1,101555236
patent::101555236,concept::SILVER HOLLOW FIBER ELECTRODE,patent_concept,1,101555236
patent::101555236,concept::HOLLOW FIBER VITAMIN EMBRYO,patent_concept,1,101555236
patent::101555236,concept::ELECTROCATALYTIC CONVERSION,patent_concept,1,101555236
patent::101555236,concept::ELECTROCATALYTIC REDUCTION,patent_concept,1,101555236
patent::101555236,concept::FARADAY SELECTIVITY,patent_concept,1,101555236
patent::101555236,country::CN,patent_country,1,101555236
patent::101555236,priority_year::2022,patent_priority_year,1,101555236
patent::101555236,legal_state::ALIVE,patent_legal_state,1,101555236
patent::101555236,focus::Non-noble candidate,patent_focus,1,101555236
patent::113078510,assignee::CARBON ENERGY TECHNOLOGY,patent_assignee,1,113078510
patent::113078510,assignee::CHINA HUADIAN ENGINEERING,patent_assignee,1,113078510
patent::113078510,assignee::HUADIAN ENVIRONMENT PROTECTION ENGINEERING,patent_assignee,1,113078510
patent::113078510,"domain::Surface technology, coating",patent_domain,1,113078510
patent::113078510,cpc_group::C25B,patent_cpc_group,1,113078510
patent::113078510,cpc_group::Y02E,patent_cpc_group,1,113078510
patent::113078510,cpc_code::C25B-001/23,patent_cpc_code,1,113078510
patent::113078510,cpc_code::C25B-011/02,patent_cpc_code,1,113078510
patent::113078510,cpc_code::C25B-011/081,patent_cpc_code,1,113078510
patent::113078510,cpc_code::C25B-011/091,patent_cpc_code,1,113078510
patent::113078510,cpc_code::Y02E-060/36,patent_cpc_code,1,113078510
patent::113078510,ipc_group::C25B,patent_ipc_group,1,113078510
patent::113078510,ipc_code::C25B-001/23,patent_ipc_code,1,113078510
patent::113078510,ipc_code::C25B-011/02,patent_ipc_code,1,113078510
patent::113078510,ipc_code::C25B-011/081,patent_ipc_code,1,113078510
patent::113078510,ipc_code::C25B-011/091,patent_ipc_code,1,113078510
patent::113078510,concept::DISTRIBUTED MEMBRANE ELECTRODE,patent_concept,1,113078510
patent::113078510,concept::ELECTROLYSIS,patent_concept,1,113078510
patent::113078510,concept::CATALYST DISPERSION,patent_concept,1,113078510
patent::113078510,concept::CATIONIC MEMBRANE,patent_concept,1,113078510
patent::113078510,concept::PRECIPITATE,patent_concept,1,113078510
patent::113078510,concept::PREMIX,patent_concept,1,113078510
patent::113078510,concept::LYE ABSORPTION TOWER,patent_concept,1,113078510
patent::113078510,concept::CATALYST DISPERSION LIQUID,patent_concept,1,113078510
patent::113078510,concept::CARBON DIOXIDE ELECTROREDUCTION,patent_concept,1,113078510
patent::113078510,concept::ALKALI LIQUOR ABSORPTION TOWER,patent_concept,1,113078510
patent::113078510,country::CN,patent_country,1,113078510
patent::113078510,priority_year::2024,patent_priority_year,1,113078510
patent::113078510,legal_state::ALIVE,patent_legal_state,1,113078510
patent::113078510,focus::Non-noble candidate,patent_focus,1,113078510
patent::118106537,assignee::CHANGZHOU GERUIKESI ENERGY TECHNOLOGY,patent_assignee,1,118106537
patent::118106537,"domain::Surface technology, coating",patent_domain,1,118106537
patent::118106537,cpc_group::C25B,patent_cpc_group,1,118106537
patent::118106537,cpc_code::C25B-011/02,patent_cpc_code,1,118106537
patent::118106537,cpc_code::C25B-011/03/5,patent_cpc_code,1,118106537
patent::118106537,cpc_code::C25B-011/04,patent_cpc_code,1,118106537
patent::118106537,cpc_code::C25B-011/04/05,patent_cpc_code,1,118106537
patent::118106537,ipc_group::C25B,patent_ipc_group,1,118106537
patent::118106537,ipc_code::C25B-001/23,patent_ipc_code,1,118106537
patent::118106537,ipc_code::C25B-011/02,patent_ipc_code,1,118106537
patent::118106537,ipc_code::C25B-011/055,patent_ipc_code,1,118106537
patent::118106537,ipc_code::C25B-011/091,patent_ipc_code,1,118106537
patent::118106537,concept::COMPOSITE ELECTRODE MATERIAL,patent_concept,1,118106537
patent::118106537,concept::MULTIELEMENT ALLOY,patent_concept,1,118106537
patent::118106537,concept::CORE MULTIELEMENT ALLOY,patent_concept,1,118106537
patent::118106537,concept::RE MOLE FRACTION,patent_concept,1,118106537
patent::118106537,concept::ELECTRODE CARBON DEPOSITION RESISTANCE,patent_concept,1,118106537
patent::118106537,concept::CALCINING SEGMENTATION,patent_concept,1,118106537
patent::118106537,concept::PRECURSOR XEROGEL,patent_concept,1,118106537
patent::118106537,concept::CARBON DEPOSIT RESISTANCE,patent_concept,1,118106537
patent::118106537,concept::DILEMMA,patent_concept,1,118106537
patent::118106537,concept::METAL SALT PRECURSOR,patent_concept,1,118106537
patent::118106537,country::CN,patent_country,1,118106537
patent::118106537,priority_year::2025,patent_priority_year,1,118106537
patent::118106537,legal_state::ALIVE,patent_legal_state,1,118106537
patent::118106537,focus::Non-noble candidate,patent_focus,1,118106537
patent::115623852,assignee::SIEMENS ENERGY,patent_assignee,1,115623852
patent::115623852,"domain::Surface technology, coating",patent_domain,1,115623852
patent::115623852,cpc_group::C25B,patent_cpc_group,1,115623852
patent::115623852,cpc_code::C25B-001/23,patent_cpc_code,1,115623852
patent::115623852,cpc_code::C25B-003/26,patent_cpc_code,1,115623852
patent::115623852,cpc_code::C25B-009/17,patent_cpc_code,1,115623852
patent::115623852,cpc_code::C25B-011/032,patent_cpc_code,1,115623852
patent::115623852,ipc_group::C25B,patent_ipc_group,1,115623852
patent::115623852,ipc_code::C25B-001/23,patent_ipc_code,1,115623852
patent::115623852,ipc_code::C25B-003/26,patent_ipc_code,1,115623852
patent::115623852,ipc_code::C25B-011/02,patent_ipc_code,1,115623852
patent::115623852,ipc_code::C25B-011/032,patent_ipc_code,1,115623852
patent::115623852,concept::ANODE SIDE,patent_concept,1,115623852
patent::115623852,concept::CATALYST LAYER,patent_concept,1,115623852
patent::115623852,concept::CATHODE SIDE,patent_concept,1,115623852
patent::115623852,concept::CO2 ELECTROLYSIS,patent_concept,1,115623852
patent::115623852,concept::ELECTROLYSIS CELL,patent_concept,1,115623852
patent::115623852,concept::ELECTROLYTIC CELL,patent_concept,1,115623852
patent::115623852,country::DE,patent_country,1,115623852
patent::115623852,priority_year::2024,patent_priority_year,1,115623852
patent::115623852,legal_state::ALIVE,patent_legal_state,1,115623852
patent::115623852,focus::Non-noble candidate,patent_focus,1,115623852
patent::115623852,focus::GDE,patent_focus,1,115623852
patent::100799928,assignee::HUANENG GROUP,patent_assignee,1,100799928
patent::100799928,"domain::Surface technology, coating",patent_domain,1,100799928
patent::100799928,cpc_group::Y02E,patent_cpc_group,1,100799928
patent::100799928,cpc_code::Y02E-060/36,patent_cpc_code,1,100799928
patent::100799928,ipc_group::C25B,patent_ipc_group,1,100799928
patent::100799928,ipc_code::C25B-001/23,patent_ipc_code,1,100799928
patent::100799928,ipc_code::C25B-003/03,patent_ipc_code,1,100799928
patent::100799928,ipc_code::C25B-011/02,patent_ipc_code,1,100799928
patent::100799928,ipc_code::C25B-011/075,patent_ipc_code,1,100799928
patent::100799928,concept::ELECTROLYTIC CELL,patent_concept,1,100799928
patent::100799928,concept::ELECTROLYTIC TANK,patent_concept,1,100799928
patent::100799928,concept::SOLID STATE ELECTROLYTIC CELL,patent_concept,1,100799928
patent::100799928,concept::NONTOXIC CARBONACEOUS FUEL,patent_concept,1,100799928
patent::100799928,concept::CATHODE LAYER,patent_concept,1,100799928
patent::100799928,concept::CATALYSIS LAYER,patent_concept,1,100799928
patent::100799928,concept::ELECTROLYTE LAYER,patent_concept,1,100799928
patent::100799928,concept::ANODE LAYER,patent_concept,1,100799928
patent::100799928,concept::CARBON MONOXIDE CATALYSIS,patent_concept,1,100799928
patent::100799928,concept::ELECTROLYTIC REACTION,patent_concept,1,100799928
patent::100799928,country::CN,patent_country,1,100799928
patent::100799928,priority_year::2022,patent_priority_year,1,100799928
patent::100799928,legal_state::ALIVE,patent_legal_state,1,100799928
patent::100799928,focus::Non-noble candidate,patent_focus,1,100799928
patent::116562374,assignee::NGK INSULATORS,patent_assignee,1,116562374
patent::116562374,"domain::Surface technology, coating",patent_domain,1,116562374
patent::116562374,cpc_group::Y02E,patent_cpc_group,1,116562374
patent::116562374,cpc_code::Y02E-060/50,patent_cpc_code,1,116562374
patent::116562374,ipc_group::C25B,patent_ipc_group,1,116562374
patent::116562374,ipc_code::C25B-001/042,patent_ipc_code,1,116562374
patent::116562374,ipc_code::C25B-001/23,patent_ipc_code,1,116562374
patent::116562374,ipc_code::C25B-009/00,patent_ipc_code,1,116562374
patent::116562374,ipc_code::C25B-011/02,patent_ipc_code,1,116562374
patent::116562374,ipc_code::C25B-011/032,patent_ipc_code,1,116562374
patent::116562374,concept::ISLAND COVERAGE,patent_concept,1,116562374
patent::116562374,concept::ELECTROLYTE LAYER,patent_concept,1,116562374
patent::116562374,concept::ISLAND,patent_concept,1,116562374
patent::116562374,concept::GAS DIFFUSIVITY,patent_concept,1,116562374
patent::116562374,concept::ELECTRODE LAYER,patent_concept,1,116562374
patent::116562374,concept::HYDROGEN POLAR,patent_concept,1,116562374
patent::116562374,concept::COMMUNICATION HOLE,patent_concept,1,116562374
patent::116562374,concept::POROSITY,patent_concept,1,116562374
patent::116562374,concept::HYDROGEN ELECTRODE LAYER,patent_concept,1,116562374
patent::116562374,concept::ISLAND AVERAGE THICKNESS,patent_concept,1,116562374
patent::116562374,country::JP,patent_country,1,116562374
patent::116562374,priority_year::2024,patent_priority_year,1,116562374
patent::116562374,legal_state::ALIVE,patent_legal_state,1,116562374
patent::116562374,focus::Non-noble candidate,patent_focus,1,116562374
patent::115363192,assignee::INSTITUTE OF AUTOMATION - CHINESE ACADEMY OF SCIENCES,patent_assignee,1,115363192
patent::115363192,"domain::Surface technology, coating",patent_domain,1,115363192
patent::115363192,cpc_group::C25B,patent_cpc_group,1,115363192
patent::115363192,cpc_group::Y02E,patent_cpc_group,1,115363192
patent::115363192,cpc_code::C25B-011/02,patent_cpc_code,1,115363192
patent::115363192,cpc_code::Y02E-060/366,patent_cpc_code,1,115363192
patent::115363192,ipc_group::C25B,patent_ipc_group,1,115363192
patent::115363192,ipc_code::C25B-001/23,patent_ipc_code,1,115363192
patent::115363192,ipc_code::C25B-001/50,patent_ipc_code,1,115363192
patent::115363192,ipc_code::C25B-011/02,patent_ipc_code,1,115363192
patent::115363192,ipc_code::C25B-011/091,patent_ipc_code,1,115363192
patent::115363192,concept::CARBON DIOXIDE FILM ELECTRODE,patent_concept,1,115363192
patent::115363192,concept::CARBON NANOTUBE,patent_concept,1,115363192
patent::115363192,concept::ELECTRODE,patent_concept,1,115363192
patent::115363192,concept::FILM ELECTRODE,patent_concept,1,115363192
patent::115363192,concept::METAL PHTHALOCYANINE,patent_concept,1,115363192
patent::115363192,concept::PHTHALOCYANINE SINGLE ATOM CLUSTER,patent_concept,1,115363192
patent::115363192,concept::SINGLE ATOM CLUSTER,patent_concept,1,115363192
patent::115363192,concept::SINGLE WALLED CARBON NANOTUBE,patent_concept,1,115363192
patent::115363192,concept::ELECTROCATALYTIC FILM,patent_concept,1,115363192
patent::115363192,concept::CARBON DIOXIDE ELECTROCATALYTIC FILM,patent_concept,1,115363192
patent::115363192,country::CN,patent_country,1,115363192
patent::115363192,priority_year::2024,patent_priority_year,1,115363192
patent::115363192,legal_state::ALIVE,patent_legal_state,1,115363192
patent::115363192,focus::Non-noble candidate,patent_focus,1,115363192
patent::111147448,assignee::UTILITY GLOBAL,patent_assignee,1,111147448
patent::111147448,"domain::Surface technology, coating",patent_domain,1,111147448
patent::111147448,cpc_group::C25B,patent_cpc_group,1,111147448
patent::111147448,cpc_code::C25B-001/23,patent_cpc_code,1,111147448
patent::111147448,cpc_code::C25B-009/17,patent_cpc_code,1,111147448
patent::111147448,cpc_code::C25B-011/04,patent_cpc_code,1,111147448
patent::111147448,ipc_group::C25B,patent_ipc_group,1,111147448
patent::111147448,ipc_code::C25B-001/02,patent_ipc_code,1,111147448
patent::111147448,ipc_code::C25B-001/23,patent_ipc_code,1,111147448
patent::111147448,ipc_code::C25B-009/01,patent_ipc_code,1,111147448
patent::111147448,ipc_code::C25B-009/17,patent_ipc_code,1,111147448
patent::111147448,ipc_code::C25B-011/02,patent_ipc_code,1,111147448
patent::111147448,ipc_code::C25B-011/04,patent_ipc_code,1,111147448
patent::111147448,concept::CERAMIC CHAMBER,patent_concept,1,111147448
patent::111147448,concept::GAS PRODUCER,patent_concept,1,111147448
patent::111147448,concept::LST COMPOSITE,patent_concept,1,111147448
patent::111147448,concept::FERRITIC STAINLESS ALLOY,patent_concept,1,111147448
patent::111147448,concept::CLOSED BEND,patent_concept,1,111147448
patent::111147448,concept::DOPED LANTHANUM CHROMITE,patent_concept,1,111147448
patent::111147448,concept::SAMARIUM DOPED CERIA,patent_concept,1,111147448
patent::111147448,country::US,patent_country,1,111147448
patent::111147448,priority_year::2023,patent_priority_year,1,111147448
patent::111147448,legal_state::ALIVE,patent_legal_state,1,111147448
patent::111147448,focus::Non-noble candidate,patent_focus,1,111147448
patent::115590122,assignee::ANHUI YUANZHOU GREEN CARBON TECHNOLOGY,patent_assignee,1,115590122
patent::115590122,"domain::Surface technology, coating",patent_domain,1,115590122
patent::115590122,cpc_group::C25B,patent_cpc_group,1,115590122
patent::115590122,cpc_code::C25B-001/00,patent_cpc_code,1,115590122
patent::115590122,cpc_code::C25B-001/02,patent_cpc_code,1,115590122
patent::115590122,cpc_code::C25B-003/04,patent_cpc_code,1,115590122
patent::115590122,cpc_code::C25B-009/08,patent_cpc_code,1,115590122
patent::115590122,cpc_code::C25B-009/10,patent_cpc_code,1,115590122
patent::115590122,cpc_code::C25B-011/02,patent_cpc_code,1,115590122
patent::115590122,cpc_code::C25B-011/04/05,patent_cpc_code,1,115590122
patent::115590122,cpc_code::C25B-015/08,patent_cpc_code,1,115590122
patent::115590122,ipc_group::C25B,patent_ipc_group,1,115590122
patent::115590122,ipc_code::C25B-001/23,patent_ipc_code,1,115590122
patent::115590122,ipc_code::C25B-009/19,patent_ipc_code,1,115590122
patent::115590122,ipc_code::C25B-009/70,patent_ipc_code,1,115590122
patent::115590122,ipc_code::C25B-011/02,patent_ipc_code,1,115590122
patent::115590122,ipc_code::C25B-011/04,patent_ipc_code,1,115590122
patent::115590122,concept::CARBON DIOXIDE ELECTROCATALYTIC REDUCTION,patent_concept,1,115590122
patent::115590122,concept::CONVERTING,patent_concept,1,115590122
patent::115590122,concept::ELECTROCATALYTIC REDUCTION,patent_concept,1,115590122
patent::115590122,concept::HIGH EFFICIENCY CONVERSION,patent_concept,1,115590122
patent::115590122,concept::TECHNOLOGICAL,patent_concept,1,115590122
patent::115590122,concept::UTILIZATION,patent_concept,1,115590122
patent::115590122,concept::CATHODE ANODE CIRCULATING TANK,patent_concept,1,115590122
patent::115590122,concept::ANODE CIRCULATION,patent_concept,1,115590122
patent::115590122,concept::CARBON DIOXIDE UTILIZATION,patent_concept,1,115590122
patent::115590122,concept::LIQUID INLET PUMP,patent_concept,1,115590122
patent::115590122,country::CN,patent_country,1,115590122
patent::115590122,priority_year::2025,patent_priority_year,1,115590122
patent::115590122,legal_state::ALIVE,patent_legal_state,1,115590122
patent::115590122,focus::Non-noble candidate,patent_focus,1,115590122
patent::102226793,assignee::DALIAN UNIVERSITY OF TECHNOLOGY,patent_assignee,1,102226793
patent::102226793,"domain::Surface technology, coating",patent_domain,1,102226793
patent::102226793,cpc_group::C25B,patent_cpc_group,1,102226793
patent::102226793,cpc_group::Y02E,patent_cpc_group,1,102226793
patent::102226793,cpc_code::C25B-001/04,patent_cpc_code,1,102226793
patent::102226793,cpc_code::C25B-001/23,patent_cpc_code,1,102226793
patent::102226793,cpc_code::C25B-011/02,patent_cpc_code,1,102226793
patent::102226793,cpc_code::C25B-011/063,patent_cpc_code,1,102226793
patent::102226793,cpc_code::C25B-011/081,patent_cpc_code,1,102226793
patent::102226793,cpc_code::Y02E-060/50,patent_cpc_code,1,102226793
patent::102226793,ipc_group::C25B,patent_ipc_group,1,102226793
patent::102226793,ipc_code::C25B-001/04,patent_ipc_code,1,102226793
patent::102226793,ipc_code::C25B-001/23,patent_ipc_code,1,102226793
patent::102226793,ipc_code::C25B-011/02,patent_ipc_code,1,102226793
patent::102226793,ipc_code::C25B-011/063,patent_ipc_code,1,102226793
patent::102226793,ipc_code::C25B-011/081,patent_ipc_code,1,102226793
patent::102226793,concept::ANODE GAS DIFFUSION LAYER,patent_concept,1,102226793
patent::102226793,concept::TITANIUM MATRIX,patent_concept,1,102226793
patent::102226793,concept::TITANIUM MATRIX DURABILITY,patent_concept,1,102226793
patent::102226793,concept::TITANIUM FELT,patent_concept,1,102226793
patent::102226793,concept::TITANIUM MESH,patent_concept,1,102226793
patent::102226793,concept::PHOTOCHEMICAL PLATING MODE,patent_concept,1,102226793
patent::102226793,concept::TITANIUM SHEET,patent_concept,1,102226793
patent::102226793,concept::POROUS DIAPHRAGM,patent_concept,1,102226793
patent::102226793,concept::SODIUM CHLORO PLATINATE,patent_concept,1,102226793
patent::102226793,concept::GAS DIFFUSION LAYER,patent_concept,1,102226793
patent::102226793,country::CN,patent_country,1,102226793
patent::102226793,priority_year::2022,patent_priority_year,1,102226793
patent::102226793,legal_state::DEAD,patent_legal_state,1,102226793
patent::102226793,focus::Non-noble candidate,patent_focus,1,102226793
patent::102226793,focus::GDE,patent_focus,1,102226793
patent::118096155,assignee::SHANGHAI ELECTRIC,patent_assignee,1,118096155
patent::118096155,"domain::Surface technology, coating",patent_domain,1,118096155
patent::118096155,cpc_group::C25B,patent_cpc_group,1,118096155
patent::118096155,cpc_code::C25B-003/04,patent_cpc_code,1,118096155
patent::118096155,cpc_code::C25B-011/02,patent_cpc_code,1,118096155
patent::118096155,cpc_code::C25B-011/04,patent_cpc_code,1,118096155
patent::118096155,cpc_code::C25B-011/04/05,patent_cpc_code,1,118096155
patent::118096155,ipc_group::C25B,patent_ipc_group,1,118096155
patent::118096155,ipc_code::C25B-001/23,patent_ipc_code,1,118096155
patent::118096155,ipc_code::C25B-003/26,patent_ipc_code,1,118096155
patent::118096155,ipc_code::C25B-009/19,patent_ipc_code,1,118096155
patent::118096155,ipc_code::C25B-009/60,patent_ipc_code,1,118096155
patent::118096155,ipc_code::C25B-011/02,patent_ipc_code,1,118096155
patent::118096155,ipc_code::C25B-011/097,patent_ipc_code,1,118096155
patent::118096155,concept::ELECTRODE,patent_concept,1,118096155
patent::118096155,concept::ELECTROSTATIC SPINNING,patent_concept,1,118096155
patent::118096155,concept::SUBSTRATE FILM,patent_concept,1,118096155
patent::118096155,concept::ELECTROSTATIC SPINNING SOLUTION,patent_concept,1,118096155
patent::118096155,concept::NANOFIBER MEMBRANE,patent_concept,1,118096155
patent::118096155,concept::CATALYST LAYER,patent_concept,1,118096155
patent::118096155,concept::STEAROYL TRIMETHYLAMMONIUM CHLORIDE,patent_concept,1,118096155
patent::118096155,concept::FILM ELECTRODE,patent_concept,1,118096155
patent::118096155,concept::POLYACRYLONITRILE,patent_concept,1,118096155
patent::118096155,concept::HYDROPHOBIZATION TREATMENT,patent_concept,1,118096155
patent::118096155,country::CN,patent_country,1,118096155
patent::118096155,priority_year::2025,patent_priority_year,1,118096155
patent::118096155,legal_state::ALIVE,patent_legal_state,1,118096155
patent::118096155,focus::Non-noble candidate,patent_focus,1,118096155
patent::110082631,assignee::XIANGTAN UNIVERSITY,patent_assignee,1,110082631
patent::110082631,"domain::Surface technology, coating",patent_domain,1,110082631
patent::110082631,cpc_group::C25B,patent_cpc_group,1,110082631
patent::110082631,cpc_code::C25B-001/23,patent_cpc_code,1,110082631
patent::110082631,cpc_code::C25B-009/23,patent_cpc_code,1,110082631
patent::110082631,cpc_code::C25B-009/60,patent_cpc_code,1,110082631
patent::110082631,cpc_code::C25B-011/02,patent_cpc_code,1,110082631
patent::110082631,cpc_code::C25B-011/054,patent_cpc_code,1,110082631
patent::110082631,cpc_code::C25B-011/095,patent_cpc_code,1,110082631
patent::110082631,cpc_code::C25B-013/00,patent_cpc_code,1,110082631
patent::110082631,ipc_group::C25B,patent_ipc_group,1,110082631
patent::110082631,ipc_code::C25B-001/23,patent_ipc_code,1,110082631
patent::110082631,ipc_code::C25B-009/23,patent_ipc_code,1,110082631
patent::110082631,ipc_code::C25B-009/60,patent_ipc_code,1,110082631
patent::110082631,ipc_code::C25B-011/02,patent_ipc_code,1,110082631
patent::110082631,ipc_code::C25B-011/054,patent_ipc_code,1,110082631
patent::110082631,ipc_code::C25B-011/095,patent_ipc_code,1,110082631
patent::110082631,ipc_code::C25B-013/00,patent_ipc_code,1,110082631
patent::110082631,concept::ANODE ELECTROLYTIC CELL,patent_concept,1,110082631
patent::110082631,concept::CATALYTIC REDUCTION,patent_concept,1,110082631
patent::110082631,concept::CO2CATALYTIC REDUCTION,patent_concept,1,110082631
patent::110082631,concept::ELECTRODE,patent_concept,1,110082631
patent::110082631,concept::THREE ELECTRODE,patent_concept,1,110082631
patent::110082631,concept::CATHODE ELECTROLYTIC CELL,patent_concept,1,110082631
patent::110082631,concept::NAFION PROTON EXCHANGE MEMBRANE,patent_concept,1,110082631
patent::110082631,concept::CATHODE CELL,patent_concept,1,110082631
patent::110082631,concept::ANODE CELL,patent_concept,1,110082631
patent::110082631,concept::ELECTROCATALYTIC REDUCTION EQUIPMENT,patent_concept,1,110082631
patent::110082631,country::CN,patent_country,1,110082631
patent::110082631,priority_year::2024,patent_priority_year,1,110082631
patent::110082631,legal_state::ALIVE,patent_legal_state,1,110082631
patent::108163425,assignee::HEILONGJIANG QIZHENG HIGH TECHNOLOGY MATERIAL TECHNOLOGY,patent_assignee,1,108163425
patent::108163425,"domain::Surface technology, coating",patent_domain,1,108163425
patent::108163425,cpc_group::C25B,patent_cpc_group,1,108163425
patent::108163425,cpc_code::C25B-001/23,patent_cpc_code,1,108163425
patent::108163425,cpc_code::C25B-003/01,patent_cpc_code,1,108163425
patent::108163425,cpc_code::C25B-003/26,patent_cpc_code,1,108163425
patent::108163425,cpc_code::C25B-009/23,patent_cpc_code,1,108163425
patent::108163425,cpc_code::C25B-009/60,patent_cpc_code,1,108163425
patent::108163425,cpc_code::C25B-011/02,patent_cpc_code,1,108163425
patent::108163425,ipc_group::C25B,patent_ipc_group,1,108163425
patent::108163425,ipc_code::C25B-001/23,patent_ipc_code,1,108163425
patent::108163425,ipc_code::C25B-003/01,patent_ipc_code,1,108163425
patent::108163425,ipc_code::C25B-003/26,patent_ipc_code,1,108163425
patent::108163425,ipc_code::C25B-009/23,patent_ipc_code,1,108163425
patent::108163425,ipc_code::C25B-009/60,patent_ipc_code,1,108163425
patent::108163425,ipc_code::C25B-011/02,patent_ipc_code,1,108163425
patent::108163425,concept::ROUNDED PROTRUSION,patent_concept,1,108163425
patent::108163425,concept::ANODE INLET,patent_concept,1,108163425
patent::108163425,concept::ANODE OUTLET,patent_concept,1,108163425
patent::108163425,concept::SEAL GROOVE,patent_concept,1,108163425
patent::108163425,concept::ELECTROCATALYTIC REDUCTION,patent_concept,1,108163425
patent::108163425,concept::TURBULENCE,patent_concept,1,108163425
patent::108163425,concept::ANODE PLATE,patent_concept,1,108163425
patent::108163425,concept::SPOILER,patent_concept,1,108163425
patent::108163425,concept::VENTILATION GRID,patent_concept,1,108163425
patent::108163425,concept::CIRCULAR PROTRUSION,patent_concept,1,108163425
patent::108163425,country::CN,patent_country,1,108163425
patent::108163425,priority_year::2023,patent_priority_year,1,108163425
patent::108163425,legal_state::ALIVE,patent_legal_state,1,108163425
patent::115039917,assignee::KING FAHD UNIVERSITY OF PETROLEUM & MINERALS,patent_assignee,1,115039917
patent::115039917,"domain::Materials, metallurgy",patent_domain,1,115039917
patent::115039917,"domain::Surface technology, coating",patent_domain,1,115039917
patent::115039917,cpc_group::C01B,patent_cpc_group,1,115039917
patent::115039917,cpc_group::C25B,patent_cpc_group,1,115039917
patent::115039917,cpc_code::C01B-032/40,patent_cpc_code,1,115039917
patent::115039917,cpc_code::C25B-001/04,patent_cpc_code,1,115039917
patent::115039917,cpc_code::C25B-001/23,patent_cpc_code,1,115039917
patent::115039917,cpc_code::C25B-003/07,patent_cpc_code,1,115039917
patent::115039917,cpc_code::C25B-003/26,patent_cpc_code,1,115039917
patent::115039917,cpc_code::C25B-009/17,patent_cpc_code,1,115039917
patent::115039917,cpc_code::C25B-011/02,patent_cpc_code,1,115039917
patent::115039917,cpc_code::C25B-011/052,patent_cpc_code,1,115039917
patent::115039917,cpc_code::C25B-011/065,patent_cpc_code,1,115039917
patent::115039917,cpc_code::C25B-011/075,patent_cpc_code,1,115039917
patent::115039917,ipc_group::C01B,patent_ipc_group,1,115039917
patent::115039917,ipc_group::C25B,patent_ipc_group,1,115039917
patent::115039917,ipc_code::C01B-032/40,patent_ipc_code,1,115039917
patent::115039917,ipc_code::C25B-001/02,patent_ipc_code,1,115039917
patent::115039917,ipc_code::C25B-001/04,patent_ipc_code,1,115039917
patent::115039917,ipc_code::C25B-001/23,patent_ipc_code,1,115039917
patent::115039917,ipc_code::C25B-003/07,patent_ipc_code,1,115039917
patent::115039917,ipc_code::C25B-003/26,patent_ipc_code,1,115039917
patent::115039917,ipc_code::C25B-009/17,patent_ipc_code,1,115039917
patent::115039917,ipc_code::C25B-011/02,patent_ipc_code,1,115039917
patent::115039917,concept::AQUEOUS ELECTROLYTE,patent_concept,1,115039917
patent::115039917,concept::CO2 ELECTROCATALYTIC REDUCTION,patent_concept,1,115039917
patent::115039917,concept::ELECTROCATALYTIC REDUCTION,patent_concept,1,115039917
patent::115039917,concept::ETHANOL,patent_concept,1,115039917
patent::115039917,concept::MELAMINE,patent_concept,1,115039917
patent::115039917,concept::REDUCING CARBON DIOXIDE,patent_concept,1,115039917
patent::115039917,country::US,patent_country,1,115039917
patent::115039917,country::SA,patent_country,1,115039917
patent::115039917,priority_year::2024,patent_priority_year,1,115039917
patent::115039917,legal_state::ALIVE,patent_legal_state,1,115039917
patent::115039917,focus::Non-noble candidate,patent_focus,1,115039917
patent::107639787,assignee::NIPPON TELEGRAPH & TELEPHONE,patent_assignee,1,107639787
patent::107639787,"domain::Surface technology, coating",patent_domain,1,107639787
patent::107639787,cpc_group::C25B,patent_cpc_group,1,107639787
patent::107639787,cpc_code::C25B-001/23,patent_cpc_code,1,107639787
patent::107639787,cpc_code::C25B-001/55,patent_cpc_code,1,107639787
patent::107639787,cpc_code::C25B-003/03,patent_cpc_code,1,107639787
patent::107639787,cpc_code::C25B-003/07,patent_cpc_code,1,107639787
patent::107639787,cpc_code::C25B-003/21,patent_cpc_code,1,107639787
patent::107639787,cpc_code::C25B-003/25,patent_cpc_code,1,107639787
patent::107639787,cpc_code::C25B-003/26,patent_cpc_code,1,107639787
patent::107639787,cpc_code::C25B-011/02,patent_cpc_code,1,107639787
patent::107639787,cpc_code::C25B-011/03,patent_cpc_code,1,107639787
patent::107639787,cpc_code::C25B-011/052,patent_cpc_code,1,107639787
patent::107639787,ipc_group::C25B,patent_ipc_group,1,107639787
patent::107639787,ipc_code::C25B-001/23,patent_ipc_code,1,107639787
patent::107639787,ipc_code::C25B-003/21,patent_ipc_code,1,107639787
patent::107639787,ipc_code::C25B-003/26,patent_ipc_code,1,107639787
patent::107639787,ipc_code::C25B-009/00,patent_ipc_code,1,107639787
patent::107639787,ipc_code::C25B-011/02,patent_ipc_code,1,107639787
patent::107639787,ipc_code::C25B-011/03,patent_ipc_code,1,107639787
patent::107639787,ipc_code::C25B-011/032,patent_ipc_code,1,107639787
patent::107639787,concept::CARBON DIOXIDE REDUCTION,patent_concept,1,107639787
patent::107639787,concept::CARBON DIOXIDE REDUCTION REACTION,patent_concept,1,107639787
patent::107639787,concept::ELECTROLYTE MEMBRANE,patent_concept,1,107639787
patent::107639787,concept::LIQUID ADHERING,patent_concept,1,107639787
patent::107639787,concept::OXIDATION TANK,patent_concept,1,107639787
patent::107639787,concept::PRODUCTION REDUCTION ELECTRODE,patent_concept,1,107639787
patent::107639787,concept::RECESSED STRUCTURE,patent_concept,1,107639787
patent::107639787,concept::REDUCTION ELECTRODE,patent_concept,1,107639787
patent::107639787,country::WO,patent_country,1,107639787
patent::107639787,country::JP,patent_country,1,107639787
patent::107639787,priority_year::2022,patent_priority_year,1,107639787
patent::107639787,legal_state::ALIVE,patent_legal_state,1,107639787
patent::107639787,focus::Non-noble candidate,patent_focus,1,107639787
patent::90886203,assignee::FUJIAN NORMAL UNIVERSITY,patent_assignee,1,90886203
patent::90886203,"domain::Surface technology, coating",patent_domain,1,90886203
patent::90886203,cpc_group::C25B,patent_cpc_group,1,90886203
patent::90886203,cpc_code::C25B-001/00,patent_cpc_code,1,90886203
patent::90886203,cpc_code::C25B-011/02,patent_cpc_code,1,90886203
patent::90886203,cpc_code::C25B-015/00,patent_cpc_code,1,90886203
patent::90886203,cpc_code::C25B-015/08,patent_cpc_code,1,90886203
patent::90886203,ipc_group::C25B,patent_ipc_group,1,90886203
patent::90886203,ipc_code::C25B-001/23,patent_ipc_code,1,90886203
patent::90886203,ipc_code::C25B-003/07,patent_ipc_code,1,90886203
patent::90886203,ipc_code::C25B-003/26,patent_ipc_code,1,90886203
patent::90886203,ipc_code::C25B-009/19,patent_ipc_code,1,90886203
patent::90886203,ipc_code::C25B-009/60,patent_ipc_code,1,90886203
patent::90886203,ipc_code::C25B-011/02,patent_ipc_code,1,90886203
patent::90886203,ipc_code::C25B-015/00,patent_ipc_code,1,90886203
patent::90886203,ipc_code::C25B-015/08,patent_ipc_code,1,90886203
patent::90886203,concept::ANODE CHAMBER CIRCULATION,patent_concept,1,90886203
patent::90886203,concept::CARBON DIOXIDE REDUCTION,patent_concept,1,90886203
patent::90886203,concept::ELECTROCATALYSIS CARBON DIOXIDE,patent_concept,1,90886203
patent::90886203,concept::ELECTROLYTIC CELL,patent_concept,1,90886203
patent::90886203,concept::MULTIFUNCTIONAL ELECTROCATALYSIS CARBON DIOXIDE,patent_concept,1,90886203
patent::90886203,concept::MULTIFUNCTIONAL ELECTROLYTIC CELL,patent_concept,1,90886203
patent::90886203,concept::REDUCTION,patent_concept,1,90886203
patent::90886203,concept::MULTIFUNCTIONAL ELECTROCATALYTIC CARBON DIOXIDE,patent_concept,1,90886203
patent::90886203,country::CN,patent_country,1,90886203
patent::90886203,priority_year::2020,patent_priority_year,1,90886203
patent::90886203,legal_state::ALIVE,patent_legal_state,1,90886203
patent::90886203,focus::Non-noble candidate,patent_focus,1,90886203
patent::90886203,focus::GDE,patent_focus,1,90886203
patent::103934571,assignee::KOREA INSTITUTE OF SCIENCE & TECHNOLOGY,patent_assignee,1,103934571
patent::103934571,"domain::Materials, metallurgy",patent_domain,1,103934571
patent::103934571,domain::Organic fine chemistry,patent_domain,1,103934571
patent::103934571,"domain::Surface technology, coating",patent_domain,1,103934571
patent::103934571,cpc_group::C01B,patent_cpc_group,1,103934571
patent::103934571,cpc_group::C07C,patent_cpc_group,1,103934571
patent::103934571,cpc_group::C25B,patent_cpc_group,1,103934571
patent::103934571,cpc_code::C01B-003/02,patent_cpc_code,1,103934571
patent::103934571,cpc_code::C07C-029/151,patent_cpc_code,1,103934571
patent::103934571,cpc_code::C07C-031/04,patent_cpc_code,1,103934571
patent::103934571,cpc_code::C25B-001/23,patent_cpc_code,1,103934571
patent::103934571,cpc_code::C25B-009/19,patent_cpc_code,1,103934571
patent::103934571,cpc_code::C25B-009/23,patent_cpc_code,1,103934571
patent::103934571,cpc_code::C25B-011/02,patent_cpc_code,1,103934571
patent::103934571,cpc_code::C25B-015/081,patent_cpc_code,1,103934571
patent::103934571,ipc_group::C01B,patent_ipc_group,1,103934571
patent::103934571,ipc_group::C07C,patent_ipc_group,1,103934571
patent::103934571,ipc_group::C25B,patent_ipc_group,1,103934571
patent::103934571,ipc_code::C01B-003/02,patent_ipc_code,1,103934571
patent::103934571,ipc_code::C07C-029/151,patent_ipc_code,1,103934571
patent::103934571,ipc_code::C07C-031/04,patent_ipc_code,1,103934571
patent::103934571,ipc_code::C25B-001/23,patent_ipc_code,1,103934571
patent::103934571,ipc_code::C25B-009/19,patent_ipc_code,1,103934571
patent::103934571,ipc_code::C25B-011/02,patent_ipc_code,1,103934571
patent::103934571,ipc_code::C25B-015/08,patent_ipc_code,1,103934571
patent::103934571,concept::AMENDSTATUS,patent_concept,1,103934571
patent::103934571,concept::CARBON DIOXIDE UTILIZATION,patent_concept,1,103934571
patent::103934571,concept::CATALYST ELECTRODE STRUCTURE,patent_concept,1,103934571
patent::103934571,concept::ELECTROCHEMICAL REACTION,patent_concept,1,103934571
patent::103934571,concept::ELECTROCHEMICAL REACTOR,patent_concept,1,103934571
patent::103934571,concept::OXIDATION ELECTRODE,patent_concept,1,103934571
patent::103934571,concept::REDUCTION ELECTRODE,patent_concept,1,103934571
patent::103934571,country::KR,patent_country,1,103934571
patent::103934571,priority_year::2021,patent_priority_year,1,103934571
patent::103934571,legal_state::ALIVE,patent_legal_state,1,103934571
patent::103934571,focus::Non-noble candidate,patent_focus,1,103934571
patent::118274866,assignee::CHANGZHOU GERUIKESI ENERGY TECHNOLOGY,patent_assignee,1,118274866
patent::118274866,"domain::Surface technology, coating",patent_domain,1,118274866
patent::118274866,domain::Textile and paper machines,patent_domain,1,118274866
patent::118274866,cpc_group::C25B,patent_cpc_group,1,118274866
patent::118274866,cpc_group::D01D,patent_cpc_group,1,118274866
patent::118274866,cpc_group::D01F,patent_cpc_group,1,118274866
patent::118274866,cpc_group::Y02E,patent_cpc_group,1,118274866
patent::118274866,cpc_code::C25B-003/00,patent_cpc_code,1,118274866
patent::118274866,cpc_code::C25B-011/02,patent_cpc_code,1,118274866
patent::118274866,cpc_code::D01D-005/00/3,patent_cpc_code,1,118274866
patent::118274866,cpc_code::D01D-005/00/61,patent_cpc_code,1,118274866
patent::118274866,cpc_code::D01D-005/00/69,patent_cpc_code,1,118274866
patent::118274866,cpc_code::D01D-005/00/76,patent_cpc_code,1,118274866
patent::118274866,cpc_code::D01D-005/00/92,patent_cpc_code,1,118274866
patent::118274866,cpc_code::D01F-001/10,patent_cpc_code,1,118274866
patent::118274866,cpc_code::D01F-006/56,patent_cpc_code,1,118274866
patent::118274866,cpc_code::D01F-009/08,patent_cpc_code,1,118274866
patent::118274866,ipc_group::C25B,patent_ipc_group,1,118274866
patent::118274866,ipc_group::D01D,patent_ipc_group,1,118274866
patent::118274866,ipc_group::D01F,patent_ipc_group,1,118274866
patent::118274866,ipc_code::C25B-001/23,patent_ipc_code,1,118274866
patent::118274866,ipc_code::C25B-011/02,patent_ipc_code,1,118274866
patent::118274866,ipc_code::C25B-011/052,patent_ipc_code,1,118274866
patent::118274866,ipc_code::C25B-011/075,patent_ipc_code,1,118274866
patent::118274866,ipc_code::D01D-005/00,patent_ipc_code,1,118274866
patent::118274866,ipc_code::D01F-001/10,patent_ipc_code,1,118274866
patent::118274866,ipc_code::D01F-006/56,patent_ipc_code,1,118274866
patent::118274866,concept::NANOFIBER CATHODE MATERIAL,patent_concept,1,118274866
patent::118274866,concept::NANOFIBER PRECURSOR FIBER MEMBRANE,patent_concept,1,118274866
patent::118274866,concept::GEL PRECURSOR,patent_concept,1,118274866
patent::118274866,concept::MOLYBDENUM SALT,patent_concept,1,118274866
patent::118274866,concept::PRECURSOR FIBER MEMBRANE,patent_concept,1,118274866
patent::118274866,concept::POLYVINYLPYRROLIDONE,patent_concept,1,118274866
patent::118274866,concept::FIBER MEMBRANE,patent_concept,1,118274866
patent::118274866,concept::ELECTROSTATIC SPINNING,patent_concept,1,118274866
patent::118274866,concept::QUICK DYNAMICS,patent_concept,1,118274866
patent::118274866,concept::ELECTROCHEMICAL CONVERSION EQUIPMENT,patent_concept,1,118274866
patent::118274866,country::CN,patent_country,1,118274866
patent::118274866,priority_year::2025,patent_priority_year,1,118274866
patent::118274866,legal_state::ALIVE,patent_legal_state,1,118274866
patent::118274866,focus::Non-noble candidate,patent_focus,1,118274866
patent::108401777,assignee::HEILONGJIANG QIZHENG HIGH TECHNOLOGY MATERIAL TECHNOLOGY,patent_assignee,1,108401777
patent::108401777,"domain::Surface technology, coating",patent_domain,1,108401777
patent::108401777,cpc_group::C25B,patent_cpc_group,1,108401777
patent::108401777,cpc_code::C25B-001/23,patent_cpc_code,1,108401777
patent::108401777,cpc_code::C25B-001/27,patent_cpc_code,1,108401777
patent::108401777,cpc_code::C25B-003/01,patent_cpc_code,1,108401777
patent::108401777,cpc_code::C25B-003/26,patent_cpc_code,1,108401777
patent::108401777,cpc_code::C25B-009/19,patent_cpc_code,1,108401777
patent::108401777,cpc_code::C25B-009/60,patent_cpc_code,1,108401777
patent::108401777,cpc_code::C25B-011/02,patent_cpc_code,1,108401777
patent::108401777,cpc_code::C25B-011/031,patent_cpc_code,1,108401777
patent::108401777,ipc_group::C25B,patent_ipc_group,1,108401777
patent::108401777,ipc_code::C25B-001/23,patent_ipc_code,1,108401777
patent::108401777,ipc_code::C25B-001/27,patent_ipc_code,1,108401777
patent::108401777,ipc_code::C25B-003/01,patent_ipc_code,1,108401777
patent::108401777,ipc_code::C25B-003/26,patent_ipc_code,1,108401777
patent::108401777,ipc_code::C25B-009/19,patent_ipc_code,1,108401777
patent::108401777,ipc_code::C25B-009/60,patent_ipc_code,1,108401777
patent::108401777,ipc_code::C25B-011/02,patent_ipc_code,1,108401777
patent::108401777,ipc_code::C25B-011/031,patent_ipc_code,1,108401777
patent::108401777,concept::ELECTROCHEMICAL REACTOR,patent_concept,1,108401777
patent::108401777,concept::VENTILATION PLATE,patent_concept,1,108401777
patent::108401777,concept::CATHODE OUTLET,patent_concept,1,108401777
patent::108401777,concept::CATHODE INLET,patent_concept,1,108401777
patent::108401777,concept::CATHODE PLATE,patent_concept,1,108401777
patent::108401777,concept::VENTILATION GRID,patent_concept,1,108401777
patent::108401777,concept::CATHODE RUNNER,patent_concept,1,108401777
patent::108401777,concept::H REACTOR,patent_concept,1,108401777
patent::108401777,concept::CATHODE ELECTRODE TAB,patent_concept,1,108401777
patent::108401777,concept::CATHODE ELECTROLYTE FLOWING,patent_concept,1,108401777
patent::108401777,country::CN,patent_country,1,108401777
patent::108401777,priority_year::2023,patent_priority_year,1,108401777
patent::108401777,legal_state::ALIVE,patent_legal_state,1,108401777
patent::108401777,focus::Non-noble candidate,patent_focus,1,108401777
patent::102808473,assignee::NIPPON TELEGRAPH & TELEPHONE,patent_assignee,1,102808473
patent::102808473,"domain::Surface technology, coating",patent_domain,1,102808473
patent::102808473,cpc_group::C25B,patent_cpc_group,1,102808473
patent::102808473,cpc_code::C25B-001/23,patent_cpc_code,1,102808473
patent::102808473,cpc_code::C25B-001/55,patent_cpc_code,1,102808473
patent::102808473,cpc_code::C25B-003/21,patent_cpc_code,1,102808473
patent::102808473,cpc_code::C25B-003/26,patent_cpc_code,1,102808473
patent::102808473,cpc_code::C25B-009/00,patent_cpc_code,1,102808473
patent::102808473,cpc_code::C25B-011/02,patent_cpc_code,1,102808473
patent::102808473,cpc_code::C25B-011/052,patent_cpc_code,1,102808473
patent::102808473,ipc_group::C25B,patent_ipc_group,1,102808473
patent::102808473,ipc_code::C25B-001/23,patent_ipc_code,1,102808473
patent::102808473,ipc_code::C25B-001/55,patent_ipc_code,1,102808473
patent::102808473,ipc_code::C25B-003/21,patent_ipc_code,1,102808473
patent::102808473,ipc_code::C25B-003/26,patent_ipc_code,1,102808473
patent::102808473,ipc_code::C25B-009/00,patent_ipc_code,1,102808473
patent::102808473,ipc_code::C25B-011/02,patent_ipc_code,1,102808473
patent::102808473,ipc_code::C25B-011/052,patent_ipc_code,1,102808473
patent::102808473,concept::CARBON DIOXIDE REDUCER,patent_concept,1,102808473
patent::102808473,concept::CARBON DIOXIDE REDUCTION,patent_concept,1,102808473
patent::102808473,concept::ELECTROLYTE,patent_concept,1,102808473
patent::102808473,concept::ELECTROLYTE MEMBRANE,patent_concept,1,102808473
patent::102808473,concept::ELECTROLYTE SOLUTION,patent_concept,1,102808473
patent::102808473,concept::OUTSIDE,patent_concept,1,102808473
patent::102808473,concept::OXIDATION ELECTRODE,patent_concept,1,102808473
patent::102808473,concept::OXIDATION SIDE,patent_concept,1,102808473
patent::102808473,concept::OXIDATION TANK,patent_concept,1,102808473
patent::102808473,country::WO,patent_country,1,102808473
patent::102808473,country::JP,patent_country,1,102808473
patent::102808473,priority_year::2021,patent_priority_year,1,102808473
patent::102808473,legal_state::ALIVE,patent_legal_state,1,102808473
patent::114628861,assignee::CEC SOLUTIONS,patent_assignee,1,114628861
patent::114628861,"domain::Electrical machinery, apparatus, energy",patent_domain,1,114628861
patent::114628861,domain::Environmental technology,patent_domain,1,114628861
patent::114628861,"domain::Surface technology, coating",patent_domain,1,114628861
patent::114628861,cpc_group::B01D,patent_cpc_group,1,114628861
patent::114628861,cpc_group::C25B,patent_cpc_group,1,114628861
patent::114628861,cpc_group::H01M,patent_cpc_group,1,114628861
patent::114628861,cpc_code::B01D-053/32/6,patent_cpc_code,1,114628861
patent::114628861,cpc_code::B01D-2255/806,patent_cpc_code,1,114628861
patent::114628861,cpc_code::B01D-2257/504,patent_cpc_code,1,114628861
patent::114628861,cpc_code::C25B-001/04,patent_cpc_code,1,114628861
patent::114628861,cpc_code::C25B-001/23,patent_cpc_code,1,114628861
patent::114628861,cpc_code::C25B-001/55,patent_cpc_code,1,114628861
patent::114628861,cpc_code::C25B-003/03,patent_cpc_code,1,114628861
patent::114628861,cpc_code::C25B-003/26,patent_cpc_code,1,114628861
patent::114628861,cpc_code::C25B-009/17,patent_cpc_code,1,114628861
patent::114628861,cpc_code::C25B-011/02,patent_cpc_code,1,114628861
patent::114628861,ipc_group::B01D,patent_ipc_group,1,114628861
patent::114628861,ipc_group::C25B,patent_ipc_group,1,114628861
patent::114628861,ipc_group::H01M,patent_ipc_group,1,114628861
patent::114628861,ipc_code::B01D-053/32,patent_ipc_code,1,114628861
patent::114628861,ipc_code::C25B-001/04,patent_ipc_code,1,114628861
patent::114628861,ipc_code::C25B-001/23,patent_ipc_code,1,114628861
patent::114628861,ipc_code::C25B-003/03,patent_ipc_code,1,114628861
patent::114628861,ipc_code::C25B-003/26,patent_ipc_code,1,114628861
patent::114628861,ipc_code::C25B-009/00,patent_ipc_code,1,114628861
patent::114628861,ipc_code::C25B-009/17,patent_ipc_code,1,114628861
patent::114628861,ipc_code::C25B-011/02,patent_ipc_code,1,114628861
patent::114628861,concept::CO2 CAPTURE,patent_concept,1,114628861
patent::114628861,concept::GEOMETRIC CONSTRUCT,patent_concept,1,114628861
patent::114628861,concept::SEQUESTRATION,patent_concept,1,114628861
patent::114628861,concept::TRANSFORMATION,patent_concept,1,114628861
patent::114628861,concept::TRANSPORTATION,patent_concept,1,114628861
patent::114628861,concept::HYDROCARBON PRECURSOR,patent_concept,1,114628861
patent::114628861,concept::UNDERWATER BREATHING,patent_concept,1,114628861
patent::114628861,concept::REVERTING NOX,patent_concept,1,114628861
patent::114628861,concept::EXOTIC CATALYTIC SOLUTION,patent_concept,1,114628861
patent::114628861,concept::CARRIER MEDIUM,patent_concept,1,114628861
patent::114628861,country::US,patent_country,1,114628861
patent::114628861,priority_year::2018,patent_priority_year,1,114628861
patent::114628861,legal_state::ALIVE,patent_legal_state,1,114628861
patent::114628861,focus::Non-noble candidate,patent_focus,1,114628861
patent::114532676,assignee::SHANGHAI ADVANCED RESEARCH INSTITUTE - CHINESE ACADEMY OF SCIENCES,patent_assignee,1,114532676
patent::114532676,"domain::Materials, metallurgy",patent_domain,1,114532676
patent::114532676,"domain::Surface technology, coating",patent_domain,1,114532676
patent::114532676,domain::Textile and paper machines,patent_domain,1,114532676
patent::114532676,cpc_group::B22F,patent_cpc_group,1,114532676
patent::114532676,cpc_group::C22C,patent_cpc_group,1,114532676
patent::114532676,cpc_group::C23C,patent_cpc_group,1,114532676
patent::114532676,cpc_group::C25B,patent_cpc_group,1,114532676
patent::114532676,cpc_group::C25C,patent_cpc_group,1,114532676
patent::114532676,cpc_group::D01F,patent_cpc_group,1,114532676
patent::114532676,cpc_group::Y02E,patent_cpc_group,1,114532676
patent::114532676,cpc_group::Y02P,patent_cpc_group,1,114532676
patent::114532676,cpc_code::B22F-001/02,patent_cpc_code,1,114532676
patent::114532676,cpc_code::B22F-009/22,patent_cpc_code,1,114532676
patent::114532676,cpc_code::B22F-009/24,patent_cpc_code,1,114532676
patent::114532676,cpc_code::C22C-019/03,patent_cpc_code,1,114532676
patent::114532676,cpc_code::C23C-008/10,patent_cpc_code,1,114532676
patent::114532676,cpc_code::C23C-008/80,patent_cpc_code,1,114532676
patent::114532676,cpc_code::C23C-018/12/04,patent_cpc_code,1,114532676
patent::114532676,cpc_code::C23C-018/12/25,patent_cpc_code,1,114532676
patent::114532676,cpc_code::C23C-028/02/1,patent_cpc_code,1,114532676
patent::114532676,cpc_code::C25B-001/00,patent_cpc_code,1,114532676
patent::114532676,ipc_group::B22F,patent_ipc_group,1,114532676
patent::114532676,ipc_group::C23C,patent_ipc_group,1,114532676
patent::114532676,ipc_group::C25B,patent_ipc_group,1,114532676
patent::114532676,ipc_group::C25C,patent_ipc_group,1,114532676
patent::114532676,ipc_group::D01F,patent_ipc_group,1,114532676
patent::114532676,ipc_code::B22F-001/107,patent_ipc_code,1,114532676
patent::114532676,ipc_code::C23C-008/10,patent_ipc_code,1,114532676
patent::114532676,ipc_code::C23C-008/80,patent_ipc_code,1,114532676
patent::114532676,ipc_code::C25B-001/23,patent_ipc_code,1,114532676
patent::114532676,ipc_code::C25B-011/02,patent_ipc_code,1,114532676
patent::114532676,ipc_code::C25B-011/042,patent_ipc_code,1,114532676
patent::114532676,ipc_code::C25C-001/16,patent_ipc_code,1,114532676
patent::114532676,ipc_code::D01F-001/08,patent_ipc_code,1,114532676
patent::114532676,concept::FIBER ELECTRODE,patent_concept,1,114532676
patent::114532676,concept::ZINC,patent_concept,1,114532676
patent::114532676,concept::ZINC HOLLOW FIBER ELECTRODE,patent_concept,1,114532676
patent::114532676,concept::FIBER VITAMIN EMBRYO,patent_concept,1,114532676
patent::114532676,concept::HOLLOW FIBER VITAMIN EMBRYO,patent_concept,1,114532676
patent::114532676,country::CN,patent_country,1,114532676
patent::114532676,priority_year::2025,patent_priority_year,1,114532676
patent::114532676,legal_state::ALIVE,patent_legal_state,1,114532676
patent::114532676,focus::Non-noble candidate,patent_focus,1,114532676
patent::93254642,assignee::FUJIAN NORMAL UNIVERSITY,patent_assignee,1,93254642
patent::93254642,"domain::Surface technology, coating",patent_domain,1,93254642
patent::93254642,ipc_group::C25B,patent_ipc_group,1,93254642
patent::93254642,ipc_code::C25B-001/23,patent_ipc_code,1,93254642
patent::93254642,ipc_code::C25B-003/07,patent_ipc_code,1,93254642
patent::93254642,ipc_code::C25B-003/26,patent_ipc_code,1,93254642
patent::93254642,ipc_code::C25B-009/19,patent_ipc_code,1,93254642
patent::93254642,ipc_code::C25B-011/02,patent_ipc_code,1,93254642
patent::93254642,ipc_code::C25B-011/054,patent_ipc_code,1,93254642
patent::93254642,ipc_code::C25B-015/00,patent_ipc_code,1,93254642
patent::93254642,ipc_code::C25B-015/023,patent_ipc_code,1,93254642
patent::93254642,concept::CARBON DIOXIDE REDUCTION,patent_concept,1,93254642
patent::93254642,concept::ELECTROCATALYSIS CARBON DIOXIDE,patent_concept,1,93254642
patent::93254642,concept::ELECTROLYTIC CELL,patent_concept,1,93254642
patent::93254642,concept::MULTIFUNCTIONAL ELECTROCATALYSIS CARBON DIOXIDE,patent_concept,1,93254642
patent::93254642,concept::MULTIFUNCTIONAL ELECTROCATALYTIC CARBON DIOXIDE,patent_concept,1,93254642
patent::93254642,concept::REDUCTION,patent_concept,1,93254642
patent::93254642,concept::ANODE CHAMBER CIRCULATION,patent_concept,1,93254642
patent::93254642,concept::CATHODE CHAMBER,patent_concept,1,93254642
patent::93254642,concept::CATHODE CHAMBER CIRCULATION,patent_concept,1,93254642
patent::93254642,concept::ANODE CHAMBER,patent_concept,1,93254642
patent::93254642,country::CN,patent_country,1,93254642
patent::93254642,priority_year::2020,patent_priority_year,1,93254642
patent::93254642,legal_state::DEAD,patent_legal_state,1,93254642
patent::93254642,focus::Non-noble candidate,patent_focus,1,93254642
patent::93254642,focus::GDE,patent_focus,1,93254642
patent::91898287,assignee::NANJING UNIVERSITY OF TECHNOLOGY,patent_assignee,1,91898287
patent::91898287,"domain::Materials, metallurgy",patent_domain,1,91898287
patent::91898287,domain::Micro-structure and nano-technology,patent_domain,1,91898287
patent::91898287,"domain::Surface technology, coating",patent_domain,1,91898287
patent::91898287,cpc_group::B01J,patent_cpc_group,1,91898287
patent::91898287,cpc_group::C25B,patent_cpc_group,1,91898287
patent::91898287,cpc_code::B01J-023/89/26,patent_cpc_code,1,91898287
patent::91898287,cpc_code::B01J-035/33,patent_cpc_code,1,91898287
patent::91898287,cpc_code::B01J-037/03/5,patent_cpc_code,1,91898287
patent::91898287,cpc_code::B01J-037/34/8,patent_cpc_code,1,91898287
patent::91898287,cpc_code::C25B-001/00,patent_cpc_code,1,91898287
patent::91898287,ipc_group::B22F,patent_ipc_group,1,91898287
patent::91898287,ipc_group::B82Y,patent_ipc_group,1,91898287
patent::91898287,ipc_group::C25B,patent_ipc_group,1,91898287
patent::91898287,ipc_code::B22F-009/24,patent_ipc_code,1,91898287
patent::91898287,ipc_code::B82Y-030/00,patent_ipc_code,1,91898287
patent::91898287,ipc_code::B82Y-040/00,patent_ipc_code,1,91898287
patent::91898287,ipc_code::C25B-001/23,patent_ipc_code,1,91898287
patent::91898287,ipc_code::C25B-003/03,patent_ipc_code,1,91898287
patent::91898287,ipc_code::C25B-003/07,patent_ipc_code,1,91898287
patent::91898287,ipc_code::C25B-003/26,patent_ipc_code,1,91898287
patent::91898287,ipc_code::C25B-011/02,patent_ipc_code,1,91898287
patent::91898287,concept::COPPER OXIDE,patent_concept,1,91898287
patent::91898287,concept::COPPER OXIDE NANOWIRE,patent_concept,1,91898287
patent::91898287,concept::CUO NANOWIRE ELECTRODE,patent_concept,1,91898287
patent::91898287,concept::NANOWIRE LOADED SILVER,patent_concept,1,91898287
patent::91898287,concept::PARTICLE COMPOSITE ELECTRODE,patent_concept,1,91898287
patent::91898287,concept::SILVER PARTICLE COMPOSITE ELECTRODE,patent_concept,1,91898287
patent::91898287,country::CN,patent_country,1,91898287
patent::91898287,priority_year::2020,patent_priority_year,1,91898287
patent::91898287,legal_state::ALIVE,patent_legal_state,1,91898287
patent::91898287,focus::Non-noble candidate,patent_focus,1,91898287
patent::105758218,assignee::SANTAN ANHUI TECHNOLOGY RESEARCH INSTITUTE,patent_assignee,1,105758218
patent::105758218,assignee::UNIVERSITY OF NANKAI,patent_assignee,1,105758218
patent::105758218,"domain::Materials, metallurgy",patent_domain,1,105758218
patent::105758218,"domain::Surface technology, coating",patent_domain,1,105758218
patent::105758218,cpc_group::B22F,patent_cpc_group,1,105758218
patent::105758218,cpc_group::C23C,patent_cpc_group,1,105758218
patent::105758218,cpc_group::C25B,patent_cpc_group,1,105758218
patent::105758218,cpc_code::B22F-001/00,patent_cpc_code,1,105758218
patent::105758218,cpc_code::B22F-003/10/07,patent_cpc_code,1,105758218
patent::105758218,cpc_code::C23C-014/16/5,patent_cpc_code,1,105758218
patent::105758218,cpc_code::C23C-014/35,patent_cpc_code,1,105758218
patent::105758218,cpc_code::C25B-001/23,patent_cpc_code,1,105758218
patent::105758218,cpc_code::C25B-001/50,patent_cpc_code,1,105758218
patent::105758218,cpc_code::C25B-009/19,patent_cpc_code,1,105758218
patent::105758218,cpc_code::C25B-011/02,patent_cpc_code,1,105758218
patent::105758218,cpc_code::C25B-011/031,patent_cpc_code,1,105758218
patent::105758218,cpc_code::C25B-011/042,patent_cpc_code,1,105758218
patent::105758218,ipc_group::B22F,patent_ipc_group,1,105758218
patent::105758218,ipc_group::C23C,patent_ipc_group,1,105758218
patent::105758218,ipc_group::C25B,patent_ipc_group,1,105758218
patent::105758218,ipc_code::B22F-001/00,patent_ipc_code,1,105758218
patent::105758218,ipc_code::B22F-003/10,patent_ipc_code,1,105758218
patent::105758218,ipc_code::C23C-014/16,patent_ipc_code,1,105758218
patent::105758218,ipc_code::C23C-014/35,patent_ipc_code,1,105758218
patent::105758218,ipc_code::C25B-001/23,patent_ipc_code,1,105758218
patent::105758218,ipc_code::C25B-001/50,patent_ipc_code,1,105758218
patent::105758218,ipc_code::C25B-009/19,patent_ipc_code,1,105758218
patent::105758218,ipc_code::C25B-011/02,patent_ipc_code,1,105758218
patent::105758218,concept::REDUCTION ELECTROLYTIC CELL,patent_concept,1,105758218
patent::105758218,concept::SHELL,patent_concept,1,105758218
patent::105758218,concept::DIAPHRAGM,patent_concept,1,105758218
patent::105758218,concept::CARBONATE PRECIPITATION,patent_concept,1,105758218
patent::105758218,concept::NANO SILVER,patent_concept,1,105758218
patent::105758218,concept::POROUS SILVER ELECTRODE,patent_concept,1,105758218
patent::105758218,concept::ELECTROLYTE,patent_concept,1,105758218
patent::105758218,concept::NANO SILVER LAYER,patent_concept,1,105758218
patent::105758218,concept::SILVER POWDER,patent_concept,1,105758218
patent::105758218,concept::ELECTROLYTIC CELL,patent_concept,1,105758218
patent::105758218,country::CN,patent_country,1,105758218
patent::105758218,priority_year::2023,patent_priority_year,1,105758218
patent::105758218,legal_state::ALIVE,patent_legal_state,1,105758218
patent::105758218,focus::MEA,patent_focus,1,105758218
patent::105758218,focus::Non-noble candidate,patent_focus,1,105758218
patent::105758218,focus::GDE,patent_focus,1,105758218
patent::92032595,assignee::REGENTS OF THE UNIVERSITY OF MICHIGAN,patent_assignee,1,92032595
patent::92032595,assignee::UNIVERSITY OF MICHIGAN,patent_assignee,1,92032595
patent::92032595,domain::Chemical engineering,patent_domain,1,92032595
patent::92032595,"domain::Surface technology, coating",patent_domain,1,92032595
patent::92032595,cpc_group::C23C,patent_cpc_group,1,92032595
patent::92032595,cpc_group::C25B,patent_cpc_group,1,92032595
patent::92032595,cpc_group::Y02P,patent_cpc_group,1,92032595
patent::92032595,cpc_code::C23C-016/40/5,patent_cpc_code,1,92032595
patent::92032595,cpc_code::C23C-016/40/7,patent_cpc_code,1,92032595
patent::92032595,cpc_code::C23C-016/455/25,patent_cpc_code,1,92032595
patent::92032595,cpc_code::C25B-001/23,patent_cpc_code,1,92032595
patent::92032595,cpc_code::C25B-001/55,patent_cpc_code,1,92032595
patent::92032595,cpc_code::C25B-011/02,patent_cpc_code,1,92032595
patent::92032595,cpc_code::C25B-011/052,patent_cpc_code,1,92032595
patent::92032595,cpc_code::C25B-011/093,patent_cpc_code,1,92032595
patent::92032595,cpc_code::Y02P-020/133,patent_cpc_code,1,92032595
patent::92032595,ipc_group::B01J,patent_ipc_group,1,92032595
patent::92032595,ipc_group::C23C,patent_ipc_group,1,92032595
patent::92032595,ipc_group::C25B,patent_ipc_group,1,92032595
patent::92032595,ipc_code::B01J-023/40,patent_ipc_code,1,92032595
patent::92032595,ipc_code::B01J-035/00,patent_ipc_code,1,92032595
patent::92032595,ipc_code::C23C-016/40,patent_ipc_code,1,92032595
patent::92032595,ipc_code::C23C-016/455,patent_ipc_code,1,92032595
patent::92032595,ipc_code::C25B-001/02,patent_ipc_code,1,92032595
patent::92032595,ipc_code::C25B-001/23,patent_ipc_code,1,92032595
patent::92032595,ipc_code::C25B-001/55,patent_ipc_code,1,92032595
patent::92032595,ipc_code::C25B-011/02,patent_ipc_code,1,92032595
patent::92032595,concept::CATALYST PARTICLE,patent_concept,1,92032595
patent::92032595,concept::CHEMICAL CELL,patent_concept,1,92032595
patent::92032595,concept::CHEMICAL CELL ELECTRODE,patent_concept,1,92032595
patent::92032595,concept::ELECTRODE,patent_concept,1,92032595
patent::92032595,concept::PHOTOCATHODE,patent_concept,1,92032595
patent::92032595,country::US,patent_country,1,92032595
patent::92032595,country::CA,patent_country,1,92032595
patent::92032595,country::UY,patent_country,1,92032595
patent::92032595,priority_year::2019,patent_priority_year,1,92032595
patent::92032595,legal_state::ALIVE,patent_legal_state,1,92032595
patent::92032595,focus::Non-noble candidate,patent_focus,1,92032595
patent::118083135,assignee::KYUSHU UNIVERSITY,patent_assignee,1,118083135
patent::118083135,assignee::TOYOTA MOTOR,patent_assignee,1,118083135
patent::118083135,"domain::Electrical machinery, apparatus, energy",patent_domain,1,118083135
patent::118083135,"domain::Surface technology, coating",patent_domain,1,118083135
patent::118083135,cpc_group::C25B,patent_cpc_group,1,118083135
patent::118083135,cpc_group::H01M,patent_cpc_group,1,118083135
patent::118083135,cpc_group::Y02E,patent_cpc_group,1,118083135
patent::118083135,cpc_group::Y02P,patent_cpc_group,1,118083135
patent::118083135,cpc_code::C25B-001/00,patent_cpc_code,1,118083135
patent::118083135,cpc_code::C25B-001/00/3,patent_cpc_code,1,118083135
patent::118083135,cpc_code::C25B-001/04,patent_cpc_code,1,118083135
patent::118083135,cpc_code::C25B-011/02,patent_cpc_code,1,118083135
patent::118083135,cpc_code::C25B-011/03/5,patent_cpc_code,1,118083135
patent::118083135,cpc_code::C25B-011/04,patent_cpc_code,1,118083135
patent::118083135,cpc_code::C25B-011/04/05,patent_cpc_code,1,118083135
patent::118083135,cpc_code::C25B-011/04/47,patent_cpc_code,1,118083135
patent::118083135,cpc_code::C25B-011/04/52,patent_cpc_code,1,118083135
patent::118083135,cpc_code::C25B-011/04/78,patent_cpc_code,1,118083135
patent::118083135,ipc_group::C25B,patent_ipc_group,1,118083135
patent::118083135,ipc_group::H01M,patent_ipc_group,1,118083135
patent::118083135,ipc_code::C25B-001/04,patent_ipc_code,1,118083135
patent::118083135,ipc_code::C25B-001/23,patent_ipc_code,1,118083135
patent::118083135,ipc_code::C25B-011/02,patent_ipc_code,1,118083135
patent::118083135,ipc_code::C25B-011/054,patent_ipc_code,1,118083135
patent::118083135,ipc_code::C25B-011/071,patent_ipc_code,1,118083135
patent::118083135,ipc_code::C25B-011/091,patent_ipc_code,1,118083135
patent::118083135,ipc_code::C25B-013/07,patent_ipc_code,1,118083135
patent::118083135,ipc_code::H01M-004/86,patent_ipc_code,1,118083135
patent::118083135,concept::ELECTRODE,patent_concept,1,118083135
patent::118083135,concept::NB COMPOUND,patent_concept,1,118083135
patent::118083135,concept::CERMET LAYER,patent_concept,1,118083135
patent::118083135,concept::REOXIDATION,patent_concept,1,118083135
patent::118083135,concept::ELECTROLYTE PARTICLE,patent_concept,1,118083135
patent::118083135,country::JP,patent_country,1,118083135
patent::118083135,priority_year::2024,patent_priority_year,1,118083135
patent::118083135,legal_state::ALIVE,patent_legal_state,1,118083135
patent::118083135,focus::Non-noble candidate,patent_focus,1,118083135
patent::116397541,assignee::GIG KARASEK,patent_assignee,1,116397541
patent::116397541,"domain::Surface technology, coating",patent_domain,1,116397541
patent::116397541,cpc_group::C25B,patent_cpc_group,1,116397541
patent::116397541,cpc_code::C25B-001/23,patent_cpc_code,1,116397541
patent::116397541,cpc_code::C25B-003/00,patent_cpc_code,1,116397541
patent::116397541,cpc_code::C25B-003/03,patent_cpc_code,1,116397541
patent::116397541,cpc_code::C25B-003/25,patent_cpc_code,1,116397541
patent::116397541,cpc_code::C25B-003/26,patent_cpc_code,1,116397541
patent::116397541,cpc_code::C25B-009/01,patent_cpc_code,1,116397541
patent::116397541,cpc_code::C25B-009/015,patent_cpc_code,1,116397541
patent::116397541,cpc_code::C25B-009/19,patent_cpc_code,1,116397541
patent::116397541,cpc_code::C25B-009/70,patent_cpc_code,1,116397541
patent::116397541,cpc_code::C25B-011/02,patent_cpc_code,1,116397541
patent::116397541,ipc_group::C25B,patent_ipc_group,1,116397541
patent::116397541,ipc_code::C25B-001/23,patent_ipc_code,1,116397541
patent::116397541,ipc_code::C25B-003/00,patent_ipc_code,1,116397541
patent::116397541,ipc_code::C25B-003/03,patent_ipc_code,1,116397541
patent::116397541,ipc_code::C25B-003/25,patent_ipc_code,1,116397541
patent::116397541,ipc_code::C25B-003/26,patent_ipc_code,1,116397541
patent::116397541,ipc_code::C25B-009/01,patent_ipc_code,1,116397541
patent::116397541,ipc_code::C25B-009/015,patent_ipc_code,1,116397541
patent::116397541,ipc_code::C25B-009/19,patent_ipc_code,1,116397541
patent::116397541,concept::CONVERTING CARBON DIOXIDE,patent_concept,1,116397541
patent::116397541,concept::ELECTROLYSIS CELL,patent_concept,1,116397541
patent::116397541,concept::SPIRAL ELECTROLYSIS MODULE,patent_concept,1,116397541
patent::116397541,concept::CATHODE SPACING,patent_concept,1,116397541
patent::116397541,concept::CATHODE CHAMBER,patent_concept,1,116397541
patent::116397541,concept::ELECTROLYSIS,patent_concept,1,116397541
patent::116397541,concept::SUBASSEMBLY,patent_concept,1,116397541
patent::116397541,concept::CATHOLYTE,patent_concept,1,116397541
patent::116397541,concept::CONVERTING CO2,patent_concept,1,116397541
patent::116397541,concept::DECISIVE BREAKTHROUGH,patent_concept,1,116397541
patent::116397541,country::AT,patent_country,1,116397541
patent::116397541,priority_year::2024,patent_priority_year,1,116397541
patent::116397541,legal_state::ALIVE,patent_legal_state,1,116397541
patent::116397541,focus::Non-noble candidate,patent_focus,1,116397541
patent::116397541,focus::GDE,patent_focus,1,116397541
patent::104546406,assignee::OSAKA GAS,patent_assignee,1,104546406
patent::104546406,domain::Chemical engineering,patent_domain,1,104546406
patent::104546406,domain::Organic fine chemistry,patent_domain,1,104546406
patent::104546406,"domain::Surface technology, coating",patent_domain,1,104546406
patent::104546406,ipc_group::B01J,patent_ipc_group,1,104546406
patent::104546406,ipc_group::C07C,patent_ipc_group,1,104546406
patent::104546406,ipc_group::C25B,patent_ipc_group,1,104546406
patent::104546406,ipc_code::B01J-023/42,patent_ipc_code,1,104546406
patent::104546406,ipc_code::B01J-023/46,patent_ipc_code,1,104546406
patent::104546406,ipc_code::B01J-023/63,patent_ipc_code,1,104546406
patent::104546406,ipc_code::B01J-023/648,patent_ipc_code,1,104546406
patent::104546406,ipc_code::B01J-023/652,patent_ipc_code,1,104546406
patent::104546406,ipc_code::B01J-023/745,patent_ipc_code,1,104546406
patent::104546406,ipc_code::B01J-023/755,patent_ipc_code,1,104546406
patent::104546406,ipc_code::B01J-023/83,patent_ipc_code,1,104546406
patent::104546406,concept::ELECTROLYSIS CELL,patent_concept,1,104546406
patent::104546406,concept::ELECTROLYTIC CELL,patent_concept,1,104546406
patent::104546406,concept::ELECTROLYTIC CELL OPERATION,patent_concept,1,104546406
patent::104546406,concept::HYDROCARBON PRODUCTION SYSTEM,patent_concept,1,104546406
patent::104546406,concept::PRODUCTION SYSTEM,patent_concept,1,104546406
patent::104546406,concept::ELECTROLYTIC CELL STACK,patent_concept,1,104546406
patent::104546406,concept::HYDROGEN DISCHARGE,patent_concept,1,104546406
patent::104546406,concept::DISCHARGE PATH,patent_concept,1,104546406
patent::104546406,country::JP,patent_country,1,104546406
patent::104546406,priority_year::2021,patent_priority_year,1,104546406
patent::104546406,legal_state::ALIVE,patent_legal_state,1,104546406
patent::104546406,focus::Non-noble candidate,patent_focus,1,104546406
patent::111493428,assignee::TOSHIBA,patent_assignee,1,111493428
patent::111493428,"domain::Surface technology, coating",patent_domain,1,111493428
patent::111493428,cpc_group::C25B,patent_cpc_group,1,111493428
patent::111493428,cpc_code::C25B-001/01,patent_cpc_code,1,111493428
patent::111493428,cpc_code::C25B-001/04,patent_cpc_code,1,111493428
patent::111493428,cpc_code::C25B-001/23,patent_cpc_code,1,111493428
patent::111493428,cpc_code::C25B-001/27,patent_cpc_code,1,111493428
patent::111493428,cpc_code::C25B-003/01,patent_cpc_code,1,111493428
patent::111493428,cpc_code::C25B-003/03,patent_cpc_code,1,111493428
patent::111493428,cpc_code::C25B-003/07,patent_cpc_code,1,111493428
patent::111493428,cpc_code::C25B-003/09,patent_cpc_code,1,111493428
patent::111493428,cpc_code::C25B-003/25,patent_cpc_code,1,111493428
patent::111493428,cpc_code::C25B-003/26,patent_cpc_code,1,111493428
patent::111493428,ipc_group::C25B,patent_ipc_group,1,111493428
patent::111493428,ipc_code::C25B-001/01,patent_ipc_code,1,111493428
patent::111493428,ipc_code::C25B-001/04,patent_ipc_code,1,111493428
patent::111493428,ipc_code::C25B-001/042,patent_ipc_code,1,111493428
patent::111493428,ipc_code::C25B-001/23,patent_ipc_code,1,111493428
patent::111493428,ipc_code::C25B-001/27,patent_ipc_code,1,111493428
patent::111493428,ipc_code::C25B-003/01,patent_ipc_code,1,111493428
patent::111493428,ipc_code::C25B-003/03,patent_ipc_code,1,111493428
patent::111493428,ipc_code::C25B-003/07,patent_ipc_code,1,111493428
patent::111493428,concept::A CELL,patent_concept,1,111493428
patent::111493428,concept::ANODE FLOW PATH,patent_concept,1,111493428
patent::111493428,concept::ANODE FLUID,patent_concept,1,111493428
patent::111493428,concept::ANODE FLUID FLOW,patent_concept,1,111493428
patent::111493428,concept::ANODE PRODUCTION,patent_concept,1,111493428
patent::111493428,concept::CARBON COMPOUND,patent_concept,1,111493428
patent::111493428,concept::CATHODE FLOW PATH,patent_concept,1,111493428
patent::111493428,concept::CATHODE FLUID,patent_concept,1,111493428
patent::111493428,country::JP,patent_country,1,111493428
patent::111493428,priority_year::2023,patent_priority_year,1,111493428
patent::111493428,legal_state::ALIVE,patent_legal_state,1,111493428
patent::111493428,focus::Non-noble candidate,patent_focus,1,111493428
patent::85904334,assignee::MANUFACTURING SYSTEMS,patent_assignee,1,85904334
patent::85904334,"domain::Electrical machinery, apparatus, energy",patent_domain,1,85904334
patent::85904334,"domain::Surface technology, coating",patent_domain,1,85904334
patent::85904334,cpc_group::C25B,patent_cpc_group,1,85904334
patent::85904334,cpc_group::C40B,patent_cpc_group,1,85904334
patent::85904334,cpc_group::H01M,patent_cpc_group,1,85904334
patent::85904334,cpc_group::Y02E,patent_cpc_group,1,85904334
patent::85904334,cpc_code::C25B-001/00,patent_cpc_code,1,85904334
patent::85904334,cpc_code::C25B-001/04,patent_cpc_code,1,85904334
patent::85904334,cpc_code::C25B-001/044,patent_cpc_code,1,85904334
patent::85904334,cpc_code::C25B-001/27,patent_cpc_code,1,85904334
patent::85904334,cpc_code::C25B-001/30,patent_cpc_code,1,85904334
patent::85904334,cpc_code::C25B-003/02,patent_cpc_code,1,85904334
patent::85904334,cpc_code::C25B-003/04,patent_cpc_code,1,85904334
patent::85904334,cpc_code::C25B-003/07,patent_cpc_code,1,85904334
patent::85904334,cpc_code::C25B-003/09,patent_cpc_code,1,85904334
patent::85904334,cpc_code::C25B-003/23,patent_cpc_code,1,85904334
patent::85904334,ipc_group::C25B,patent_ipc_group,1,85904334
patent::85904334,ipc_group::H01M,patent_ipc_group,1,85904334
patent::85904334,ipc_code::C25B-001/01,patent_ipc_code,1,85904334
patent::85904334,ipc_code::C25B-001/02,patent_ipc_code,1,85904334
patent::85904334,ipc_code::C25B-001/04,patent_ipc_code,1,85904334
patent::85904334,ipc_code::C25B-001/23,patent_ipc_code,1,85904334
patent::85904334,ipc_code::C25B-001/27,patent_ipc_code,1,85904334
patent::85904334,ipc_code::C25B-001/30,patent_ipc_code,1,85904334
patent::85904334,ipc_code::C25B-003/03,patent_ipc_code,1,85904334
patent::85904334,ipc_code::C25B-003/07,patent_ipc_code,1,85904334
patent::85904334,concept::ACTIVE SPECIES,patent_concept,1,85904334
patent::85904334,concept::ACTIVE SPECIES REDOX REACTION,patent_concept,1,85904334
patent::85904334,concept::CATALYSIS,patent_concept,1,85904334
patent::85904334,concept::CATALYZING ELECTROCHEMICAL REDOX REACTION,patent_concept,1,85904334
patent::85904334,country::US,patent_country,1,85904334
patent::85904334,country::NZ,patent_country,1,85904334
patent::85904334,priority_year::2018,patent_priority_year,1,85904334
patent::85904334,legal_state::ALIVE,patent_legal_state,1,85904334
patent::85904334,focus::Non-noble candidate,patent_focus,1,85904334
patent::113559831,assignee::TOSHIBA,patent_assignee,1,113559831
patent::113559831,domain::Chemical engineering,patent_domain,1,113559831
patent::113559831,"domain::Electrical machinery, apparatus, energy",patent_domain,1,113559831
patent::113559831,"domain::Surface technology, coating",patent_domain,1,113559831
patent::113559831,cpc_group::C25B,patent_cpc_group,1,113559831
patent::113559831,cpc_group::Y02E,patent_cpc_group,1,113559831
patent::113559831,cpc_code::C25B-001/02,patent_cpc_code,1,113559831
patent::113559831,cpc_code::C25B-001/04,patent_cpc_code,1,113559831
patent::113559831,cpc_code::C25B-001/23,patent_cpc_code,1,113559831
patent::113559831,cpc_code::C25B-001/27,patent_cpc_code,1,113559831
patent::113559831,cpc_code::C25B-003/03,patent_cpc_code,1,113559831
patent::113559831,cpc_code::C25B-003/07,patent_cpc_code,1,113559831
patent::113559831,cpc_code::C25B-003/26,patent_cpc_code,1,113559831
patent::113559831,cpc_code::C25B-009/19,patent_cpc_code,1,113559831
patent::113559831,cpc_code::C25B-009/23,patent_cpc_code,1,113559831
patent::113559831,cpc_code::C25B-009/70,patent_cpc_code,1,113559831
patent::113559831,ipc_group::B01J,patent_ipc_group,1,113559831
patent::113559831,ipc_group::C25B,patent_ipc_group,1,113559831
patent::113559831,ipc_group::H01M,patent_ipc_group,1,113559831
patent::113559831,ipc_code::B01J-035/57,patent_ipc_code,1,113559831
patent::113559831,ipc_code::C25B-001/02,patent_ipc_code,1,113559831
patent::113559831,ipc_code::C25B-001/04,patent_ipc_code,1,113559831
patent::113559831,ipc_code::C25B-001/23,patent_ipc_code,1,113559831
patent::113559831,ipc_code::C25B-001/27,patent_ipc_code,1,113559831
patent::113559831,ipc_code::C25B-003/03,patent_ipc_code,1,113559831
patent::113559831,ipc_code::C25B-003/07,patent_ipc_code,1,113559831
patent::113559831,ipc_code::C25B-003/26,patent_ipc_code,1,113559831
patent::113559831,concept::ANDAN ELECTROLYTE MEMBRANE,patent_concept,1,113559831
patent::113559831,concept::CATALYST LAYER,patent_concept,1,113559831
patent::113559831,concept::CATALYST LAYER SURFACE,patent_concept,1,113559831
patent::113559831,concept::ELECTRODE,patent_concept,1,113559831
patent::113559831,country::JP,patent_country,1,113559831
patent::113559831,priority_year::2023,patent_priority_year,1,113559831
patent::113559831,legal_state::ALIVE,patent_legal_state,1,113559831
patent::113559831,focus::MEA,patent_focus,1,113559831
patent::113559831,focus::Non-noble candidate,patent_focus,1,113559831
