id,title,year,priority_year,publication_year,assignees,domains,cpc_groups,cpc_codes,ipc_groups,ipc_codes,concepts,countries,legal_state,focus
103674986,Use of a porous recycling layer for co2 electroreduction to multicarbon products with high conversion efficiency,2021,2021,2025,UNIVERSITY OF TORONTO,"Electrical machinery, apparatus, energy; Materials, metallurgy; Surface technology, coating",C25B; H01M,C25B-003/03; C25B-003/07; C25B-003/26; C25B-009/23; C25B-011/032; C25B-011/081; C25B-013/02; C25B-015/087; H01M-004/86/05; H01M-004/86/57,C01G; C25B; H01M,C01G-003/00; C01G-005/00; C25B-003/03; C25B-003/07; C25B-003/26; C25B-009/23; C25B-011/032; C25B-011/081,BIPOLAR MEMBRANE ELECTRODE ASSEMBLY; CONVERSION EFFICIENCY; MEMBRANE ELECTRODE ASSEMBLY; MULTICARBON PRODUCT; MULTILAYER CATHODE,US; CA,ALIVE,MEA; AEM; Non-noble candidate; GDE
69060627,Iron-based catalyst for selective electrochemical reduction of CO2 into CO,2013,2013,2016,CNRS; UNIVERSITE PARIS CITE / PARIS DIDEROT,"Surface technology, coating",C25B,C25B-001/00; C25B-001/23; C25B-009/06; C25B-009/17,C25B,C25B-009/17,CO2 ELECTROCHEMICAL REDUCTION; IRON CATALYST; FORMULA PORPHYRIN; GASEOUS CO2; UNDESIRED BYPRODUCT,US; FR,ALIVE,Non-noble candidate
69208275,Iron-based catalyst for selective electrochemical reduction of CO2 into CO,2013,2013,2015,CNRS; UNIVERSITE PARIS CITE / PARIS DIDEROT,Organic fine chemistry,,,C07F,C07F-015/02,CO2 ELECTROCHEMICAL REDUCTION; IRON CATALYST; FORMULA PORPHYRIN; GASEOUS CO2; IRON PORPHYRIN CATALYST; GASEOUS CO2 SOURCE; ELECTROLYTE SOLUTION; IRON PORPHYRIN; CARBON CRUCIBLE; FE TDHPP CATALYST,AU,DEAD,Non-noble candidate
73827816,Selective porphyrin-catalyzed electrochemical reduction of co2 into co in water,2015,2015,2020,CNRS; UNIVERSITE PARIS CITE / PARIS DIDEROT,"Chemical engineering; Materials, metallurgy; Organic fine chemistry; Surface technology, coating",C07F; C25B; Y02E,C07F-015/02/5; C25B-001/00; C25B-001/04; C25B-001/10; C25B-009/08; C25B-009/19; C25B-009/73; C25B-011/04/05; C25B-011/04/15; C25B-011/04/89,B01J; C01B; C07D; C07F; C25B,B01J-031/22; C01B-032/40; C07D-487/22; C07F-015/02; C25B-009/19,AQUEOUS SOLUTION; AQUEOUS SOLUTION PH; CATALYST; CATALYST ELECTROCHEMICAL REDUCTION; CO H; FORMULA PORPHYRIN; GAS PRODUCTION,EP; FR,ALIVE,Non-noble candidate
68986421,Iron-based catalyst for selective electrochemcial reduction of co2 into co,2013,2013,2015,CNRS; UNIVERSITE PARIS CITE / PARIS DIDEROT,"Chemical engineering; Surface technology, coating",B01J; C25B,B01J-031/18/15; B01J-2231/625; B01J-2531/025; B01J-2531/842; C25B-001/00; C25B-011/043,B01J; C25B,B01J-031/22; C25B-001/00,CO2 ELECTROCHEMCIAL REDUCTION; ELECTROCHEMCIAL REDUCTION; IRON CATALYST; CO2 ELECTROCHEMICAL REDUCTION; FORMULA PORPHYRIN; GASEOUS CO2; IRON PORPHYRIN CATALYST; GASEOUS CO2 SOURCE; ELECTROLYTE SOLUTION; IRON PORPHYRIN,CA; FR,DEAD,Non-noble candidate
93504955,Method and device for the production of carbon monoxide,2019,2019,2025,FORSCHUNGSZENTRUM JUELICH,"Materials, metallurgy; Surface technology, coating",C25B; Y02E; Y02P,C25B-001/00; C25B-001/02; C25B-001/042; C25B-001/23; C25B-001/50; C25B-009/23; C25B-009/67; C25B-015/021; C25B-015/08; C25B-015/083,C01B; C25B,C01B-032/40; C25B-001/00; C25B-001/02; C25B-001/042; C25B-001/23; C25B-001/50; C25B-009/00; C25B-009/19,CARBON MONOXIDE PRODUCTION; HUMIDIFIED EDUCT GAS; HUMIDIFIED REACTANT GAS; PRODUCING CARBON MONOXIDE,DE; NL,ALIVE,Non-noble candidate
105555372,Process for CO2 reduction to CO of natural gas,2023,2023,2023,SHANGHAI JIAO TONG UNIVERSITY,"Basic materials chemistry; Surface technology, coating",C10L; C25B; Y02A,C10L-003/10/4; C25B-001/23; C25B-001/50; C25B-011/032; C25B-011/052; C25B-011/065; C25B-011/085; Y02A-050/20,C10L; C25B,C10L-003/10; C25B-001/23; C25B-001/50; C25B-011/032; C25B-011/052; C25B-011/065; C25B-011/085,NATURAL GAS; REDUCTION; COBALT PHTHALOCYANINE CATALYST INK; POTENTIOSTAT; POTASSIUM BICARBONATETHE SOLUTION; COBALT PHTHALOCYANINE; GAS DIFFUSION ELECTROCHEMICAL REACTOR; ELECTROLYTE; COUNTER ELECTRODE; POLYTETRAFLUOROETHYLENE MODIFIED CARBON PAPER,CN,ALIVE,Non-noble candidate; GDE
78510702,"Selective porphyrin-catalyzed electrochemical reduction of co2 into co, in particular in water",2016,2016,2020,CNRS; UNIVERSITE PARIS CITE / PARIS DIDEROT,"Chemical engineering; Materials, metallurgy; Organic fine chemistry; Surface technology, coating",B01J; C01B; C07D; C07F; C25B; Y02E,B01J-031/18/15; B01J-2231/625; B01J-2531/025; B01J-2531/842; C01B-032/40; C07D-487/22; C07F-015/02/5; C25B-001/00; C25B-001/01; C25B-001/04,B01J; C01B; C07D; C07F; C25B,B01J-031/18; C01B-032/40; C07D-487/22; C07F-015/02; C25B-001/00; C25B-011/12,FORMULA PORPHYRIN; FORMULA RPHYRIN; IRON; PORPHYRIN CATALYZED ELECTROCHEMICAL REDUCTION; CATHODE COMPARTMENT,EP; FR; US,ALIVE,Non-noble candidate
64469752,Process for production of high purity carbon monoxide,2012,2012,2021,TOPSOE,"Materials, metallurgy; Organic fine chemistry; Surface technology, coating",C07C; C25B; Y02E,C07C-051/10; C25B-001/00; C25B-001/02; C25B-001/23; C25B-009/05; C25B-009/18; C25B-009/70; Y02E-060/36,C01B; C07C; C25B,C01B-032/40; C07C-051/10; C25B-001/02; C25B-001/23; C25B-003/25; C25B-009/18; C25B-009/70,CO2 ELECTROLYSIS; ELECTROLYZER EFFLUENT; GAS SEPARATION; METHANEDIONE CO2IN; METHANEDIONE ELECTROLYSIS,WO; DK; SE,ALIVE,Non-noble candidate
71292352,Porphyrin molecular catalysts for selective electrochemical reduction of co2 into co,2014,2014,2020,CNRS; UNIVERSITE PARIS CITE / PARIS DIDEROT,"Chemical engineering; Materials, metallurgy; Organic fine chemistry; Surface technology, coating",B01J; C01B; C07D; C07F; C25B,B01J-031/18/3; B01J-2231/62; B01J-2531/025; B01J-2531/842; C01B-031/18; C01B-032/40; C07D-487/22; C07F-015/02/5; C25B-001/00; C25B-009/00,B01J; C01B; C07D; C07F; C25B,B01J-031/22; B01J-037/34; C01B-032/40; C07D-487/22; C07F-015/02; C25B-003/04; C25B-003/25,ALKYL; CATALYST MOLECULE; CO2 ELECTROCHEMICAL REDUCTION,EP; FR,ALIVE,Non-noble candidate
112883886,Low temperature electrochemical production of carbon monoxide,2023,2023,2025,UTILITY GLOBAL,"Surface technology, coating",C25B,C25B-001/23; C25B-005/00; C25B-009/19; C25B-009/23; C25B-011/042; C25B-011/052; C25B-011/077; C25B-013/05; C25B-013/07,C25B,C25B-001/23; C25B-003/26; C25B-009/015; C25B-009/19; C25B-011/042; C25B-013/07; C25B-015/02,ELECTROCHEMICAL REACTOR; TEMPERATURE ELECTROCHEMICAL PRODUCTION; ELECTRICITY; LIQUEFACTION EXTENT,US,ALIVE,Non-noble candidate
83691812,Synthesis gas production system,2017,2017,2022,CHIYODA,"Chemical engineering; Environmental technology; Materials, metallurgy; Surface technology, coating",B01D; B01J; C01B; C25B; Y02E; Y02P,B01D-053/14/25; B01D-053/14/75; B01D-053/18; B01D-053/32/6; B01J-027/232; B01J-031/12; C01B-003/02; C01B-003/56; C01B-032/40; C25B-001/04,B01D; B01J; C01B; C25B,B01D-053/14; B01D-053/18; B01J-027/232; B01J-031/12; C01B-003/02; C01B-003/56; C01B-032/40; C25B-001/00,AQUEOUS SOLUTION; CATHODE CHAMBER; ELECTROLYTIC REDUCTION,JP,ALIVE,AEM; Non-noble candidate
92423180,Method for preparing carbon monoxide by electrochemical reduction of carbon dioxide,2019,2019,2021,SINOPEC; ZHEJIANG UNIVERSITY,"Surface technology, coating",C25B,C25B-001/00,C25B,C25B-001/23; C25B-009/19; C25B-011/032; C25B-011/091,GOLD BIMETAL; METHANEDIONE ELECTROCHEMICAL REDUCTION; CATHODE CHAMBER; ELECTROCHEMICAL REDUCTION CATALYST; ELECTROCHEMICAL POOL REACTOR; METHANEDIONE ELECTROCHEMICAL REDUCTION CATALYST; SUPPORTED GOLD BIMETAL; MULTIWALLED CARBON NANOTUBE; PLATINUM ELECTRODE,CN,ALIVE,Non-noble candidate; GDE
79681795,System and process for the production of renewable fuels and chemicals,2015,2015,2020,DIOXIDE MATERIALS,"Basic materials chemistry; Chemical engineering; Organic fine chemistry; Surface technology, coating",B01J; C07C; C10G; C25B; Y02E; Y02P,B01J-019/24/5; B01J-029/40; B01J-029/85; B01J-035/10/19; B01J-035/615; C07C-001/04/05; C07C-001/04/1; C07C-001/20; C07C-029/151/8; C07C-029/152,B01J; C07C; C10G; C25B,B01J-019/24; B01J-021/04; B01J-023/80; B01J-023/882; B01J-029/40; B01J-029/85; B01J-035/10; C07C-001/04,CO2 ELECTROLYTIC TANK; CO2 ELECTROLYZER; CYCLICAL AMINE GROUP; ELECTROLYSIS; ELECTROLYTIC TANK; ELECTROLYZER2INTO FUEL; ETHENYLBENZENE; METHANEDIONE ELECTROLYZER; POSITIVE CHARGE,US,ALIVE,MEA; AEM; Non-noble candidate; GDE
105036941,Variable-frequency microwave-based biomass charcoal reduction CO2Method for producing CO,2023,2023,2024,INSTITUTE OF CHEMICAL INDUSTRY OF FOREST PRODUCTS CHINESE ACADEMY OF FORESTRY; NANJING FORESTRY UNIVERSITY,"Materials, metallurgy",C01B,C01B-032/40,C01B,C01B-032/40,BIOMASS; BIOMASS CHARCOAL; REDUCING; REDUCTION; REDUCTION CO2METHOD; VARIABLE FREQUENCY; VARIABLE FREQUENCY MICROWAVE BIOMASS; MICROWAVE FREQUENCY,CN,ALIVE,Non-noble candidate
102708989,"Co2 electrolysis device, and method for manufacturing co2 electrolysis product",2021,2021,2026,IDEMITSU KOSAN; TAKAHATA PRECISION; UNIVERSITY OF YAMANASHI,"Surface technology, coating",C25B,C25B-001/04; C25B-001/23; C25B-003/25; C25B-003/26; C25B-009/00; C25B-009/23; C25B-009/73; C25B-011/04; C25B-011/054; C25B-013/08,C25B,C25B-001/23; C25B-009/00; C25B-009/23; C25B-011/04; C25B-011/054; C25B-011/061; C25B-011/075; C25B-011/089,CO2 ELECTROLYSIS; CO2 ELECTROLYSIS PRODUCT; CONDUCTIVE FILM; ELECTROLYSIS; ELECTROLYTIC PRODUCT PRODUCTION; MANUFACTURING CO2 ELECTROLYSIS PRODUCT,JP,ALIVE,MEA; AEM; Non-noble candidate
107376902,Improved co2 to co conversion method and system,2022,2022,2025,D CRBN,"Chemical engineering; Environmental technology; Materials, metallurgy",B01J; C01B,B01J-004/00/4; B01J-004/00/7; B01J-008/00/15; B01J-008/18/27; B01J-008/42; B01J-015/00; B01J-019/00/6; B01J-019/00/66; B01J-019/08/8; B01J-019/18/81,B01D; B01J; C01B,B01D-053/62; B01J-004/00; B01J-008/00; B01J-008/18; B01J-008/42; B01J-015/00; B01J-019/00; B01J-019/08,CONVERSION; CONVERTING; CONVERTING CO2; EXTRACTED PRODUCT GAS; PLASMA JET GENERATOR; SEPARATION; UPSCALING PLASMA REACTOR; PROBLEMATICAL SOOT DEPOSITION,BE,ALIVE,Non-noble candidate
44789699,On Demand Carbon Monoxide Generator For Therapeutic and Other Applications,2011,2011,2013,DIOXIDE MATERIALS,"Surface technology, coating",C25B,C25B-001/00; C25B-001/23; C25B-009/00,C25B,C25B-009/00,CARBON MONOXIDE GENERATOR; CHEMICAL LABORATORY; HELPER CATALYST; THERAPEUTIC USE; TETRAFLUOROBORANUIDE ANION; POISONING UNDESIRED REACTION; METHANEDIONE SOURCE; CONVERT METHANEDIONE; HYDROGEN SUPPRESSOR; METHANEDIONE,US,DEAD,Non-noble candidate
106145261,"Electrochemical cell, and carbonyl compound production method",2022,2022,2026,SEKISUI CHEMICAL,"Surface technology, coating",C25B,C25B-001/23; C25B-003/07; C25B-003/20; C25B-003/23; C25B-003/29; C25B-009/17; C25B-011/052; C25B-011/065; C25B-011/081; C25B-011/085,C25B,C25B-001/23; C25B-003/07; C25B-003/20; C25B-003/23; C25B-003/26; C25B-003/29; C25B-009/00; C25B-009/17,CARBONYL COMPOUND; CARBONYL COMPOUND PRODUCTION; CARBONYL COMPOUND PRODUCTION METHOD; ELECTROCHEMICAL CELL ELECTROLYTIC COMPARTMENT; PRODUCING CARBONYL; PRODUCTION METHOD; REDOX ION; ELECTROLYTE SOLUTION; REAGENT,US; JP,ALIVE,Non-noble candidate
100674664,An improved method for operation of a solid oxide electrolysis cell in carbon dioxide electrolysis,2020,2020,2026,TOPSOE,"Materials, metallurgy; Surface technology, coating",C25B; Y02E,C25B-001/23; C25B-001/50; C25B-003/26; C25B-009/73; C25B-013/07; C25B-015/02; C25B-015/027; C25B-015/08; C25B-015/083; C25B-015/085,C01B; C25B,C01B-032/40; C25B-001/23; C25B-001/50; C25B-003/26; C25B-009/73; C25B-013/07; C25B-015/02; C25B-015/027,BOUDOUARD MARGIN; CARBON DIOXIDE ELECTROLYSIS; CO2 ELECTROLYSIS,EP; DK; EE; SE,ALIVE,Non-noble candidate
112473551,(WO2024/245943) System and process for converting carbon dioxide into carbon monoxide,2023,2023,2024,AVANTIUM KNOWLEDGE CENTRE,"Surface technology, coating",C25B,C25B-001/23; C25B-015/02; C25B-015/021; C25B-015/08; C25B-015/087,C25B,C25B-001/23; C25B-015/02; C25B-015/021; C25B-015/08,CONVERTING CARBON DIOXIDE; ELECTROLYTIC SOLUTION; FEEDING ELECTROLYTE; REACTION CHAMBER; ELECTROLYTE FLOW; GAS INLET; CO2 CONVERSION; MIXING CHAMBER; DISSOLVING CARBON DIOXIDE; DISSOLVING TANK,EP; NL,ALIVE,Non-noble candidate
72753605,System and method for selective electrochemical reduction of carbon dioxide employing an anodized silver electrode,2014,2014,2017,TOYOTA MOTOR,"Environmental technology; Surface technology, coating",C25B; Y02E,C25B-001/00; C25B-011/04/05; C25B-011/04/15; C25B-011/04/73; C25B-011/051; C25B-011/057; C25B-011/081; Y02E-060/36,B01D; C25B; C25D,B01D-053/62; B01D-053/77; C25B-001/00; C25B-001/10; C25B-011/04; C25B-011/08; C25B-015/08; C25D-011/34,ANODIZED SILVER COMPONENT; ANODIZED SILVER ELECTRODE; ELECTROCHEMICALLY REDUCING METHANEDIONE; METHANEDIONE ELECTROCHEMICAL REDUCTION,US,DEAD,Non-noble candidate
114398668,Cu—Co-containing electrode and method of use,2023,2023,2025,UTILITY GLOBAL,"Surface technology, coating",C25B; Y02E,C25B-001/00; C25B-001/02; C25B-001/04; C25B-001/042; C25B-001/23; C25B-003/26; C25B-009/17; C25B-009/23; C25B-011/04; C25B-011/077,C25B,C25B-001/02; C25B-001/04; C25B-001/042; C25B-001/23; C25B-003/26; C25B-009/015; C25B-011/04; C25B-011/077,COCONTAINING ELECTRODE; DOPED LANTHANUM CHROMITE; ELECTRODE; HYDROGEN; LST COMPOSITE; PRODUCING CARBON MONOXIDE,US,ALIVE,Non-noble candidate
112473553,(WO2024/245947) System and process for converting carbon dioxide into carbon monoxide,2023,2023,2024,AVANTIUM KNOWLEDGE CENTRE,"Surface technology, coating",C25B,C25B-001/23; C25B-015/02; C25B-015/021; C25B-015/08; C25B-015/083; C25B-015/087,C25B,C25B-001/23; C25B-015/02; C25B-015/021; C25B-015/08,CONVERTING CARBON DIOXIDE; ELECTROLYTIC SOLUTION; FEEDING ELECTROLYTE; REACTION CHAMBER; CHAMBER SEPARATION; ELECTROLYTE FLOW; EXTRACTING GAS PRODUCTION; DISSOLVING CARBON DIOXIDE; ELECTROLYTE; DISSOLVED CARBON DIOXIDE,EP; NL,ALIVE,Non-noble candidate
113958355,Electrochemical cox reduction and hydrogen oxidation reactor,2023,2023,2025,TWELVE,"Organic fine chemistry; Surface technology, coating",C10G; C25B; Y02E,C10G-002/32; C25B-001/04; C25B-001/044; C25B-001/23; C25B-003/03; C25B-003/07; C25B-003/26; C25B-015/081; Y02E-060/36,C07C; C25B,C07C-001/04; C25B-001/04; C25B-001/044; C25B-001/23; C25B-003/03; C25B-003/07; C25B-003/26,CARBON PRODUCTION; ELECTROCHEMICAL COX REDUCTION; HYDROGEN OXIDATION REACTOR; LIQUID HYDROCARBON PRODUCTION; CO2 ELECTROLYZER; ELECTROLYZER,US; CA,ALIVE,AEM; Non-noble candidate; GDE
92565798,Improvements in electrochemical reduction of carbon dioxide,2020,2020,2024,UNIVERSITY OF LIVERPOOL,"Chemical engineering; Electrical machinery, apparatus, energy; Surface technology, coating",B01J; C25B; H01M,B01J-023/34; B01J-023/755; B01J-031/16; B01J-031/18/2; B01J-031/20; B01J-2231/625; B01J-2531/72; B01J-2531/847; B01J-2540/68; C25B-001/23,B01J; C25B; H01M,B01J-023/34; B01J-023/755; B01J-031/16; C25B-001/23; C25B-003/26; C25B-009/19; C25B-009/23; C25B-011/031,CATALYST MOLECULE; GAS DIFFUSION ELECTRODE; NICKEL CATALYST MOLECULE; MANGANESE CATALYST MOLECULE; CI CS ALKENYL GROUP,GB,ALIVE,AEM; Non-noble candidate; GDE
83693059,Binary alloys and oxides thereof for electrocatalytic reduction of carbon dioxide,2017,2017,2025,PRINCETON UNIVERSITY,"Surface technology, coating",C25B,C25B-003/04; C25B-003/07; C25B-003/25; C25B-003/26; C25B-009/06; C25B-009/17; C25B-011/04/78; C25B-011/052; C25B-011/089; C25B-011/091,C25B,C25B-003/07; C25B-003/25; C25B-003/26; C25B-003/29; C25B-011/052; C25B-011/089; C25B-011/091,BINARY ALLOY; CARBON DIOXIDE ELECTROCATALYTIC REDUCTION,US,ALIVE,Non-noble candidate
115631039,Development of a photostable manganese(carbonyl)(polypyridyl) complex for electrocatalytic reduction of pure and flue ga...,2024,2024,2026,INDIAN INSTITUTE OF TECHNOLOGY BOMBAY,Pharmaceuticals,,,A61K; A61P; C07F,A61K-033/32; A61P-009/12; A61P-035/00; C07F-013/00,4 TRIAZOLE PYRIDINE; AQUEOUS MEDIUM; CATHODE MATERIAL; ELECTROCATALYTIC REDUCTION; ELECTROCHEMICAL CATALYST; FLUE GAS; GRAPHENE OXIDE; HYBRID MATERIAL,IN,ALIVE,Non-noble candidate
116244461,Electrochemical system and method for producing carbonyl compound,2024,2024,2025,SEKISUI CHEMICAL,"Surface technology, coating",,,C25B,C25B-001/23; C25B-009/00; C25B-015/02; C25B-015/08,CARBONYL COMPOUND PRODUCTION; ELECTROLYTE SOLUTION; CIRCULATION PATH; ALCOHOL COMPOUND; ELECTROLYTE; DISCHARGE PATH; PURIFICATION; DISCHARGING ELECTROLYTE SOLUTION; SYNTHESIS ELECTROLYTE; TETRAKIS TRIPHENYLPHOSPHINE PALLADIUM,JP,ALIVE,Non-noble candidate
83256656,Co-electrolysis cell design for efficient co2 reduction from gas phase at low temperature,2017,2017,2025,PAUL SCHERRER INSTITUTE,"Electrical machinery, apparatus, energy; Surface technology, coating",C25B; H01M; Y02E,C25B-001/00; C25B-001/04; C25B-001/23; C25B-003/03; C25B-003/04; C25B-003/07; C25B-003/25; C25B-003/26; C25B-009/10; C25B-009/21,C25B; H01M,C25B-001/00; C25B-001/23; C25B-003/03; C25B-003/07; C25B-003/25; C25B-003/26; C25B-009/21; C25B-009/23,ANION EXCHANGE IONOMER; CARBON DIOXIDE REDUCTION; CELL; COELECTROLYSIS CELL,EP; CH,ALIVE,MEA; AEM; Non-noble candidate; GDE
109766128,In-situ modification method of silver catalyst and application of silver catalyst in preparation of CO by electrically r...,2023,2023,2024,ZHEJIANG BAIMA LAKE LABORATORY; ZHEJIANG TIANDI ENV PROT TECHNOLOGY,"Materials, metallurgy; Micro-structure and nano-technology; Surface technology, coating",B22F; B82Y; C25B,B22F-001/0545; B22F-001/145; B82Y-030/00; B82Y-040/00; C25B-001/23; C25B-011/081,B22F; B82Y; C25B,B22F-001/0545; B22F-001/145; B82Y-030/00; B82Y-040/00; C25B-001/23; C25B-011/081,CO2 ELECTRIC REDUCTION; ELECTRICAL REDUCTION; ON SITE MODIFICATION; SILVER CATALYST; MEMBRANE ELECTRODE REACTOR; CATHODE CATALYST INK; RICH RESERVE; CHEAP PRICE; DISPERSING SILVER NANO PARTICLE; ANODE CATALYST INK,CN,ALIVE,Non-noble candidate; GDE
94627563,Electrically heated carbon monooxide reactor,2019,2019,2026,TOPSOE,"Basic materials chemistry; Chemical engineering; Materials, metallurgy; Organic fine chemistry",B01J; C01B; C10K; Y02P,B01J-008/02/14; B01J-008/02/85; B01J-012/00/5; B01J-012/00/7; B01J-019/00/53; B01J-019/18/12; B01J-2208/00398; B01J-2208/00415; B01J-2208/00495; B01J-2219/00135,B01J; C01B; C07C; C10K; C10L,B01J-008/02; B01J-012/00; B01J-019/00; B01J-019/08; B01J-019/18; B01J-023/86; C01B-003/16; C01B-032/40,CARBON MONOOXIDE; CARBON MONOOXIDE REACTOR; CARBON MONOXIDE REACTOR; FEEDSTOCK,EP; DK,ALIVE,Non-noble candidate
92464691,"Iron and cobalt molecular complexes for the selective electrochemical reduction of co2 into co, with flow cells",2019,2019,2025,AIR LIQUIDE; CNRS; UNIVERSITE PARIS CITE / PARIS DIDEROT,"Surface technology, coating",C25B,C25B-001/04; C25B-001/23; C25B-009/19; C25B-009/73; C25B-011/04; C25B-011/095,C25B,C25B-001/00; C25B-001/04; C25B-001/23; C25B-009/19; C25B-009/73; C25B-011/04; C25B-011/095,CATHODE ELECTROLYTE; CATHODE ELECTROLYTE SOLUTION; CELL; CO2 ELECTROCHEMICAL REDUCTION; COBALT MOLECULAR COMPLEX; FLOW CELL ELECTROLYZER,EP; FR; DE,ALIVE,AEM; Non-noble candidate; GDE
71965537,(KR10-1599918) System generating synthesis gas,2014,2014,2016,DONG EUI UNIVERSITY INDUSTRY ACADEMIC COOPERATIONFOUNDATION; UNIST,"Surface technology, coating",C25B,C25B-001/044; C25B-003/25; C25B-009/17,C25B,C25B-003/25,FISCHER TROPSCH SYNTHESIS REACTOR; HYDROGEN; REMAINDER; SOLID OXIDE; SYNGA; SYNGA GENERATION,KR,ALIVE,Non-noble candidate
103030257,Zinc-based catalyst for electrochemical reduction of carbon dioxide as well as preparation method and application of zin...,2022,2022,2022,XIAN JIAOTONG UNIVERSITY,"Materials, metallurgy; Surface technology, coating",B22F; C25B; C25D,B22F-001/0553; C25B-001/23; C25B-011/04; C25D-011/02,B22F; C25B; C25D,B22F-001/054; C25B-001/23; C25B-011/04; C25D-011/02,ZINC CATALYST; AG AGCL ELECTRODE; ELECTROCHEMICALLY REDUCING CARBON DIOXIDE; ZINC NANOSHEET; HEXAGONAL METAL ZINC NANOSHEET; LAYERED STACK; ZINC CATALYST STABILITY; ZINC OXIDE ELECTRODE; ZINC SHEET; OXIDE ELECTRODE,CN,ALIVE,Non-noble candidate
115708489,(WO2025/175083) High performance electrochemical reduction of carbon dioxide to carbon monoxide,2024,2024,2025,JOHNS HOPKINS UNIVERSITY,"Electrical machinery, apparatus, energy; Surface technology, coating",C25B; C25D,C25B-001/23; C25B-011/032; C25B-011/052; C25B-011/065; C25B-011/089; C25D-003/56/5,C25B; H01M,C25B-011/032; C25B-011/046; C25B-011/065; C25B-011/091; H01M-004/04; H01M-004/88; H01M-004/90,ELECTRODEPOSITING INTERMETALLIC CUZN; GAS DIFFUSION ELECTRODE; MEMBRANE ELECTRODE ASSEMBLY; PERFORMANCE ELECTROCHEMICAL REDUCTION; SUBSTRATE; ORDERED INTERMETALLIC CUZN; ORDERED INTERMETALLIC CUZ; INTERMETALLIC CUZIU CATALYST; ORDERED INTERMETALLIC CUZN LAYER; INTERMETALLIC CUZRU CATALYST,US,ALIVE,MEA; Non-noble candidate; GDE
104791873,Electrochemical cells for the reduction of carbon dioxide,2023,2023,2026,UNIVERSITY OF LIVERPOOL,"Surface technology, coating",C25B; Y02E,C25B-001/00; C25B-001/10; C25B-001/23; C25B-003/04; C25B-009/08; C25B-009/10; C25B-009/23; C25B-011/032; C25B-011/04/05; C25B-011/04/47,C25B,C25B-001/23; C25B-009/23; C25B-011/032; C25B-011/085,CARBON DIOXIDE REDUCTION; CATALYST MOLECULE; REDUCING CARBON DIOXIDE; ION EXCHANGE MEMBRANE; ORGANIC LIGAND,GB,ALIVE,AEM; Non-noble candidate; GDE
96823449,Electrolysis system and electrolysis method,2020,2020,2025,IHI,"Surface technology, coating",C25B; Y02E; Y02P,C25B-001/04; C25B-001/23; C25B-009/70; C25B-009/73; C25B-009/77; C25B-013/07; C25B-015/08; Y02E-060/36; Y02P-020/133,C25B,C25B-001/04; C25B-001/23; C25B-009/00; C25B-009/23; C25B-009/70; C25B-009/73; C25B-009/77; C25B-015/02,CO ELECTROLYZER; CO2 ELECTROLYTIC DEVICE; CO2 ELECTROLYZER; COELECTROLYTIC; COELECTROLYZING; COELECTROLYZING WATER; ELECTROLYSIS,JP,ALIVE,Non-noble candidate
112046649,Method and device for preparing CO through membrane electrode CO2 electrocatalytic reduction based on pulsed alternating...,2024,2024,2024,ZHEJIANG UNIVERSITY,"Materials, metallurgy; Surface technology, coating",C01G; C23C; C25B,C01G-055/00/4; C23C-014/18/5; C23C-014/34/85; C23C-014/35; C25B-001/23; C25B-001/50; C25B-009/23; C25B-011/032; C25B-011/052; C25B-011/054,C01G; C23C; C25B,C01G-055/00; C23C-014/18; C23C-014/35; C25B-001/23; C25B-001/50; C25B-009/23; C25B-011/032; C25B-011/052,AG2METHOD; ALTERNATING CURRENT; ALTERNATING CURRENT MAGNETRON SPUTTERING; ELECTROCATALYTIC REDUCTION; MAGNETRON SPUTTERING; MEMBRANE ELECTRODE; MEMBRANE ELECTRODE REDUCTION; POROUS HYDROPHOBIC ELECTRODE; MONOATOMIC AG CATALYST; LOAD SUBSTRATE,CN,ALIVE,Non-noble candidate; GDE
104914800,All-solid electrolytic reaction device for preparing carbon monoxide by electrocatalytic reduction of carbon dioxide,2023,2023,2025,PIZHOU PAOCHE ANCIENT LIYUAN SCENIC SPOT MANAGEMENT SERVICE; SHANGHAI JIAO TONG UNIVERSITY,"Surface technology, coating",C25B,C25B-001/00; C25B-001/23; C25B-003/04; C25B-009/08; C25B-009/60; C25B-011/032; C25B-011/054; C25B-011/069,C25B,C25B-001/23; C25B-009/60; C25B-011/032; C25B-011/054; C25B-011/069,ALL SOLID ELECTROLYTIC REACTION; CARBON DIOXIDE ELECTROCATALYTIC REDUCTION; ELECTROCATALYTIC REDUCTION; SOLID ELECTROLYTIC REACTION; ANODE MACROPORE; ELECTROLYTIC REACTION,CN,ALIVE,AEM; Non-noble candidate; GDE
115347016,Carbon dioxide electrocatalytic reduction reaction device and method,2025,2025,2025,GD POWER DEVELOPMENT; GUONENG SANHE POWER GENERATION,"Surface technology, coating",C25B,C25B-001/00; C25B-001/02; C25B-001/10; C25B-003/04; C25B-009/08; C25B-009/10; C25B-011/04/05; C25B-011/04/15; C25B-011/04/73; C25B-015/08,C25B,C25B-001/23; C25B-003/07; C25B-003/26; C25B-009/23; C25B-011/032; C25B-011/081; C25B-011/089; C25B-015/08,ALKALINE ELECTROLYTE; ELECTROCATALYTIC REDUCTION REACTION; REDUCTION REACTION; ANODE ELECTROCATALYST; ELECTROLYTE SATURATION; ANODE ELECTROLYTE RUNNER; ALCOHOL SELECTIVE ELECTROCATALYST; ALKALINE ELECTROLYTE RUNNER; COGENERATION COORDINATION; SATURATED ELECTROLYTE RUNNER,CN,ALIVE,AEM; Non-noble candidate; GDE
100427008,High-efficiency magnetic field assisted electrocatalytic reduction of CO 2 Is a method of (2),2022,2022,2023,KUNMING UNIVERSITY OF SCIENCE & TECHNOLOGY,"Surface technology, coating",C25B,C25B-001/23; C25B-003/07; C25B-009/19; C25B-009/23; C25B-011/091,C25B,C25B-001/23; C25B-003/07; C25B-009/19; C25B-009/23; C25B-011/091,CO2THE REDUCTION; ELECTROCATALYTIC REDUCTION; HIGH EFFICIENCY MAGNETIC FIELD; MAGNETIC CATHODE ELECTROCATALYST; MAGNETIC FIELD; REDUCTION; INTRODUCING CO2THEN; CURIE WEISS THEOREMBELONG,CN,ALIVE,Non-noble candidate
102493599,Three-phase interface sectional type series catalytic photo-catalytic CO2Reduction device and method,2022,2022,2024,HUAZHONG UNIVERSITY OF SCIENCE & TECHNOLOGY,Environmental technology,B01D,B01D-053/62; B01D-053/86; B01D-2255/1023; B01D-2255/20707; B01D-2255/20761; B01D-2255/70; B01D-2255/802; B01D-2257/504,B01D,B01D-053/62; B01D-053/86,CATALYTIC PHOTOCATALYTIC; REDUCTION; SECTIONAL TYPE SERIES; SERIAL CATALYSIS PHOTOCATALYTIC; SERIAL CATALYTIC PHOTOCATALYTIC; THREE PHASE INTERFACE; THREE PHASE INTERFACE SECTIONAL; STAGE CATALYST,CN,ALIVE,GDE
94787837,Micro-grid energy regulation and control method,2021,2021,2021,ZHEJIANG GUOQING ENERGY TECHNOLOGY DEVELOPMENT,"Electrical machinery, apparatus, energy",H02J; Y02E; Y02P,H02J-003/28; H02J-003/388; H02J-015/50; H02J-2101/20; H02J-2101/22; H02J-2101/28; Y02E-070/30; Y02P-090/50,H02J,H02J-003/28; H02J-003/38; H02J-015/00,ENERGY REGULATION; MICROGRID ENERGY REGULATION; ABANDONING WIND PHENOMENON; MICROGRID; PRESET VOLTAGE; METHANEDIONE; HYDROGEN COMBUSTION; ABANDONMENT; METHANEDIONE EMISSION; COELECTROLYSIS,CN,DEAD,Non-noble candidate
116105015,"(WO2025/199415) Devices, systems and methods for improving co2 utilization in processes for converting co2 to fuels and ...",2024,2024,2025,DIOXIDE MATERIALS,"Surface technology, coating",C25B,C25B-001/23; C25B-009/23; C25B-009/60; C25B-009/75; C25B-009/77; C25B-011/032; C25B-011/081; C25B-013/08; C25B-015/081; C25B-015/083,C25B,C25B-009/19; C25B-009/23; C25B-011/00; C25B-013/00; C25B-015/08,CO2 UTILIZATION; CONVERTING CO2; ELECTROCHEMICAL CO2 CONVERSION; USEFUL PRODUCT; IRO NANOPARTICLE; CO2 ELECTROLYZER; ANION EXCHANGE IONOMER; AG ALLOY NANOPARTICLE; CARBON REGENERATION LAYER; CO2 CONVERSION,US,ALIVE,AEM; Non-noble candidate
104822026,Preparation method of carbon paper self-supporting PI-COF composite electrode and application of carbon paper self-suppo...,2023,2023,2023,LIAONING UNIVERSITY,"Surface technology, coating",C25B; Y02E,C25B-001/23; C25B-011/051; C25B-011/065; C25B-011/095; Y02E-060/50,C25B,C25B-001/23; C25B-011/051; C25B-011/065; C25B-011/095,CARBON PAPER; ELECTRICAL REDUCTION; ELECTRODE; PYROMELLITIC ANHYDRIDE; DISPERSING MELAMINE; REACTION KETTLE LINER; ELECTROCHEMICAL DIOXIDETHE FARADAY EFFICIENCY; MELAMINE DISPERSION; NONMETAL COMPOSITE ELECTRODE; RHE FARADAY EFFICIENCY,CN,ALIVE,Non-noble candidate
102969825,"Metal-combined thienyl organic porous polymer material, and preparation method and application thereof",2022,2022,2024,FUZHOU UNIVERSITY,"Macromolecular chemistry, polymers; Surface technology, coating",C08G; C25B,C08G-012/26; C25B-001/23; C25B-001/50; C25B-011/085,C08G; C25B,C08G-012/26; C25B-001/23; C25B-001/50; C25B-011/085,METAL BONDED THIENYL ORGANIC; METAL BOUND THIENYL ORGANIC; METAL COMBINED THIENYL ORGANIC; POROUS POLYMER MATERIAL; REDUCTION; THIENYL ORGANIC; TETRAAMINOPORPHYRIN SOLVOTHERMAL,CN,ALIVE,Non-noble candidate
112473561,(WO2024/245950) Electrochemical conversion product having reduced co2 content,2023,2023,2024,AVANTIUM KNOWLEDGE CENTRE,"Surface technology, coating",C25B,C25B-001/23; C25B-015/02; C25B-015/021; C25B-015/08; C25B-015/083; C25B-015/087,C25B,C25B-001/23; C25B-015/02; C25B-015/021; C25B-015/08,CONVERTING CARBON DIOXIDE; ELECTROCHEMICAL CONVERSION PRODUCT; ELECTROLYTIC SOLUTION; REDUCED CO2 CONTENT; FEEDING ELECTROLYTE; REACTION CHAMBER; ELECTROLYTE FLOW; TURBULENCE; ADDITIVE; DISSOLVED CARBON DIOXIDE,EP; NL,ALIVE,Non-noble candidate
93617165,"Method and electrolysis device for the production of chlorine, carbon monoxide and optionally hydrogen",2019,2019,2024,COVESTRO,"Surface technology, coating",C25B; Y02P,C25B-001/00; C25B-001/01; C25B-001/02; C25B-001/04; C25B-001/18; C25B-001/23; C25B-001/26; C25B-003/01; C25B-003/03; C25B-003/07,C25B,C25B-001/00; C25B-001/01; C25B-001/02; C25B-001/04; C25B-001/18; C25B-001/23; C25B-001/26; C25B-003/01,ALKALI CHLORIDE SOLUTION; ALKALI METAL; ALKALI METAL CARBONATE; ALKALI METAL CHLORIDE; ALKALI METAL CHLORIDE SOLUTION; ALKALI METAL HYDROGEN CARBONATE; ALKALI METAL SALT,EP; DE,ALIVE,Non-noble candidate; GDE
105156145,Integrated systems employing carbon oxide electrolysis in steel production,2021,2021,2024,TWELVE,"Materials, metallurgy; Surface technology, coating",C21B; C25B; Y02E; Y02P,C21B-005/00/1; C21B-005/06; C21B-007/00/2; C21B-013/00/73; C21B-013/02/3; C21B-013/14; C21B-2005/005; C21B-2100/22; C21B-2100/24; C21B-2100/26,C21B; C25B,C21B-005/00; C21B-005/06; C21B-007/00; C21B-013/00; C21B-013/02; C21B-013/14; C25B-001/04; C25B-001/23,CARBON OXIDE; CARBON OXIDE ELECTROLYSIS; IRON PRODUCTION; REDUCTION ELECTROLYZER,US,ALIVE,Non-noble candidate
110503287,Method for preparing phosgene through CO2 electrolysis two-step method,2023,2023,2024,WANHUA CHEMICAL GROUP,"Surface technology, coating",C25B; Y02E,C25B-001/26; C25B-001/50; C25B-009/60; C25B-011/032; C25B-011/091; Y02E-060/36,C25B,C25B-001/26; C25B-001/50; C25B-009/60; C25B-011/032; C25B-011/091,ELECTROLYSIS; ELECTROLYSIS TWO STEP; HYDROPHOBIC DIAPHRAGM; PHOSGENE; BREATHABLE DIAPHRAGM; CATHODE COEXISTENCE CHAMBER; HYDROPHOBIC FLUORINE; INDIRECT ELECTROLYSIS; FOSSIL FUEL OVERUSE; COEXISTENCE CHAMBER,CN,ALIVE,Non-noble candidate; GDE
108150520,Tubular solid oxide carbon fuel cell structure and continuous feeding method thereof,2023,2023,2024,SHAANXI COAL INDUSTRY NEW ENERGY TECHNOLOGY; XI AN UNIVERSITY OF SCIENCE & TECHNOLOGY,"Electrical machinery, apparatus, energy",H01M,H01M-008/04/089; H01M-008/04/201; H01M-008/04/753; H01M-008/22; H01M-008/24/65; H01M-2008/1293,H01M,H01M-008/04082; H01M-008/04089; H01M-008/04746; H01M-008/22; H01M-008/2465,COGENERATION; SOLID CARBON FUEL; SOLID CARBON FEEDING; BATTERY OUTPUT PERFORMANCE; CARRIER GAS; SPIRAL FEEDER; CATHODE LAYER; STABILIZED ZIRCONIA; ANODE LAYER; GASIFICATION REACTION TUBE,CN,ALIVE,Non-noble candidate
75166129,Device and method for producing synthetic gas,2015,2015,2022,ENGIE,"Basic materials chemistry; Surface technology, coating",C10L; C25B; Y02E,C10L-003/08; C10L-003/10/4; C10L-003/10/6; C25B-001/00; C25B-001/04; C25B-001/23; C25B-015/08; C25B-015/081; C25B-015/083; Y02E-060/36,C10L; C25B,C10L-003/08; C10L-003/10; C25B-001/00; C25B-001/04; C25B-015/08,ISOTHERMAL METHANATION REACTOR; SYNGA; SYNTHESIS GAS,FR,ALIVE,Non-noble candidate
73295054,A process for the preparation of ultra-high purity carbon monoxide,2014,2014,2018,TOPSOE,"Chemical engineering; Environmental technology; Materials, metallurgy; Surface technology, coating",B01D; C01B; C25B; Y02P,B01D-053/26/1; B01D-2256/22; C01B-031/18; C01B-032/40; C25B-001/00; C25B-001/23; C25B-013/04; C25B-015/08; C25B-015/083; Y02P-020/151,B01D; B01J; C01B; C25B,B01D-053/26; B01D-053/86; B01J-023/42; B01J-023/44; C01B-032/40; C25B-001/00; C25B-013/04; C25B-015/08,ELECTROLYSIS; FOOD GRADE; FOOD GRADE METHANEDIONE; METHANEDIONE,EP; DK; SE,ALIVE,Non-noble candidate
84680718,(KR10-2019-0057786) Electrochemical cell for carbon dioxide conversion,2017,2017,2019,KOREA INSTITUTE OF INDUSTRIAL TECHNOLOGY,"Materials, metallurgy; Surface technology, coating",C01B; C25B,C01B-032/40; C25B-001/00; C25B-001/01; C25B-009/08; C25B-009/19; C25B-011/03/5; C25B-011/031; C25B-011/04/1; C25B-011/055; C25B-015/08,C01B; C25B,C01B-032/40; C25B-009/19; C25B-015/08,CARBON DIOXIDE CONVERSION; INORGANIC CATALYST CARBONATION; ELECTRODE ELECTROLYTE; ELECTROLYTE; REDUCTION ELECTRODE; INORGANIC CATALYST; PHOSPHONIUM ION; QUATERNARY AMMONIUM; DEEP SEA FLOOR; USABLE CARBON MONOXIDE,KR,DEAD,Non-noble candidate; GDE
116720313,Use of silica supported metal active ingredient catalyst in electrocatalysis of carbon dioxide,2025,2025,2025,CHINA OCEAN UNIVERSITY,"Surface technology, coating",C25B,C25B-001/00; C25B-003/04; C25B-011/02; C25B-011/04/05; C25B-011/04/15; C25B-011/04/47; C25B-011/04/89,C25B,C25B-001/23; C25B-009/23; C25B-011/02; C25B-011/067; C25B-011/075; C25B-011/081,ELECTROCATALYTIC CARBON DIOXIDE; INGREDIENT CATALYST; METAL ACTIVE INGREDIENT CATALYST; SILICA; ELECTROCATALYTIC REDUCTION; CARBON DIOXIDE ELECTROCATALYTIC REDUCTION; UNMODIFIED AG SIO; ELECTROREDUCTION REACTION; CATALYTIC LAYER; COLLOID BALL,CN,ALIVE,MEA; AEM; Non-noble candidate
98164251,Bipolar membrane electrolysis method for preparing carbon monoxide by electrolyzing carbon dioxide in organic electrolyt...,2021,2021,2024,KUNMING UNIVERSITY OF SCIENCE & TECHNOLOGY,"Surface technology, coating",C25B,C25B-001/23; C25B-001/46; C25B-009/00; C25B-009/70,C25B,C25B-001/23; C25B-001/46; C25B-009/00; C25B-009/70,BIPOLAR MEMBRANE ELECTROLYSIS; BYPRODUCT; CHLORINE; CHLORINE PRODUCTION; MEMBRANE ELECTROLYSIS; METAL HYDROXIDE,CN,ALIVE,GDE
116476220,(WO2025/227021) Systems and methods for the electrosynthesis of syngas from carbonate capture liquid,2024,2024,2025,NORTHWESTERN UNIVERSITY; ARAMCO,"Materials, metallurgy; Surface technology, coating",C01B; C25B,C01B-032/40; C25B-001/23; C25B-009/19; C25B-011/032; C25B-011/052; C25B-011/054; C25B-011/069; C25B-011/095; C25B-013/02; C25B-013/08,C01B; C25B,C01B-032/40; C25B-001/02; C25B-001/23; C25B-003/26; C25B-009/17; C25B-009/40,CARBONATE; PHTHALOCYANINE CATALYST; SYNGA ELECTROSYNTHESIS; METAL PHTHALOCYANINE CATALYST; REFERENCED ENTITY PERFECT ABSENCE; ELECTROLYZER CATHOLYTE; POLYDOPAMINE COATING; CATHOLYTE; COBALT PHTHALOCYANINE CATALYST; REFERENCED ENTITY,US; SA,ALIVE,AEM; Non-noble candidate
105393249,Carbon dioxide processing equipment,2021,2021,2025,TOSHIBA,"Electrical machinery, apparatus, energy; Environmental technology; Surface technology, coating",Y02E,Y02E-060/50,B01D; C25B; H01M,B01D-053/62; B01D-053/74; C25B-001/23; C25B-005/00; C25B-009/65; C25B-015/08; H01M-008/04; H01M-008/04791,CARBON DIOXIDE ELECTROLYSIS; CARBON DIOXIDE PROCESSING; CARBON DIOXIDE PROCESSING EQUIPMENT; CARBON DIOXIDE TREATMENT; FUEL CELL; OXYGEN CARBON DIOXIDE; OXYGEN CONCENTRATION,JP,ALIVE,Non-noble candidate
104276143,Carbon dioxide trapping and electrocatalytic reduction system and method based on ionic liquid,2022,2022,2023,YANGTZE DELTA REGION INSTITUTE OF UNIVERSITY OF ELECTRONIC SCIENCE & TECHNOLOGY OF CHINA HUZHOU,Environmental technology,,,B01D,B01D-053/14; B01D-053/18,CARBON DIOXIDE CAPTURE; ELECTROCATALYTIC REACTOR; ELECTROCATALYTIC REDUCTION SYSTEM; IONIC LIQUID; ELECTROCATALYTIC REDUCTION; ELECTROCATALYTIC REACTION; ELECTROCATALYTIC REACTION MODULE; CAPTURE MODULE; ABSORBENT; ELECTROCATALYSIS REACTION MODULE,CN,ALIVE,Non-noble candidate
96729039,Coupling type pulverized coal pyrolysis and semicoke reduction CO2Apparatus and method for producing CO,2021,2021,2024,HEBEI UNIVERSITY OF SCIENCE & TECHNOLOGY; TSINGHUA UNIVERSITY,"Basic materials chemistry; Chemical engineering; Materials, metallurgy",B01J; C01B; C10B,B01J-008/18/27; B01J-008/28; B01J-008/34; B01J-008/38/6; C01B-032/40; C10B-053/04; C10B-057/00/5,B01J; C01B; C10B,B01J-008/18; B01J-008/28; B01J-008/34; C01B-032/40; C10B-053/04; C10B-057/00,COAL; COUPLED COAL; COUPLING; COUPLING FORMULA BUGGY PYROLYSIS; EQUIPMENT; PULVERIZED COAL; PULVERIZED COAL PYROLYSIS; PYROLYSIS,CN,ALIVE,Non-noble candidate
7846740,An energy generation system and method thereof,2010,2010,2019,YEDA RESEARCH & DEVELOPMENT,"Electrical machinery, apparatus, energy; Engines, pumps, turbines; Thermal processes and apparatus",F01K; F02C; H02K; Y02E,F01K-023/10; F02C-001/00; F02C-001/10; F02C-003/20; F02C-003/22; F02C-003/34; H02K-007/18; Y02E-010/46; Y02E-020/16,F01K; F02B; F02C; F02G; F02M; F03G; F22B; F23C; H02K,F01K-023/10; F02B-043/00; F02C; F02C-001/00; F02C-001/05; F02C-001/10; F02C-003/20; F02C-003/22,CO2 OUTLET GAS; COMBUSTOR; COMBUSTOR EXHAUST; ELECTRICITY GENERATION; ENERGY; ENERGY GENERATION,US; IL,ALIVE,Non-noble candidate
107278856,Carbon dioxide electrolysis operation mode,2022,2022,2025,SIEMENS ENERGY,"Surface technology, coating",C25B,C25B-001/23; C25B-003/03; C25B-003/07; C25B-003/26; C25B-009/05; C25B-009/19; C25B-009/23; C25B-011/032; C25B-011/081; C25B-015/023,C25B,C25B-001/23; C25B-003/03; C25B-003/07; C25B-003/26; C25B-009/05; C25B-009/19; C25B-009/23; C25B-011/032,CO2RR; CO2RR ELECTROCHEMICAL CELL; ELECTROLYSIS OPERATION MODE; GASEOUS CO2,EP; US; DE,ALIVE,AEM; Non-noble candidate; GDE
55016601,(WO2012/077199) Mixed gas production device and mixed gas production system,2010,2010,2012,TOYOTA MOTOR,"Materials, metallurgy; Surface technology, coating",C25B; Y02E,C25B-001/00; C25B-001/04; Y02E-060/36,C01B; C25B,C01B-003/02; C25B-003/25,ELECTROLYTE SOLUTION TANK; GAS PRODUCTION; MIXED GAS PRODUCTION; GAS GENERATION; MIXED GAS GENERATION; PROTON REDUCTION CATHODE; AQUEOUS KHCO; DISPOSABLE FUEL; ELECTROLYTE SOLUTION; PROTON REDUCTION,WO; JP,DEAD,Non-noble candidate
117641010,COF material loaded transition metal catalytic material and preparation method and application thereof,2025,2025,2026,YANGZHOU UNIVERSITY,"Macromolecular chemistry, polymers; Surface technology, coating",C08G; C08J; C25B; H01M,C08G-012/06; C08G-012/08; C08J-2361/22; C25B-001/00; C25B-011/02; C25B-011/04; C25B-011/04/05; C25B-011/04/47; C25B-011/04/89; H01M-004/86/73,C08G; C25B,C08G-012/08; C25B-001/23; C25B-011/02; C25B-011/052; C25B-011/065; C25B-011/095,ALDEHYDE PORPHYRIN PRECURSOR; CATALYTIC MATERIAL; COF MATERIAL; TRANSITION METAL; TRANSITION METAL CATALYTIC MATERIAL; AMINE PRECURSOR; PHENYL PORPHYRIN; INTERLAYER INTERACTION; COF NARROW APERTURE; MAINSTREAM ELECTROCATALYTIC MATERIAL,CN,ALIVE,Non-noble candidate
116730524,A transition metal oxide supported electrochemical reduction catalyst and a process for preparation thereof,2025,2025,2025,AHMEDABAD UNIVERSITY,"Chemical engineering; Organic fine chemistry; Surface technology, coating",,,B01J; C07F; C25B,B01J-021/06; B01J-021/08; B01J-023/30; C07F-015/00; C25B-003/25,ELECTROCHEMICAL REDUCTION CATALYST; TRANSITION METAL; TRANSITION METAL OXIDE; COMBUSTION REACTION; COBALT SULFATE HEPTAHYDRATE; ELECTROCHEMICAL REDUCTION CO2; ALLOY CATALYST; ISOPROPANOL; OXIDE SOLUTION; ISOPROPYL ALCOHOL,IN,ALIVE,Non-noble candidate
77202004,Process and apparatus for electrochemical production of synthesis gas,2016,2016,2024,SIEMENS ENERGY,"Environmental technology; Surface technology, coating",B01D; C25B; Y02E,B01D-053/14/18; B01D-053/14/75; B01D-053/18; C25B-001/00; C25B-001/04; C25B-001/10; C25B-009/08; C25B-009/18; C25B-009/19; C25B-009/70,B01D; C25B,B01D-053/14; B01D-053/18; C25B-001/00; C25B-001/04; C25B-001/23; C25B-003/04; C25B-003/25; C25B-009/08,ELECTROCHEMICALLY PRODUCING SYNTHESIS GAS; ELECTROLYSIS CELL; METHANEDIONE ELECTROLYSIS CELL; SYNTHESIS GAS,DE,ALIVE,Non-noble candidate; GDE
110666488,Electrochemical reactor and method for producing oxygen-containing organic material,2023,2023,2026,SEKISUI CHEMICAL,"Organic fine chemistry; Surface technology, coating",C07B; C07C; C25B,C07B-041/08; C07C-068/01; C25B-001/23; C25B-003/07; C25B-003/26; C25B-009/00; C25B-009/13; C25B-009/19; C25B-009/60; C25B-011/052,C07B; C07C; C25B,C07B-061/00; C07C-068/00; C07C-069/96; C25B-001/23; C25B-003/07; C25B-003/23; C25B-003/26; C25B-009/00,ACTIVE PARTICLE; CARRIER; CARRIER MASS; CATALYST; CATALYST LAYER; ELECTROCHEMICAL REACTOR; ELECTROLYTIC SOLUTION,JP,ALIVE,
114887582,Membrane-free electro-catalysis CO2 reduction decoupling water decomposition device and method,2025,2025,2025,NINGXIA UNIVERSITY,"Surface technology, coating",C25B; Y02E,C25B-001/23; C25B-009/60; C25B-011/065; C25B-011/091; Y02E-060/36,C25B,C25B-001/23; C25B-009/60; C25B-011/065; C25B-011/091,MEMBRANE; MEMBRANE FREE ELECTROCATALYTIC CO2REDUCTION; REDUCTION; WATER SPLITTING; CHAMBER ELECTROLYTIC CELL; RIGHT CHAMBER ELECTROLYTIC CELL; LEFT CHAMBER ELECTROLYTIC CELL; CATALYTIC BATTERY; REDUCTIVE DECOUPLING; NP SA CATALYST,CN,ALIVE,MEA; Non-noble candidate
112387292,(KR10-2024-0167575) Soce-sofc-ftr hybrid system for green synthetic fuel production,2023,2023,2024,FCI,"Basic materials chemistry; Electrical machinery, apparatus, energy; Materials, metallurgy; Surface technology, coating",C01C; C10G; C25B; H01M; Y02E,C01C-001/04/05; C10G-002/30; C25B-001/04; C25B-001/23; C25B-003/26; C25B-013/07; C25B-015/02; C25B-015/08; C25B-015/083; H01M-008/04/022,C01C; C10G; C25B; H01M,C01C-001/04; C10G-002/00; C25B-001/04; C25B-001/23; C25B-013/07; C25B-015/02; C25B-015/08; H01M-008/04014,FISCHER TROPSCH REACTOR; FISCHERTROPSCH REACTOR; GREEN AMMONIA; GREEN PRODUCTION; GREEN SYNTHETIC; GREEN SYNTHETIC PRODUCTION; HABERBOSCH REACTOR; HYBRID SYSTEM; PRODUCING GREEN AMMONIA,KR,ALIVE,Non-noble candidate
104024514,A catalyst,2021,2021,2024,NEWSOUTH INNOVATIONS,"Materials, metallurgy; Surface technology, coating",B01J; C01B; C01P; C25B; Y02P,B01J-021/18; B01J-021/18/5; B01J-023/74; B01J-023/755; B01J-035/33; B01J-037/06; B01J-037/08; B01J-037/08/2; B01J-037/08/4; C01B-032/162,C01B; C25B,C01B-032/162; C25B-001/23; C25B-003/26; C25B-011/037; C25B-011/054; C25B-011/065; C25B-011/075; C25B-011/077,CATALYST; CONDUCTIVE CARBON SUBSTRATE; ELECTROLYSIS CATALYST; TRANSITION METAL NANOPARTICLE,AU,ALIVE,Non-noble candidate
44672238,(WO2012/137344) Device for generating mixed gas,2011,2011,2012,TOYOTA MOTOR,"Materials, metallurgy; Surface technology, coating",C01B; C25B; Y02E,C01B-032/40; C25B-001/04; C25B-003/25; C25B-009/00; C25B-015/02; Y02E-060/36,C01B; C25B,C01B-032/40; C25B-001/02; C25B-003/25,ELECTROLYTE AQUEOUS SOLUTION; GAS GENERATION; HYDROGEN; MIXED GAS; MIXED GAS GENERATING; MIXED GAS GENERATION; CATHODE CHAMBER; AQUEOUS KHCO; INSOLUBLE REDUCTION CATALYST; DISPOSABLE FUEL,WO; JP,DEAD,Non-noble candidate
89744192,(WO2020/143970) Electrolysis method for carbon dioxide reduction,2019,2019,2020,SIEMENS ENERGY,"Surface technology, coating",C25B,C25B-001/00; C25B-003/25; C25B-015/02,C25B,C25B-003/25; C25B-015/00,ELECTROLYSIS; ELECTROLYSIS PRODUCT; METHANEDIONE REDUCTION; GAS DIFFUSION CATHODE; RECURRENT REGENERATION,DE,DEAD,Non-noble candidate; GDE
102038550,A process for precipitating particles of platinum group metals,2021,2021,2024,KATHOLIEKE UNIVERSITEIT LEUVEN; VITO - VLAAMSE INSTELLING VOOR TECHNOLOGISCH ONDERZOEK,"Materials, metallurgy; Surface technology, coating",C22B; C25B; C25C; Y02P,C22B-003/04/5; C22B-003/16; C22B-003/42; C22B-011/04; C22B-011/042; C25B-001/23; C25B-009/17; C25B-011/032; C25B-011/044; C25C-001/20,B22F; C22B; C25B; C25C,B22F-009/24; C22B-003/04; C22B-003/16; C22B-003/42; C22B-011/00; C25B-001/00; C25B-001/23; C25B-009/17,CATHODE COMPARTMENT; DIMETHYL SULFOXIDE; DIMETHYLFORMAMIDE; DMSO; FEED,EP; BE,ALIVE,Non-noble candidate; GDE
108214882,Hydrophilic-hydrophobic Bi-phase Bi2WO6-C3N4Heterojunction catalyst and preparation method and application thereof,2023,2023,2026,FOSHAN UNIVERSITY,"Chemical engineering; Materials, metallurgy; Organic fine chemistry",B01J; C01B; C07C,B01J-027/047; B01J-027/24; B01J-035/00/4; C01B-003/04/2; C01B-032/40; C07C-001/02; C07C-001/12; C07C-009/04; C07C-2527/24,B01J; C01B; C07C,B01J-027/24; B01J-035/39; C01B-032/40; C07C-001/02; C07C-009/04,6 C3N4HETEROJUNCTION CATALYST; BI2WO 6 C3N4HETEROJUNCTION CATALYST; HETEROJUNCTION CATALYST; HYDROPHILIC HYDROPHOBIC BIPHASE BI; HYDROPHILIC HYDROPHOBIC BI; BIPHASE PHOTOCATALYST; MAGNETIC STIRRING; TRIMETHYL AMMONIUM BROMIDE CTAB; BISMUTH NITRATE PENTAHYDRATE,CN,ALIVE,Non-noble candidate
117486565,Method for hydrogen esterification reaction with carbon dioxide as carbonyl source,2024,2024,2026,EAST CHINA NORMAL UNIVERSITY,"Organic fine chemistry; Surface technology, coating",B01J; C01B; C07C; C07F; C07J; C25B,B01J-031/24; B01J-035/00/33; B01J-2531/824; C01B-032/40; C01B-032/50; C07C-051/00; C07C-051/41; C07C-053/02; C07C-067/38; C07C-069/24,C07C; C07J; C25B,C07C-067/38; C07C-069/24; C07C-069/533; C07C-069/612; C07C-069/618; C07C-069/757; C07J-009/00; C25B-001/23,CARBONYL SOURCE; HYDROGEN ESTERIFICATION REACTION; IMIDAZOLE HEXAFLUOROPHOSPHATE; ESTERIFICATION REACTION; UNSATURATED HYDROCARBON ESTERIFICATION REACTION; BIS TRIPHENYLPHOSPHINE PALLADIUM DICHLORIDE; ELECTROCHEMICAL WORKSTATION; UNSATURATED HYDROCARBON FEEDSTOCK; SUPPORTING ELECTROLYTE ACETONITRILE SOLUTION; UNSATURATED HYDROCARBON,CN,ALIVE,Non-noble candidate
106672290,"Enhanced electrocatalytic CO2Reaction device, system and method for mass transfer process",2023,2023,2026,NANJING UNIVERSITY OF SCIENCE & TECHNOLOGY,"Surface technology, coating",C25B,C25B-001/23; C25B-009/05; C25B-009/19; C25B-011/00,C25B,C25B-001/23; C25B-009/05; C25B-009/19; C25B-011/00,ANODE SHELL; ELECTROCATALYTIC CO2REACTION; MASS TRANSFER; CATHODE SHELL; ELECTRODE HYDROPHOBIC MODIFICATION TREATMENT; HYDROPHOBIC MODIFICATION TREATMENT; ANOLYTE CHAMBER; PRETREATED ELECTROLYTE,CN,ALIVE,Non-noble candidate
95502318,Metal-ligand catalysts for selective promotion of electrochemical CO2RR,2020,2020,2023,REGENTS OF THE UNIVERSITY OF CALIFORNIA,"Chemical engineering; Organic fine chemistry; Surface technology, coating",B01J; C07F; C25B,B01J-031/18/15; B01J-031/18/3; B01J-2231/625; B01J-2531/0241; B01J-2531/26; B01J-2531/842; C07F-015/02/5; C25B-001/23; C25B-003/26; C25B-011/073,B01J; C07F; C25B,B01J-031/18; C07F-015/02; C25B-003/26,COORDINATION COMPLEX; COORDINATION COMPLEX CATALYST; ELECTROCHEMICAL CO2RR; ELECTROCHEMICAL CO2RR PROMOTION; METAL LIGAND CATALYST,US,ALIVE,Non-noble candidate
117521363,Silver nanoparticle-loaded hydrophobic gas diffusion electrode and application thereof in electrocatalytic carbon dioxid...,2025,2025,2026,XIAMEN UNIVERSITY,"Materials, metallurgy; Micro-structure and nano-technology; Surface technology, coating",Y02E,Y02E-060/50,B22F; B82Y; C25B,B22F-009/24; B82Y-040/00; C25B-001/23; C25B-003/03; C25B-003/07; C25B-003/26; C25B-009/19; C25B-011/032,CARBON DIOXIDE REDUCTION; ELECTROCATALYTIC CARBON DIOXIDE REDUCTION; GAS DIFFUSION ELECTRODE; HYDROPHOBIC GAS DIFFUSION ELECTRODE; QUATERNIZED POLYSULFONE IONOMER; SILVER NANO PARTICLE; FLUORORESIN IONOMER; IONOMER; SILVER NANOPARTICLE; MEA ELECTROLYZER,CN,ALIVE,MEA; AEM; Non-noble candidate; GDE
82565553,Process and apparatus for manufacturing carbon monoxide,2017,2017,2018,LINDE,"Analysis of biological materials; Environmental technology; Materials, metallurgy; Surface technology, coating",B01D; C01B; C25B; G01N; Y02A; Y02P,B01D-053/047; B01D-053/32/6; B01D-2256/20; B01D-2257/504; C01B-032/40; C25B-001/00; C25B-003/04; C25B-003/25; C25B-015/02; C25B-015/08,B01D; C01B; C25B; G01N,B01D-053/02; B01D-053/22; B01D-053/32; C01B-032/40; C25B-003/25; C25B-015/08; G01N-033/00,ELECTROLYZER; MANUFACTURING CARBON MONOXIDE; RICH GAS PRODUCTION; METHANEDIONE ELECTROLYSIS; METHANEDIONE GAS; METHANEDIONE; RECYCLING METHANEDIONE,US; DE,DEAD,Non-noble candidate
44441678,Co2 decomposition via oxygen deficient ferrite electrodes using solid oxide electrolyser cell,2011,2011,2012,GUO HUANG ([US]); IQBAL GULFAM ([US]); KANG BRUCE S ([US]),"Surface technology, coating",C25B; Y02E,C25B-001/04; C25B-009/19; C25B-009/23; C25B-011/077; Y02E-060/36,C25B,C25B-001/00,BIVALENT METAL ION; C CO; CO2 DECOMPOSITION; DECOMPOSE CO2; ELECTRODE; MXFE; OXYGEN DEFICIENT FERRITE; OXYGEN DEFICIENT FERRITE ELECTRODE; SOLID OXIDE ELECTROLYZER CELL; CO2 NEUTRAL,US,DEAD,Non-noble candidate
44668494,"Vehicle with mixed gas generating system, and vehicle with fuel producing system",2011,2011,2016,TOYOTA MOTOR,"Basic materials chemistry; Engines, pumps, turbines; Surface technology, coating",C10G; C25B; F02B; F02D; F02M; Y02P; Y02T,C10G-002/32; C25B-001/02; C25B-009/08; C25B-009/19; C25B-015/08; F02B-043/00; F02D-019/02/1; F02M-021/02/06; F02M-021/02/27; F02M-023/00,C10G; C25B; F02B; F02D; F02M; F02P,C10G-002/00; C25B-001/02; C25B-009/19; C25B-015/08; F02B-043/00; F02B-047/08; F02B-053/04; F02D-019/02,ABSORPTION LIQUID; ABSORPTION LIQUID STORAGE; ACQUIRING EXHAUST PRESSURE; ACQUISITION; ACQUISITION SPEED; BYPASS PATH; CARBON DIOXIDE ABSORPTION; CARBON DIOXIDE CONCENTRATION ACQUIRING; CONCENTRATION ACQUIRING,WO; JP,DEAD,Non-noble candidate
100252610,Diaphragm electrolysis method for preparing carbon monoxide and pypocholoride in micro-gap electrolytic tank,2022,2022,2022,KUNMING UNIVERSITY OF SCIENCE & TECHNOLOGY,"Surface technology, coating",C25B; Y02E,C25B-001/23; C25B-001/26; C25B-001/50; Y02E-060/36,C25B,C25B-001/23; C25B-001/26; C25B-001/50,CARBON MONOXIDE PRODUCTION; DIAPHRAGM ELECTROLYSIS; ELECTROLYTIC CELL; HYPOCHLORITE; MICROGAP CELL; MICROGAP ELECTROLYSIS CELL; MICROGAP ELECTROLYTIC CELL; ANODE CHAMBER; BIPOLAR MEMBRANE ELECTROLYSIS,CN,DEAD,GDE
101956586,(WO2022/201828) Carburizing gas supply system and carburizing system,2021,2021,2024,HITACHI,"Environmental technology; Materials, metallurgy; Surface technology, coating; Thermal processes and apparatus",B01D; C21D; C25B; F27D,B01D-053/86; C21D-001/06; C21D-001/76; C25B-001/23; C25B-003/03; C25B-009/00; C25B-015/023; C25B-015/08; F27D-007/00; F27D-007/02,B01D; C21D; C25B; F27D,B01D-053/86; C21D-001/06; C21D-001/76; C25B-001/23; C25B-003/03; C25B-009/00; C25B-015/023; C25B-015/08,CARBON DIOXIDE CONVERSION; CARBON DIOXIDE ELECTROLYSIS; CARBURIZATION FURNACE; CARBURIZATION GAS; CARBURIZATION GAS SUPPLY; CARBURIZATION TREATMENT,JP,ALIVE,Non-noble candidate
94934392,Method for efficient electrocatalytically reducing carbon dioxide,2019,2019,2021,NINGBO INSTITUTE OF MATERIALS TECHNOLOGY & ENGINEERING - CHINESE ACADEMY OF SCIENCES,"Surface technology, coating",C25B,C25B-001/00; C25B-015/00,C25B,C25B-001/23; C25B-009/17; C25B-009/67; C25B-015/00,ELECTROCATALYTICALLY REDUCING METHANEDIONE; METHANEDIONE; METHANEDIONE EFFICIENCY ELECTROCATALYTIC REDUCTION; ELECTROLYSIS; INSUFFICIENT METHANEDIONE ELECTROLYSIS; METHANEDIONE ELECTROLYSIS; ELECTROLYTE LAYER; METHANEDIONE COELECTROLYSIS; ANODE LAYER; METHANEDIONE ELECTROLYTIC CONVERSION,CN,DEAD,Non-noble candidate
111220958,Cadmium and/or zinc chalcogenide nanoparticles as catalyst material for co2 reduction,2023,2023,2026,FRAUNHOFER,"Chemical engineering; Environmental technology; Micro-structure and nano-technology; Surface technology, coating",B01J; B82Y; C25B,B01J-035/23; B82Y-030/00; C25B-001/23; C25B-011/032; C25B-011/054; C25B-011/055; C25B-011/061; C25B-011/075; C25B-011/089,B01D; B01J; B82Y; C25B,B01D-053/86; B01J-025/04; B01J-027/057; B01J-035/23; B01J-035/45; B01J-035/53; B01J-035/61; B82Y-030/00,CADMIUM; CADMIUM CHALCOGENIDE; CARBON DIOXIDE CO2; CATALYST; CATALYST MATERIAL,DE,ALIVE,Non-noble candidate; GDE
106991409,Scalable synthesis of heteroatom-doped carbon nanotubes for electrochemical carbon dioxide reduction,2022,2022,2025,TEXAS A & M UNIVERSITY,"Chemical engineering; Electrical machinery, apparatus, energy; Materials, metallurgy; Surface technology, coating",C01B; C01P; C25B,C01B-032/168; C01B-2202/06; C01B-2202/22; C01B-2202/32; C01P-2002/52; C01P-2002/72; C01P-2002/85; C01P-2004/03; C01P-2004/04; C01P-2004/133,B01J; C01B; C25B; H01M,B01J-021/18; B01J-023/745; B01J-027/24; C01B-032/158; C01B-032/168; C25B-001/23; C25B-009/19; C25B-011/052,AASS AANN ELECTROCATALYST; CARBON DIOXIDE REDUCTION; CARBON NANOTUBE,US,ALIVE,Non-noble candidate
115970616,Photocatalysis CO2 reduction-benzyl alcohol oxidation coupling process and preparation method and application of high-en...,2025,2025,2025,BEIJING UNIVERSITY OF CHEMICAL TECHNOLOGY; QUZHOU RESOURCE CHEMICAL INNOVATION RESEARCH INSTITUTE,"Chemical engineering; Materials, metallurgy; Organic fine chemistry",B01J; C01B; C07C; Y02P,B01J-023/00/2; B01J-023/72; B01J-023/825; B01J-027/24; B01J-035/00/13; B01J-035/00/4; B01J-037/03/1; B01J-037/03/5; B01J-037/08/2; B01J-037/08/6,B01J; C01B; C07C,B01J-023/825; B01J-035/39; B01J-037/02; B01J-037/03; C01B-032/40; C07C-029/16; C07C-033/26,MULTIFUNCTIONAL CATALYST; OXIDATION COUPLING; PHOTOCATALYTIC CO2PREPARATION; REDUCTION BENZYL ALCOHOL; MULTIFUNCTIONAL CATALYST HEHS MG; PHOTOCATALYTIC; WASTE RECYCLING UTILIZATION; ANHYDROUS SODIUM; PRECIPITANT SOLUTION; REACTOR,CN,ALIVE,Non-noble candidate
106179974,Fluorine-doped zinc-based rare earth double-metal hydroxide composite catalyst as well as preparation and application th...,2023,2023,2023,BEIFANG UNIVERSITY OF NATIONALITIES; SOUTHWEST UNIVERSITY OF SCIENCE & TECHNOLOGY,"Surface technology, coating",C25B; Y02A,C25B-001/23; C25B-011/065; C25B-011/091; Y02A-050/20,C25B,C25B-001/23; C25B-011/065; C25B-011/091,COMPOSITE CATALYST; DOPED ZINC RARE EARTH; FLUORINE; HYDROXIDE COMPOSITE CATALYST; METAL HYDROXIDE COMPOSITE CATALYST; RARE EARTH; ZINC RARE EARTH; DOPED ZINC LANTHANUM; BIMETALLIC HYDROXIDE COMPOSITE CATALYST; GRANULAR STACKING GROWTH,CN,ALIVE,Non-noble candidate
64914748,"Process for obtaining electrical energy from carbon fusion, co2 reduction furnace, two turbines and a gas engine",2012,2012,2015,FUNDACION CENTER DE INNOVACION & DESARROLLO TECNOLOGICO,"Engines, pumps, turbines; Environmental technology; Thermal processes and apparatus",B01D; F01K; F23C; F23J; Y02A; Y02C; Y02E,B01D-053/62; F01K-023/00; F23C-006/04; F23J-015/00; Y02A-050/20; Y02C-020/40; Y02E-020/32,B01D; F01K; F23C; F23J,B01D-053/62; F01K-023/00; F23C-006/04; F23J-015/00,,ES,DEAD,
104081456,Preparation and application of cross-linked quaternized polybenzimidazole anion exchange membrane,2022,2022,2025,SICHUAN LANGSHENG NEW ENERGY TECHNOLOGY; SOUTHWEST UNIVERSITY OF SCIENCE & TECHNOLOGY,"Macromolecular chemistry, polymers; Other special machines; Surface technology, coating",B01D; B01J; C08G; C08J; C08L; C25B; H01M,B01D-067/00/06; B01D-2325/42; B01J-035/00/33; C08G-073/18; C08J-005/18; C08J-005/22/56; C08J-005/22/87; C08J-005/22/93; C08J-2379/04; C08J-2479/04,C08J; C08L; C25B,C08J-005/22; C08L-079/04; C25B-001/23; C25B-013/08,ANION EXCHANGE MEMBRANE; CROSSLINKING TYPE QUATERNIZED POLYBENZIMIDAZOLE; ELECTROCATALYSIS; ELECTROCATALYTIC REDUCTION; MIDDLE FILM ELECTRODE; MIDDLE FILM ELECTRODE SEPARATOR; POLYBENZIMIDAZOLE ANION EXCHANGE MEMBRANE,CN,ALIVE,AEM; Non-noble candidate
46248577,"(WO2013/157097) Source gas manufacturing method, fuel manufacturing method, and device therefor",2012,2012,2015,TOYOTA MOTOR,"Basic materials chemistry; Surface technology, coating",C25B; Y02E,C25B-001/02; C25B-001/23; C25B-009/00; C25B-015/029; Y02E-060/36,C10G; C25B,C10G-002/00; C25B-001/02; C25B-003/25,ELECTROLYZER; ELECTROLYZER ELECTROLYTE; FUEL MANUFACTURE; FUEL PRODUCTION METHOD; GAS MANUFACTURE,WO; JP,DEAD,Non-noble candidate
14919739,Electrochemical cell for the production of synthesis gas using atmospheric air and water,2005,2005,2017,CERAMATEC; FIELD UPGRADING,"Electrical machinery, apparatus, energy; Materials, metallurgy; Surface technology, coating",C25B; H01M; Y02E,C25B-001/00; C25B-001/02; C25B-001/04; C25B-009/20/6; C25B-009/77; H01M-2008/1293; Y02E-060/36; Y02E-060/364; Y02E-060/366; Y02E-060/50,C01B; C25B; C25C; C25D; H01M,C01B-003/04; C25B-001/02; C25B-001/16; C25B-009/17; C25B-009/19; C25B-009/23; C25C-007/00; C25D-017/00,ANODE CHAMBER; ATMOSPHERIC AIR; CARBON DIOXIDE COELECTROLYTE; CATHODE CHAMBER,US,ALIVE,Non-noble candidate
115547269,(WO2025/165427) Co2 mitigation system and method of use,2024,2024,2025,UTILITY GLOBAL,"Surface technology, coating",B01D; C25B,B01D-053/32/6; B01D-2257/504; C25B-001/01; C25B-001/23; C25B-011/077; C25B-011/091; C25B-013/05; C25B-013/07; C25B-015/081,C25B,C25B-001/02; C25B-003/26; C25B-011/04; C25B-015/08,CARBON CAPTURE; CO2 MITIGATION; LAO 75SRO 25CRO 5MNO; LAO 4SRO 6TIO 4MNO; ANODE EXHAUST; ELECTROLYTE CONDUCT; ELECTROLYTE CONDUCT OXIDE ION; CARBONACEOUS GAS; STEAM INTRODUCTION; ELECTROLYTE,US,ALIVE,Non-noble candidate
114892955,CO2 direct air trapping and reducing integrated device,2025,2025,2025,HUAZHONG UNIVERSITY OF SCIENCE & TECHNOLOGY,Environmental technology,B01D,B01D-053/62; B01D-053/78; B01D-053/96; B01D-2257/504,B01D,B01D-053/62; B01D-053/78; B01D-053/96,AIR TRAPPING; ENTRAPPING AIR; PROTON MEMBRANE; REPLACING MEA SOLUTION; MEA SOLUTION VOLATILITY; CATHODE CHAMBER; MEA SOLUTION; ANODE SOLUTION; AUXILIARY EQUIPMENT; NANOPARTICLE CATALYST,CN,ALIVE,MEA; Non-noble candidate
108835141,Process for preparing carbon monoxide by electrolyzing carbon dioxide through high-temperature solid oxide,2023,2023,2024,SHANGHAI YIJING HYDROGEN ENERGY TECHNOLOGY,"Surface technology, coating",,,C25B,C25B-001/23; C25B-009/17; C25B-009/19; C25B-009/60,ELECTRIC PILE; HIGH TEMPERATURE SOLID OXIDE; SOLID OXIDE; MOLECULAR SIEVE ADSORPTION TOWER; PILE MATURITY; PLACEMENT CENTRALIZATION; CARBON MONOXIDE SEPARATION; APATITE ELECTROLYTE; PEROVSKITE ELECTROLYTE; CARBON DIOXIDE ELECTROLYSIS,CN,ALIVE,Non-noble candidate
112177579,(WO2024/233461) Carbon dioxide/carbon monoxide electroreduction system with gas-liquid recirculation,2023,2023,2025,JOHNS HOPKINS UNIVERSITY,"Organic fine chemistry; Surface technology, coating",C25B,C25B-001/23; C25B-003/07; C25B-003/25; C25B-003/26; C25B-009/15; C25B-009/19; C25B-011/032; C25B-011/037; C25B-011/075; C25B-011/077,C07C; C25B,C07C-045/49; C07C-051/15; C07C-053/02; C25B-003/07; C25B-003/26; C25B-009/15; C25B-009/19; C25B-009/23,CARBON MONOXIDE ELECTROREDUCTION; GAS LIQUID RECIRCULATION; GAS REGENERATION; LIQUID RECIRCULATION; UNREACTED REACTANT,US,ALIVE,
116285153,Preparation method of imidazole anion exchange membrane for electrochemical carbon dioxide reduction,2025,2025,2025,SHAANXI UNIVERSITY OF SCIENCE & TECHNOLOGY,"Chemical engineering; Macromolecular chemistry, polymers; Other special machines; Surface technology, coating",B01D; B01J; C02F; C08F; C08J; C08L; C25B; H01M; Y02P,B01D-061/42/2; B01D-061/44; B01D-065/10; B01D-067/00/06; B01D-069/02; B01D-069/12/5; B01D-071/06; B01D-071/62; B01D-071/80; B01D-071/82,B01D; B01J; C08F; C08J; C08L; C25B,B01D-067/00; B01D-069/02; B01D-071/62; B01J-041/13; C08F-008/30; C08F-212/08; C08F-212/14; C08J-005/22,ANION EXCHANGE MEMBRANE; CARBON DIOXIDE REDUCTION; IMIDAZOLE; IMIDAZOLE ANION EXCHANGE MEMBRANE; OCEAN ACIDIFICATION; STYRENE COPOLYMER; INDUSTRIALIZATION RAPID DEVELOPMENT; IMIDAZOLE COMPOUND; CU CATALYST; AZOBISBENZOYL PEROXIDE,CN,ALIVE,AEM; Non-noble candidate
87032374,"Hollow structure catalyst for electrochemical reduction of carbon dioxide into carbon monoxide, and preparation method o...",2019,2019,2019,SOUTHEAST UNIVERSITY,"Chemical engineering; Surface technology, coating",B01J; C25B,B01J-027/24; B01J-035/33; B01J-035/40; C25B-001/00; C25B-011/051; C25B-011/091,B01J; C25B,B01J-027/24; B01J-035/00; C25B-001/00; C25B-011/06; C25B-011/12,CATALYST; ELECTROCHEMICAL REDUCTION CATALYST; HOLLOW STRUCTURE CATALYST; METHANEDIONE; METHANEDIONE ELECTROCHEMICAL REDUCTION; METHANEDIONE ELECTROCHEMICAL REDUCTION CATALYST; WORKING ELECTRODE; METHANEDIONE RECYCLING; CARBONIZING CU; MATERIAL2CATALYTIC REDUCTION PERFORMANCE MORPHOLOGY,CN,DEAD,Non-noble candidate
112262309,Co2 and h2o co-electrolyser system,2023,2023,2026,EPFL - ECOLE POLYTECHNIQUE FEDERALE DE LAUSANNE,"Basic materials chemistry; Environmental technology; Materials, metallurgy; Organic fine chemistry; Surface technology, coating",B01D; B01J; C01B; C01C; C01F; C07C; C10G; C10J; C10L; C25B; E21B; F01K; F04B; F23J; F25J; Y02C; Y02E; Y02P,B01D-053/12; B01D-053/14/25; B01D-053/14/75; B01D-053/14/93; B01D-053/18/5; B01D-053/22; B01D-053/32/6; B01D-053/50/1; B01D-053/62; B01D-053/78,B01D; C01B; C01F; C07C; C10L; C25B,B01D-053/14; C01B-032/60; C01F-005/24; C07C-001/04; C10L-003/08; C25B-001/01; C25B-001/04; C25B-001/23,AEM ELECTROLYZER ANODE; CARBON DIOXIDE COELECTROLYSER; ELECTROLYZER; H2O COELECTROLYSER; H2O COELECTROLYSIS; MINERALIZATION; EEO COELECTROLYSER; ANOLYTE CIRCUIT; AEM ELECTROLYZER; AEM ELECTROLYZER CELL,EP; CH; IT,ALIVE,AEM; Non-noble candidate
80590207,Electrolytic cell diaphragm for preparing carbon monoxide by electrolyzing carbon dioxide and application method,2018,2018,2021,,"Surface technology, coating",C25B; Y02E,C25B-001/00; C25B-001/04; C25B-009/73; C25B-013/02; C25B-013/08; Y02E-060/36,C25B,C25B-001/00; C25B-013/02; C25B-013/08,ELECTROLYTIC CELL DIAPHRAGM; METHANEDIONE; METHANEDIONE RESOURCE UTILIZATION; METHANEDIONE ELECTROLYSIS; POROUS POLYBENZIMIDAZOLE FILM; POROUS ETHENE; METHANEDIONE ELECTROREDUCTION,CN,ALIVE,Non-noble candidate
86310831,A method for generating gas mixtures comprising carbon monoxide and carbon dioxide for use in synthesis reactions,2018,2018,2025,TOPSOE,"Basic materials chemistry; Chemical engineering; Environmental technology; Materials, metallurgy; Surface technology, coating",B01D; C01B; C10K; C25B; Y02E,B01D-005/00; B01D-053/00/2; B01D-053/26/5; B01D-2257/80; C01B-003/06; C01B-032/40; C01B-2203/02; C01B-2203/0495; C01B-2203/06; C01B-2203/12,B01D; C01B; C10K; C25B,B01D-005/00; B01D-053/00; B01D-053/26; C01B-003/02; C01B-003/06; C01B-032/40; C10K-001/04; C10K-003/02,CARBONYLATION PLANT; CATALYST PRODUCTION; GAS MIXTURE,DK,ALIVE,Non-noble candidate
87991721,"Electrolysis cell, electrolyzer and method for reducing co2",2018,2018,2025,COVESTRO,"Surface technology, coating",C25B; Y02P,C25B-001/00; C25B-001/23; C25B-009/19; C25B-009/23; C25B-009/75; C25B-009/77; C25B-011/032; C25B-011/075; C25B-011/081; C25B-015/08,C25B,C25B-001/23; C25B-009/00; C25B-009/19; C25B-009/23; C25B-009/40; C25B-009/70; C25B-009/75; C25B-009/77,ANODE HALF SHELL; ANODE LIQUID INLET; ANODE LIQUID OUTLET; ANODE REACTION PRODUCT; ANODE SPACE SEPARATION; CARBON DIOXIDE GAS; CATHODE HALF SHELL; CATHODE LIQUID; CATHODE LIQUID INLET; CATHODE LIQUID PASSAGE,EP; DE,ALIVE,Non-noble candidate; GDE
94621513,Electrochemical reduction of carbon dioxide to upgrade hydrocarbon feedstocks,2019,2019,2025,ARAMCO,"Organic fine chemistry; Surface technology, coating",C07C; C25B; Y02E; Y02P,C07C-051/12; C07C-051/15; C25B-001/02; C25B-001/04; C25B-001/23; C25B-003/05; C25B-003/07; C25B-003/23; C25B-003/25; C25B-003/26,C07C; C25B,C07C-051/12; C25B-001/04; C25B-001/23; C25B-003/05; C25B-003/07; C25B-003/23; C25B-009/19; C25B-013/07,AMENDSTATUS; CONDUIT; CONTROL VALVE; DISCHARGING CARBON MONOXIDE; METHANEDIONE ELECTROCHEMICAL REDUCTION; OLEFIN; OLEFIN OXIDE; SOLID OXIDE ELECTROLYSIS CELL,GR; US; SA,ALIVE,Non-noble candidate
106413270,"Carbon dioxide treatment appratus, carbon dioxide treatment method, and method of producing ethylene",2022,2022,2024,HONDA MOTOR,"Environmental technology; Materials, metallurgy; Surface technology, coating",B01D; C01B; C25B; Y02C,B01D-053/32/6; B01D-053/62; B01D-053/78; B01D-053/96/5; B01D-2251/306; B01D-2251/604; B01D-2257/504; B01D-2258/01; B01D-2258/06; C01B-032/50,B01D; C01B; C25B,B01D-053/14; B01D-053/32; B01D-053/62; B01D-053/78; C01B-032/50; C25B-001/23; C25B-003/03; C25B-003/25,ALKALI STATETHE ELECTROLYTE; CARBON DIOXIDE PROCESSING; CARBON DIOXIDE TREATMENT; CARBON DIOXIDE TREATMENT APPRATUS; CARBON MONOXIDE SUPPLY PATH; ELECTROCHEMICAL REACTION; ELECTROCHEMICAL REACTOR,JP,ALIVE,AEM; Non-noble candidate; GDE
107739736,Carbon monoxide electrolyzers used with reverse water gas shift reactors for the conversion of carbon dioxide into added...,2022,2022,2025,DIOXYCLE,"Chemical engineering; Materials, metallurgy; Organic fine chemistry; Surface technology, coating; Thermal processes and apparatus",B01D; B01J; C01B; C07B; C07C; C10G; C12P; C21B; C21C; C22B; C25B; E21B; F25J; F27D; G01N; H01M; Y02C; Y02E; Y02P,B01D-053/14/75; B01D-053/62; B01D-2251/208; B01D-2252/103; B01D-2252/20; B01D-2252/30; B01D-2257/504; B01D-2258/025; B01J-004/00/1; B01J-008/00/55,B01J; C01B; C07B; C07C; C21B; C21C; C25B; F27D,B01J-012/00; B01J-019/08; C01B-003/12; C01B-032/40; C07B-033/00; C07C-001/10; C07C-011/04; C07C-011/06,ADDED VALUE PRODUCT; CARBON DIOXIDE CONVERSION; CARBON MONOXIDE ELECTROLYTIC CELL; CARBON MONOXIDE ELECTROLYZER,US; FR,ALIVE,AEM; Non-noble candidate
108739790,Device and method for efficiently catalyzing electrochemical reduction of carbon dioxide by using carbon electrode,2023,2023,2024,HUNAN UNIVERSITY,"Surface technology, coating",C25B,C25B-001/23; C25B-009/19; C25B-011/043; C25B-011/054; C25B-011/065,C25B,C25B-001/23; C25B-009/19; C25B-011/043; C25B-011/054; C25B-011/065,CARBON ELECTRODE; CATALYZING ELECTROCHEMICAL REDUCTION; HALOGEN ANION IMIDAZOLE; ANODE ELECTRODE; CATHOLYTE; ANOLYTE; CATALYTIC CONVERSION SELECTIVITY; ACETONITRILE BALANCE; CATHODE ELECTRODE; RECYCLABLE ELECTROLYTE,CN,ALIVE,Non-noble candidate
111586005,"Carbon dioxide treatment device, carbon dioxide treatment method and ethylene production method",2023,2023,2025,HONDA MOTOR,"Environmental technology; Surface technology, coating",B01D; C25B,B01D-053/14/75; B01D-053/32/6; B01D-2257/502; B01D-2257/504; C25B-003/03; C25B-003/26; C25B-009/23; C25B-009/70,B01D; C25B,B01D-053/14; B01D-053/32; B01D-053/62; B01D-053/78; C25B-001/23; C25B-003/03; C25B-003/26; C25B-009/00,BIG ISSUE; CARBON DIOXIDE PROCESSING; CARBON DIOXIDE TREATMENT; ELECTROCHEMICAL REACTION; ELECTROCHEMICALLY REDUCING CARBON DIOXIDE,JP,ALIVE,Non-noble candidate; GDE
106753547,Carbon dioxide capture method and system capable of co-producing carbon monoxide and hydrogen,2022,2022,2026,SCATTERBO TECHNOLOGIES BEIJING; SEKA TOHRO BEIJING SCIENCE & TECHNOLOGY; XECA TURBO TECHNOLOGIES,"Chemical engineering; Environmental technology; Materials, metallurgy; Surface technology, coating",B01D; C01B; C01D; C25B; Y02E,B01D-053/14/25; B01D-053/14/75; B01D-053/14/93; B01D-053/62; B01D-2251/304; B01D-2257/504; C01B-013/02/33; C01B-013/02/85; C01D-007/00; C01D-007/07,B01D; B01J; C01B; C01D; C25B,B01D-053/14; B01D-053/18; B01D-053/62; B01J-023/06; B01J-023/10; B01J-023/52; B01J-023/755; B01J-023/835,CAPTURING CARBON DIOXIDE; CARBON DIOXIDE CAPTURE; CARBON DIOXIDE CAPTURING; CARBON DIOXIDE TRAPPING,CN,ALIVE,Non-noble candidate
98505907,Method for trapping and reducing carbon dioxide and co-producing oxygen or chlorine,2021,2021,2023,NORTHEASTERN UNIVERSITY OF CHINA,"Materials, metallurgy; Surface technology, coating",C01D; C25B,C01D-007/10; C25B-001/02; C25B-001/23; C25B-001/26; C25B-001/50; C25B-003/03; C25B-003/07; C25B-003/25; C25B-009/21,C01D; C25B,C01D-007/10; C25B-001/02; C25B-001/23; C25B-001/26; C25B-001/50; C25B-003/03; C25B-003/07; C25B-003/25,CHLORINE; COPRODUCING OXYGEN; REDUCING CARBON DIOXIDE; TRAPPING; MIDDLE CATHODE CHAMBER,CN,ALIVE,AEM; Non-noble candidate
88204087,Three-chamber diaphragm electrolysis method for simultaneously preparing carbon monoxide and by-producing chlorine and b...,2019,2019,2020,KUNMING UNIVERSITY OF SCIENCE & TECHNOLOGY,"Surface technology, coating",C25B,C25B-001/00; C25B-001/14; C25B-001/18; C25B-001/26; C25B-009/19,C25B,C25B-001/14; C25B-001/18; C25B-001/26; C25B-009/19,BICARBONATE; BYPRODUCT; CHAMBER DIAPHRAGM ELECTROLYSIS; DIAPHRAGM ELECTROLYSIS; METHANEDIONE; SIMULTANEOUSLY PRODUCING CHLORINE; THREE CHAMBER DIAPHRAGM ELECTROLYSIS; METHANEDIONE RESOURCE UTILIZATION; METHANEDIONE ELECTROLYSIS; ORGANIC ELECTROLYTE COMPOSITE,CN,DEAD,AEM; Non-noble candidate
111894530,Design method of non-noble metal monatomic electrocatalyst for carbon dioxide reduction reaction,2024,2024,2024,NUAA - NANJING UNIVERSITY OF AERONAUTICS & ASTRONAUTICS,"Surface technology, coating",C25B,C25B-001/23; C25B-003/26; C25B-011/089,C25B,C25B-001/23; C25B-003/26; C25B-011/089,CARBON DIOXIDE REDUCTION REACTION; DESIGN METHOD; METAL MONOATOMIC ELECTROCATALYST; NONNOBLE METAL MONOATOMIC ELECTROCATALYST; REDUCTION REACTION; TMDS MONOLAYER; BIAXIAL STRAIN; CR MONOATOM; NONNOBLE METAL MONOATOM; MONO LAYER TRANSITION GROUP,CN,ALIVE,Non-noble candidate
105028031,Device and method for preparing carbon monoxide and pypocholoride by electrolyzing carbon dioxide and metal chloride,2022,2022,2023,KUNMING UNIVERSITY OF SCIENCE & TECHNOLOGY,"Surface technology, coating",C25B,C25B-001/23; C25B-001/26; C25B-009/19; C25B-009/60; C25B-011/036,C25B,C25B-001/23; C25B-001/26; C25B-009/19; C25B-009/60; C25B-011/036,BIPOLAR MEMBRANE; HYPOCHLORITE; METAL CHLORIDE; HOMOGENEOUS ELECTROCATALYST; ORGANIC ELECTROLYTE COMPOSITE; QUATERNIZED POLYPHENYL ETHER; RESOURCE UTILIZATION; CATHODE CHAMBER; CATION PERMEATION LAYER; ANODE CHAMBER,CN,ALIVE,GDE
116293199,Difunctional composite membrane for preparing carbon monoxide and co-producing chlorine and carbonate by electrolyzing c...,2025,2025,2025,KUNMING UNIVERSITY OF SCIENCE & TECHNOLOGY,"Surface technology, coating",C25B,C25B-001/00; C25B-001/26; C25B-003/04; C25B-009/08; C25B-013/02; C25B-013/08,C25B,C25B-001/01; C25B-001/23; C25B-001/26; C25B-013/02; C25B-013/08,CARBONATE; COPRODUCING CHLORINE; FUNCTIONAL COMPOSITE MEMBRANE; COMPOSITE MEMBRANE; DUAL FUNCTIONAL COMPOSITE MEMBRANE; RESTRICTION COOPERATIVE; HYDROPHOBIC POROUS LAYER; CARBON DIOXIDE ELECTROREDUCTION; SUSTAINABLE CARBON RESOURCE UTILIZATION; SULFONATED POLYARYL ETHERKETONE,CN,ALIVE,Non-noble candidate; GDE
116120311,"(WO2025/201166) Electrochemical reactor and application thereof, method for producing ethylene/carbon monoxide by electr...",2024,2024,2025,SINOPEC,"Surface technology, coating",C25B,C25B-001/00; C25B-001/23; C25B-003/00; C25B-003/03; C25B-003/04; C25B-003/25; C25B-003/26; C25B-009/60; C25B-011/03; C25B-011/031,C25B,C25B-001/00; C25B-001/23; C25B-003/00; C25B-003/03; C25B-003/25; C25B-003/26; C25B-009/60; C25B-011/03,CARBON DIOXIDE ELECTROCHEMICAL REFORMING; CATALYST; ELECTROCHEMICAL REACTOR; ELECTROCHEMICAL REFORMING; ETHYLENE; ETHYLENE PRODUCTION; METHANE,CN,ALIVE,Non-noble candidate
98749181,Method for reduction co-electrolysis of chloride and carbon dioxide based on ordered mesoporous catalyst,2021,2021,2022,DALIAN UNIVERSITY OF TECHNOLOGY,"Surface technology, coating",C25B,C25B-001/23; C25B-001/26/5; C25B-011/091,C25B,C25B-001/23; C25B-001/26; C25B-011/091,CARRYING OUT REDUCTION; CHLORIDE COELECTROLYSIS; CHLORIDE REDUCTION COELECTROLYSIS; MESOPOROUS CATALYST; ORDERED MESOPOROUS CATALYST,CN,ALIVE,Non-noble candidate
86205375,Electrolytic cell and electrolytic device,2018,2018,2024,AKITA UNIVERSITY; HIROSAKI UNIVERSITY; JAPAN SCIENCE & TECHNOLOGY AGENCY; TOKYO INSTITUTE OF TECHNOLOGY,"Materials, metallurgy; Surface technology, coating",C01B; C01F; C25B,C01B-032/40; C01F-007/16; C25B-001/00; C25B-001/02; C25B-001/23; C25B-009/06; C25B-009/10; C25B-009/17; C25B-009/23; C25B-011/04/26,C01B; C01F; C25B,C01B-032/40; C01F-007/16; C01F-007/164; C01F-007/166; C25B-001/00; C25B-001/02; C25B-001/135; C25B-001/23,7AL2O; AMENDSTATUS; CARBON DIOXIDE DECOMPOSITION; ELECTROLYSIS; ELECTROLYSIS CELL; ELECTROLYTIC CELL,JP,ALIVE,Non-noble candidate
83842416,Electrolyzer for gaseous carbon dioxide,2017,2017,2020,PENN STATE RESEARCH FOUNDATION; UNIVERSITY OF BRITISH COLUMBIA,"Surface technology, coating",C25B; Y02E,C25B-001/00; C25B-001/04; C25B-001/10; C25B-003/04; C25B-003/25; C25B-003/26; C25B-009/08; C25B-009/10; C25B-009/19; C25B-009/23,C25B,C25B-003/25; C25B-009/19; C25B-009/23; C25B-013/00; C25B-013/08; C25B-015/08,BIPOLAR MEMBRANE; CELL; ELECTROCATALYTICALLY REDUCING METHANEDIONE; ELECTROCHEMICAL DEVICE; ELECTROLYTIC CELL; ELECTROLYZER; FEATURE SUBCOMBINATION; GASEOUS METHANEDIONE; METHANEDIONE ELECTROCHEMICAL REDUCTION; REDUCING PRODUCT CROSSOVER,US; CA,DEAD,AEM; Non-noble candidate; GDE
96376807,"Electrolytic cell unit, electrolytic cell device, hydrocarbon preparing system, and methods for manufacturing and using ...",2020,2020,2026,OSAKA GAS,"Basic materials chemistry; Chemical engineering; Materials, metallurgy; Organic fine chemistry; Surface technology, coating",B01D; B01J; C01B; C07B; C07C; C10G; C25B; Y02E; Y02P,B01D-053/14/75; B01J-021/06/3; B01J-021/06/6; B01J-021/08; B01J-021/18; B01J-023/00/2; B01J-023/14; B01J-023/34; B01J-023/42; B01J-023/44,B01J; C01B; C07B; C07C; C10G; C25B,B01J-023/42; B01J-023/46; B01J-023/63; B01J-023/648; B01J-023/652; B01J-023/745; B01J-023/755; B01J-023/83,COUNTER ELECTRODE LAYER; DISCHARGE PASSAGE; DISCHARGE PATH; DISCHARGE PATH INNER SURFACE; ELECTRICAL POWER SUPPLY; ELECTRODE LAYER; ELECTROLYSIS CELL,JP,ALIVE,Non-noble candidate
106574607,"Electrode catalyst layer for electrolysis cell, electrode for electrolysis cell, and carbon dioxide electrolytic device",2022,2022,2025,TOSHIBA,"Chemical engineering; Materials, metallurgy; Surface technology, coating",C25B,C25B-001/23; C25B-003/26; C25B-009/17; C25B-009/19; C25B-011/052; C25B-011/054; C25B-011/065; C25B-011/069; C25B-011/095,B01J; C01B; C25B,B01J-023/66; B01J-031/26; B01J-035/00; B01J-035/45; C01B-032/40; C25B-001/04; C25B-001/23; C25B-003/26,CARBON DIOXIDE ELECTROLYSIS; CARBON DIOXIDE ELECTROLYSIS CELL; CARBON DIOXIDE ELECTROLYTIC CELL; CARBON DIOXIDE ELECTROLYTIC DEVICE,JP,ALIVE,Non-noble candidate; GDE
86048379,Electrolytic cell and electrolytic device for carbon dioxide,2018,2018,2021,TOSHIBA,"Surface technology, coating",C25B; Y02E,C25B-001/04; C25B-001/10; C25B-003/03; C25B-003/04; C25B-003/07; C25B-003/25; C25B-003/26; C25B-009/10; C25B-009/23; C25B-009/65,C25B,C25B-003/25; C25B-003/26; C25B-009/23; C25B-009/73; C25B-015/08,ANODE SECTION; CARBON DIOXIDE ELECTROLYSIS CELL; ELECTROLYSIS; ELECTROLYSIS CELL; ELECTROLYTIC CELL,JP,ALIVE,MEA; AEM; Non-noble candidate; GDE
116977017,(WO2025/252960) Method and apparatus for the electrochemical reduction of carbon dioxide,2024,2024,2025,FRAUNHOFER,"Materials, metallurgy; Surface technology, coating",C25B,C25B-001/23; C25B-003/26; C25B-009/05; C25B-009/67; C25B-015/021; C25B-015/081; C25B-015/083; C25B-015/085; C25B-015/087,C01B; C25B,C01B-003/02; C25B-001/23; C25B-003/03; C25B-003/07; C25B-003/26; C25B-009/05; C25B-009/67; C25B-015/021,ELECTROLYSIS; CRYOGENIC SEPARATION; COLLECTION CONTAINER; ELECTROLYSIS CELL; COLLECTION VESSEL; REFRIGERATION PRODUCTION,DE,ALIVE,Non-noble candidate
93172689,Carbon dioxide electrolytic device and method for electrolyzing carbon dioxide,2019,2019,2024,TOSHIBA,"Surface technology, coating",C25B; Y02E; Y02P,C25B-001/00; C25B-001/04; C25B-003/04; C25B-003/25; C25B-009/08; C25B-009/19; C25B-009/73; C25B-015/02; C25B-015/023; C25B-015/025,C25B,C25B-001/00; C25B-001/23; C25B-003/03; C25B-003/07; C25B-003/26; C25B-009/00; C25B-009/19; C25B-015/00,CARBON DIOXIDE ELECTROLYSIS; CARBON DIOXIDE ELECTROLYZER; CARBON DIOXIDE GAS TURBINE; CARBON DIOXIDE GENERATION; CARBON DIOXIDE SUPPLY; ELECTRICAL CONDUCTIVITY; ELECTRICAL CONDUCTIVITY METER; ELECTROLYSIS CELL,JP,ALIVE,Non-noble candidate
105486835,Co-electrolysis method coupling carbon dioxide reduction and sulfide oxidation,2023,2023,2025,SHAANXI NORMAL UNIVERSITY,"Surface technology, coating",C25B,C25B-001/00; C25B-001/01; C25B-003/04; C25B-003/26; C25B-009/08; C25B-009/65; C25B-011/032; C25B-011/04/47,C25B,C25B-001/01; C25B-003/26; C25B-009/65; C25B-011/032,CARBON DIOXIDE REDUCTION; COELECTROLYSIS; REINFORCED COELECTROLYSIS; SULFIDE OXIDATION; ANODE SULFIDE OXIDATION; CATHOLYTE CAVITY; COELECTROLYSIS CATHODE,CN,ALIVE,Non-noble candidate; GDE
77016544,Method and device for the electrochemical utilization of carbon dioxide,2016,2016,2020,SIEMENS ENERGY,"Materials, metallurgy; Surface technology, coating",C25B; Y02E,C25B-001/00; C25B-001/04; C25B-001/10; C25B-009/08; C25B-009/19; C25B-009/73; C25B-015/08; Y02E-060/36,C01B; C25B,C01B-032/40; C25B-009/19; C25B-015/08,CARBON DIOXIDE ELECTROCHEMICAL UTILIZATION; ELECTRO CHEMICAL UTILIZATION,DE,ALIVE,Non-noble candidate
86310832,"Method for the generation of a gas mixture comprising carbon monoxide, carbon dioxide and hydrogen and for performing a ...",2018,2018,2025,TOPSOE,"Basic materials chemistry; Materials, metallurgy; Organic fine chemistry; Surface technology, coating",C01B; C07C; C10K; C25B; Y02E; Y02P,C01B-003/06; C01B-032/40; C01B-2203/02; C01B-2203/0495; C01B-2203/06; C01B-2203/12; C07C-045/50; C10K-001/04; C10K-003/02/6; C25B-001/00,C01B; C07C; C10K; C25B,C01B-003/06; C01B-032/40; C07C-045/50; C10K-001/04; C10K-003/02; C25B-001/00; C25B-001/04; C25B-001/042,GAS MIXTURE,DK,ALIVE,Non-noble candidate
112675495,(WO2024/256455) Gas diffusion electrode and use thereof,2023,2023,2026,FRAUNHOFER,"Electrical machinery, apparatus, energy; Surface technology, coating",C25B,C25B-001/00; C25B-001/23; C25B-003/04; C25B-003/07; C25B-003/26; C25B-009/00; C25B-009/08; C25B-009/10; C25B-011/03/5; C25B-011/032,C25B; H01M,C25B-001/23; C25B-003/26; C25B-009/19; C25B-009/23; C25B-011/031; C25B-011/032; C25B-011/051; C25B-011/052,ANION EXCHANGE MEMBRANE; ANODE CHAMBER; CATHODE CHAMBER; ELECTROLYTIC CELL; GAS DIFFUSION ELECTRODE; HYDROPHOBIC CATALYST LAYER,DE,ALIVE,AEM; Non-noble candidate; GDE
107413525,Single atomic metal catalyst and carbon dioxide conversion system using the same,2022,2022,2025,SK INNOVATION,"Chemical engineering; Electrical machinery, apparatus, energy; Environmental technology; Surface technology, coating",B01D; B01J; C25B; H01M; Y02C; Y02E,B01D-053/32/6; B01D-2257/504; B01J-021/18/5; B01J-023/755; B01J-023/889/2; B01J-035/10/23; B01J-035/617; B01J-037/02; B01J-037/08/2; C25B-001/23,B01D; B01J; C25B; H01M,B01D-053/32; B01J-021/18; B01J-023/755; B01J-023/889; B01J-027/24; B01J-035/00; B01J-035/45; B01J-035/61,1 NX MOIETY; 1 NX MOYETI; 2 NX MOIETY; 2 NX MOYETI; AMMONIUM CITRATE; AQUEOUS ELECTROLYTE; CALCIUM CITRATE; CARBON DIOXIDE CONVERSION,KR,ALIVE,Non-noble candidate
80164805,Membrane electrode configuration CO2Electroreduction electrolytic cell,2018,2018,2020,DALIAN UNIVERSITY OF TECHNOLOGY,"Surface technology, coating",C25B,C25B-001/00; C25B-009/19; C25B-015/08,C25B,C25B-009/19; C25B-015/08,ELECTROCATALYTIC REDUCTION; ELECTROLYTIC CELL; MEMBRANE ELECTRODE CONFIGURATION; METHANEDIONE ELECTROCATALYTIC REDUCTION; CATHODE INLET; ELECTROLYTE,CN,ALIVE,Non-noble candidate; GDE
102358496,Tubular membrane electrode continuous parallel flow type carbon dioxide reduction electrolytic cell and operation method...,2022,2022,2024,DALIAN UNIVERSITY OF TECHNOLOGY,"Surface technology, coating",C25B,C25B-001/23; C25B-003/03; C25B-009/19; C25B-009/60; C25B-011/02; C25B-015/021; C25B-015/027,C25B,C25B-001/23; C25B-003/03; C25B-009/19; C25B-009/60; C25B-011/02; C25B-015/021; C25B-015/027,CARBON DIOXIDE REDUCTION CELL; CATHODE CAVITY; PARALLEL FLOW; REDUCTION CELL; REDUCTION ELECTROLYTIC CELL; TUBULAR MEMBRANE ELECTRODE,CN,ALIVE,AEM; Non-noble candidate; GDE
104039102,"Carbon dioxide electrolytic device, method of electrolyzing carbon dioxide, and valuable material manufacturing system",2021,2021,2026,TOSHIBA,"Surface technology, coating",C25B; Y02E; Y02P,C25B-001/00; C25B-001/04; C25B-001/23; C25B-003/03; C25B-003/04; C25B-003/07; C25B-003/23; C25B-003/26; C25B-009/17; C25B-009/19,C25B,C25B-001/04; C25B-001/23; C25B-001/50; C25B-003/03; C25B-003/07; C25B-003/23; C25B-003/26; C25B-009/17,CARBON DIOXIDE ELECTROLYSIS; CARBON DIOXIDE ELECTROLYTIC DEVICE; DIAPHRAGM; ELECTROLYSIS CELL,JP,ALIVE,Non-noble candidate
104997454,(KR10-2618469) Single-atom nickel catalyst for electrochemical conversion of carbon dioxide with high activity and selec...,2021,2021,2023,GIST - GWANGJU INSTITUTE OF SCIENCE & TECHNOLOGY,"Chemical engineering; Surface technology, coating",B01J; C25B,B01J-031/02/35; B01J-031/28; C25B-003/26; C25B-011/075,B01J; C25B,B01J-031/02; B01J-031/28; C25B-003/26; C25B-011/075,AMENDSTATUS; ATOM NICKEL CATALYST; CARBON DIOXIDE CONVERSION; CARBON DIOXIDE ELECTROCHEMICAL CONVERSION; CATALYST; CHEMICAL FORMULA; ELECTROCHEMICAL CONVERSION; ELECTRODE,KR,ALIVE,Non-noble candidate
85758116,Electrochemical production of carbon monoxide and/or syngas,2018,2018,2024,LINDE; SIEMENS ENERGY,"Surface technology, coating",C25B; Y02E; Y02P,C25B-001/00; C25B-001/04; C25B-001/12; C25B-001/23; C25B-009/05; C25B-009/08; C25B-009/19; C25B-015/08; C25B-015/083; C25B-015/087,C25B,C25B-001/00; C25B-001/02; C25B-001/04; C25B-001/12; C25B-001/23; C25B-009/05; C25B-009/08; C25B-009/19,AMENDSTATUS; CARBON MONOOXIDE; CARBON MONOXIDE ELECTROCHEMICAL GENERATION; CARBON MONOXIDE ELECTROCHEMICAL PRODUCTION,DE,ALIVE,GDE
77244658,Method and device for the electrochemical utilization of carbon dioxide,2016,2016,2024,SIEMENS ENERGY,"Environmental technology; Materials, metallurgy; Surface technology, coating",C25B; Y02E,C25B-001/00; C25B-001/04; C25B-001/10; C25B-003/04; C25B-003/25; C25B-009/08; C25B-009/19; C25B-009/73; C25B-015/08; Y02E-060/36,B01D; C01B; C25B,B01D-047/14; C01B-032/40; C25B-001/00; C25B-001/04; C25B-003/04; C25B-003/25; C25B-009/08; C25B-009/19,CARBON DIOXIDE ELECTROCHEMICAL UTILIZATION; CATHODE COMPARTMENT; CATHODE SUBSPACE,DE,ALIVE,Non-noble candidate; GDE
83172492,(KR10-2011252) A Catalyst for electroreduction of carbon dioxide and An Electrolyzer Cell comprising the same,2017,2017,2019,PUSAN NATIONAL UNIVERSITY INDUSTRY UNIVERSITY COOPERATION FOUNDATION,"Chemical engineering; Surface technology, coating",B01J; C25B,B01J-021/06/3; B01J-021/18; B01J-023/46/2; B01J-023/52; B01J-037/02/01; C25B-001/00; C25B-001/01; C25B-003/26; C25B-009/08; C25B-009/19,B01J; C25B,B01J-021/06; B01J-021/18; B01J-023/46; B01J-023/52; B01J-037/02; C25B-009/19,CARBON DIOXIDE DECOMPOSITION; CARBON DIOXIDE ELECTROREDUCTION REACTION; CARBON MONOXIDE GAS; CATALYST; ELECTROLYSIS CELL; ELECTROLYTIC CELL; ELECTROREDUCTION REACTION,KR,ALIVE,Non-noble candidate
96200627,Carbon dioxide reaction apparatus,2020,2020,2026,TOSHIBA,"Surface technology, coating",C25B; Y02E,C25B-001/00; C25B-001/04; C25B-001/23; C25B-003/03; C25B-003/07; C25B-003/26; C25B-009/19; C25B-009/77; C25B-015/00; C25B-015/08,C25B,C25B-001/04; C25B-001/23; C25B-003/03; C25B-003/07; C25B-003/26; C25B-009/00; C25B-009/19; C25B-009/77,CARBON COMPOUND; CARBON DIOXIDE ELECTROLYSIS; CARBON DIOXIDE REACTION; CARBON DIOXIDE REACTOR; COMBUSTION,JP,ALIVE,Non-noble candidate
104816669,Preparation method of carbon-supported transition metal monoatomic material and electrolysis device,2021,2021,2025,FUJIAN INSTITUTE OF RESEARCH ON THE STRUCTURE OF MATTER - CHINESE ACADEMY OF SCIENCES,"Surface technology, coating",C25B; Y02E,C25B-001/00; C25B-001/23; C25B-003/04; C25B-003/07; C25B-003/26; C25B-009/08; C25B-011/04; C25B-011/04/05; C25B-011/04/47; C25B-011/091,C25B,C25B-001/23; C25B-003/07; C25B-003/26; C25B-011/091,ELECTROLYSIS; MATERIAL ATOM; MONOATOMIC ANCHORED FLUORINE; MONOATOMIC ANCHORING FLUORINE; TRANSITION METAL; TRANSITION METAL MATERIAL ATOM,CN,ALIVE,Non-noble candidate
93813175,Electrolyser device and method for carbon dioxide reduction,2019,2019,2024,SIEMENS ENERGY,"Surface technology, coating",C25B,C25B-001/00; C25B-001/02; C25B-001/23; C25B-001/50; C25B-003/26; C25B-009/17; C25B-009/60; C25B-011/032; C25B-011/073; C25B-015/02,C25B,C25B-001/00; C25B-001/02; C25B-001/23; C25B-001/50; C25B-003/26; C25B-009/60; C25B-011/032; C25B-011/04,ANODE GAS DIFFUSION ELECTRODE; CARBON DIOXIDE REDUCTION; CATHODE GAS CHAMBER; CATHODE GAS DIFFUSION ELECTRODE; ELECTROLYSIS,DE,ALIVE,Non-noble candidate; GDE
104037474,Carbon dioxide electrolytic device,2021,2021,2025,TOSHIBA,"Surface technology, coating",C25B; Y02E; Y02P,C25B-001/23; C25B-003/26; C25B-009/19; C25B-009/23; C25B-009/60; C25B-011/02; C25B-015/08; Y02E-060/36; Y02P-020/133,C25B,C25B-001/04; C25B-001/23; C25B-003/03; C25B-003/07; C25B-003/26; C25B-009/00; C25B-009/19; C25B-009/23,ANODE FLOW PATH; AVERAGE HOLE DIAMETER; CARBON COMPOUND; CARBON DIOXIDE ELECTROLYSIS; CARBON DIOXIDE ELECTROLYTIC DEVICE; CARBON DIOXIDE ELECTROLYZER,JP,ALIVE,AEM; Non-noble candidate; GDE
105886055,"Novel poly(spirobisindane-aryl piperidinium) copolymer ionomer, anion exchange membrane, and method for preparing same",2022,2022,2025,HANYANG UNIVERSITY,"Chemical engineering; Electrical machinery, apparatus, energy; Macromolecular chemistry, polymers; Other special machines; Surface technology, coating",B01D; C08G; C08J; C25B; H01M; Y02E,B01D-067/00/06; B01D-069/02; B01D-069/106; B01D-069/12/5; B01D-071/58; B01D-071/60; B01D-071/62; B01D-071/76; B01D-2323/081; B01D-2323/219,B01D; B01J; C08G; C08J; C25B; H01M,B01D-069/10; B01D-071/60; B01D-071/62; B01J-041/05; B01J-041/13; B01J-047/12; C08G-010/00; C08G-061/02,1 METHYL 4 PIPERIDONE; ANION EXCHANGE MEMBRANE; ARYL PIPERIDINIUM,KR,ALIVE,AEM; Non-noble candidate
108851809,(KR10-2930251) Porous membrane for CO2 reduction reaction system the devices containing the membrane and the manufacturi...,2022,2022,2026,KOREA INSTITUTE OF SCIENCE & TECHNOLOGY,"Chemical engineering; Surface technology, coating",B01D; C25B,B01D-067/00/93; B01D-069/12; B01D-071/22; B01D-071/34; B01D-071/36; B01D-071/50; B01D-071/56; B01D-2323/02; B01D-2323/04; B01D-2325/02831,B01D; C25B,B01D-067/00; B01D-069/12; B01D-071/22; B01D-071/34; B01D-071/36; B01D-071/50; B01D-071/56; C25B-003/26,CARBON DIOXIDE REDUCTION SYSTEM; POROUS MEMBRANE; REDUCTION SYSTEM; AMENDSTATUS; CROSSOVER PHENOMENON; HYDROPHILICITY ADJUSTMENT; HYDROPHILIC IONOMER LAYER,KR,ALIVE,MEA; AEM; Non-noble candidate
101790584,Carbon dioxide electrolytic device,2021,2021,2024,TOSHIBA,"Surface technology, coating",C25B; Y02E; Y02P,C25B-001/02; C25B-001/04; C25B-001/23; C25B-003/03; C25B-003/07; C25B-003/26; C25B-009/19; C25B-009/23; C25B-009/60; C25B-009/65,C25B,C25B-001/02; C25B-001/04; C25B-001/23; C25B-003/03; C25B-003/07; C25B-003/26; C25B-009/19; C25B-009/23,CARBON DIOXIDE ELECTROLYSIS; CARBON DIOXIDE ELECTROLYTIC DEVICE; CARBON DIOXIDE ELECTROLYZER; DIAPHRAGM; ELECTROLYTE SUPPLY,JP,ALIVE,AEM; Non-noble candidate
106413273,Carbon dioxide electrolytic device,2022,2022,2026,TOSHIBA,"Basic materials chemistry; Biotechnology; Chemical engineering; Materials, metallurgy; Organic fine chemistry; Surface technology, coating",C10G; C12M; C25B; F25J; Y02E,C10G-002/30; C12M-043/00; C25B-001/04; C25B-001/23; C25B-003/03; C25B-003/07; C25B-003/26; C25B-009/19; C25B-009/60; C25B-015/021,C01B; C07C; C10G; C12M; C25B; F25J,C01B-003/02; C01B-013/02; C01B-032/40; C01B-032/50; C07C-001/02; C10G-002/00; C12M-001/00; C25B-001/04,CARBON COMPOUND; CARBON DIOXIDE ELECTROLYTIC DEVICE; CARBON DIOXIDE ELECTROLYZER; CARBON DIOXIDE GENERATION SOURCE; CARBON DIOXIDE RETRANSMISSION CHANNEL; CARBON DIOXIDE SEPARATION,JP,ALIVE,Non-noble candidate
85453370,System and method for carbon dioxide reactor control,2018,2018,2025,TWELVE,"Basic materials chemistry; Chemical engineering; Materials, metallurgy; Organic fine chemistry; Surface technology, coating",C25B; Y02E,C25B-001/02; C25B-001/04; C25B-001/23; C25B-001/50; C25B-003/03; C25B-003/20; C25B-003/26; C25B-009/10; C25B-009/18; C25B-009/23,B01J; C01B; C07C; C10G; C25B,B01J-023/42; B01J-023/52; C01B-003/24; C07C-001/04; C07C-009/00; C07C-011/02; C10G-002/00; C25B-001/02,ANION EXCHANGE MEMBRANE; CARBON CONTAINING SPECIES; CARBON DIOXIDE REACTOR CONTROL; DESIRED HCR; ELECTROLYTIC BATH TEMPERATURE; ELECTROLYTIC CELL,US,ALIVE,AEM; Non-noble candidate
79012090,(KR10-1840211) An Electrolyzer Cell for generating carbon monoxide,2016,2016,2018,PUSAN NATIONAL UNIVERSITY INDUSTRY UNIVERSITY COOPERATION FOUNDATION,Chemical engineering,B01J; C25B,B01J-023/52; B01J-032/00; B01J-037/02/01; C25B-001/00; C25B-001/23; C25B-003/26; C25B-009/08; C25B-009/19; C25B-011/04/84; C25B-011/093,B01J,B01J-023/52; B01J-032/00; B01J-037/02,CARBON DIOXIDE DECOMPOSITION; CARBON DIOXIDE REDUCTION; CATALYST; ELECTROLYSIS CELL; REDUCING CARBON DIOXIDE; TITANIUM CARBIDE; TITANIUM NITRIDE,KR,ALIVE,Non-noble candidate
98850824,Carbon dioxide electrolytic device and method of electrolyzing carbon dioxide,2020,2020,2024,TOSHIBA,"Surface technology, coating",C25B; Y02E; Y02P,C25B-001/00; C25B-001/04; C25B-001/23; C25B-003/07; C25B-003/26; C25B-009/00; C25B-009/19; C25B-009/23; C25B-009/67; C25B-009/77,C25B,C25B-001/04; C25B-001/23; C25B-003/07; C25B-003/26; C25B-009/00; C25B-009/19; C25B-009/23; C25B-009/67,ANODE FLOW; ANODE FLOW PATH; ANODE INFLOW PATH; ANODE INLET; ANODE OUTFLOW PATH,JP,ALIVE,Non-noble candidate
97540394,System and method for high concentration of multielectron products or co in electrolyzer output,2020,2020,2025,TWELVE,"Environmental technology; Surface technology, coating",C25B; Y02E,C25B-001/04; C25B-001/22; C25B-001/23; C25B-003/03; C25B-003/25; C25B-003/26; C25B-009/23; C25B-009/70; C25B-009/75; C25B-009/77,B01D; C25B,B01D-053/32; C25B-001/04; C25B-001/22; C25B-001/23; C25B-003/03; C25B-003/07; C25B-003/25; C25B-003/26,CATHODE CATALYST; ELECTROLYTIC CELL OUTPUT; ELECTROLYZER OUTPUT; GAS PHASE MULTIELECTRON PRODUCT,US,ALIVE,MEA; AEM; Non-noble candidate
67597001,Methods for producing combustible gas from the electrolysis of water (hte) or co-electrolysis with h2o/co2 in the same c...,2013,2013,2021,CEA - COMMISSARIAT A L ENERGIE ATOMIQUE & AUX ENERGIES ALTERNATIVES,"Basic materials chemistry; Chemical engineering; Electrical machinery, apparatus, energy; Organic fine chemistry; Surface technology, coating",C07C; C10G; C25B; H01M; Y02E; Y02P,C07C-001/04/1; C07C-001/04/35; C07C-001/04/4; C07C-001/04/85; C07C-029/151/8; C07C-029/152; C07C-029/156; C07C-041/01; C10G-002/332; C10G-002/34,B01J; C07C; C10G; C25B; C25D; H01M,B01J-007/00; B01J-023/755; C07C-001/02; C07C-001/04; C07C-001/12; C07C-009/04; C07C-029/15; C07C-029/151,CATALYTIC REACTOR; CHAMBER,FR,ALIVE,Non-noble candidate
100554181,System and method for CO2 capture and electroregeneration and synchronous conversion,2022,2022,2024,SOUTHEAST UNIVERSITY,"Surface technology, coating",C25B,C25B-001/01; C25B-001/16; C25B-001/20; C25B-001/23; C25B-003/07; C25B-003/26; C25B-009/21; C25B-009/23; C25B-009/60; C25B-015/087,C25B,C25B-001/23; C25B-003/07; C25B-003/26; C25B-009/23; C25B-009/60; C25B-015/08,CATHODE CHAMBER; CO2 CAPTURE; CO2 CAPTURE SUBSYSTEM; CO2 SYNCHRONOUS CONVERSION; CO2 TRAPPING; ELECTRIC REGENERATION SYNCHRONOUS CONVERSION; ELECTRICAL REGENERATION,CN,ALIVE,AEM; Non-noble candidate
83773883,Carbon dioxide electrolytic device and method of electrolyzing carbon dioxide,2017,2017,2021,TOSHIBA,"Surface technology, coating",C25B; Y02E,C25B-001/00; C25B-001/04; C25B-001/10; C25B-001/12; C25B-001/23; C25B-003/04; C25B-003/25; C25B-003/26; C25B-009/05; C25B-009/73,C25B,C25B-001/01; C25B-001/46; C25B-003/25; C25B-015/00; C25B-015/08,ANODE SOLUTION; ELECTROLYTIC DEVICE; METHANEDIONE,JP,ALIVE,Non-noble candidate; GDE
82018818,Two-membrane construction for electrochemically reducing co2,2017,2017,2024,SIEMENS ENERGY,"Surface technology, coating",C25B,C25B-001/00; C25B-001/23; C25B-003/03; C25B-003/04; C25B-003/07; C25B-003/25; C25B-003/26; C25B-009/10; C25B-009/21; C25B-009/23,C25B,C25B-001/00; C25B-001/23; C25B-003/03; C25B-003/04; C25B-003/07; C25B-003/25; C25B-003/26; C25B-009/08,ANODE COMPARTMENT; ELECTROCHEMICALLY REDUCING CO2; ELECTROLYSIS CELL; ELECTROLYSIS SYSTEM,DE,ALIVE,AEM; Non-noble candidate; GDE
96701999,Application of metal aerogel catalytic material in preparation of reaction for electrocatalytically reducing CO2 in anio...,2021,2021,2021,JIANGSU UNIVERSITY,"Surface technology, coating",C25B,C25B-001/23; C25B-003/07; C25B-011/032; C25B-011/052; C25B-011/073; C25B-011/081; C25B-011/091; C25B-011/097,C25B,C25B-001/23; C25B-003/07; C25B-011/032; C25B-011/052; C25B-011/073; C25B-011/081; C25B-011/091; C25B-011/097,AEROGEL CATALYTIC MATERIAL; ANION MEMBRANE ELECTROLYTIC CELL; CO2 REACTION; CO2 REACTION ELECTROCATALYTIC REDUCTION; ELECTROCATALYTIC REDUCTION; METAL AEROGEL CATALYTIC MATERIAL; METALLIC AEROGEL CATALYTIC MATERIAL; REACTION CO2THE; ANION MEMBRANE; ELECTROLYTIC CELL2THE,CN,DEAD,Non-noble candidate; GDE
78242503,Arrangement and method for the electrolysis of carbon dioxide,2016,2016,2024,SIEMENS ENERGY,"Surface technology, coating",C25B,C25B-001/00; C25B-001/23; C25B-003/04; C25B-003/25; C25B-003/26; C25B-009/10; C25B-009/23; C25B-011/03/5; C25B-011/031; C25B-011/032,C25B,C25B-001/00; C25B-001/23; C25B-003/01; C25B-003/03; C25B-003/04; C25B-003/07; C25B-003/25; C25B-003/26,ANGLE; CARBON DIOXIDE ELECTROLYSIS; CATHODE SPACING; ELECTROLYSIS CELL,DE,ALIVE,Non-noble candidate; GDE
66508929,Carbon dioxide conversion to hydrocarbon fuel via syngas production cell harnessed from solar radiation,2013,2013,2021,ARAMCO,"Basic materials chemistry; Electrical machinery, apparatus, energy; Engines, pumps, turbines; Materials, metallurgy; Organic fine chemistry; Surface technology, coating; Thermal processes and apparatus",C01B; C07C; C10G; C10L; C25B; F03G; Y02B; Y02E; Y02P,C01B-003/38; C01B-2203/0233; C01B-2203/0238; C01B-2203/06; C01B-2203/061; C01B-2203/062; C01B-2203/067; C01B-2203/1241; C07C-001/04/55; C10G-002/32,C01B; C07C; C10G; C10L; C25B; F03G; F24S; H01M,C01B-003/38; C07C-001/04; C07C-009/04; C10G-002/00; C10L-001/04; C25B-001/00; C25B-001/04; C25B-001/10,COMMUNICATION; ELECTRICITY; ENERGY; GENERATION CELL; HYDROCARBON FUEL,US; SA; JO; BD,ALIVE,Non-noble candidate
98666426,Carbon-assisted solid oxide electrolysis cell,2021,2021,2023,ZHEJIANG UNIVERSITY,"Surface technology, coating",C25B; Y02E; Y02P,C25B-001/04; C25B-001/042; C25B-001/23; C25B-009/015; C25B-009/19; C25B-009/23; C25B-009/60; C25B-011/031; C25B-011/042; C25B-011/093,C25B,C25B-001/04; C25B-001/042; C25B-001/23; C25B-009/015; C25B-009/19; C25B-009/60; C25B-011/031; C25B-011/042,ANODE CAVITY; ANODE CAVITY2OXIDATION REACTION; ANODE CHAMBER; SOLID OXIDE ELECTROLYSIS CELL; SOLID OXIDE ELECTROLYTIC CELL; ANODE CAVITY2THE ABSORBENT; CO2 ABSORBER; CO2THE ABSORBENT,CN,DEAD,Non-noble candidate
111591386,Carbon dioxide electrolytic device and method of electrolyzing carbon dioxide,2023,2023,2025,TOSHIBA,"Environmental technology; Surface technology, coating",C25B,C25B-001/02; C25B-001/04; C25B-001/23; C25B-003/03; C25B-003/07; C25B-003/26; C25B-009/23; C25B-011/052; C25B-011/063; C25B-013/02,B01D; C25B,B01D-053/32; C25B-001/02; C25B-001/04; C25B-001/135; C25B-001/23; C25B-003/03; C25B-003/07; C25B-003/26,ANODE FLOW PATH; ANODE SEPARATION; BASE MATERIAL; CARBON COMPOUND; CARBON DIOXIDE ELECTROLYSIS; CARBON DIOXIDE ELECTROLYTIC DEVICE,JP,ALIVE,Non-noble candidate
109304100,Photoelectrochemical device for the capture and conversion of atmospheric carbon dioxide,2022,2022,2026,TOYOTA MOTOR,"Environmental technology; Surface technology, coating",B01D; C25B; Y02C,B01D-053/32/6; B01D-2257/504; B01D-2258/06; C25B-003/01; C25B-003/21; C25B-003/26; C25B-009/21; C25B-009/23; C25B-009/50; C25B-009/77,B01D; C25B,B01D-053/32; C25B-003/01; C25B-003/21; C25B-003/26; C25B-009/21; C25B-009/23; C25B-009/50; C25B-009/77,ATMOSPHERIC CARBON DIOXIDE; ATMOSPHERIC CARBON DIOXIDE CONVERSION; REACTOR POROUS ANODE; REACTOR POROUS CATHODE; POROUS ANODE,EP; JP; BE; NL,ALIVE,AEM; Non-noble candidate
116737142,Carbon dioxide electrolysis apparatus and carbon dioxide electrolysis method,2024,2024,2025,TOSHIBA,"Surface technology, coating",C25B,C25B-001/00; C25B-001/10; C25B-001/23; C25B-003/04; C25B-003/26; C25B-009/00; C25B-009/04; C25B-009/08; C25B-009/18; C25B-009/19,C25B,C25B-001/23; C25B-003/26; C25B-009/19; C25B-009/23; C25B-015/00; C25B-015/02; C25B-015/023; C25B-015/029,CARBON DIOXIDE ELECTROLYSIS; CATHODE ELECTRODE; ELECTROLYSIS CELL; ELECTROLYZING CARBON DIOXIDE; ANODE ELECTRODE,JP,ALIVE,Non-noble candidate
78286428,Arrangement for the electrolysis of carbon dioxide,2016,2016,2020,SIEMENS ENERGY,"Surface technology, coating",C25B,C25B-001/00; C25B-003/04; C25B-003/25; C25B-009/08; C25B-009/19; C25B-015/02; C25B-015/08,C25B,C25B-003/25; C25B-009/19; C25B-015/08,CARBON DIOXIDE ELECTROLYSIS; METHANEDIONE ELECTROLYSIS; ELECTROLYSIS CELL; ELECTROLYTE CIRCULATION CIRCUIT,DE,ALIVE,Non-noble candidate; GDE
87919716,Carbon dioxide electrolytic device,2018,2018,2021,TOSHIBA,"Surface technology, coating",C25B; Y02E,C25B-001/04; C25B-001/10; C25B-001/23; C25B-009/10; C25B-009/19; C25B-009/23; C25B-009/73; C25B-015/08; Y02E-060/36,C25B,C25B-001/23; C25B-009/19; C25B-009/23; C25B-015/00; C25B-015/08,CARBON DIOXIDE ELECTROLYTIC DEVICE; CARBON DIOXIDE ELECTROLYTIC EQUIPMENT; CARBON DIOXIDE ELECTROLYZER; CIRCULATION FLOW PATH; ELECTROLYSIS CELL; ELECTROLYTIC DEVICE,JP,ALIVE,Non-noble candidate; GDE
106991476,Integrated system(s) and methods for continuous electrochemical capture and reduction of cofrom dilute sources,2022,2022,2025,UNIVERSITY OF ILLINOIS,"Environmental technology; Surface technology, coating",B01D; C25B,B01D-053/32/6; B01D-053/62; B01D-053/73; B01D-053/78; B01D-053/86/71; B01D-2251/206; B01D-2251/306; B01D-2252/2023; B01D-2255/20761; B01D-2255/2092,B01D; C25B,B01D-053/24; B01D-053/32; B01D-053/62; B01D-053/73; B01D-053/78; B01D-053/86; C25B-001/04; C25B-001/23,ACTIVE SITE; ADDED VALUE PRODUCT; ALKALI METAL CHLORIDE; ANODE SIDE; BICARBONATE; CATALYST; CATHODE SIDE; DILUTION SOURCE; ELECTROCHEMICAL CAPTURE,US,ALIVE,AEM; Non-noble candidate
81386945,Carbon dioxide electrolytic device and carbon dioxide electrolytic method,2017,2017,2021,TOSHIBA,"Surface technology, coating",C25B; Y02E,C25B-001/00; C25B-001/04; C25B-001/10; C25B-003/04; C25B-003/25; C25B-009/04; C25B-009/08; C25B-009/17; C25B-009/19; C25B-009/65,C25B,C25B-003/25; C25B-009/17; C25B-009/19; C25B-015/00; C25B-015/08,ANODE SOLUTION; CARBON DIOXIDE ELECTROLYSIS; CARBON DIOXIDE ELECTROLYZER; ELECTROLYSIS; ELECTROLYTIC DEVICE; ELECTROLYTIC SOLUTION,JP,ALIVE,AEM; Non-noble candidate; GDE
100393580,"Carbon dioxide reduction catalyst comprising modified zif-based compound, and carbon dioxide reduction electrode compris...",2020,2020,2024,LOTTE CHEMICAL,"Chemical engineering; Surface technology, coating",B01J; C25B,B01J-031/16; B01J-031/16/91; B01J-031/28; B01J-037/02; C25B-001/23; C25B-003/26; C25B-011/031; C25B-011/052; C25B-011/065; C25B-011/075,B01J; C25B,B01J-031/16; B01J-031/28; B01J-037/02; C25B-001/23; C25B-003/26; C25B-011/031; C25B-011/052; C25B-011/065,AMENDSTATUS; CARBON DIOXIDE REDUCTION; CARBON DIOXIDE REDUCTION CATALYST; CARBON DIOXIDE REDUCTION ELECTRODE; CATALYST; ELECTRODE,KR,ALIVE,Non-noble candidate
102352265,"Keggin-type vanadium-substituted quaternary heteropolyacid electrocatalytic carbon dioxide reduction material, preparati...",2022,2022,2024,HARBIN INSTITUTE OF TECHNOLOGY,"Surface technology, coating",C25B,C25B-001/23; C25B-003/07; C25B-003/26; C25B-011/04,C25B,C25B-001/23; C25B-003/07; C25B-003/26; C25B-011/04,CARBON DIOXIDE REDUCTION MATERIAL; HETEROPOLY ACID; KEGGIN; QUATERNARY HETEROPOLY ACID; QUATERNARY HETEROPOLYACID; REDUCTION MATERIAL; VANADIUM SUBSTITUTED QUATERNARY,CN,ALIVE,Non-noble candidate
96200636,"Electrode catalyst layer for carbon dioxide electrolysis cell, electrolysis cell and carbon dioxide electrolysis apparat...",2020,2020,2025,TOSHIBA,"Chemical engineering; Materials, metallurgy; Micro-structure and nano-technology; Surface technology, coating",B01J; B82Y; C01B; C25B; Y02P,B01J-023/52; B01J-035/33; B01J-037/02/15; B82Y-030/00; B82Y-040/00; C01B-032/50; C25B-001/00; C25B-003/01; C25B-003/03; C25B-003/07,B01J; B82Y; C01B; C25B,B01J-023/46; B82Y-030/00; B82Y-040/00; C01B-032/50; C25B-001/00; C25B-001/02; C25B-001/23; C25B-003/01,CARBON DIOXIDE ELECTROLYSIS; CARBON DIOXIDE ELECTROLYSIS CELL,JP,ALIVE,AEM; Non-noble candidate; GDE
117825503,Active heat dissipation-air inlet preheating integrated system of carbon dioxide electroreduction reactor,2025,2025,2026,INSTITUTE OF PROCESS ENGINEERING - CHINESE ACADEMY OF SCIENCES,"Surface technology, coating",C25B; Y02E; Y02P,C25B-001/00; C25B-015/08; Y02E-060/366; Y02P-020/152,C25B,C25B-001/23; C25B-003/26; C25B-009/60; C25B-009/67; C25B-015/021,CARBON DIOXIDE ELECTROREDUCTION REACTOR; ELECTROLYSIS CHI; INLET; ANOLYTE CIRCULATION LOOP; NODE PARAMETER; GAS PRETREATMENT; PREHEATING REQUIREMENT; MEMBRANE ELECTRODE REACTOR; ELECTROLYTIC CELL STACK; ELECTROREDUCTION,CN,ALIVE,Non-noble candidate
79296485,Method and device for the electrochemical utilization of carbon dioxide,2016,2016,2021,SIEMENS ENERGY,"Chemical engineering; Surface technology, coating",B01D; C25B; Y02P,B01D-061/42/2; B01D-061/423; B01D-061/44/5; B01D-061/463; B01D-061/52; B01D-061/54; B01D-2257/504; C25B-001/00; C25B-001/01; C25B-001/23,B01D; C25B,B01D-061/42; B01D-061/52; B01D-061/54; C25B-003/25; C25B-009/21; C25B-015/08,CARBON DIOXIDE ELECTROCHEMICAL UTILIZATION; ELECTRO CHEMICAL UTILIZATION; METHANEDIONE; METHANEDIONE ELECTROCHEMICAL UTILIZATION,DE,DEAD,Non-noble candidate; GDE
105493992,Method for electrocatalytic carbon dioxide by copper-based hollow silver composite nano catalyst,2022,2022,2026,JIANGSU UNIVERSITY,"Micro-structure and nano-technology; Surface technology, coating",B82Y; C25B,B82Y-030/00; B82Y-040/00; C25B-001/23; C25B-001/50; C25B-011/054; C25B-011/065; C25B-011/091,B82Y; C25B,B82Y-030/00; B82Y-040/00; C25B-001/23; C25B-001/50; C25B-011/054; C25B-011/065; C25B-011/091,COMPOSITE NANO CATALYST; ELECTROCATALYTIC CARBON DIOXIDE; SILVER COMPOSITE NANO CATALYST; REINFORCED PLATINUM SHEET; CU AG COMPOSITE; COMPOSITE CATALYTIC ELECTRODE; SATURATED ELECTROLYTE SOLUTION,CN,ALIVE,Non-noble candidate
97840083,Multi-stage structure composite fuel electrode for solid oxide electrolytic cell and preparation method thereof,2021,2021,2024,SHANDONG UNIVERSITY OF SCIENCE & TECHNOLOGY,"Surface technology, coating",C25B,C25B-001/02; C25B-001/23; C25B-001/50; C25B-011/031; C25B-011/067; C25B-011/091,C25B,C25B-001/02; C25B-001/23; C25B-001/50; C25B-011/031; C25B-011/067; C25B-011/091,NANOMICRON MULTILEVEL; OXIDE ELECTROLYTIC CELL; SOLID OXIDE ELECTROLYTIC CELL; STRUCTURE COMPOSITE FUEL ELECTRODE; ABXB YO; METHODXB YO,CN,ALIVE,Non-noble candidate
75026979,"Reduction method for electrochemical carbon dioxide utilization, alkali carbonate preparation and alkali hydrogen carbon...",2015,2015,2022,SIEMENS ENERGY,"Materials, metallurgy; Surface technology, coating",C25B,C25B-001/00; C25B-001/01; C25B-001/14; C25B-001/23; C25B-001/26; C25B-003/03; C25B-003/04; C25B-003/07; C25B-003/25; C25B-003/26,C01B; C01D; C25B,C01B-032/40; C01D-007/07; C25B-001/00; C25B-001/14; C25B-001/23; C25B-001/26; C25B-003/04; C25B-003/25,ALKALI BICARBONATE; ALKALI CARBONATE,DE,ALIVE,Non-noble candidate
98314273,Process and system to enhance and sustain electrolyser performance of carbon-dioxide electrolysers,2020,2020,2025,ELECTROCHEMICALS ZRT; UNIVERSITY OF SZEGED; THALESNANO,"Surface technology, coating",C25B; Y02E; Y02P,C25B-001/22; C25B-001/23; C25B-001/27; C25B-003/03; C25B-003/07; C25B-003/26; C25B-009/19; C25B-009/23; C25B-009/77; C25B-011/032,C25B,C25B-001/22; C25B-001/23; C25B-001/27; C25B-003/03; C25B-003/07; C25B-003/26; C25B-009/19; C25B-009/23,CARBON DIOXIDE ELECTROLYZER; CARBON DIOXIDE ELECTROLYZER PERFORMANCE; CATHODE COMPARTMENT; CO2A; ELECTROLYSIS CONVERSION,EP; HU; RS,ALIVE,Non-noble candidate; GDE
81302402,Carbon dioxide electrolytic device,2017,2017,2021,TOSHIBA,"Organic fine chemistry; Surface technology, coating",C07C; C25B; Y02E,C07C-029/153; C25B-001/00; C25B-001/04; C25B-001/10; C25B-003/04; C25B-003/25; C25B-009/08; C25B-009/17; C25B-009/19; C25B-009/73,C07C; C25B,C07C-029/153; C25B-003/25; C25B-009/17; C25B-009/19; C25B-009/23; C25B-009/73; C25B-015/08,CARBON DIOXIDE ELECTROLYTIC DEVICE; CATHODE SOLUTION; ELECTROLYTIC DEVICE; FUEL CELL; METHANEDIONE,JP,ALIVE,AEM; Non-noble candidate; GDE
83051660,Membrane-coupled cathode for the reduction of carbon dioxide in acid-based electrolytes without mobile cations,2017,2017,2024,SIEMENS ENERGY,"Surface technology, coating",C25B,C25B-001/00; C25B-009/02; C25B-009/10; C25B-009/19; C25B-009/23; C25B-009/63,C25B,C25B-001/00; C25B-003/25; C25B-009/08; C25B-009/10; C25B-009/19; C25B-009/23,ACID ELECTROLYTE; CARBON DIOXIDE REDUCTION; CATHODE COMPARTMENT; CO2 ELECTROLYSIS; ELECTROLYSIS CELL,DE,ALIVE,AEM; Non-noble candidate; GDE
77856561,Method and device for the electrochemical utilization of carbon dioxide,2016,2016,2024,SIEMENS ENERGY,"Surface technology, coating",C25B,C25B-001/00; C25B-003/04; C25B-003/25; C25B-009/10; C25B-009/23; C25B-011/03/5; C25B-011/031; C25B-011/04/47; C25B-011/075; C25B-013/08,C25B,C25B-001/00; C25B-003/04; C25B-003/25; C25B-009/10; C25B-009/19; C25B-009/23; C25B-011/00; C25B-011/03,ANION SELECTIVE POLYMER LAYER; CARBON DIOXIDE ELECTROCHEMICAL UTILIZATION; CATHODE COMPARTMENT; ELECTRO CHEMICAL UTILIZATION,DE,ALIVE,Non-noble candidate; GDE
109733203,Preparation method of carbon dioxide electroreduction catalyst,2024,2024,2024,CHINA AUTOMOTIVE TECHNOLOGY & RESEARCH CENTER,"Micro-structure and nano-technology; Surface technology, coating",B82Y; C25B; C25C,B82Y-030/00; C25B-003/03; C25B-003/07; C25B-003/09; C25B-003/26; C25B-011/04; C25C-001/12,B82Y; C25B; C25C,B82Y-030/00; C25B-003/03; C25B-003/07; C25B-003/09; C25B-003/26; C25B-011/04; C25C-001/12,CARBON DIOXIDE ELECTROREDUCTION CATALYST; ELECTROREDUCTION CATALYST; ORGANIC LIGAND; LIGAND POLYMER; COPPER PRECURSOR; HYDROCARBON SELECTIVITY; COPPER NANOPARTICLE CATALYST; CU CATALYST ETHYLENE; ULTRASONIC DISPERSING; POLYMER DISPERSION LIQUID,CN,ALIVE,Non-noble candidate; GDE
111363754,Electrolysis method with synergistic effect of three layers of electrochemical diaphragms for coupling electroreduction ...,2024,2024,2024,KUNMING UNIVERSITY OF SCIENCE & TECHNOLOGY,"Surface technology, coating",C25B,C25B-001/23; C25B-003/26; C25B-009/23,C25B,C25B-001/23; C25B-003/26; C25B-009/23,CARBON DIOXIDE ELECTROREDUCTION; CHLORIDE ELECTROOXIDATION COUPLING; DIAPHRAGM SYNERGISTIC ELECTROLYSIS; LAYER ELECTROCHEMICAL DIAPHRAGM; METAL CHLORIDE ELECTROOXIDATION; METAL CHLORIDE ELECTROOXIDATION COUPLING; POROUS ELECTROCHEMICAL MEMBRANE; SYNERGISTIC ELECTROLYSIS; MEMBRANE SYNERGISTIC ELECTROLYSIS; FLOWABLE LIQUID ELECTROCHEMICAL MEMBRANE,CN,ALIVE,Non-noble candidate
82742757,"Method, use and electrolysis cell comprising gas diffusion electrode for reducing carbon dioxide",2017,2017,2023,COVESTRO,"Surface technology, coating",C25B,C25B-001/00; C25B-001/23; C25B-003/26; C25B-011/03/5; C25B-011/031; C25B-011/032; C25B-011/04/84; C25B-011/04/89; C25B-011/054; C25B-011/055,C25B,C25B-001/00; C25B-001/02; C25B-001/23; C25B-001/26; C25B-011/03; C25B-011/032; C25B-011/04; C25B-011/081,ALKALI CHLORIDE; CARBON DIOXIDE ELECTROCHEMICAL CONVERSION; CARBON DIOXIDE REDUCTION; CHLORO ALKALINE ELECTROLYSIS; ELECTROCHEMICAL CONVERSION; ELECTROLYSIS CELL; ELECTROLYZER,EP; DE,ALIVE,Non-noble candidate; GDE
98666737,Method for electrochemically reconstructing metal surface by ionic liquid medium to electro-catalytically reduce carbon ...,2021,2021,2023,INSTITUTE OF PROCESS ENGINEERING - CHINESE ACADEMY OF SCIENCES; ZHENGZHOU INSTITUTE OF EMERGING INDUSTRIAL TECHNOLOGY,"Surface technology, coating",C25B,C25B-003/07; C25B-003/26; C25B-011/061; C25B-011/095,C25B,C25B-003/07; C25B-003/26; C25B-011/061; C25B-011/095,CARBON DIOXIDE ELECTROCATALYTIC REDUCTION; ELECTROCATALYTIC REDUCTION; IONIC LIQUID; IONIC LIQUID MEDIUM; METAL SURFACE,CN,ALIVE,Non-noble candidate
118081624,"Electrolysis cell, electrolysis device, and method of manufacturing electrolysis cell",2024,2024,2026,TOSHIBA,"Chemical engineering; Surface technology, coating",C25B,C25B-001/00; C25B-001/04; C25B-001/23; C25B-001/27; C25B-003/04; C25B-003/26; C25B-009/00; C25B-009/08; C25B-009/10; C25B-009/19,B01J; C25B,B01J-023/00; B01J-037/02; B01J-037/08; C25B-001/04; C25B-001/23; C25B-001/27; C25B-003/03; C25B-003/07,ELECTROLYSIS; ELECTROLYSIS CELL; ELECTROLYSIS CELL MANUFACTURE; ELECTROLYTIC CELL; ELECTROLYTIC DEVICE,JP,ALIVE,AEM; Non-noble candidate
105343084,"Oxide with perovskite structure, electrolytic cell cathode material and preparation method thereof",2021,2021,2025,DALIAN INSTITUTE OF CHEMICAL PHYSICS CHINESE ACADEMY OF SCIENCES,"Materials, metallurgy; Surface technology, coating",C01G; C01P; C25B; Y02E,C01G-045/12/64; C01G-049/00; C01G-049/00/18; C01G-049/00/54; C01G-049/00/9; C01P-2002/72; C01P-2006/40; C25B-001/00; C25B-001/04; C25B-001/23,C01G; C25B,C01G-049/00; C25B-001/23; C25B-001/50; C25B-003/03; C25B-003/26; C25B-011/091,ELECTROLYTIC CELL CATHODE MATERIAL; ELECTROLYTIC CELL SIDE MATERIAL; FERRIERITE TYPE STRUCTURE; FERRIERITE TYPE STRUCTURE OXIDE; OXIDE; OXYGEN VACANCY; PEROVSKITE STRUCTURE,CN,ALIVE,Non-noble candidate
87919517,Carbon dioxide electrolytic device and method of electrolyzing carbon dioxide,2018,2018,2021,TOSHIBA,"Analysis of biological materials; Organic fine chemistry; Surface technology, coating",C07C; C25B; G01N; Y02E,C07C-029/153; C25B-001/04; C25B-001/10; C25B-001/23; C25B-003/03; C25B-003/04; C25B-003/07; C25B-003/25; C25B-003/26; C25B-009/19,C07C; C25B; G01N,C07C-029/153; C25B-001/23; C25B-003/03; C25B-003/07; C25B-003/25; C25B-003/26; C25B-009/19; C25B-009/73,CARBON DIOXIDE ELECTROLYTIC DEVICE; CARBON DIOXIDE ELECTROLYTIC EQUIPMENT; CARBON DIOXIDE ELECTROLYZER; CATHODE FLOW PATH; ELECTROLYTIC DEVICE,JP,ALIVE,Non-noble candidate; GDE
86130749,Carbon dioxide electrolytic device and method of electrolyzing carbon dioxide,2018,2018,2022,TOSHIBA,"Surface technology, coating",C25B; Y02E,C25B-001/00; C25B-001/04; C25B-001/10; C25B-001/12; C25B-001/23; C25B-003/26; C25B-009/00; C25B-009/04; C25B-009/05; C25B-009/10,C25B,C25B-001/23; C25B-003/26; C25B-009/05; C25B-009/23; C25B-009/65; C25B-009/73; C25B-015/029; C25B-015/08,ANODE FLOW PATH; ANODE VICINITY; CARBON COMPOUND; CARBON DIOXIDE ELECTROLYSIS; CARBON DIOXIDE ELECTROLYTIC DEVICE; CARBON DIOXIDE ELECTROLYZER; CATHODE FLOW PATH; CATHODE VICINITY,JP,ALIVE,Non-noble candidate; GDE
107513925,Modular electrolyzer cell and process to convert carbon dioxide to gaseous products at elevated pressure and with high c...,2019,2019,2026,ELECTROCHEMICALS ZRT; UNIVERSITY OF SZEGED; THALESNANO,"Surface technology, coating",C25B,C25B-001/02; C25B-001/04; C25B-001/135; C25B-001/23; C25B-003/03; C25B-003/26; C25B-009/17; C25B-009/19; C25B-009/21; C25B-009/60,C25B,C25B-001/00; C25B-001/02; C25B-001/04; C25B-001/08; C25B-001/135; C25B-001/23; C25B-003/03; C25B-003/04,CONVERSION RATE; ELECTROLYZER STACK; GAS PHASE PRODUCTION; GASEOUS CARBON DIOXIDE; GASEOUS PRODUCT,RU; HU; RS,ALIVE,MEA; Non-noble candidate; GDE
114057507,Electrochemical Reduction System and Methods of Operation Thereof,2023,2023,2025,REGENTS OF THE UNIVERSITY OF CALIFORNIA,"Surface technology, coating",C25B,C25B-001/00; C25B-001/02; C25B-001/27; C25B-003/09; C25B-003/26; C25B-013/05; C25B-015/08; C25B-015/083,C25B,C25B-001/02; C25B-001/27; C25B-003/09; C25B-003/26; C25B-013/05; C25B-015/08,REMOVING HYDROGEN; ELECTROCHEMICAL HYDROGEN PUMP; PRODUCT STREAM; GAS REDUCTION; ACCUMULATION CHAMBER; ELECTROLYZER PERFORMANCE; PALLADIUM MEMBRANE; GAS REDUCTION INLET; HYDROGEN REMOVAL INLET; GAS REDUCTION OUTLET,US,ALIVE,Non-noble candidate
108569271,Novel nitrogen and phosphorus co-doped Ni-based monatomic catalyst for electrocatalytic reduction of carbon dioxide as w...,2023,2023,2024,HENAN UNIVERSITY,"Surface technology, coating",C25B,C25B-001/23; C25B-011/091,C25B,C25B-001/23; C25B-011/091,CARBON DIOXIDE ELECTROCATALYTIC REDUCTION; CODOPED NI MONOATOMIC CATALYST; ELECTROCATALYTIC REDUCTION; NITROGEN; PHOSPHORUS; NI CATALYST ATOM; ELECTROCATALYTIC SELECTIVITY; TRIPHENYLPHOSPHINE; ELECTROCATALYTICALLY REDUCING CARBON DIOXIDE; NI ATOM,CN,ALIVE,Non-noble candidate
77856556,Device and method for the electrochemical utilisation of carbon dioxide,2016,2016,2024,SIEMENS ENERGY,"Surface technology, coating",C25B,C25B-001/00; C25B-003/04; C25B-003/25; C25B-009/08; C25B-009/19; C25B-013/02; C25B-015/08,C25B,C25B-001/00; C25B-001/23; C25B-003/03; C25B-003/04; C25B-003/07; C25B-003/25; C25B-003/26; C25B-009/08,CARBON DIOXIDE ELECTROCHEMICAL UTILIZATION; CATION PERMEABLE MEMBRANE; ELECTRO CHEMICAL UTILIZATION,DE,ALIVE,Non-noble candidate; GDE
116181184,(WO2025/199577) Co2 electrolysis system,2024,2024,2025,ROYAL MELBOURNE INSTITUTE OF TECHNOLOGY,"Environmental technology; Surface technology, coating",B01D; C25B,B01D-053/14/75; B01D-053/14/93; B01D-053/32/6; B01D-2252/204; B01D-2252/20447; B01D-2257/504; C25B-001/00; C25B-001/23; C25B-003/03; C25B-003/07,B01D; C25B,B01D-053/14; B01D-053/32; C25B-001/23; C25B-003/26,CO2 ELECTROLYSIS; CATHODE COMPARTMENT; ANODE COMPARTMENT; CONVERTING AMINE CAPTURED CO2; CCH AMINE COMPLEX; ELECTROLYZER; ELECTROLYTE; AMINE CO2 CAPTURE; CO2 CAPTURE; AMINE CAPTURED CO2,AU,ALIVE,AEM; Non-noble candidate
112323322,Boron-nitrogen co-doped monatomic catalyst and preparation and application thereof,2023,2023,2024,DALIAN INSTITUTE OF CHEMICAL PHYSICS CHINESE ACADEMY OF SCIENCES,"Surface technology, coating",C25B,C25B-001/23; C25B-011/065; C25B-011/091,C25B,C25B-001/23; C25B-011/065; C25B-011/091,CATALYST ATOM; ROASTING ATMOSPHERE; MONOATOMIC CATALYST PRECURSOR; EXTENSIVE UTILIZATION; INSOLUBLE SUBSTANCE; POROUS CARBON CARRIER; CATALYST DEVELOPMENT; CATALYST PRECURSOR; CARBON DIOXIDE COMPREHENSIVE UTILIZATION; CARBON MONOXIDE SELECTIVITY,CN,ALIVE,Non-noble candidate
106495795,Carbon dioxide electrolytic device and method of controlling carbon dioxide electrolytic device,2022,2022,2026,TOSHIBA,"Chemical engineering; Surface technology, coating",B01D; C25B; Y02E,B01D-061/42/2; B01D-061/423; B01D-061/44/5; B01D-061/463; B01D-061/465; B01D-061/466; B01D-2311/04; C25B-001/23; C25B-003/03; C25B-003/07,B01D; C25B,B01D-061/42; C25B-001/23; C25B-003/03; C25B-003/07; C25B-003/25; C25B-003/26; C25B-009/00; C25B-009/19,ADJUSTER; ANDAN ELECTRODIALYSIS CELL; ANODE FLOW; ANODE PASSAGE; CARBON COMPOUND; CARBON DIOXIDE ELECTROLYSIS; CARBON DIOXIDE ELECTROLYTIC CELL; CARBON DIOXIDE ELECTROLYTIC DEVICE,JP,ALIVE,AEM; Non-noble candidate
108808107,Device and method for preparing multi-carbon compound by serially connecting high-temperature electrolytic cell with mem...,2023,2023,2024,ZHEJIANG BAIMA LAKE LABORATORY,"Surface technology, coating",C25B,C25B-003/07; C25B-003/26; C25B-009/60; C25B-009/65; C25B-011/02; C25B-011/081; C25B-011/091,C25B,C25B-003/07; C25B-003/26; C25B-009/60; C25B-009/65; C25B-011/02; C25B-011/081; C25B-011/091,ELECTROLYTIC TANK; HIGH TEMPERATURE ELECTROLYTIC TANK; MEMBRANE ELECTRODE REACTOR; MULTICARBON; SERIES MEMBRANE ELECTRODE REACTOR; ELECTROLYSIS CATALYSIS; CARBON DIOXIDE ELECTROLYSIS CATALYSIS; COMPREHENSIVE ENERGY; MEMBRANE ELECTRODE; CATHODE CATALYST,CN,ALIVE,AEM; Non-noble candidate
85758103,Method for the electrochemical production of a gas product containing co,2018,2018,2025,LINDE; SIEMENS ENERGY,"Environmental technology; Materials, metallurgy; Surface technology, coating",B01D; C25B; Y02C; Y02P,B01D-053/04; B01D-053/14/87; B01D-053/22/9; B01D-053/32/6; B01D-053/75; B01D-2253/102; B01D-2253/108; B01D-2256/20; B01D-2256/22; B01D-2257/504,B01D; C01B; C25B,B01D-053/04; B01D-053/047; B01D-053/22; B01D-053/32; B01D-053/75; C01B-032/40; C25B-001/00; C25B-001/23,AMENDSTATUS; EDUCT STREAM; ELECTROCHEMICAL GENERATION; ELECTROLYSIS CELL; FACILITY; GAS PRODUCT PRODUCTION,DE,ALIVE,Non-noble candidate; GDE
112969726,(WO2025/009784) Method for producing co from solid oxide electrolytic cell (soec) while removing deposited carbon throug...,2023,2023,2025,KRICT KOREA RESEARCH INSTITUTE OF CHEMICAL TECHNOLOGY,"Surface technology, coating",C25B,C25B-001/23; C25B-009/19; C25B-009/65; C25B-011/051; C25B-013/07,C25B,C25B-001/23; C25B-009/19; C25B-009/65; C25B-011/051; C25B-013/07,BOUDOUARD REACTION REVERSE; CARBON DEPOSITION; CARBON DEPOSITION PHENOMENON; ELECTROLYTIC REACTION; POWER CONTROL; POWER INTERRUPTION; REDUCTION ELECTRODE; REMOVING DEPOSIT CARBON,KR,ALIVE,Non-noble candidate
86637940,Mass transfer enhancement type CO2 electroreduction electrolysis tank,2019,2019,2019,DALIAN UNIVERSITY OF TECHNOLOGY; GLOBAL ENERGY INTERCONNECTION RESEARCH INSTITUTE; STATE GRID CORPORATION OF CHINA,"Surface technology, coating",C25B,C25B-001/00; C25B-003/25; C25B-009/19; C25B-011/02; C25B-011/055,C25B,C25B-003/25; C25B-009/19,ELECTROLYTIC CELL; ELECTROREDUCTION CELL; ENHANCED CO2AN ELECTROREDUCTION CELL; MASS TRANSFER; ELECTROLYTE CAVITY; CO2AN ELECTROLYTE CHAMBER; ELECTROLYTE; CO2THE ELECTROLYTE CAVITY; FEED GROOVE; DISCHARGING GROOVE,CN,DEAD,Non-noble candidate; GDE
96314074,Fuel production device,2020,2020,2024,HITACHI,"Basic materials chemistry; Surface technology, coating",C10G; C10K; C25B; Y02E,C10G-002/32; C10K-003/02/6; C25B-001/02; C25B-001/04; C25B-003/03; C25B-003/26; C25B-009/23; C25B-011/031; C25B-011/053; C25B-011/091,C10G; C10K; C10L; C25B,C10G-002/00; C10K-003/02; C10L-003/08; C25B-001/00; C25B-001/02; C25B-003/03; C25B-003/26; C25B-009/00,CATALYST ELECTRODE; ELECTROLYTIC CELL; FUEL; FUEL SYNTHESIS CATALYST; FUEL PRODUCTION,WO; JP,ALIVE,Non-noble candidate; GDE
67443260,Electrochemical device for syngas and liquid fuels production,2013,2013,2017,ALLIANCE FOR SUSTAINABLE ENERGY; COLORADO SCHOOL OF MINES,"Basic materials chemistry; Environmental technology; Materials, metallurgy; Surface technology, coating",B01D; C01B; C10G; C10K; C25B; F23C; F23L; Y02C; Y02E; Y02P,B01D-053/14/18; B01D-053/14/75; B01D-053/52; B01D-2251/602; B01D-2253/1124; B01D-2257/504; B01D-2258/0283; C01B-003/38/4; C01B-2203/0233; C01B-2203/0238,B01D; C01B; C10G; C10K; C25B,B01D-053/14; B01D-053/52; C01B-003/38; C10G-002/00; C10K-001/04; C10K-003/04; C25B-001/00; C25B-001/12,DEHYDRATED SYNGA; ELECTROCHEMICAL DEVICE; LIQUID FUEL; LIQUID FUEL PRODUCTION; SYNGA; SYNGA PRESSURIZATION,US,DEAD,Non-noble candidate
109306159,(WO2024/076233) Thin-film composite membrane for co2 electrolysis,2022,2022,2024,TECHNISCHE UNIVERSITEIT DELFT,Chemical engineering; Other special machines,B01D; C08J; C25B; H01M,B01D-053/32/6; B01D-061/42; B01D-067/00/06; B01D-069/02; B01D-069/12; B01D-069/1251; B01D-071/56; B01D-2257/504; B01D-2325/42; C08J-005/22,B01D; C08J,B01D-067/00; C08J-005/22; C08J-007/16,BIFUNCTIONAL MEMBRANE; CO2 ELECTROLYSIS; THIN FILM COMPOSITE; THIN FILM COMPOSITE MEMBRANE; PERFLUOROSULFONATE POLYMER; POLYMERIC FILM; CONVERTING CO2; ELECTROOSMOTIC FLUX; SEMIPERMEABLE MEMBRANE; PERFLUOROSULFONATE POLYMER INTERFACE,NL,ALIVE,MEA; AEM; Non-noble candidate
106413185,Thermally integrated process for the production of liquid fuels with a solid oxide electrolyzer,2022,2022,2026,INFINIUM,"Basic materials chemistry; Materials, metallurgy; Surface technology, coating",C01B; C10G; C10K; C10L; C25B; Y02E,C01B-003/12; C01B-2203/0415; C01B-2203/043; C01B-2203/046; C01B-2203/0475; C01B-2203/062; C10G-002/32; C10G-002/341; C10G-2300/307; C10G-2400/02,C01B; C10G; C10K; C10L; C25B,C01B-003/32; C10G-002/00; C10K-001/00; C10K-003/00; C10K-003/04; C10L-001/04; C10L-001/06; C10L-001/08,BED CATALYTIC REACTOR; DOPED CEO; ELECTROLYSIS FEED; HEAT INTEGRATION; INTEGRATION; LANTHANUM STRONTIUM; LANTHANUM STRONTIUM MANGANATE; LANTHANUM STRONTIUM MANGANITE; LIQUID FUEL,US,ALIVE,Non-noble candidate
113653423,"(KR10-2025-0030840) Copolymer and salt thereof, membrane and electrolysis cell comprising same",2023,2023,2025,LG CHEM,"Macromolecular chemistry, polymers; Other special machines; Surface technology, coating",C08G; C08J; C25B,C08G-010/00; C08J-005/22/62; C08J-2361/18; C25B-009/19; C25B-009/77; C25B-013/08,C08G; C08J; C25B,C08G-010/00; C08J-005/22; C25B-009/19; C25B-009/77; C25B-013/08,ELECTROLYSIS CELL; POLYMER; SEPARATOR; SUSTAINION ANION EXCHANGE SEPARATOR; DIOXIDE MATERAL; MOLAR RATIO; WORK PROCESSABILITY; DIOXIDE MATERAL CO; LINKING SITE; SEPARATION MEMBRANE,KR,ALIVE,AEM; Non-noble candidate
114750156,"Sulfur-doped metal monoatomic catalyst of porous carbon substrate, preparation method and application",2025,2025,2026,ZHEJIANG UNIVERSITY OF TECHNOLOGY,"Surface technology, coating",B01J; C25B,B01J-027/24; B01J-035/00/33; C25B-001/04; C25B-001/23; C25B-011/04; C25B-011/04/47; C25B-011/04/78; C25B-011/065; C25B-011/091,C25B,C25B-001/23; C25B-011/065; C25B-011/091,METAL CATALYST ATOM; POROUS CARBON SUBSTRATE; PORCELAIN BOAT; SEAWATER ACIDIFICATION; NITROGEN ATMOSPHERE; ULTRASONIC STIRRING,CN,ALIVE,Non-noble candidate
105438541,For CO2Preparation method of electrically reduced ZnFe monoatomic loaded Cu nano particles,2023,2023,2026,XIAMEN UNIVERSITY,"Surface technology, coating",C25B,C25B-001/00; C25B-003/04; C25B-003/26; C25B-011/04; C25B-011/091,C25B,C25B-003/26; C25B-011/091,CU NANO PARTICLE; CU NANOPARTICLE; ELECTRICALLY REDUCED ZNFE; ELECTRICALLY REDUCED ZNFE CO2PREPARATION; ZNFE MONOATOMIC CATALYST; ZNFE MONOATOMIC LOAD,CN,ALIVE,Non-noble candidate
111953180,Gradient defect N-C-M-N-C composite material and preparation and application thereof in carbon dioxide reduction,2024,2024,2024,CENTRAL SOUTH UNIVERSITY,"Surface technology, coating",C25B,C25B-001/23; C25B-001/50; C25B-011/091,C25B,C25B-001/23; C25B-001/50; C25B-011/091,CARBON DIOXIDE REDUCTION; COMPOSITE MATERIAL; GRADIENT DEFECT; M N C; ELECTROCATALYTIC CO2RR; TEMPLATE; REALIZING ARTIFICIAL CARBON CIRCULATION; CO2RR ELECTROCATALYSIS; CO2 EMISSION; ICEBERG MELTING,CN,ALIVE,Non-noble candidate
116013304,Three-dimensional porous copper oxide-zinc bimetallic film electrode for electrically reducing carbon dioxide and prepar...,2025,2025,2025,DALIAN UNIVERSITY,"Surface technology, coating",C07C; C25B,C07C-053/02; C25B-001/00; C25B-003/04; C25B-011/04/05; C25B-011/04/47,C25B,C25B-001/23; C25B-001/50; C25B-003/03; C25B-003/07; C25B-003/26; C25B-011/031; C25B-011/054; C25B-011/061,BIMETALLIC THIN FILM ELECTRODE; CARBON DIOXIDE ELECTROREDUCTION; COPPER OXIDE ZINC; THIN FILM ELECTRODE; VERSA STAT ELECTROCHEMICAL WORKSTATION; COOPERATIVE CONSTRUCTION STRATEGY; PULSE CODEPOSITION; ALKALINE ELECTROLYTE; PRETREATED COPPER MESH; PULSE CURRENT ELECTRODEPOSIT,CN,ALIVE,Non-noble candidate
112678154,Electrolysis device,2023,2023,2026,LG CHEM,"Surface technology, coating",C25B,C25B-001/00; C25B-001/23; C25B-003/03; C25B-003/07; C25B-003/25; C25B-003/26; C25B-009/19; C25B-009/60; C25B-015/08; C25B-015/083,C25B,C25B-001/23; C25B-003/03; C25B-003/07; C25B-003/26; C25B-009/00; C25B-009/19; C25B-009/23; C25B-009/60,ELECTROLYSIS; ELECTROLYSIS CELL; ELECTROLYZER; CATION SEPARATION MEMBRANE,KR,ALIVE,MEA; AEM; Non-noble candidate; GDE
103607055,Method for transient operation of a solid oxide electrolysis cell stack,2021,2021,2025,TOPSOE,"Surface technology, coating",C25B; Y02E,C25B-001/042; C25B-003/26; C25B-009/70; C25B-009/77; C25B-015/00; C25B-015/02; C25B-015/08; Y02E-060/36,C25B,C25B-001/042; C25B-003/26; C25B-009/23; C25B-009/70; C25B-009/77; C25B-015/00; C25B-015/02; C25B-015/08,ACTIVE CELL; ACTIVE CELL AREA; ANODE SIDE; CATHODE SIDE,EP; DK; EE,ALIVE,Non-noble candidate
113067654,"(KR10-2025-0007356) Copolymer and salt of same copolymer, membrane and electrolysis cell comprising same",2023,2023,2025,LG CHEM,"Macromolecular chemistry, polymers; Other special machines; Surface technology, coating",C08G; C08J; C25B,C08G-010/00; C08J-005/22/62; C08J-2361/18; C25B-009/19; C25B-009/77; C25B-013/08,C08G; C08J; C25B,C08G-010/00; C08J-005/22; C25B-009/19; C25B-009/77; C25B-013/08,ELECTROLYSIS CELL; POLYMER; SEPARATOR; SUSTAINION ANION EXCHANGE SEPARATOR; DIOXIDE MATERAL; DIOXIDE MATERAL CO; ALKYL GROUP; SEPARATION MEMBRANE; CHEMICAL FORMULA; PROCESSABILITY,KR,ALIVE,AEM; Non-noble candidate
95930332,Asymmetric-structure electrolytic cell made of symmetric materials and preparation method thereof,2021,2021,2022,ZHEJIANG ZHONGXIN DEGU NEW MATERIAL TECHNOLOGY,"Surface technology, coating",C25B; Y02P,C25B-001/04; C25B-001/23; C25B-009/19; C25B-011/032; C25B-011/047; Y02P-020/133,C25B,C25B-001/04; C25B-001/23; C25B-009/19; C25B-011/032; C25B-011/047,ASYMMETRIC STRUCTURE ELECTROLYTIC CELL; ASYMMETRICAL STRUCTURE; ELECTRODE SOLID OXIDE; ELECTROLYTIC CELL; POROUS ELECTRODE LAYER,CN,ALIVE,Non-noble candidate; GDE
110304393,Cu/Ag nano-catalyst for CO2 electrocatalytic reduction as well as batch preparation method and application of Cu/Ag nano...,2024,2024,2024,HENAN UNIVERSITY OF TECHNOLOGY,"Materials, metallurgy; Surface technology, coating",C22C; C25B,C22C-001/00; C25B-001/23; C25B-003/03; C25B-003/07; C25B-003/26; C25B-011/075; C25B-011/081,C22C; C25B,C22C-001/00; C25B-001/23; C25B-003/03; C25B-003/07; C25B-003/26; C25B-011/075; C25B-011/081,BATCH; CO2CU AG NANO CATALYST; CU AG NANO CATALYST; ELECTROCATALYTIC REDUCTION; CU AG NANOCATALYST BATCH; NANO CATALYST; VIOLENT STIRRING; SALT PRECURSOR SOLUTION; AG CATALYST; CU AG CATALYST,CN,ALIVE,Non-noble candidate
113653441,"(KR10-2025-0030839) Copolymer and salt thereof, and membrane and electrolysis cell comprising same",2023,2023,2025,LG CHEM,"Macromolecular chemistry, polymers; Other special machines; Surface technology, coating",C08G; C08J; C25B,C08G-010/00; C08J-005/22/62; C08J-2361/18; C25B-009/19; C25B-009/77; C25B-013/08,C08G; C08J; C25B,C08G-010/00; C08J-005/22; C25B-009/19; C25B-009/77; C25B-013/08,ELECTROLYSIS CELL; POLYMER; SEPARATOR; SUSTAINION ANION EXCHANGE SEPARATOR; DIOXIDE MATERAL; ALKYL GROUP; WORK PROCESSABILITY; DIOXIDE MATERAL CO; CHEMICAL FORMULA; LINKING SITE,KR,ALIVE,AEM; Non-noble candidate
112678146,Electrolysis device,2023,2023,2026,LG CHEM,"Surface technology, coating",C25B,C25B-001/00; C25B-001/04; C25B-001/23; C25B-003/03; C25B-003/07; C25B-003/25; C25B-003/26; C25B-009/19; C25B-009/23; C25B-009/60,C25B,C25B-001/23; C25B-003/03; C25B-003/07; C25B-003/26; C25B-009/00; C25B-009/19; C25B-009/23; C25B-009/60,ELECTROLYSIS; ELECTROLYSIS CELL; ELECTROLYZER,KR,ALIVE,MEA; AEM; Non-noble candidate; GDE
95617533,A method for supplying oxygen-enriched gas to an oxygen-consuming process,2020,2020,2026,TOPSOE,"Materials, metallurgy; Surface technology, coating; Thermal processes and apparatus",C04B; C25B; F23L; Y02E; Y02P,C04B-002/10; C04B-007/43; C25B-001/02; C25B-001/042; C25B-001/23; C25B-009/19; C25B-013/07; C25B-015/02; C25B-015/081; C25B-015/087,C04B; C25B; F23L,C04B-002/10; C04B-007/43; C25B-001/02; C25B-001/042; C25B-001/23; C25B-009/00; C25B-009/19; C25B-013/07,ANODE SIDE; CATHODE SIDE; GAS STREAM; OXY CALCINING,DK; EE,ALIVE,Non-noble candidate
114305656,"(KR10-2025-0056001) Polymer and salt thereof, separation film comprising same, and electrolysis cell",2023,2023,2025,LG CHEM,"Macromolecular chemistry, polymers; Other special machines; Surface technology, coating",C08G; C08J; C25B,C08G-010/00; C08J-005/22/62; C08J-2361/18; C25B-003/26; C25B-009/19; C25B-013/08,C08G; C08J; C25B,C08G-010/00; C08J-005/22; C25B-003/26; C25B-009/19; C25B-013/08,ELECTROLYSIS CELL; POLYMER; SEPARATOR; SUSTAINION ANION EXCHANGE SEPARATOR; DIOXIDE MATERAL; ALKYLENE GROUP; DIOXIDE MATERAL CO; LINKING SITE; ANION EXCHANGE SEPARATOR; ALKYL GROUP,KR,ALIVE,AEM; Non-noble candidate
118157483,(KR10-2026-0036782) Copolymer membrane and electrolysis cell comprising the same,2024,2024,2026,LG CHEM,"Macromolecular chemistry, polymers; Other special machines; Surface technology, coating",C08G; C08J; C25B,C08G-073/06/27; C08J-005/22/56; C08J-2379/04; C25B-013/08,C08G; C08J; C25B,C08G-073/06; C08J-005/22; C25B-013/08,ELECTROLYSIS CELL; POLYMER; SEPARATOR; POLYARYL PIPERIDINIUM; SUSTAINION ANION EXCHANGE SEPARATOR; POLYARYL PIPERIDINE POLYMER; TETRAVALENT HYDROCARBON; TETRAVALENT SATURATED HYDROCARBON; DIOXIDE MATERAL; WORK PROCESSABILITY,KR,ALIVE,AEM; Non-noble candidate
66367131,"Method for high-temperature electrolysis of steam and another gas, related interconnector, electrolysis reactor and oper...",2012,2012,2021,CEA - COMMISSARIAT A L ENERGIE ATOMIQUE & AUX ENERGIES ALTERNATIVES,"Electrical machinery, apparatus, energy; Materials, metallurgy; Surface technology, coating",C25B; H01M; Y02E,C25B-001/00; C25B-001/04; C25B-001/042; C25B-001/06; C25B-001/10; C25B-001/23; C25B-009/04; C25B-009/08; C25B-009/18; C25B-009/19,C01B; C25B; H01M,C01B-003/02; C25B-001/02; C25B-001/23; C25B-001/27; C25B-003/25; C25B-009/19; C25B-009/65; C25B-009/75,CARBON DIOXIDE CO2; ELECTRICAL INTERCONNECTOR; ELECTROLYSIS REACTOR,FR,ALIVE,Non-noble candidate
104127510,Methane generation system,2022,2022,2026,MITSUBISHI ELECTRIC,"Basic materials chemistry; Chemical engineering; Organic fine chemistry; Surface technology, coating",B01J; C10L; C25B,B01J-019/00/13; B01J-019/24; B01J-2219/00087; B01J-2219/00103; B01J-2219/00108; B01J-2219/0011; B01J-2219/00117; C10L-003/08; C25B-001/23; C25B-009/19,B01J; C07C; C10L; C25B,B01J-019/00; B01J-019/24; C07C-001/00; C07C-009/04; C10L-003/08; C25B-001/23; C25B-009/19; C25B-009/67,CARBON DIOXIDE SUPPLY PATH; COELECTROLYSIS; COELECTROLYTIC; CONNECTION PATH; ELECTRICAL POWER SUPPLY; ELECTRICAL POWER SUPPLY PATH,WO; JP,ALIVE,Non-noble candidate
101968427,Fuel producing system,2021,2021,2025,HONDA MOTOR,"Basic materials chemistry; Organic fine chemistry; Surface technology, coating",C07C; C25B; Y02E,C07C-001/04/25; C07C-001/04/85; C25B-001/042; C25B-001/23; C25B-009/19; C25B-015/083; C25B-015/087; Y02E-060/36,C07C; C10L; C25B,C07C-001/04; C10L-003/08; C25B-001/042; C25B-001/23; C25B-009/00; C25B-009/19; C25B-015/023; C25B-015/08,ELECTROLYSIS; ELECTROLYSIS SECTION; ELECTROLYZER; FUEL; FUEL MANUFACTURING SYSTEM; MANUFACTURING SYSTEM,JP,ALIVE,Non-noble candidate
114398667,Hybrid Electrochemical Method and System for Syngas Production,2023,2023,2025,FUELCELL ENERGY,"Electrical machinery, apparatus, energy; Surface technology, coating",C01B; C25B; H01M; Y02E,C01B-003/12; C01B-2203/043; C01B-2203/0475; C01B-2203/0495; C01B-2203/062; C01B-2203/066; C01B-2203/147; C25B-001/042; C25B-001/23; C25B-009/19,C25B; H01M,C25B-001/04; C25B-001/042; C25B-001/23; C25B-009/19; C25B-015/021; C25B-015/08; H01M-008/14,CARBONATE FUEL CELL; FUEL CELL; MOLTEN CARBONATE FUEL CELL; SOLID OXIDE ELECTROLYSIS CELL; SYNGA,US,ALIVE,
71609954,Electrolysis method and electrolysis system comprising recirculating flushing media,2014,2014,2020,SUNFIRE,"Surface technology, coating",C25B; Y02E,C25B-001/00; C25B-001/02; C25B-001/04; C25B-001/10; C25B-001/12; C25B-009/05; C25B-009/06; C25B-009/08; C25B-009/10; C25B-009/17,C25B; C25C,C25B-001/02; C25B-009/17; C25B-009/19; C25B-009/23; C25B-013/00; C25B-015/00; C25B-015/08; C25C-003/08,CELL; CLEANING MEDIUM; ELECTROLYSIS,DE,ALIVE,Non-noble candidate
96169624,For electroreduction of CO2And a process for preparing the same,2021,2021,2022,DALIAN UNIVERSITY OF TECHNOLOGY,"Surface technology, coating",C25B,C25B-001/23; C25B-001/50; C25B-011/091,C25B,C25B-001/23; C25B-001/50; C25B-011/091,CATALYST CO2THE; CO2THE CATALYST; CO2THE CATALYST ELECTROREDUCTION; ELECTROREDUCTION; MOFS SUSPENSION; CO2AND ELECTROREDUCTION; CO2LAYS ELECTROREDUCTION; TRISHYDROXYMETHYL AMINOMETHANE HYDROCHLORIC ACID,CN,ALIVE,Non-noble candidate
87171430,(WO2020/001851) Electrochemical low-temperature reverse water-gas shift reaction,2018,2018,2020,SIEMENS ENERGY,"Electrical machinery, apparatus, energy; Materials, metallurgy; Surface technology, coating",C25B; H01M; Y02E; Y02P,C25B-001/00; C25B-001/04; C25B-009/19; C25B-009/70; C25B-011/04; C25B-015/08; H01M-008/06/56; H01M-008/06/68; H01M-008/06/81; Y02E-060/36,C01B; C25B; H01M,C01B-032/40; C25B-009/19; C25B-009/23; C25B-015/08; H01M-008/0606,CATHODE COMPARTMENT; ELECTROCHEMICAL REACTION; ELECTROLYSIS CELL; GAS CONVERSION; METAL; OXIDE; PORPHYRIN; TEMPERATURE REVERSE; WATER GAS,DE,DEAD,AEM; Non-noble candidate; GDE
107089672,(WO2023/210125) System for producing hydrocarbons,2022,2022,2025,HITACHI,"Organic fine chemistry; Surface technology, coating",C07C; C25B,C07C-001/12; C07C-002/84; C07C-009/04; C07C-009/06; C07C-009/08; C25B-001/042; C25B-001/23; C25B-003/03; C25B-003/26; C25B-009/00,C07C; C25B,C07C-001/12; C07C-002/84; C07C-009/04; C07C-009/06; C07C-009/08; C25B-001/042; C25B-001/23; C25B-003/03,CATALYST REACTOR; ENERGY SUPPLY; EVAPORATOR; FLOW RATE; HEAT; HEAT ENERGY; HEAT ENERGY SUPPLY; HEATING MEDIUM; HEATING MEDIUM HEAT ENERGY,JP,ALIVE,Non-noble candidate
80803000,Carbon-supported nickel-copper binary nitride catalyst and preparation method and application thereof,2018,2018,2020,TECHNICAL INSTITUTE OF PHYSICS & CHEMISTRY - CHINESE ACADEMY OF SCIENCES,"Chemical engineering; Surface technology, coating",B01J; C25B; Y02E,B01J-027/24; B01J-035/33; B01J-035/40; B01J-035/615; C25B-001/00; C25B-001/04; C25B-011/091; Y02E-060/36,B01J; C25B,B01J-027/24; B01J-035/00; C25B-001/00; C25B-001/04; C25B-011/06,BINARY NITRIDE CATALYST; CARBON DIOXIDE ELECTROCATALYTIC REDUCTION; ELECTROCATALYTIC REDUCTION; NICKEL COPPER BINARY NITRIDE CATALYST; SYNTHESIS GAS; BINARY NITRIDE NANOPARTICLE; NICKEL COPPER BINARY NITRIDE NANOPARTICLE,CN,DEAD,Non-noble candidate
88193055,Hydrocarbon generation system and method for generating hydrocarbon,2018,2018,2024,AIST - NATIONAL INSTITUTE OF ADVANCED INDUSTRIAL SCIENCE & TECHNOLOGY,"Chemical engineering; Surface technology, coating",C25B; Y02E,C25B-001/04; C25B-001/042; C25B-001/23; C25B-003/03; C25B-003/25; C25B-003/26; C25B-009/01; C25B-009/19; C25B-009/67; C25B-009/70,B01J; C25B,B01J-023/10; B01J-023/83; C25B-001/04; C25B-001/042; C25B-001/23; C25B-003/03; C25B-003/25; C25B-003/26,CATALYST; COELECTROLYSIS CELL; COELECTROLYSIS TANK; COELECTROLYTIC CELL; ELECTROCHEMICAL CATALYST,JP,ALIVE,Non-noble candidate
111204819,Method and device for integrally purifying and catalyzing CO2 in coal-fired flue gas and application,2024,2024,2024,QINGDAO UNIVERSITY OF SCIENCE & TECHNOLOGY,"Environmental technology; Materials, metallurgy; Surface technology, coating",B01D; C01B; C25B,B01D-053/60; B01D-053/62; B01D-053/78; B01D-2257/504; C01B-032/50; C25B-003/26,B01D; C01B; C25B,B01D-053/60; B01D-053/62; B01D-053/78; C01B-032/50; C25B-003/26,CO2INTEGRATED PURIFICATION CATALYSIS; COAL FIRED FLUE GAS; FLUE GAS; PURIFICATION CATALYSIS; ELECTROLYZER ANODE ELECTROLYTE; MEMBRANE ELECTRODE ELECTROLYZER ANOLYTE; BIPOLAR MEMBRANE ELECTROLYZER; BICARBONATE; BICARBONATE ELECTROCATALYTIC CONVERSION; MEMBRANE ELECTRODE ELECTROLYZER,CN,ALIVE,
116298732,Carbon shell coated Cu-based bimetallic catalyst suitable for efficient electroreduction of CO2,2025,2025,2025,INSTITUTE OF PROCESS ENGINEERING - CHINESE ACADEMY OF SCIENCES,"Environmental technology; Micro-structure and nano-technology; Surface technology, coating",B01D; B01J; B82Y; C25B; Y02E; Y02P,B01D-053/62; B01D-2257/504; B01J-035/00/13; B01J-035/00/33; B82Y-030/00; B82Y-040/00; C25B-001/00; C25B-001/00/3; C25B-001/04; C25B-003/04,B01D; B82Y; C25B,B01D-053/62; B01D-053/86; B82Y-030/00; C25B-001/23; C25B-011/02; C25B-011/091,BIMETALLIC CATALYST; CU BIMETALLIC CATALYST; ELECTROREDUCTION CARBON SHELL; BIMETALLIC MOF PRECURSOR; CATALYST PREPARATION STRATEGY; PREPARATION STRATEGY; CARBON SHELL; CATALYTIC PERFORMANCE; ELECTROREDUCTION; BIMETALLIC CARBON,CN,ALIVE,Non-noble candidate
35372708,(KR10-1211263) Electrochemical reaction device and method for manufacturing electrochemical reaction device,2011,2011,2012,KOREA ADVANCED INSTITUTE OF SCIENCE & TECHNOLOGY,"Chemical engineering; Materials, metallurgy; Surface technology, coating",C01B; C25B; Y02E,C01B-032/40; C25B-001/042; C25B-009/19; C25B-011/031; C25B-011/091; C25B-013/05; Y02E-060/36,B01J; C01B; C25B,B01J-019/08; C01B-003/06; C01B-032/40; C25B-001/04,ELECTROCHEMICAL REACTION; IMPREGNATING PORE; METAL FOAM; METAL FOAM SUPPORT; STEAM GENERATOR; REACTION IMPREGNATING PORE,KR,ALIVE,Non-noble candidate
100224447,Synthetic gas constant-proportion production system and method,2022,2022,2022,UNIVERSITY SOUTH SCIENCE & TECHNOLOGY CHINA,"Organic fine chemistry; Surface technology, coating",C07C; C25B; Y02P,C07C-029/151/8; C07C-029/152; C25B-001/04; C25B-001/23; C25B-009/19; C25B-015/00; C25B-015/02; Y02P-020/52,C07C; C25B,C07C-029/151; C07C-029/152; C07C-031/04; C25B-001/04; C25B-001/23; C25B-009/19; C25B-015/00; C25B-015/02,FIX RATIO PRODUCTION SYSTEM; FIXED RATIO PRODUCTION; PRODUCTION SYSTEM; STRONTIUM DOPED LANTHANUM MANGANATE; SYNGA; SYNTHESIS GAS; COAL GASIFICATION; GAS CONDITIONING; ELECTROLYTIC TANK; SAMARIUM CODOPED CERIA,CN,ALIVE,
113753877,"Electrolysis device, electrolysis system, and method of operating electrolysis device",2023,2023,2025,TOSHIBA,"Surface technology, coating",C25B,C25B-001/23; C25B-001/27; C25B-003/25; C25B-003/26; C25B-009/70; C25B-009/73; C25B-009/77; C25B-015/02; C25B-015/08,C25B,C25B-001/04; C25B-001/23; C25B-001/27; C25B-003/03; C25B-003/09; C25B-003/25; C25B-003/26; C25B-009/00,AMMONIA; CARBON COMPOUND; CARBON DIOXIDE GAS; CARBON DIOXIDE REDUCTION POTENTIAL; CURRENT DENSITY; ELECTROLYSIS,JP,ALIVE,MEA; Non-noble candidate; GDE
81386940,Electrochemical reaction device and electrochemical reaction method,2017,2017,2020,TOSHIBA,"Surface technology, coating",C25B; Y02E,C25B-001/00; C25B-001/00/3; C25B-001/04; C25B-001/10; C25B-001/55; C25B-003/04; C25B-003/25; C25B-009/00; C25B-009/08; C25B-009/10,C25B,C25B-003/25; C25B-009/19; C25B-009/23; C25B-015/00,CARBON COMPOUND; CARBON COMPOUND GENERATION; COUNTER ELECTRODE; ELECTROCHEMICAL REACTION,JP,ALIVE,Non-noble candidate
112719442,Nickel-copper bimetallic nano-catalyst as well as preparation method and application thereof,2023,2023,2024,ZHEJIANG WANLI UNIVERSITY,"Surface technology, coating",C25B,C25B-001/23; C25B-011/054; C25B-011/055; C25B-011/091,C25B,C25B-001/23; C25B-011/054; C25B-011/055; C25B-011/091,BIMETALLIC NANO CATALYST; BIMETALLIC NANOCATALYST; NICKEL COPPER BIMETALLIC NANO CATALYST; NICKEL COPPER BIMETALLIC NANOCATALYST; NITROGEN DOPED GRAPHENE; NITROGEN DOPED GRAPHENE LAYER; ELECTROREDUCTION CATALYST; COPPER METAL PARTICLE; CARBON DIOXIDE ELECTROREDUCTION; CARBON DIOXIDE ELECTROREDUCTION CATALYST,CN,ALIVE,Non-noble candidate
104121451,Membraneless electrolysis cell and use thereof in electrolysis reactions,2021,2021,2025,FAIRBRICS,"Surface technology, coating",C25B,C25B-001/23; C25B-003/07; C25B-003/23; C25B-009/05; C25B-009/07; C25B-009/13; C25B-009/17; C25B-009/60; C25B-009/67; C25B-011/031,C25B,C25B-001/23; C25B-003/07; C25B-003/23; C25B-009/00; C25B-009/015; C25B-009/05; C25B-009/07; C25B-009/13,3D ELECTROLYSIS CELL; 3D ELECTROLYTIC CELL; ELECTROLYSIS CELL,FR,ALIVE,Non-noble candidate
108896443,Electrolytic device,2022,2022,2026,TOSHIBA,"Surface technology, coating",C25B; Y02E,C25B-001/00; C25B-001/04; C25B-001/23; C25B-001/27; C25B-003/07; C25B-003/26; C25B-009/00; C25B-009/19; C25B-009/23; C25B-009/65,C25B,C25B-001/00; C25B-001/04; C25B-001/23; C25B-001/27; C25B-003/07; C25B-003/26; C25B-009/00; C25B-009/19,AMMONIA; ANODE FLOW PATH; CARBON COMPOUND; CATHODE CATALYST; CATHODE CATALYST LAYER; CATHODE FLOW PATH; ELECTROLYSIS,JP,ALIVE,AEM; Non-noble candidate; GDE
110888177,Catalyst with electrocatalytic oxidation and reduction functions as well as preparation method and application of cataly...,2024,2024,2024,TIANJIN UNIVERSITY OF TECHNOLOGY,"Surface technology, coating",C25B,C25B-001/23; C25B-001/50; C25B-003/26; C25B-011/054; C25B-011/055; C25B-011/065; C25B-011/075,C25B,C25B-001/23; C25B-001/50; C25B-003/26; C25B-011/054; C25B-011/055; C25B-011/065; C25B-011/075,CATALYST; ELECTROCATALYTIC OXIDATION; REDUCTION FUNCTION; ORDERED MESOPOROUS TEMPLATE; ELECTROCATALYTIC CATALYST POOR; ELECTROCATALYTIC CATALYST; SACRIFICIAL TEMPLATE STRATEGY; CATALYST PRODUCTIVITY; NICKEL ATOM; REAGENT,CN,ALIVE,Non-noble candidate
93172692,Electrochemical reaction device,2019,2019,2025,TOSHIBA,"Surface technology, coating",C25B; Y02E; Y02P,C25B-001/00; C25B-001/04; C25B-001/23; C25B-003/03; C25B-003/07; C25B-003/25; C25B-003/26; C25B-009/08; C25B-009/19; C25B-009/73,C25B; C25C,C25B-001/00; C25B-001/04; C25B-001/23; C25B-003/03; C25B-003/07; C25B-003/25; C25B-003/26; C25B-009/00,CESIUM HYDROGEN CARBONATE; CONTROL SECTION; DIAPHRAGM; ELECTROCHEMICAL REACTION; ELECTROCHEMICAL REACTOR,JP,ALIVE,Non-noble candidate
116434365,Preparation method and application of GaOOH (at) Ga-based liquid metal catalytic electrode,2025,2025,2025,KUNMING UNIVERSITY OF SCIENCE & TECHNOLOGY,"Surface technology, coating",C25B,C25B-001/00; C25B-011/04/47,C25B,C25B-001/23; C25B-011/052; C25B-011/054; C25B-011/065; C25B-011/091,CATALYTIC ELECTRODE; GAOOH; LIQUID METAL; LIQUID METAL CATALYTIC ELECTRODE; ELECTROCHEMICAL CATALYSIS; GA ELECTRODE; ACETYLENE BLACK; ANODE ELECTROLYTE; PLATINUM ELECTRODE; CATHODE ELECTROLYTE,CN,ALIVE,Non-noble candidate
101335911,Secondary battery and electro-catalysis electrolytic tank mixing device,2022,2022,2022,HUAZHONG UNIVERSITY OF SCIENCE & TECHNOLOGY,"Electrical machinery, apparatus, energy; Surface technology, coating",C25B; H01M; Y02P,C25B-001/04; C25B-001/23; C25B-003/07; C25B-003/26; C25B-009/00; C25B-015/00; H01M-010/24; H01M-012/06; Y02P-020/133,C25B; H01M,C25B-001/04; C25B-001/23; C25B-003/07; C25B-003/26; C25B-009/00; C25B-015/00; H01M-010/24; H01M-012/06,ELECTROCATALYSIS ELECTROLYTIC CELL; ELECTROCATALYTIC REACTION TANK; SECONDARY BATTERY; ELECTROCATALYTIC REACTION; ELECTROCATALYTIC ELECTROLYSISTHE CELL; ELECTROCATALYSIS MODE; ELECTROCATALYTIC ELECTROLYSIS CELL HYBRID; ELECTROCATALYTIC REACTION TANK ANODE; ELECTROCATALYTIC REACTION TANK CATHODE; ELECTROLYTE,CN,DEAD,Non-noble candidate
106586888,Electrolytic device and method of driving electrolytic device,2022,2022,2025,TOSHIBA,"Surface technology, coating",C25B,C25B-001/04; C25B-001/23; C25B-001/27; C25B-003/26; C25B-009/00; C25B-009/19; C25B-009/60; C25B-015/02; C25B-015/08,C25B,C25B-001/04; C25B-001/135; C25B-001/23; C25B-001/27; C25B-003/26; C25B-009/00; C25B-009/19; C25B-009/23,ACCOMMODATION; ANODE OUTLET; ANODE PASSAGE; CATHODE OUTLET; CATHODE PASSAGE; DRIVING ELECTROLYTIC DEVICE,JP,ALIVE,AEM; Non-noble candidate; GDE
101871166,Solid-electrolyte-type electrolyzer and method for maintaining same,2021,2021,2024,IDEMITSU KOSAN,"Surface technology, coating",C25B,C25B-001/23; C25B-003/26; C25B-009/23; C25B-015/085,C25B,C25B-001/23; C25B-003/26; C25B-009/00; C25B-009/23; C25B-015/00; C25B-015/08,AQUEOUS SOLUTION; BORIC ACID; BORIC ACID BUFFER SOLUTION; BUFFER SOLUTION; CATION,JP,ALIVE,AEM; Non-noble candidate
109306069,Electrolysis device and operation method therefor,2022,2022,2025,LG CHEM,"Surface technology, coating",C25B,C25B-001/04; C25B-001/23; C25B-003/03; C25B-003/07; C25B-003/25; C25B-003/26; C25B-009/19; C25B-009/23; C25B-009/77; C25B-011/032,C25B,C25B-001/04; C25B-001/23; C25B-003/03; C25B-003/07; C25B-003/26; C25B-009/00; C25B-009/19; C25B-009/23,ELECTROLYSIS; ELECTROLYSIS CELL; ELECTROLYSIS STACK; ELECTROLYTE SOLUTION; UNREACTED REACTANT,KR,ALIVE,MEA; AEM; Non-noble candidate; GDE
108863955,Electrolysis device and electrolysis method,2022,2022,2025,TOSHIBA,"Surface technology, coating",C25B,C25B-001/00; C25B-001/04; C25B-001/23; C25B-003/25; C25B-003/26; C25B-009/19; C25B-009/23; C25B-009/65; C25B-009/67; C25B-015/02,C25B,C25B-001/00; C25B-001/04; C25B-001/23; C25B-001/27; C25B-003/03; C25B-003/07; C25B-003/25; C25B-003/26,ACQUIRING TEMPERATURE; ACQUISITION; ANODE SECTION; CARBON DIOXIDE REDUCING SUBSTANCE; CATHODE SECTION; CLOUD; CURRENT DENSITY; DATA PROCESSING UNIT; DEGRADATION DETECTION; DETERIORATION DEGREE,JP,ALIVE,AEM; Non-noble candidate
85684691,Separatorless dual gde cell for electrochemical reactions,2018,2018,2024,SIEMENS ENERGY,"Surface technology, coating",C25B; Y02E; Y02P,C25B-001/00; C25B-001/04; C25B-001/26; C25B-003/25; C25B-009/06; C25B-009/17; C25B-009/19; C25B-011/03/5; C25B-011/031; C25B-013/02,C25B,C25B-001/04; C25B-001/23; C25B-001/26; C25B-003/07; C25B-003/25; C25B-003/26; C25B-009/17; C25B-011/031,ANODE COMPARTMENT; CELL; ELECTROCHEMICAL CONVERSION,DE,ALIVE,Non-noble candidate; GDE
94627574,System and method for the electrochemical conversion of a gaseous compound,2019,2019,2026,UNIVERSITEIT ANTWERPEN,"Surface technology, coating",C25B,C25B-003/03; C25B-003/07; C25B-003/26; C25B-009/05; C25B-009/23; C25B-009/65; C25B-009/75; C25B-009/77; C25B-013/02; C25B-015/083,C25B,C25B-003/07; C25B-003/25; C25B-003/26; C25B-009/05; C25B-009/19; C25B-009/23; C25B-009/73; C25B-013/02,ELECTROCHEMICAL CONVERSION; GASEOUS COMPOUND; GASEOUS COMPOUND CONVERSION,EP; BE,ALIVE,MEA; Non-noble candidate
115109027,(KR10-2025-0099621) Perovskite anode material and manufacturing method thereof,2023,2023,2025,KOREA ADVANCED INSTITUTE OF SCIENCE & TECHNOLOGY,"Micro-structure and nano-technology; Surface technology, coating",B82Y; C25B; Y02E,B82Y-040/00; C25B-001/04; C25B-003/26; C25B-009/17; C25B-011/031; C25B-011/067; C25B-011/0773; C25B-011/089; C25B-013/07; C25B-015/02,B82Y; C25B,B82Y-040/00; C25B-001/04; C25B-003/26; C25B-009/17; C25B-011/031; C25B-011/067; C25B-011/077; C25B-011/089,PEROVSKITE ANODE; PEROVSKITE ANODE MATERIAL; PEROVSKITE FUEL ELECTRODE MATERIAL; COBALT PEROVSKITE; COBALTITE PEROVSKITE; ELECTROLYTE PELLET; CO2 ELECTROLYSIS; BA PRECURSOR; PR PRECURSOR; FE PRECURSOR,KR,ALIVE,Non-noble candidate
117651217,For supercritical CO2Electroreduction reaction system and working method thereof,2025,2025,2026,TIANJING UNIVERSITY,"Surface technology, coating",Y02P,Y02P-020/54,C25B,C25B-001/23; C25B-003/03; C25B-003/07; C25B-003/26; C25B-009/00; C25B-009/60; C25B-015/02; C25B-015/08,CATHOLYTE CIRCULATION SUBSYSTEM; CO2ELECTROREDUCTION REACTION; SUPERCRITICAL CO2ELECTROREDUCTION REACTION; ANOLYTE CIRCULATION SUBSYSTEM; ANOLYTE CHAMBER; CATHOLYTE CHAMBER; ELECTROREDUCTION REACTION; ELECTROBATH ANOLYTE CHAMBER; ELECTROBATH CATHOLYTE CHAMBER; LIQUID OUTLET,CN,ALIVE,AEM; Non-noble candidate
100868293,Nitrogen-doped mesoporous carbon nano microsphere loaded by atomic-scale manganese metal and application thereof,2022,2022,2024,BEIJING UNIVERSITY OF TECHNOLOGY,"Electrical machinery, apparatus, energy; Materials, metallurgy; Surface technology, coating",C01B; C25B; H01M; Y02P,C01B-032/15; C25B-001/23; C25B-011/091; H01M-004/88/25; H01M-004/90/41; H01M-004/90/83; H01M-012/06; H01M-2004/8689; Y02P-020/133,C01B; C25B; H01M,C01B-032/15; C25B-001/23; C25B-011/091; H01M-004/88; H01M-004/90; H01M-012/06,ATOMIC LEVEL MANGANESE METAL; ATOMIC SCALE MANGANESE METAL; CARBON NANO MICROSPHERE; CARBON NANOSPHERE; MANGANESE METAL; OPALESCENT NANO MICROEMULSION; MESOPOROUS CARBON NANOMICROSPHERE; MILKY NANOMETER MICROEMULSION; MILKY NANO MICROEMULSION,CN,ALIVE,Non-noble candidate
106316002,"Catalyst and production method for same, cathode, ion exchange membrane electrode assembly, and solid electrolyte electr...",2022,2022,2026,IDEMITSU KOSAN; OSAKA UNIVERSITY,"Chemical engineering; Materials, metallurgy; Surface technology, coating",C01B; C01P; C25B; Y02E,C01B-032/05; C01B-032/40; C01P-2002/60; C01P-2004/60; C25B-001/23; C25B-003/26; C25B-009/23; C25B-011/032; C25B-011/037; C25B-011/054,B01J; C01B; C25B,B01J-027/24; B01J-037/04; B01J-037/08; C01B-032/05; C01B-032/40; C25B-001/23; C25B-003/26; C25B-009/23,CARBON; CARRIER; CATALYST; CATALYST PARTICLE SIZE; ION EXCHANGE,JP; CN,ALIVE,MEA; AEM; Non-noble candidate; GDE
116773798,Tin-based alloy catalyst as well as preparation method and application thereof,2025,2025,2025,CHINA ELECTRONIC TECHNOLOGY; HARBIN INSTITUTE OF TECHNOLOGY,"Electrical machinery, apparatus, energy; Surface technology, coating",C25B; H01M; Y02E,C25B-001/00/3; C25B-001/04; C25B-011/04; C25B-011/04/52; C25B-011/04/78; C25B-011/04/84; H01M-004/90/16; Y02E-060/366,C25B; H01M,C25B-001/04; C25B-001/23; C25B-003/26; C25B-011/061; C25B-011/067; C25B-011/081; C25B-011/089; H01M-004/90,ALLOY CATALYST; TIN ALLOY CATALYST; SELECTIVITY CHALLENGE; ANODE OER; CATALYST DEACTIVATION; TIN DIOXIDE; ULTRAFINE GRINDER; METALLIC TIN; SLOW DYNAMICS; COMPETITION,CN,ALIVE,
79172273,A kind of graphene/carbon nano-tube load single dispersion metal atomic composite catalyst and its preparation method an...,2017,2017,2019,INSTITUTE OF COAL CHEMISTRY - CHINESE ACADEMY OF SCIENCE,"Surface technology, coating",C25B,C25B-001/00; C25B-003/25; C25B-011/091,C25B,C25B-003/25,ATOM COMPOSITE CATALYST; ATOMIC COMPOSITE CATALYST; CARBON NANOTUBE; CARBON NANOTUBE LOADED MONODISPERSE; DISPERSION METAL,CN,ALIVE,Non-noble candidate; GDE
108863961,Electrolysis device and method of controlling electrolysis device,2022,2022,2025,TOSHIBA,"Surface technology, coating",C25B; Y02E,C25B-001/04; C25B-001/23; C25B-001/27; C25B-003/03; C25B-003/26; C25B-009/05; C25B-009/19; C25B-009/67; C25B-015/02; C25B-015/021,C25B; C25C,C25B-001/04; C25B-001/23; C25B-001/27; C25B-003/03; C25B-003/07; C25B-003/26; C25B-009/00; C25B-009/05,AMMONIA; ANODE DISCHARGE; ANODE FLOW PATH; ANODE FLOW PATH PRESSURE; ANODE FLUID; ANODE INLET; ANODE MEASURED PRESSURE; ANODE OUTLET; ANODE PRESSURE; ANODE SOLUTION,JP,ALIVE,AEM; Non-noble candidate
111493424,Electrolysis device,2023,2023,2025,TOSHIBA,"Electrical machinery, apparatus, energy; Surface technology, coating",C25B,C25B-001/04; C25B-001/23; C25B-001/50; C25B-003/03; C25B-003/07; C25B-003/26; C25B-009/19; C25B-009/23; C25B-011/031; C25B-011/032,C25B; H01M,C25B-001/02; C25B-001/04; C25B-001/23; C25B-001/27; C25B-001/50; C25B-003/03; C25B-003/07; C25B-003/26,CATHODE FLOW PATH; DIAPHRAGM; DIAPHRAGM SURFACE; ELECTROLYSIS,JP,ALIVE,Non-noble candidate
101955362,Soec stack with fuel flow from periphery towards centre,2021,2021,2025,TOPSOE,"Electrical machinery, apparatus, energy; Surface technology, coating",C25B; Y02E,C25B-001/04; C25B-001/042; C25B-001/23; C25B-003/26; C25B-009/01; C25B-009/015; C25B-009/65; C25B-009/70; C25B-009/75; C25B-015/027,C25B; H01M,C25B-001/04; C25B-001/042; C25B-001/23; C25B-003/26; C25B-009/00; C25B-009/01; C25B-009/015; C25B-009/23,A CELL LAYER; CELL; CELL STACK; CONDUCTIVE SOLID OXIDE ELECTROLYSIS; ELECTROLYSIS CELL; ELECTROLYTIC CELL STACK; FUEL FLOW,EP; DK; EE,ALIVE,Non-noble candidate
79824105,Anode for an electrochemical cell and method for producing an electrochemical cell comprising such an anode,2016,2016,2022,FRAUNHOFER,"Electrical machinery, apparatus, energy; Measurement; Surface technology, coating",C25B; G01N; H01M; Y02E,C25B-011/03/5; C25B-011/031; C25B-011/04/78; C25B-011/091; G01N-027/30; H01M-004/86/1; H01M-004/86/42; H01M-004/86/57; H01M-004/88/28; H01M-004/88/85,C25B; G01N; H01M,C25B-011/03; C25B-011/031; C25B-011/04; C25B-011/06; C25B-011/069; C25B-011/075; C25B-011/091; G01N-027/26,ACTIVE CONSTITUENT; CERAMIC COMPONENT; CERIUM OXIDE; COMPOSITE; DOPED CERIUM OXIDE,DE,ALIVE,Non-noble candidate
106729837,Carbon-based Ni-MgAl2O4 heterojunction electrocatalyst as well as preparation method and application thereof,2023,2023,2023,ZHENGZHOU UNIVERSITY OF LIGHT INDUSTRY,"Surface technology, coating",C25B,C25B-001/23; C25B-011/091,C25B,C25B-001/23; C25B-011/091,HETEROJUNCTION ELECTROCATALYST; MESOPOROUS MACROPOROUS HIERARCHIC PORE; NI MONOATOM AGGREGATION; RICH OXYGEN VACANCY; NI NX COORDINATION; CARBON NI MGAL; MAXIMIZED ATOMIC UTILIZATION; NI MONOATOM; NI MGAL; HETEROJUNCTION ELECTROCATALYST CARBON PAPER,CN,ALIVE,Non-noble candidate
104933063,Copper electrocatalyst and preparation method thereof,2022,2022,2023,SOUTH CHINA NORMAL UNIVERSITY,"Surface technology, coating",C25B; C25C; C25D,C25B-003/26; C25B-011/065; C25B-011/075; C25C-001/12; C25D-003/38,C25B; C25C; C25D,C25B-003/26; C25B-011/065; C25B-011/075; C25C-001/12; C25D-003/38,COPPER ELECTROCATALYST; PREPARED COPPER ELECTROCATALYST; H ELECTROLYTIC CELL; ELECTROLYTIC CELL; ADSORPTION ENERGY; CARBON CLOTH; CATHOLYTE PH; COPPER TARTRATE SOLUTION; ELECTROCATALYST REDUCING AGENT; OPERABILITY,CN,ALIVE,Non-noble candidate
98667734,Preparation method of defect nanofiber carbon carrier coupled iron monatomic catalyst,2021,2021,2022,UNIVERSITY OF ELECTRONIC SCIENCE & TECHNOLOGY OF CHINA,"Surface technology, coating",C25B,C25B-001/23; C25B-003/03; C25B-003/07; C25B-003/26; C25B-011/031; C25B-011/054; C25B-011/065; C25B-011/075,C25B,C25B-001/23; C25B-003/03; C25B-003/07; C25B-003/26; C25B-011/031; C25B-011/054; C25B-011/065; C25B-011/075,CARRIER COUPLED IRON; DEFECT NANOFIBER CARBON; MONATOMIC CATALYST; ISOCALORIC GASESTHE EMISSION; ELECTROSTATIC SPINNING; FE MONATOMIC CATALYST; DICYANDIAMIDE ASSISTANCE,CN,ALIVE,Non-noble candidate
110939894,"Gas diffusion layer manufacturing method, cathode, ion exchange film-electrode assembly, and solid electrolyte electroly...",2023,2023,2025,IDEMITSU KOSAN,"Electrical machinery, apparatus, energy; Surface technology, coating",C25B; H01M; Y02E; Y02P,C25B-001/00; C25B-001/04; C25B-001/10; C25B-001/46; C25B-003/03; C25B-003/26; C25B-009/08; C25B-009/10; C25B-009/23; C25B-011/02,C25B; H01M,C25B-001/23; C25B-003/26; C25B-009/00; C25B-009/23; C25B-011/032; C25B-011/052; C25B-011/055; C25B-011/065,BINDER RESIN; CARBON FIBER; CARBON FIBER LAYER; CONDUCTIVE SUBSTANCE,JP,ALIVE,MEA; AEM; Non-noble candidate; GDE
108109771,(WO2025/104424) Electrolyser,2023,2023,2025,UNIVERSITY OF NORTHUMBRIA,"Surface technology, coating",C25B,C25B-001/23; C25B-003/26; C25B-009/17; C25B-009/21; C25B-009/70; C25B-009/77; C25B-015/08,C25B,C25B-001/23; C25B-003/26; C25B-009/17; C25B-009/21; C25B-009/70; C25B-009/77; C25B-015/08,ARRAY PORE; CAPILLARY ELECTROLYZER; CORE; CORE STRUCTURE; ELECTROLYZER; STACKED ELECTROLYZER,GB,ALIVE,Non-noble candidate; GDE
118081631,Electrolysis device,2024,2024,2026,TOSHIBA,"Surface technology, coating",C25B; Y02E,C25B-001/00; C25B-001/04; C25B-001/23; C25B-001/27; C25B-003/04; C25B-003/26; C25B-009/00; C25B-009/08; C25B-009/23; C25B-009/75,C25B,C25B-001/01; C25B-001/04; C25B-001/23; C25B-001/27; C25B-003/03; C25B-003/07; C25B-003/09; C25B-003/26,ELECTROLYSIS; ELECTROLYTE LAYER; ELECTROLYZER; OXIDIZING OXIDATION TARGET; ST ION,JP,ALIVE,Non-noble candidate; GDE
105437834,Application method of tin dioxide doped cuprous oxide composite nano-catalyst in carbon dioxide photoelectrocatalytic re...,2022,2022,2023,JIANGSU UNIVERSITY,"Surface technology, coating",C25B,C25B-001/23; C25B-001/55; C25B-003/07; C25B-003/26; C25B-011/091,C25B,C25B-001/23; C25B-001/55; C25B-003/07; C25B-003/26; C25B-011/091,CARBON DIOXIDE PHOTOELECTROCATALYTIC REDUCTION; COMPOSITE NANO CATALYST; CUPROUS OXIDE; PHOTOELECTRIC CATALYTIC REDUCTION; PHOTOELECTROCATALYTIC REDUCTION; TIN DIOXIDE; CONCAVE OCTAHEDRAL CU; NANO PARTICLE COMPOSITE; CONCAVE OCTAHEDRALBULK CU; FTO TABLET,CN,ALIVE,Non-noble candidate
115866554,"A method for activating an electrolysis cell or a co2 electrolytic device, an activated electrolysis cell and an activat...",2024,2024,2025,LIQUID SUN,"Surface technology, coating",C25B,C25B-001/23; C25B-003/26; C25B-009/23; C25B-009/77; C25B-011/081; C25B-011/089; C25B-015/00,C25B,C25B-001/23; C25B-003/26; C25B-009/23; C25B-009/73; C25B-009/77; C25B-011/075; C25B-011/081; C25B-011/089,ACTIVATED ELECTROLYSIS CELL; CO2 ELECTROLYTIC DEVICE; ELECTROLYSIS CELL ACTIVATION; ELECTROLYTIC DEVICE; ELECTROLYSIS CELL; GAP CO2 ELECTROLYZER,EP; FI,ALIVE,MEA; AEM; Non-noble candidate; GDE
108306014,Tubular continuous parallel-flow carbon dioxide electro-reduction combined oxygen production reactor and operation metho...,2023,2023,2024,DALIAN UNIVERSITY OF TECHNOLOGY,"Surface technology, coating",C25B,C25B-003/26; C25B-009/21; C25B-009/23; C25B-009/63; C25B-009/65; C25B-011/02; C25B-011/032; C25B-015/023; C25B-015/025,C25B,C25B-003/26; C25B-009/21; C25B-009/23; C25B-009/63; C25B-009/65; C25B-011/02; C25B-011/032; C25B-015/023,CARBON DIOXIDE ELECTROREDUCTION; CATHODE CAVITY; COMBINED OXYGEN GENERATION REACTOR; OXYGEN GENERATION REACTOR; OXYGEN PRODUCTION REACTOR,CN,ALIVE,AEM; Non-noble candidate; GDE
90361734,"Electrode catalyst layer for carbon dioxide electrolysis cell, electrolysis cell and carbon dioxide electrolysis apparat...",2019,2019,2025,TOSHIBA,"Chemical engineering; Surface technology, coating",B01J; C25B; Y02E,B01J-021/18/5; B01J-023/52; C25B-001/04; C25B-003/02; C25B-003/04; C25B-003/23; C25B-003/25; C25B-009/10; C25B-009/19; C25B-009/23,B01J; C25B,B01J-021/18; B01J-023/52; C25B-003/23; C25B-003/25; C25B-003/26; C25B-009/23; C25B-011/03; C25B-011/031,CARBON DIOXIDE ELECTROLYSIS; CARBON DIOXIDE ELECTROLYSIS CELL; CARBONACEOUS CATALYST CARRIER; CATALYST LAYER; CATALYST LAYER UNIT AREA; CATALYST SUPPORT; ELECTRODE,JP,ALIVE,AEM; Non-noble candidate
114240811,"Cathode, method for manufacturing cathode, and electrolyzer",2023,2023,2025,DAICEL; HONDA MOTOR; MITSUI KINZOKU; MITSUI MINING & SMELTING,"Surface technology, coating",C25B,C25B-003/26; C25B-011/032; C25B-011/065; C25B-011/075; C25B-011/081,C25B,C25B-003/03; C25B-003/07; C25B-003/26; C25B-009/00; C25B-009/23; C25B-011/032; C25B-011/052; C25B-011/054,CARBON DIOXIDE ELECTROLYTIC REDUCTION; CATHODE MANUFACTURE; CATHODE PRODUCTION; ELECTROLYSIS; ELECTROLYTIC DEVICE; ELECTROLYTIC REDUCTION; ELECTROLYZER; MANUFACTURING CATHODE,JP,ALIVE,AEM; Non-noble candidate; GDE
101790589,Carbon dioxide electrolytic device,2021,2021,2026,TOSHIBA,"Environmental technology; Surface technology, coating",C25B; Y02E,C25B-001/04; C25B-001/23; C25B-003/26; C25B-009/19; C25B-009/23; C25B-009/60; C25B-011/02; C25B-011/052; C25B-011/063; C25B-011/065,C02F; C25B,C02F-001/461; C25B-001/04; C25B-001/23; C25B-003/26; C25B-009/19; C25B-009/23; C25B-009/60; C25B-011/052,ANODE SOLUTION; CARBON COMPOUND; CARBON DIOXIDE ELECTROLYSIS; CARBON DIOXIDE ELECTROLYTIC DEVICE,JP,ALIVE,Non-noble candidate
112354020,Device and method for electroreduction of CO2 based on pure water system,2024,2024,2024,ZHEJIANG BAIMA LAKE LABORATORY; ZHEJIANG ZHENENG TECHNOLOGY ENVIRONMENTAL PROTECTION GROUP,"Surface technology, coating",C25B,C25B-001/23; C25B-001/50; C25B-003/03; C25B-003/07; C25B-003/26; C25B-009/23; C25B-009/60,C25B,C25B-001/23; C25B-001/50; C25B-003/03; C25B-003/07; C25B-003/26; C25B-009/23; C25B-009/60,ANION EXCHANGE MEMBRANE; ELECTRICAL REDUCTION; MEMBRANE ELECTRODE ELECTROLYSIS TROUGH; NEGATIVE POLE CAVITY; POSITIVE POLE CAVITY; PURE WATER; ELECTROREDUCTION; CATHODE CHAMBER; MEMBRANE ELECTRODE ELECTROLYZER; ELECTROCATALYTIC REDUCTION,CN,ALIVE,AEM
89550408,Transition metal-nitrogen coordinated carbon gel electrocatalyst and preparation method and application thereof,2020,2020,2021,ZHEJIANG UNIVERSITY,"Chemical engineering; Surface technology, coating",B01J; C25B,B01J-023/755; B01J-027/24; B01J-035/23; B01J-035/33; B01J-035/61; C25B-001/00; C25B-011/091,B01J; C25B,B01J-023/755; B01J-027/24; B01J-035/10; C25B-001/23; C25B-001/50; C25B-011/091,CARBON GEL ELECTROCATALYST; COORDINATED CARBON GEL ELECTROCATALYST; NITROGEN; TRANSITION METAL; CO2THE CONVERSION ELECTROREDUCTION; NITROGEN COORDINATION CARBON ELECTROCATALYST,CN,ALIVE,Non-noble candidate
82922217,Systems and methods for on-site liquid alcohol production from carbon dioxide,2017,2017,2026,AIR COMPANY HOLDINGS; CONCORD SPIRITS,"Biotechnology; Micro-structure and nano-technology; Organic fine chemistry; Surface technology, coating",B82Y; C07C; C25B; Y02P,B82Y-030/00; B82Y-040/00; C07C-029/151; C07C-029/158; C07C-031/08; C25B-001/04; C25B-009/19; Y02P-020/133,B82Y; C07C; C12P; C25B,B82Y-030/00; B82Y-040/00; C07C-029/151; C07C-029/158; C07C-031/08; C12P-007/06; C25B-001/04,ALCOHOL PRODUCTION; CARBON FEEDSTOCK HYDROGENATION,US,ALIVE,Non-noble candidate
100582928,(KR10-2819450) A polyfluorene-based anion exchange composite membrane and preparation method thereof,2020,2020,2025,HANYANG UNIVERSITY,"Electrical machinery, apparatus, energy; Other special machines; Surface technology, coating",C08J; C25B; H01M; Y02E,C08J-005/22/06; C08J-005/22/56; C08J-2365/00; C25B-001/04; C25B-013/02; C25B-013/08; H01M-008/08/3; H01M-008/10/39; H01M-008/10/53; H01M-008/10/6,C08J; C25B; H01M,C08J-005/22; C25B-001/04; C25B-013/02; C25B-013/08; H01M-008/083; H01M-008/1039; H01M-008/1053; H01M-008/106,AMENDSTATUS; ANION COMPOSITE MEMBRANE; ANION EXCHANGE COMPOSITE MEMBRANE; POLYFLUORENE ANION COMPOSITE MEMBRANE; POLYFLUORENE ANION MEMBRANE; APOLYMERPOLYMERPOLYMER POLYMER POLYMERNONC; POLYFLUORENE COPOLYMER IONOMER; POLYFLUORENE ANION EXCHANGE MEMBRANE; ACCPOLYMER EXCHANGECOPOLYMER,KR,ALIVE,MEA; AEM; Non-noble candidate
93812412,Electrolyser for carbon dioxide reduction,2019,2019,2021,SIEMENS ENERGY,"Surface technology, coating",C25B; Y02P,C25B-001/23; C25B-003/03; C25B-003/07; C25B-003/26; C25B-009/19; C25B-011/032; C25B-015/083; Y02P-020/129,C25B,C25B-001/00; C25B-003/25; C25B-009/00; C25B-015/08,CARBON DIOXIDE ELECTROCHEMICAL CONVERSION; CARBON DIOXIDE ELECTROCHEMICAL REACTION; DISSOLVED GAS; EDUCT GAS; ELECTROCHEMICAL CONVERSION; ELECTROCHEMICAL REACTION; ELECTROLYTE; ELECTROLYZER; METHANEDIONE REDUCTION; REACTANT GAS,DE,DEAD,Non-noble candidate; GDE
116688896,Transition metal monatomic catalyst and preparation method and application thereof,2025,2025,2025,DALIAN INSTITUTE OF CHEMICAL PHYSICS CHINESE ACADEMY OF SCIENCES,"Macromolecular chemistry, polymers; Surface technology, coating; Textile and paper machines",B01J; C01B; C08G; C09K; C25B; D01F,B01J-035/00/33; C01B-032/40; C08G-083/00/8; C09K-003/00; C25B-001/00; C25B-003/04; C25B-011/04; C25B-011/04/47; C25B-011/04/73; C25B-011/04/89,C08G; C25B; D01F,C08G-083/00; C25B-001/23; C25B-011/091; D01F-001/10; D01F-006/54; D01F-009/22,CATALYST ATOM; TRANSITION METAL; TRANSITION METAL CATALYST ATOM; MONOATOMIC ELECTROCATALYST; MICROPORE PORE VOLUME; ELECTROCATALYSIS; MESOPORE PORE VOLUME; NITROGEN DOPING CARBON; MACROPORE; TRANSITION METAL MONOATOMIC ELECTROCATALYST,CN,ALIVE,Non-noble candidate
84413562,Production and separation of phosgene by means of a combined co2 and chloride electrolysis,2017,2017,2021,SIEMENS ENERGY,"Materials, metallurgy; Surface technology, coating",C01B; C25B; Y02E,C01B-007/04; C01B-032/40; C01B-032/50; C01B-032/80; C25B-001/00; C25B-001/26; C25B-009/19; C25B-015/08; Y02E-060/36,C01B; C25B,C01B-007/04; C01B-032/40; C01B-032/50; C01B-032/80; C25B-001/04; C25B-001/26; C25B-003/06; C25B-009/00,CARBONYL DICHLORIDE; CARBONYL DICHLORIDE SEPARATION; CHLORIDE CO2COMBINED ELECTROLYSIS; CHLORIDE ELECTROLYSIS,DE,DEAD,MEA; AEM; Non-noble candidate
67334411,Production of valuable chemicals by electroreduction of carbon dioxide in a NaSICON cell,2013,2013,2017,CERAMATEC; ENLIGHTEN INNOVATIONS,"Surface technology, coating",C25B,C25B-003/04; C25B-003/25; C25B-009/08; C25B-009/19,C25B,C25B-001/02; C25B-003/25; C25B-009/19,CATHODE COMPARTMENT; METHANEDIONE; METHANEDIONE ELECTROREDUCTION; NASICON CELL; USABLE CHEMICAL,US,ALIVE,Non-noble candidate; GDE
89416407,(WO2020/126119) Electrolyser for carbon dioxide reduction,2018,2018,2020,SIEMENS ENERGY,"Surface technology, coating",C25B,C25B-001/00; C25B-009/19; C25B-013/04; C25B-015/08,C25B,C25B-003/25; C25B-009/19; C25B-015/08,ELECTROLYTE RESERVOIR; ELECTROLYZER; METHANEDIONE REDUCTION; GAS OUTLET,DE,DEAD,GDE
116414667,"Mea for carbon dioxide reduction including reduction catalyst layer cathode of double-layer structure, assembly for carb...",2024,2024,2025,KOREA INSTITUTE OF SCIENCE & TECHNOLOGY,"Surface technology, coating",C25B; Y02E,C25B-001/23; C25B-003/26; C25B-009/23; C25B-011/032; C25B-011/043; C25B-011/052; C25B-011/065; C25B-011/075; C25B-011/081; C25B-013/08,C25B,C25B-003/26; C25B-009/23; C25B-011/032; C25B-011/043; C25B-011/052; C25B-011/075; C25B-011/081; C25B-013/08,ANION EXCHANGE IONOMER; CARBON DIOXIDE REDUCTION; CATALYST LAYER; DOUBLE LAYER STRUCTURE; LAYER STRUCTURE REDUCTION; MEMBRANE; MEMBRANE ELECTRODE ASSEMBLY,KR,ALIVE,MEA; AEM; Non-noble candidate; GDE
101790586,Carbon dioxide electrolysis device,2021,2021,2024,TOSHIBA,"Surface technology, coating",C25B; Y02E,C25B-001/04; C25B-001/23; C25B-003/26; C25B-009/15; C25B-009/19; C25B-009/65; C25B-013/04; C25B-013/08; Y02E-060/36,C25B,C25B-001/04; C25B-001/23; C25B-003/26; C25B-009/15; C25B-009/19; C25B-009/65; C25B-011/054; C25B-013/04,ANODE SOLUTION; ANODE SOLUTION SUPPLY; CARBON COMPOUND; CARBON DIOXIDE ELECTROLYSIS,JP,ALIVE,GDE
79181464,A kind of carbon dioxide electroreduction cathode and preparation method thereof,2016,2016,2019,DALIAN INSTITUTE OF CHEMICAL PHYSICS CHINESE ACADEMY OF SCIENCES,"Surface technology, coating",C25B,C25B-003/25; C25B-011/055; C25B-011/091,C25B,C25B-003/25,ELECTROREDUCTION CATHODE; ELECTROREDUCTION NEGATIVE ELECTRODE; METHANEDIONE ELECTROREDUCTION CATHODE; METHANEDIONE ELECTROREDUCTION NEGATIVE ELECTRODE; NANO CARBON LAYER; METHANEDIONE ELECTROREDUCTION; HETEROATOM DOPED NANO CARBON,CN,ALIVE,Non-noble candidate
106866991,Starting method of carbon dioxide electro-catalytic reactor,2023,2023,2023,ZHEJIANG BAIMA LAKE LABORATORY; ZHEJIANG TIANDI ENV PROT TECHNOLOGY,"Surface technology, coating",C25B,C25B-001/23; C25B-003/07; C25B-003/26; C25B-015/00,C25B,C25B-001/23; C25B-003/07; C25B-003/26; C25B-015/00,CARBON DIOXIDE ELECTROCATALYTIC REACTOR; ELECTROCATALYTIC REACTOR; CATHODE CAVITY; DEHUMIDIFYING; PRESET DEHUMIDIFYING; CATALYST MICROPORE; REMOVING IMPURITY; PRESET DEHUMIDIFYING COMPLETION VALUE; BICARBONATE ION; CATHODE ELECTRODE,CN,ALIVE,Non-noble candidate; GDE
98849845,Method of preparing electrocatalysts for converting carbon dioxide to chemicals,2020,2020,2023,NORTHERN ILLINOIS UNIVERSITY; UCHICAGO ARGONNE,"Chemical engineering; Organic fine chemistry; Surface technology, coating",B01J; C07C; C25B,B01J-021/18; B01J-023/14; B01J-023/18; B01J-023/72; B01J-023/78; B01J-035/00/33; B01J-035/10; B01J-035/10/28; B01J-035/33; B01J-035/60,B01J; C07C; C25B,B01J-021/18; B01J-023/14; B01J-023/18; B01J-023/72; B01J-023/78; B01J-035/00; B01J-035/10; B01J-037/00,CATALYST; CATALYTIC METAL; CONVERTING CARBON DIOXIDE; ELECTROCATALYST,US,ALIVE,Non-noble candidate
116876860,"Monolithic carbon-based electrocatalyst capable of enhancing mass transfer of carbon dioxide, preparation method and mat...",2025,2025,2025,DALIAN UNIVERSITY OF TECHNOLOGY,"Micro-structure and nano-technology; Surface technology, coating",B82Y; C23C; C25B,B82Y-030/00; B82Y-040/00; C23C-028/34; C25B-001/00; C25B-001/00/3; C25B-003/00; C25B-003/04; C25B-011/03/5; C25B-011/04; C25B-011/04/05,B82Y; C25B,B82Y-030/00; C25B-001/23; C25B-009/19; C25B-011/091,CARBON DIOXIDE MASS TRANSFER; ELECTROCHEMICAL REACTION; INTEGRAL CARBON ELECTROCATALYST; MASS TRANSFER; MATCHED ELECTROCHEMICAL REACTION; MONOLITHIC CARBON ELECTROCATALYST; GRAPHENE HYDROGEL; COOPERATIVE OPTIMIZATION; CATHODE CHAMBER; IMMERSED MONOLITHIC CARBON ELECTROCATALYST,CN,ALIVE,Non-noble candidate
116440098,MEA electrolytic bath device and method for electrocatalytic carbon dioxide reduction,2025,2025,2025,CSSC HANDAN PERIC HYDROGEN ENERGY TECHNOLOGY; XIAN JIAOTONG UNIVERSITY,"Surface technology, coating",C25B,C25B-001/00; C25B-003/04; C25B-009/08,C25B,C25B-001/23; C25B-003/03; C25B-003/07; C25B-003/26; C25B-009/19; C25B-009/60; C25B-009/70,CARBON DIOXIDE REDUCTION; ELECTROLYTIC CELL; ELECTROLYZER; MEMBRANE ELECTRODE ASSEMBLY; ANODE CATALYTIC ELECTRODE; INCLINED DIAGONAL APERTURE; ELECTROLYSIS CELL; INSULATING GASKET; MEMBRANE ELECTRODE; CATHODE ANODE COMPOSITE PLATE,CN,ALIVE,MEA; AEM; Non-noble candidate; GDE
100959754,(WO2022/153236) Use of semiconductors to control the selectivity of eletrochemical reduction of carbon dioxide,2021,2021,2022,UNIVERSIDADE DO PORTO,"Surface technology, coating",C25B,C25B-001/23; C25B-001/55; C25B-003/03; C25B-003/07; C25B-003/21; C25B-003/26; C25B-009/23; C25B-009/50; C25B-011/032; C25B-011/049,C25B,C25B-001/23; C25B-001/55; C25B-003/03; C25B-003/07; C25B-003/21; C25B-003/26; C25B-009/23; C25B-009/50,CARBON DIOXIDE ELETROCHEMICAL REDUCTION; ELECTROLYZER; ELETROCHEMICAL REDUCTION; LIQUID PHASE; ORGANIC MOLECULE; PERIODICAL ELECTROLYTE REPLACEMENT; SELECTIVITY CONTROL; SEMICONDUCTOR; NANOSTRUCTURE MORPHOLOGY; MEAGER SELECTIVITY,PT,DEAD,AEM; Non-noble candidate; GDE
72680476,Catalyst layers and electrolyzers,2010,2010,2018,DIOXIDE MATERIALS,"Chemical engineering; Electrical machinery, apparatus, energy; Environmental technology; Measurement; Other special machines; Surface technology, coating",B01J; C02F; C08J; C25B; G01N; H01M; Y02E,B01J-041/12/5; B01J-041/13; B01J-041/14; B01J-047/12; C02F-001/461; C08J-005/22/31; C08J-2325/08; C08J-2325/18; C25B-001/00; C25B-001/04,B01J; B29C; C02F; C25B; G01N; H01M,B01J-041/12; B01J-041/13; B01J-041/14; B29C-041/50; C02F-001/461; C25B-003/25; C25B-003/29; C25B-009/19,ANION CONDUCTING POLYMERIC MEMBRANE; CATALYST LAYER; ELECTROCHEMICAL DEVICE; ELECTROCHEMICALLY REDUCING METHANEDIONE; ELECTROLYZER,US,ALIVE,AEM; Non-noble candidate
75262842,(WO2017/021083) Production process for a fuel gas and plant for producing a fuel gas with an electrolysis system for ele...,2015,2015,2017,SIEMENS ENERGY,"Basic materials chemistry; Biotechnology; Surface technology, coating",C12M; C25B; Y02E,C12M-021/04; C12M-043/00; C12M-043/04; C12M-047/18; C25B-001/01; C25B-001/04; C25B-001/23; C25B-009/05; C25B-009/19; C25B-011/02,C10L; C12M; C12P; C25B,C10L-003/00; C10L-003/08; C12M-001/00; C12M-001/107; C12P-005/02; C25B-001/00,CARBON DIOXIDE RECLAMATION; CARBON DIOXIDE UTILIZATION; CATHODE SPACING; CATHOLYTE; CATHOLYTE CIRCUIT; COAL,DE,DEAD,Non-noble candidate
112590590,Preparation method and application of membrane electrode for preparing synthesis gas through electrolyte-free CO2 electr...,2024,2024,2024,ZHEJIANG UNIVERSITY,"Surface technology, coating",C25B,C25B-001/23; C25B-009/19; C25B-011/032; C25B-011/065; C25B-013/08,C25B,C25B-001/23; C25B-009/19; C25B-011/032; C25B-011/065; C25B-013/08,ELECTROLYTE FREE CO2PREPARATION; ELECTROREDUCTION; MEMBRANE ELECTRODE; SYNTHESIS GAS; MIXED SLURRY; ELECTRODE SLURRY DISPERSING AGENT; NI CATALYST ATOM; ELECTRODE SLURRY DISPERSANT; TRANSITION METAL CATALYST; ULTRAPURE WATER ELECTROLYTE,CN,ALIVE,MEA; Non-noble candidate; GDE
101562974,Phosphorus-nitrogen co-doped carbon gel electrocatalyst and preparation method and application thereof,2022,2022,2024,QUZHOU RESEARCH INSTITUTE OF ZHEJIANG UNIVERSITY; ZHEJIANG UNIVERSITY,"Surface technology, coating",C25B; Y02E,C25B-001/23; C25B-003/07; C25B-003/26; C25B-011/091; Y02E-060/50,C25B,C25B-001/23; C25B-003/07; C25B-003/26; C25B-011/091,CARBON GEL ELECTROCATALYST; IN FRAME; POLYMERIC MACROMOLECULAR CHAIN CROSSLINKING; FEOOH PANI PRECURSOR; NITROGEN PRECURSOR; POLYMERIC MACROMOLECULAR CHAIN; AEROGEL CATALYST; CODOPED CARBON CATALYST,CN,ALIVE,Non-noble candidate
87171527,"Gas diffusion electrode for carbon dioxide treatment, method for production thereof, and electrolysis cell having a gas ...",2018,2018,2021,SIEMENS ENERGY,"Surface technology, coating",C25B,C25B-001/23; C25B-003/03; C25B-003/07; C25B-003/26; C25B-011/032; C25B-011/081; C25B-011/095,C25B,C25B-001/23; C25B-003/03; C25B-003/07; C25B-003/25; C25B-003/26; C25B-011/032; C25B-011/081,CARBON DIOXIDE TREATMENT; CARBON DIOXIDE UTILIZATION; CO2 TARGETED ELECTROCHEMICAL UTILIZATION; CO2 UTILIZATION; ELECTROLYSIS CELL; ELECTROOSMOSIS SUPPRESSION,DE; DK,DEAD,Non-noble candidate; GDE
105418286,Preparation of carbon-based hydrophobic catalytic electrode material and application of carbon-based hydrophobic catalyt...,2023,2023,2025,CHN ENERGY NEW ENERGY TECHNOLOGY RESEARCH INSTITUTE,"Materials, metallurgy; Micro-structure and nano-technology; Surface technology, coating",B01J; B82Y; C01B; C01G; C01P; C25B; Y02E,B01J-035/00/33; B01J-035/02/3; B82Y-030/00; B82Y-040/00; C01B-032/05; C01B-032/40; C01B-032/50; C01G-001/02; C01G-053/82; C01P-2002/72,B82Y; C01B; C01G; C25B,B82Y-030/00; C01B-032/05; C01G-053/82; C25B-001/23; C25B-003/03; C25B-003/07; C25B-003/26; C25B-011/091,CARBON DIOXIDE ELECTROCATALYSIS; CARBON HYDROPHOBIC CATALYTIC ELECTRODE; ELECTRODE MATERIAL; ORGANIC LIGAND; AZA BICYCLO ALKANE; NI FE HYDROTALCITE,CN,ALIVE,Non-noble candidate
97217510,Corrosion protection in a coelectrolysis stack,2020,2020,2025,SIEMENS ENERGY,"Materials, metallurgy; Surface technology, coating",C25B; Y02E,C25B-001/23; C25B-003/26; C25B-009/65; C25B-009/75; C25B-009/77; C25B-015/00; C25B-015/08; Y02E-060/36,C01B; C25B,C01B-032/40; C25B-001/00; C25B-001/23; C25B-003/25; C25B-003/26; C25B-009/00; C25B-009/75; C25B-009/77,CCH ELECTROLYSIS STACK; CO2 ELECTROLYSIS; CO2 ELECTROLYSIS STACK; COELECTROLYSIS STACK; CORROSION; CORROSION PROTECTION,DE,ALIVE,Non-noble candidate
92569265,Installation and method for the electrochemical utilization of carbon dioxide,2019,2019,2021,SIEMENS ENERGY,"Materials, metallurgy; Surface technology, coating",C01B; C25B,C01B-032/50; C25B-001/23; C25B-009/13; C25B-009/19; C25B-015/087,C01B; C25B,C01B-032/40; C25B-001/00; C25B-009/19,ANODE SPACE; CATHODE SPACING; ELECTRO CHEMICAL UTILIZATION; ELECTROLYSIS CELL; METHANEDIONE; METHANEDIONE ELECTROCHEMICAL UTILIZATION; METHANEDIONE ELECTROLYZER; CATHODE SUBSPACE; CATHODE COMPARTMENT; AMMONIA ABSORBER,DE,DEAD,Non-noble candidate; GDE
79163034,Method and device for the electrochemical utilization of carbon dioxide,2016,2016,2018,SIEMENS ENERGY,"Materials, metallurgy; Organic fine chemistry; Surface technology, coating",B01D; C25B; Y02P,B01D-061/423; B01D-061/44/5; B01D-061/463; B01D-061/52; B01D-061/54; B01D-2257/504; C25B-001/00; C25B-001/01; C25B-001/23; C25B-003/26,C01B; C07C; C25B,C01B-032/40; C07C-011/04; C25B-003/25; C25B-015/08,CARBON DIOXIDE ELECTROCHEMICAL UTILIZATION; ELECTRO CHEMICAL UTILIZATION; ELECTROCHEMICAL UTILIZATION; ABSORBENT REGENERATION; ELECTRODIALYSIS CELL; ELECTROLYZER; GAS SCRUBBING; BIPOLAR MEMBRANE; ELECTROLYSIS CELL; ABSORBENT,DE,DEAD,GDE
74496528,Tube cell-based pressure-type coelectolysis modude,2015,2015,2018,KOREA INSTITUTE OF ENERGY RESEARCH,"Materials, metallurgy; Surface technology, coating",C01B; C25B; G05D; Y02E,C01B-003/02; C01B-003/22; C25B-001/00; C25B-001/04; C25B-001/042; C25B-001/12; C25B-001/23; C25B-009/00; C25B-009/05; C25B-009/10,C01B; C25B,C01B-003/02; C25B-009/23,AMENDSTATUS; COELECTROLYSIS MODULE; ELECTROLYSIS MODULE; PRESSURE COELECTROLYSIS MODULE; PRESSURIZED COELECTROLYSIS MODULE; PRESSURIZED PNEUMATIC MODULE,KR,ALIVE,Non-noble candidate
114777530,Reaction device for carbon dioxide reduction and reduction method,2025,2025,2025,ZHENGZHOU UNIVERSITY OF LIGHT INDUSTRY,"Surface technology, coating",C25B,C25B-003/03; C25B-003/26; C25B-009/17; C25B-011/091,C25B,C25B-003/03; C25B-003/26; C25B-009/17; C25B-011/091,CARBON DIOXIDE REDUCTION; CATHODE TURNTABLE; REDUCING CARBON DIOXIDE; REDUCTION; STAGE REACTION CATALYST; ELECTROLYTE; GUIDE PIPE; INNER DISC; COMPOUNDING PROBABILITY; CATHODE ELECTRON CONDUCTOR,CN,ALIVE,Non-noble candidate
91738840,Electrolysis plant and method for the electrolytic reduction of carbon dioxide,2019,2019,2020,SIEMENS ENERGY,"Surface technology, coating",C25B,C25B-001/23; C25B-003/03; C25B-003/07; C25B-003/26; C25B-015/029; C25B-015/083; C25B-015/087,C25B,C25B-003/25,ELECTROLYSIS PLANT; ELECTROLYTIC REDUCTION; ELECTROLYZER; METHANEDIONE ELECTROLYTIC REDUCTION; METHANEDIONE CONTENT; BOUND METHANEDIONE; ELECTROLYTIC CONVERSION; SEPARATING METHANEDIONE; METHANEDIONE; INTERMEDIATE PRODUCT,DE,DEAD,Non-noble candidate
101871167,"Electrode material, membrane electrode assembly, CO2 electrolysis device, and method for producing CO2 electrolysis prod...",2021,2021,2025,IDEMITSU KOSAN,"Surface technology, coating",C25B,C25B-001/23; C25B-003/26; C25B-009/23; C25B-011/051; C25B-011/052; C25B-011/054; C25B-011/069; C25B-013/08,C25B,C25B-001/23; C25B-003/26; C25B-009/00; C25B-009/23; C25B-011/051; C25B-011/052; C25B-011/054; C25B-013/08,CO2 ELECTROLYSIS; CO2 ELECTROLYSIS PRODUCT,JP,ALIVE,MEA; AEM; Non-noble candidate
85011701,Nion exchanger fillings through which flow can occur for electrolyte splitting in co2 electrolysis for better spatial di...,2017,2017,2021,SIEMENS ENERGY,"Surface technology, coating",C25B,C25B-001/00; C25B-001/23; C25B-003/25; C25B-003/26; C25B-009/19; C25B-009/23; C25B-013/02,C25B,C25B-003/25; C25B-003/26; C25B-009/19; C25B-009/23,ANION EXCHANGER FILLING; ANION EXCHANGER PACKING; CO2 ELECTROLYSIS; CO2FLOWABLE ANION EXCHANGER PACKING; ELECTROLYSIS,DE,DEAD,AEM; Non-noble candidate; GDE
85758108,Electrochemical production of a gas comprising co with intermediate cooling of the electrolyte flow,2018,2018,2020,LINDE; SIEMENS ENERGY,"Surface technology, coating",C01B; C25B; Y02E; Y02P,C01B-032/40; C01B-032/50; C25B-001/00; C25B-001/04; C25B-001/23; C25B-009/08; C25B-009/19; C25B-009/20/6; C25B-009/70; C25B-009/73,C25B,C25B-001/02; C25B-009/19; C25B-015/08,CO2AN; ELECTROLYSIS CELL; ELECTROLYTE; ELECTROLYTE INTERMEDIATE COOLING; ELECTROLYTIC CELL; GAS ELECTROCHEMICAL PRODUCTION,DE,DEAD,AEM; Non-noble candidate; GDE
94204081,Electrolysis cell and method for operating the electrolysis cell for the electrochemical utilization of carbon dioxide,2019,2019,2021,SIEMENS ENERGY,"Surface technology, coating",C25B,C25B-001/23; C25B-003/03; C25B-003/07; C25B-003/26; C25B-009/05; C25B-009/23; C25B-009/75; C25B-009/77; C25B-013/02; C25B-015/085,C25B,C25B-001/00; C25B-003/00; C25B-009/19; C25B-011/04; C25B-015/00,ELECTRO CHEMICAL UTILIZATION; ELECTROCHEMICAL CONVERSION; ELECTROLYSIS CELL; METHANEDIONE ELECTROCHEMICAL CONVERSION; METHANEDIONE ELECTROCHEMICAL UTILIZATION; MEMBRANE COMPOSITE; METHANEDIONE ELECTROLYSIS CELL; METHANEDIONE ELECTROLYSIS; METHANEDIONE; ELECTROLYTE,DE,DEAD,Non-noble candidate
110697556,Preparation method and application of bimetallic monatomic catalyst derived from MOF precursor,2024,2024,2024,SOUTH CHINA UNIVERSITY OF TECHNOLOGY,"Surface technology, coating",C25B,C25B-001/02; C25B-001/23; C25B-011/065; C25B-011/091,C25B,C25B-001/02; C25B-001/23; C25B-011/065; C25B-011/091,BIMETALLIC MONOATOMIC CATALYST; BIMETALLIC SINGLE ATOM CATALYST; MOF PRECURSOR; MONOATOMIC CATALYST SELECTIVITY; FARAD IC; CATALYST ATOM; ELECTROCATALYTIC REDUCTION; MOFS DERIVED CATALYST; MONOATOMIC IRON CATALYST; PURITY ARGON,CN,ALIVE,Non-noble candidate
116709402,Preparation method of monatomic nickel catalyst and application of monatomic nickel catalyst in electrocatalytic carbon ...,2025,2025,2025,SHANGHAI INSTITUTE OF APPLIED PHYSICS - CHINESE ACADEMY OF SCIENCES,"Surface technology, coating",C25B,C25B-001/00; C25B-003/04; C25B-011/04,C25B,C25B-001/23; C25B-003/26; C25B-011/065; C25B-011/075,CARBON DIOXIDE REDUCTION; ELECTROCATALYTIC CARBON DIOXIDE REDUCTION; MONOATOMIC NICKEL CATALYST; NI MONOATOMIC ANCHORING; NI MONOATOMIC CATALYST; ELECTROCATALYTIC CARBON DIOXIDE; CATALYST POPULARIZATION; INSUFFICIENT CATALYTIC SELECTIVITY; CATALYST ATOM UTILIZATION; RESISTIVE SUBSTRATE,CN,ALIVE,Non-noble candidate
115484302,Nitrogen-doped carbon fiber loaded with Ni-Zn bimetallic and application of nitrogen-doped carbon fiber in electrocataly...,2025,2025,2025,DONGHUA UNIVERSITY; YANCHENG INSTITUTE OF TECHNOLOGY,"Materials, metallurgy; Surface technology, coating; Textile and paper machines",B01J; B22F; B82Y; C25B; D01F; D10B; Y02E,B01J-023/66; B01J-035/00/33; B22F-001/00/18; B22F-009/24; B82Y-030/00; C25B-001/00; C25B-001/04; C25B-003/04; C25B-011/04/05; C25B-011/04/26,B22F; C25B; D01F,B22F-001/18; C25B-001/23; C25B-011/052; C25B-011/091; D01F-001/10; D01F-009/22,CARBON DIOXIDE ELECTROCATALYTIC REDUCTION; CARBON FIBER; ELECTROCATALYTIC REDUCTION; NI ZN BIMETAL; ELECTROCHEMICAL CATALYST; NANOFIBER COMPOSITE MEMBRANE; ZN WEAK AFFINITY; ELECTROSTATIC SPINNING; NI ADSORPTION; CATALYST ATOM,CN,ALIVE,MEA; Non-noble candidate
94740357,Method and electrolyser for reducing carbon dioxide,2019,2019,2021,SIEMENS ENERGY,"Surface technology, coating",C25B,C25B-001/23; C25B-009/19; C25B-015/087,C25B,C25B-001/00; C25B-009/19; C25B-015/08,ANODE SPACE; CATHODE SPACING; ELECTROCHEMICAL CONVERSION; ELECTROLYZER; GAS DIFFUSION ELECTRODE; GAS SPACE; REACTANT GAS; REACTANT GAS CONVERSION; REDUCING METHANEDIONE; ANOLYTE,DE,DEAD,GDE
73079791,(WO2016/083193) Electrolyzer and method for utilizing carbon dioxide,2014,2014,2016,SIEMENS ENERGY,"Surface technology, coating",C25B; Y02P,C25B-001/00; C25B-003/25; C25B-009/19; C25B-011/04; C25B-015/02; Y02P-020/133,C25B,C25B-003/25; C25B-009/19,CARBON DIOXIDE UTILIZATION; ELECTROLYSIS CELL; ELECTROLYZER; VOLTAGE PROTECTION; ELECTROLYSIS EDUCT,DE,DEAD,Non-noble candidate
91085959,Device and method for storing electrical energy,2019,2019,2020,SIEMENS ENERGY,"Surface technology, coating",C25B; Y02E; Y02P,C25B-001/00; C25B-003/25; C25B-009/19; C25B-011/02; Y02E-060/36; Y02P-020/133,C25B,C25B-003/25; C25B-009/19,ANODE SPACE; CATHODE CHAMBER; CATHODE SPACING; ELECTRICAL ENERGY; ELECTROCHEMICAL CONVERSION; MEMBRANE,EP; DE,DEAD,Non-noble candidate; GDE
84993693,Method for operating in start-up mode or stand-by mode a power-to-gas unit comprising a plurality of high-temperature el...,2017,2017,2022,CEA - COMMISSARIAT A L ENERGIE ATOMIQUE & AUX ENERGIES ALTERNATIVES,"Basic materials chemistry; Materials, metallurgy; Organic fine chemistry; Surface technology, coating",C10L; C25B; Y02E; Y02P,C10L-003/08; C25B-001/00; C25B-001/04; C25B-001/08; C25B-001/23; C25B-003/00; C25B-003/03; C25B-003/25; C25B-003/26; C25B-009/04,C01B; C07C; C10L; C25B,C01B-003/02; C07C-001/02; C07C-001/04; C07C-001/12; C10L-003/08; C25B-001/042; C25B-001/23; C25B-001/50,ADJACENT BASIC CELL; BASIC CELL; COELECTROLYSIS REACTOR; COELECTROLYTIC REACTOR; ELECTRICAL CONTACT; ELECTROLYSIS REACTOR; ELECTROLYTE,FR,ALIVE,Non-noble candidate
1913318,Novel catalyst mixtures,2010,2010,2022,DIOXIDE MATERIALS,"Analysis of biological materials; Chemical engineering; Electrical machinery, apparatus, energy; Materials, metallurgy; Measurement; Organic fine chemistry; Surface technology, coating",B01D; B01J; C01B; C07C; C25B; G01N; H01M; Y02A; Y02E; Y02P,B01D-053/32/6; B01J-019/08; B01J-031/02; B01J-031/02/02; B01J-031/02/04; B01J-031/02/09; B01J-031/02/39; B01J-031/02/68; B01J-031/02/75; B01J-031/02/78,B01J; C01B; C07C; C25B; C25D; G01N; H01M,B01J-019/08; B01J-023/00; B01J-025/00; B01J-029/00; B01J-031/00; B01J-031/02; B01J-031/12; B01J-031/22,CATALYST; CHEMICAL REACTION PRODUCT; ELECTROCHEMICAL DEVICE,US,ALIVE,Non-noble candidate
101064694,Co x electrolyzer cell flow fields and gas diffusion layers,2021,2021,2025,TWELVE,"Surface technology, coating",C25B; Y02E,C25B-001/04; C25B-001/10; C25B-003/07; C25B-003/25; C25B-003/26; C25B-009/00; C25B-009/07; C25B-009/08; C25B-009/10; C25B-009/18,C25B,C25B-001/04; C25B-001/23; C25B-003/07; C25B-003/25; C25B-003/26; C25B-009/00; C25B-009/07; C25B-009/19,ADJACENT LONGITUDINAL SEGMENT; ADJACENT SEGMENT; CATHODE CHANNEL; CATHODE FLOW; CATHODE FLOW FIELD; CATHODE INLET; CATHODE OUTLET; CORRESPONDING SIDE; COX ELECTROLYTIC CELL,US,ALIVE,MEA; AEM; Non-noble candidate; GDE
89672842,For CO2Electrolytic iron-nickel alloy in-situ desolventizing layered perovskite cathode material,2020,2020,2021,RESEARCH CENTER FOR ECO ENVIRONMENTAL SCIENCES - CHINESE ACADEMY OF SCIENCES,"Materials, metallurgy; Micro-structure and nano-technology; Surface technology, coating",B01J; B22F; B82Y; C25B,B01J-023/00/2; B01J-023/889/2; B01J-035/33; B01J-2523/00; B22F-001/054; B22F-009/22; B82Y-030/00; C25B-001/00; C25B-011/091,B22F; B82Y; C25B,B22F-001/00; B22F-009/22; B82Y-030/00; B82Y-040/00; C25B-001/23; C25B-011/042,ALLOY IN SITU DESOLVENTIZING; CO2ELECTROLYTIC SOLID OXIDE; ELECTROLYTIC CELL CATHODE MATERIAL; ELECTROLYTIC IRON NICKEL; LAYERED PEROVSKITE CATHODE MATERIAL,CN,DEAD,Non-noble candidate
110495249,Surface modification method of perovskite oxide cathode and application of perovskite oxide cathode in solid oxide elect...,2024,2024,2024,SOOCHOW UNIVERSITY,"Electrical machinery, apparatus, energy; Materials, metallurgy; Surface technology, coating",C01G; C01P; C25B; H01M; Y02E,C01G-045/12; C01G-051/70; C01G-053/70; C01P-2002/34; C25B-001/042; C25B-001/23; C25B-001/50; C25B-011/091; H01M-004/86/57; H01M-004/88,C01G; C25B; H01M,C01G-045/12; C01G-051/00; C01G-053/00; C25B-001/042; C25B-001/23; C25B-001/50; C25B-011/091; H01M-004/86,OXIDE ELECTROLYTIC CELL; PEROVSKITE OXIDE CATHODE; SOLID OXIDE ELECTROLYTIC CELL; SURFACE MODIFICATION; DOUBLE DESOLVENTIZING STRATEGY; PEROVSKITE DESOLVENTIZING; MODIFIED PEROVSKITE OXIDE CATHODE; MODIFIED PEROVSKITE CATHODE; DISSOCIATION CAPACITY; PEROVSKITE DOPED REACTION,CN,ALIVE,Non-noble candidate
113645537,(WO2025/048491) Electrolysis cell and manufacturing method therefor,2023,2023,2026,LG CHEM,"Surface technology, coating",C25B,C25B-001/10; C25B-001/23; C25B-003/03; C25B-003/04; C25B-003/07; C25B-003/26; C25B-009/00; C25B-009/08; C25B-009/10; C25B-009/23,C25B,C25B-001/23; C25B-003/03; C25B-003/07; C25B-003/26; C25B-009/23; C25B-013/02; C25B-013/08,COATING; COATING LAYER; ELECTROLYSIS CELL; ELECTROLYTE; ELECTROLYTIC CELL; GAS DIFFUSION LAYER; POROUS SUBSTRATE; SEPARATOR; SEPARATOR SURFACE,KR,ALIVE,MEA; AEM; Non-noble candidate; GDE
100072108,Copper-gold nanowire and preparation method and application thereof,2022,2022,2022,GUANGDONG POWER GRID; ZHONGSHAN POWER SUPPLY BUREAU OF GUANGDONG POWER GRID,"Surface technology, coating",C25B,C25B-001/23; C25B-011/02; C25B-011/065; C25B-011/091,C25B,C25B-001/23; C25B-011/02; C25B-011/065; C25B-011/091,COPPER GOLD NANOWIRE; ELECTROCHEMISTRY; CU AU NANOWIRE; COPPER NANOWIRE; COPPER NANOWIRE SOLUTION; CATALYTIC PERFORMANCE; GOLD SOURCE; SURFACTANT; ELECTROCATALYTIC REACTION; CARBON MONOXIDE SELECTIVITY,CN,DEAD,Non-noble candidate
96558426,Materiale ed elettrodo a base di rame e antimonio per la conversione selettiva di biossido di carbonio a monossido di ca...,2020,2020,2024,ISTITUTO ITALIANO DI TECNOLOGIA,"Chemical engineering; Surface technology, coating",B01J; C25B,B01J-023/72; B01J-023/843/5; B01J-035/00/33; B01J-037/03/1; B01J-037/08; C25B-001/23; C25B-011/02; C25B-011/037; C25B-011/043; C25B-011/061,B01J; C25B,B01J-023/18; B01J-023/72; B01J-023/843; B01J-035/00; B01J-037/03; B01J-037/08; C25B; C25B-001/23,ANTIMONY; CARBON DIOXIDE CONVERSION; COPPER,IT,ALIVE,Non-noble candidate
115136805,Medium-temperature carbon dioxide reduction electrode and system,2025,2025,2025,NINGBO INSTITUTE OF MATERIALS TECHNOLOGY & ENGINEERING - CHINESE ACADEMY OF SCIENCES,"Surface technology, coating",C25B,C25B-001/00; C25B-001/10; C25B-003/04; C25B-009/10; C25B-011/02; C25B-011/03/5; C25B-011/04/05; C25B-011/04/15; C25B-011/04/47,C25B,C25B-001/23; C25B-003/26; C25B-009/19; C25B-011/02; C25B-011/036; C25B-011/052; C25B-011/065; C25B-011/081,CARBON DIOXIDE REDUCTION ELECTRODE; CATHODE MEMBRANE ELECTRODE; REDUCTION ELECTRODE; ANODE MEMBRANE ELECTRODE; MULTIFUNCTIONAL PROTON; MEMBRANE ELECTRODE; VIGOROUS COMPETITION; MULTIFUNCTIONAL PROTON BUFFER LAYER; CATHODIC HYDROGEN EVOLUTION; COLLABORATIVE OPTIMIZATION,CN,ALIVE,Non-noble candidate
101368053,Method for manufacturing carbon monoxide or organic compound,2021,2021,2026,ARKRAY; DAIKIN INDUSTRIES; DOSHISHA UNIVERSITY,"Environmental technology; Materials, metallurgy; Surface technology, coating",B01D; B01J; C01B; C07C; C22C; C25B,B01D-2252/30; B01J-035/00/2; B01J-041/13; C01B-032/40; C01B-032/50; C07C-051/00; C07C-053/02; C22C-001/05/8; C25B-001/00; C25B-001/23,C01B; C02F; C25B,C01B-032/40; C02F-001/461; C25B-001/23; C25B-001/50; C25B-003/03; C25B-003/05; C25B-003/07; C25B-003/25,ANODE ELECTRODE; BASIC CATALYST; CARBON MONOXIDE PRODUCTION; CATHODE ELECTRODE,JP,ALIVE,Non-noble candidate
117920056,Electrode,2024,2024,2026,TOSHIBA,"Electrical machinery, apparatus, energy; Surface technology, coating",C25B; H01M; Y02E,C25B-001/02; C25B-001/04; C25B-001/10; C25B-001/23; C25B-001/27; C25B-003/03; C25B-003/07; C25B-003/26; C25B-009/08; C25B-009/10,C25B; H01M,C25B-001/02; C25B-001/04; C25B-001/23; C25B-001/27; C25B-003/03; C25B-003/07; C25B-003/26; C25B-009/00,ELECTROCHEMCIAL CELL; ELECTRODE; ELECTROLYZER; GAP LAYER,JP,ALIVE,MEA; Non-noble candidate
101555236,Preparation method and application of silver hollow fiber electrode,2022,2022,2023,NINGBO CARBON NEW ENERGY TECHNOLOGY,"Surface technology, coating",C25B; Y02E,C25B-001/23; C25B-011/02; C25B-011/061; Y02E-060/36,C25B,C25B-001/23; C25B-011/02; C25B-011/061,FIBER ELECTRODE; FIBER VITAMIN EMBRYO; SILVER HOLLOW FIBER ELECTRODE; HOLLOW FIBER VITAMIN EMBRYO; ELECTROCATALYTIC CONVERSION; ELECTROCATALYTIC REDUCTION; FARADAY SELECTIVITY,CN,ALIVE,Non-noble candidate
113078510,"Distributed membrane electrode, preparation method thereof and electrolysis system",2024,2024,2025,CARBON ENERGY TECHNOLOGY; CHINA HUADIAN ENGINEERING; HUADIAN ENVIRONMENT PROTECTION ENGINEERING,"Surface technology, coating",C25B; Y02E,C25B-001/23; C25B-011/02; C25B-011/081; C25B-011/091; Y02E-060/36,C25B,C25B-001/23; C25B-011/02; C25B-011/081; C25B-011/091,DISTRIBUTED MEMBRANE ELECTRODE; ELECTROLYSIS; CATALYST DISPERSION; CATIONIC MEMBRANE; PRECIPITATE; PREMIX; LYE ABSORPTION TOWER; CATALYST DISPERSION LIQUID; CARBON DIOXIDE ELECTROREDUCTION; ALKALI LIQUOR ABSORPTION TOWER,CN,ALIVE,Non-noble candidate
118106537,A@C core-shell structured composite electrode material and preparation method and application thereof,2025,2025,2026,CHANGZHOU GERUIKESI ENERGY TECHNOLOGY,"Surface technology, coating",C25B,C25B-011/02; C25B-011/03/5; C25B-011/04; C25B-011/04/05,C25B,C25B-001/23; C25B-011/02; C25B-011/055; C25B-011/091,COMPOSITE ELECTRODE MATERIAL; MULTIELEMENT ALLOY; CORE MULTIELEMENT ALLOY; RE MOLE FRACTION; ELECTRODE CARBON DEPOSITION RESISTANCE; CALCINING SEGMENTATION; PRECURSOR XEROGEL; CARBON DEPOSIT RESISTANCE; DILEMMA; METAL SALT PRECURSOR,CN,ALIVE,Non-noble candidate
115623852,(WO2025/172030) Electrolytic cell having optimised contacting of a catalyst layer,2024,2024,2025,SIEMENS ENERGY,"Surface technology, coating",C25B,C25B-001/23; C25B-003/26; C25B-009/17; C25B-011/032,C25B,C25B-001/23; C25B-003/26; C25B-011/02; C25B-011/032,ANODE SIDE; CATALYST LAYER; CATHODE SIDE; CO2 ELECTROLYSIS; ELECTROLYSIS CELL; ELECTROLYTIC CELL,DE,ALIVE,Non-noble candidate; GDE
100799928,All-solid-state electrolytic tank unit and electrolytic tank,2022,2022,2022,HUANENG GROUP,"Surface technology, coating",Y02E,Y02E-060/36,C25B,C25B-001/23; C25B-003/03; C25B-011/02; C25B-011/075,ELECTROLYTIC CELL; ELECTROLYTIC TANK; SOLID STATE ELECTROLYTIC CELL; NONTOXIC CARBONACEOUS FUEL; CATHODE LAYER; CATALYSIS LAYER; ELECTROLYTE LAYER; ANODE LAYER; CARBON MONOXIDE CATALYSIS; ELECTROLYTIC REACTION,CN,ALIVE,Non-noble candidate
116562374,Electrochemical cell,2024,2024,2025,NGK INSULATORS,"Surface technology, coating",Y02E,Y02E-060/50,C25B,C25B-001/042; C25B-001/23; C25B-009/00; C25B-011/02; C25B-011/032,ISLAND COVERAGE; ELECTROLYTE LAYER; ISLAND; GAS DIFFUSIVITY; ELECTRODE LAYER; HYDROGEN POLAR; COMMUNICATION HOLE; POROSITY; HYDROGEN ELECTRODE LAYER; ISLAND AVERAGE THICKNESS,JP,ALIVE,Non-noble candidate
115363192,Method for preparing metal phthalocyanine single atomic cluster coupled single-walled carbon nanotube catalyzed carbon d...,2024,2024,2025,INSTITUTE OF AUTOMATION - CHINESE ACADEMY OF SCIENCES,"Surface technology, coating",C25B; Y02E,C25B-011/02; Y02E-060/366,C25B,C25B-001/23; C25B-001/50; C25B-011/02; C25B-011/091,CARBON DIOXIDE FILM ELECTRODE; CARBON NANOTUBE; ELECTRODE; FILM ELECTRODE; METAL PHTHALOCYANINE; PHTHALOCYANINE SINGLE ATOM CLUSTER; SINGLE ATOM CLUSTER; SINGLE WALLED CARBON NANOTUBE; ELECTROCATALYTIC FILM; CARBON DIOXIDE ELECTROCATALYTIC FILM,CN,ALIVE,Non-noble candidate
111147448,Gas producer and method of use,2023,2023,2024,UTILITY GLOBAL,"Surface technology, coating",C25B,C25B-001/23; C25B-009/17; C25B-011/04,C25B,C25B-001/02; C25B-001/23; C25B-009/01; C25B-009/17; C25B-011/02; C25B-011/04,CERAMIC CHAMBER; GAS PRODUCER; LST COMPOSITE; FERRITIC STAINLESS ALLOY; CLOSED BEND; DOPED LANTHANUM CHROMITE; SAMARIUM DOPED CERIA,US,ALIVE,Non-noble candidate
115590122,Process method for efficient conversion and utilization of carbon dioxide through electrocatalytic reduction,2025,2025,2025,ANHUI YUANZHOU GREEN CARBON TECHNOLOGY,"Surface technology, coating",C25B,C25B-001/00; C25B-001/02; C25B-003/04; C25B-009/08; C25B-009/10; C25B-011/02; C25B-011/04/05; C25B-015/08,C25B,C25B-001/23; C25B-009/19; C25B-009/70; C25B-011/02; C25B-011/04,CARBON DIOXIDE ELECTROCATALYTIC REDUCTION; CONVERTING; ELECTROCATALYTIC REDUCTION; HIGH EFFICIENCY CONVERSION; TECHNOLOGICAL; UTILIZATION; CATHODE ANODE CIRCULATING TANK; ANODE CIRCULATION; CARBON DIOXIDE UTILIZATION; LIQUID INLET PUMP,CN,ALIVE,Non-noble candidate
102226793,Anode gas diffusion layer and preparation method and application thereof,2022,2022,2022,DALIAN UNIVERSITY OF TECHNOLOGY,"Surface technology, coating",C25B; Y02E,C25B-001/04; C25B-001/23; C25B-011/02; C25B-011/063; C25B-011/081; Y02E-060/50,C25B,C25B-001/04; C25B-001/23; C25B-011/02; C25B-011/063; C25B-011/081,ANODE GAS DIFFUSION LAYER; TITANIUM MATRIX; TITANIUM MATRIX DURABILITY; TITANIUM FELT; TITANIUM MESH; PHOTOCHEMICAL PLATING MODE; TITANIUM SHEET; POROUS DIAPHRAGM; SODIUM CHLORO PLATINATE; GAS DIFFUSION LAYER,CN,DEAD,Non-noble candidate; GDE
118096155,"Substrate film, film electrode comprising substrate film, and preparation method and application of substrate film",2025,2025,2026,SHANGHAI ELECTRIC,"Surface technology, coating",C25B,C25B-003/04; C25B-011/02; C25B-011/04; C25B-011/04/05,C25B,C25B-001/23; C25B-003/26; C25B-009/19; C25B-009/60; C25B-011/02; C25B-011/097,ELECTRODE; ELECTROSTATIC SPINNING; SUBSTRATE FILM; ELECTROSTATIC SPINNING SOLUTION; NANOFIBER MEMBRANE; CATALYST LAYER; STEAROYL TRIMETHYLAMMONIUM CHLORIDE; FILM ELECTRODE; POLYACRYLONITRILE; HYDROPHOBIZATION TREATMENT,CN,ALIVE,Non-noble candidate
110082631,Three-electrode system for catalytic reduction of CO2 and use method of three-electrode system,2024,2024,2024,XIANGTAN UNIVERSITY,"Surface technology, coating",C25B,C25B-001/23; C25B-009/23; C25B-009/60; C25B-011/02; C25B-011/054; C25B-011/095; C25B-013/00,C25B,C25B-001/23; C25B-009/23; C25B-009/60; C25B-011/02; C25B-011/054; C25B-011/095; C25B-013/00,ANODE ELECTROLYTIC CELL; CATALYTIC REDUCTION; CO2CATALYTIC REDUCTION; ELECTRODE; THREE ELECTRODE; CATHODE ELECTROLYTIC CELL; NAFION PROTON EXCHANGE MEMBRANE; CATHODE CELL; ANODE CELL; ELECTROCATALYTIC REDUCTION EQUIPMENT,CN,ALIVE,
108163425,Anode assembly and electrocatalytic reduction device,2023,2023,2024,HEILONGJIANG QIZHENG HIGH TECHNOLOGY MATERIAL TECHNOLOGY,"Surface technology, coating",C25B,C25B-001/23; C25B-003/01; C25B-003/26; C25B-009/23; C25B-009/60; C25B-011/02,C25B,C25B-001/23; C25B-003/01; C25B-003/26; C25B-009/23; C25B-009/60; C25B-011/02,ROUNDED PROTRUSION; ANODE INLET; ANODE OUTLET; SEAL GROOVE; ELECTROCATALYTIC REDUCTION; TURBULENCE; ANODE PLATE; SPOILER; VENTILATION GRID; CIRCULAR PROTRUSION,CN,ALIVE,
115039917,Method for forming ethanol from carbon dioxide,2024,2024,2025,KING FAHD UNIVERSITY OF PETROLEUM & MINERALS,"Materials, metallurgy; Surface technology, coating",C01B; C25B,C01B-032/40; C25B-001/04; C25B-001/23; C25B-003/07; C25B-003/26; C25B-009/17; C25B-011/02; C25B-011/052; C25B-011/065; C25B-011/075,C01B; C25B,C01B-032/40; C25B-001/02; C25B-001/04; C25B-001/23; C25B-003/07; C25B-003/26; C25B-009/17; C25B-011/02,AQUEOUS ELECTROLYTE; CO2 ELECTROCATALYTIC REDUCTION; ELECTROCATALYTIC REDUCTION; ETHANOL; MELAMINE; REDUCING CARBON DIOXIDE,US; SA,ALIVE,Non-noble candidate
107639787,Reduction Electrode and Manufacturing Method of Reduction Electrode,2022,2022,2026,NIPPON TELEGRAPH & TELEPHONE,"Surface technology, coating",C25B,C25B-001/23; C25B-001/55; C25B-003/03; C25B-003/07; C25B-003/21; C25B-003/25; C25B-003/26; C25B-011/02; C25B-011/03; C25B-011/052,C25B,C25B-001/23; C25B-003/21; C25B-003/26; C25B-009/00; C25B-011/02; C25B-011/03; C25B-011/032,CARBON DIOXIDE REDUCTION; CARBON DIOXIDE REDUCTION REACTION; ELECTROLYTE MEMBRANE; LIQUID ADHERING; OXIDATION TANK; PRODUCTION REDUCTION ELECTRODE; RECESSED STRUCTURE; REDUCTION ELECTRODE,WO; JP,ALIVE,Non-noble candidate
90886203,Multifunctional electrolytic cell device for electrocatalytic carbon dioxide reduction,2020,2020,2025,FUJIAN NORMAL UNIVERSITY,"Surface technology, coating",C25B,C25B-001/00; C25B-011/02; C25B-015/00; C25B-015/08,C25B,C25B-001/23; C25B-003/07; C25B-003/26; C25B-009/19; C25B-009/60; C25B-011/02; C25B-015/00; C25B-015/08,ANODE CHAMBER CIRCULATION; CARBON DIOXIDE REDUCTION; ELECTROCATALYSIS CARBON DIOXIDE; ELECTROLYTIC CELL; MULTIFUNCTIONAL ELECTROCATALYSIS CARBON DIOXIDE; MULTIFUNCTIONAL ELECTROLYTIC CELL; REDUCTION; MULTIFUNCTIONAL ELECTROCATALYTIC CARBON DIOXIDE,CN,ALIVE,Non-noble candidate; GDE
103934571,(KR10-2638399) - Catalyst-Electrode Structure and Electrochemical Reactor using the same and System of utilizing Carbon ...,2021,2021,2024,KOREA INSTITUTE OF SCIENCE & TECHNOLOGY,"Materials, metallurgy; Organic fine chemistry; Surface technology, coating",C01B; C07C; C25B,C01B-003/02; C07C-029/151; C07C-031/04; C25B-001/23; C25B-009/19; C25B-009/23; C25B-011/02; C25B-015/081,C01B; C07C; C25B,C01B-003/02; C07C-029/151; C07C-031/04; C25B-001/23; C25B-009/19; C25B-011/02; C25B-015/08,AMENDSTATUS; CARBON DIOXIDE UTILIZATION; CATALYST ELECTRODE STRUCTURE; ELECTROCHEMICAL REACTION; ELECTROCHEMICAL REACTOR; OXIDATION ELECTRODE; REDUCTION ELECTRODE,KR,ALIVE,Non-noble candidate
118274866,High-activity nanofiber cathode material and preparation method and application thereof,2025,2025,2026,CHANGZHOU GERUIKESI ENERGY TECHNOLOGY,"Surface technology, coating; Textile and paper machines",C25B; D01D; D01F; Y02E,C25B-003/00; C25B-011/02; D01D-005/00/3; D01D-005/00/61; D01D-005/00/69; D01D-005/00/76; D01D-005/00/92; D01F-001/10; D01F-006/56; D01F-009/08,C25B; D01D; D01F,C25B-001/23; C25B-011/02; C25B-011/052; C25B-011/075; D01D-005/00; D01F-001/10; D01F-006/56,NANOFIBER CATHODE MATERIAL; NANOFIBER PRECURSOR FIBER MEMBRANE; GEL PRECURSOR; MOLYBDENUM SALT; PRECURSOR FIBER MEMBRANE; POLYVINYLPYRROLIDONE; FIBER MEMBRANE; ELECTROSTATIC SPINNING; QUICK DYNAMICS; ELECTROCHEMICAL CONVERSION EQUIPMENT,CN,ALIVE,Non-noble candidate
108401777,Cathode assembly and electrochemical reactor,2023,2023,2024,HEILONGJIANG QIZHENG HIGH TECHNOLOGY MATERIAL TECHNOLOGY,"Surface technology, coating",C25B,C25B-001/23; C25B-001/27; C25B-003/01; C25B-003/26; C25B-009/19; C25B-009/60; C25B-011/02; C25B-011/031,C25B,C25B-001/23; C25B-001/27; C25B-003/01; C25B-003/26; C25B-009/19; C25B-009/60; C25B-011/02; C25B-011/031,ELECTROCHEMICAL REACTOR; VENTILATION PLATE; CATHODE OUTLET; CATHODE INLET; CATHODE PLATE; VENTILATION GRID; CATHODE RUNNER; H REACTOR; CATHODE ELECTRODE TAB; CATHODE ELECTROLYTE FLOWING,CN,ALIVE,Non-noble candidate
102808473,(WO2022/249314) Carbon dioxide reduction device,2021,2021,2024,NIPPON TELEGRAPH & TELEPHONE,"Surface technology, coating",C25B,C25B-001/23; C25B-001/55; C25B-003/21; C25B-003/26; C25B-009/00; C25B-011/02; C25B-011/052,C25B,C25B-001/23; C25B-001/55; C25B-003/21; C25B-003/26; C25B-009/00; C25B-011/02; C25B-011/052,CARBON DIOXIDE REDUCER; CARBON DIOXIDE REDUCTION; ELECTROLYTE; ELECTROLYTE MEMBRANE; ELECTROLYTE SOLUTION; OUTSIDE; OXIDATION ELECTRODE; OXIDATION SIDE; OXIDATION TANK,WO; JP,ALIVE,
114628861,"Wet-based catalytic system for CO2 capture, sequestration, and transportation",2018,2018,2025,CEC SOLUTIONS,"Electrical machinery, apparatus, energy; Environmental technology; Surface technology, coating",B01D; C25B; H01M,B01D-053/32/6; B01D-2255/806; B01D-2257/504; C25B-001/04; C25B-001/23; C25B-001/55; C25B-003/03; C25B-003/26; C25B-009/17; C25B-011/02,B01D; C25B; H01M,B01D-053/32; C25B-001/04; C25B-001/23; C25B-003/03; C25B-003/26; C25B-009/00; C25B-009/17; C25B-011/02,CO2 CAPTURE; GEOMETRIC CONSTRUCT; SEQUESTRATION; TRANSFORMATION; TRANSPORTATION; HYDROCARBON PRECURSOR; UNDERWATER BREATHING; REVERTING NOX; EXOTIC CATALYTIC SOLUTION; CARRIER MEDIUM,US,ALIVE,Non-noble candidate
114532676,"Zinc hollow fiber electrode, preparation method and application thereof",2025,2025,2026,SHANGHAI ADVANCED RESEARCH INSTITUTE - CHINESE ACADEMY OF SCIENCES,"Materials, metallurgy; Surface technology, coating; Textile and paper machines",B22F; C22C; C23C; C25B; C25C; D01F; Y02E; Y02P,B22F-001/02; B22F-009/22; B22F-009/24; C22C-019/03; C23C-008/10; C23C-008/80; C23C-018/12/04; C23C-018/12/25; C23C-028/02/1; C25B-001/00,B22F; C23C; C25B; C25C; D01F,B22F-001/107; C23C-008/10; C23C-008/80; C25B-001/23; C25B-011/02; C25B-011/042; C25C-001/16; D01F-001/08,FIBER ELECTRODE; ZINC; ZINC HOLLOW FIBER ELECTRODE; FIBER VITAMIN EMBRYO; HOLLOW FIBER VITAMIN EMBRYO,CN,ALIVE,Non-noble candidate
93254642,Multifunctional electrolytic cell device for electrocatalytic reduction of carbon dioxide,2020,2020,2021,FUJIAN NORMAL UNIVERSITY,"Surface technology, coating",,,C25B,C25B-001/23; C25B-003/07; C25B-003/26; C25B-009/19; C25B-011/02; C25B-011/054; C25B-015/00; C25B-015/023,CARBON DIOXIDE REDUCTION; ELECTROCATALYSIS CARBON DIOXIDE; ELECTROLYTIC CELL; MULTIFUNCTIONAL ELECTROCATALYSIS CARBON DIOXIDE; MULTIFUNCTIONAL ELECTROCATALYTIC CARBON DIOXIDE; REDUCTION; ANODE CHAMBER CIRCULATION; CATHODE CHAMBER; CATHODE CHAMBER CIRCULATION; ANODE CHAMBER,CN,DEAD,Non-noble candidate; GDE
91898287,"Copper oxide nanowire loaded silver particle composite electrode, preparation method and application",2020,2020,2021,NANJING UNIVERSITY OF TECHNOLOGY,"Materials, metallurgy; Micro-structure and nano-technology; Surface technology, coating",B01J; C25B,B01J-023/89/26; B01J-035/33; B01J-037/03/5; B01J-037/34/8; C25B-001/00,B22F; B82Y; C25B,B22F-009/24; B82Y-030/00; B82Y-040/00; C25B-001/23; C25B-003/03; C25B-003/07; C25B-003/26; C25B-011/02,COPPER OXIDE; COPPER OXIDE NANOWIRE; CUO NANOWIRE ELECTRODE; NANOWIRE LOADED SILVER; PARTICLE COMPOSITE ELECTRODE; SILVER PARTICLE COMPOSITE ELECTRODE,CN,ALIVE,Non-noble candidate
105758218,Tubular electrocatalytic CO2 reduction electrolytic tank and preparation method thereof,2023,2023,2023,SANTAN ANHUI TECHNOLOGY RESEARCH INSTITUTE; UNIVERSITY OF NANKAI,"Materials, metallurgy; Surface technology, coating",B22F; C23C; C25B,B22F-001/00; B22F-003/10/07; C23C-014/16/5; C23C-014/35; C25B-001/23; C25B-001/50; C25B-009/19; C25B-011/02; C25B-011/031; C25B-011/042,B22F; C23C; C25B,B22F-001/00; B22F-003/10; C23C-014/16; C23C-014/35; C25B-001/23; C25B-001/50; C25B-009/19; C25B-011/02,REDUCTION ELECTROLYTIC CELL; SHELL; DIAPHRAGM; CARBONATE PRECIPITATION; NANO SILVER; POROUS SILVER ELECTRODE; ELECTROLYTE; NANO SILVER LAYER; SILVER POWDER; ELECTROLYTIC CELL,CN,ALIVE,MEA; Non-noble candidate; GDE
92032595,Co2 reduction into syngas,2019,2019,2022,REGENTS OF THE UNIVERSITY OF MICHIGAN; UNIVERSITY OF MICHIGAN,"Chemical engineering; Surface technology, coating",C23C; C25B; Y02P,C23C-016/40/5; C23C-016/40/7; C23C-016/455/25; C25B-001/23; C25B-001/55; C25B-011/02; C25B-011/052; C25B-011/093; Y02P-020/133,B01J; C23C; C25B,B01J-023/40; B01J-035/00; C23C-016/40; C23C-016/455; C25B-001/02; C25B-001/23; C25B-001/55; C25B-011/02,CATALYST PARTICLE; CHEMICAL CELL; CHEMICAL CELL ELECTRODE; ELECTRODE; PHOTOCATHODE,US; CA; UY,ALIVE,Non-noble candidate
118083135,Electrode,2024,2024,2026,KYUSHU UNIVERSITY; TOYOTA MOTOR,"Electrical machinery, apparatus, energy; Surface technology, coating",C25B; H01M; Y02E; Y02P,C25B-001/00; C25B-001/00/3; C25B-001/04; C25B-011/02; C25B-011/03/5; C25B-011/04; C25B-011/04/05; C25B-011/04/47; C25B-011/04/52; C25B-011/04/78,C25B; H01M,C25B-001/04; C25B-001/23; C25B-011/02; C25B-011/054; C25B-011/071; C25B-011/091; C25B-013/07; H01M-004/86,ELECTRODE; NB COMPOUND; CERMET LAYER; REOXIDATION; ELECTROLYTE PARTICLE,JP,ALIVE,Non-noble candidate
116397541,"(WO2025/217663) Spiral electrolysis module for converting carbon dioxide, and method for producing same",2024,2024,2025,GIG KARASEK,"Surface technology, coating",C25B,C25B-001/23; C25B-003/00; C25B-003/03; C25B-003/25; C25B-003/26; C25B-009/01; C25B-009/015; C25B-009/19; C25B-009/70; C25B-011/02,C25B,C25B-001/23; C25B-003/00; C25B-003/03; C25B-003/25; C25B-003/26; C25B-009/01; C25B-009/015; C25B-009/19,CONVERTING CARBON DIOXIDE; ELECTROLYSIS CELL; SPIRAL ELECTROLYSIS MODULE; CATHODE SPACING; CATHODE CHAMBER; ELECTROLYSIS; SUBASSEMBLY; CATHOLYTE; CONVERTING CO2; DECISIVE BREAKTHROUGH,AT,ALIVE,Non-noble candidate; GDE
104546406,"Electrolytic cell unit, hydrocarbon production system, and operation method of electrolytic cell unit",2021,2021,2026,OSAKA GAS,"Chemical engineering; Organic fine chemistry; Surface technology, coating",,,B01J; C07C; C25B,B01J-023/42; B01J-023/46; B01J-023/63; B01J-023/648; B01J-023/652; B01J-023/745; B01J-023/755; B01J-023/83,ELECTROLYSIS CELL; ELECTROLYTIC CELL; ELECTROLYTIC CELL OPERATION; HYDROCARBON PRODUCTION SYSTEM; PRODUCTION SYSTEM; ELECTROLYTIC CELL STACK; HYDROGEN DISCHARGE; DISCHARGE PATH,JP,ALIVE,Non-noble candidate
111493428,Electrolysis system and method of driving electrolysis system,2023,2023,2026,TOSHIBA,"Surface technology, coating",C25B,C25B-001/01; C25B-001/04; C25B-001/23; C25B-001/27; C25B-003/01; C25B-003/03; C25B-003/07; C25B-003/09; C25B-003/25; C25B-003/26,C25B,C25B-001/01; C25B-001/04; C25B-001/042; C25B-001/23; C25B-001/27; C25B-003/01; C25B-003/03; C25B-003/07,A CELL; ANODE FLOW PATH; ANODE FLUID; ANODE FLUID FLOW; ANODE PRODUCTION; CARBON COMPOUND; CATHODE FLOW PATH; CATHODE FLUID,JP,ALIVE,Non-noble candidate
85904334,Apparatus and method of catalysis,2018,2018,2025,MANUFACTURING SYSTEMS,"Electrical machinery, apparatus, energy; Surface technology, coating",C25B; C40B; H01M; Y02E,C25B-001/00; C25B-001/04; C25B-001/044; C25B-001/27; C25B-001/30; C25B-003/02; C25B-003/04; C25B-003/07; C25B-003/09; C25B-003/23,C25B; H01M,C25B-001/01; C25B-001/02; C25B-001/04; C25B-001/23; C25B-001/27; C25B-001/30; C25B-003/03; C25B-003/07,ACTIVE SPECIES; ACTIVE SPECIES REDOX REACTION; CATALYSIS; CATALYZING ELECTROCHEMICAL REDOX REACTION,US; NZ,ALIVE,Non-noble candidate
113559831,"Electrode, membrane electrode assembly, electrochemical cell, stack, and electrolyzer",2023,2023,2026,TOSHIBA,"Chemical engineering; Electrical machinery, apparatus, energy; Surface technology, coating",C25B; Y02E,C25B-001/02; C25B-001/04; C25B-001/23; C25B-001/27; C25B-003/03; C25B-003/07; C25B-003/26; C25B-009/19; C25B-009/23; C25B-009/70,B01J; C25B; H01M,B01J-035/57; C25B-001/02; C25B-001/04; C25B-001/23; C25B-001/27; C25B-003/03; C25B-003/07; C25B-003/26,ANDAN ELECTROLYTE MEMBRANE; CATALYST LAYER; CATALYST LAYER SURFACE; ELECTRODE,JP,ALIVE,MEA; Non-noble candidate
